patient_id,age,sex,weight_kg,height_cm,bmi,waist_cm,systolic_bp,diastolic_bp,hba1c,crp,vigorous_activity_frequency,vigorous_activity_frequency_unit,vigorous_activity_duration,moderate_activity_frequency,moderate_activity_frequency_unit,moderate_activity_duration,sedentary_minutes,crp_observed
130378.0,43.0,1.0,86.9,179.5,27.0,98.3,132.66666666666666,96.0,5.6,1.78,3.0,b'W',45.0,3.0,b'W',45.0,360.0,True
130379.0,66.0,1.0,101.8,174.2,33.5,114.7,117.0,78.66666666666667,5.6,2.03,4.0,b'W',45.0,3.0,b'W',45.0,480.0,True
130380.0,44.0,2.0,69.4,152.9,29.7,93.5,109.0,78.33333333333333,6.2,5.62,1.0,b'W',20.0,5.397605346934028e-79,b'',,240.0,True
130386.0,34.0,1.0,90.6,173.3,30.2,106.1,115.0,73.66666666666667,5.1,1.05,1.0,b'W',30.0,1.0,b'M',30.0,180.0,True
130387.0,68.0,2.0,103.5,155.9,42.6,122.0,141.33333333333334,76.0,5.9,3.96,5.397605346934028e-79,b'',,5.397605346934028e-79,b'',,1200.0,True
130390.0,31.0,2.0,122.7,163.3,46.0,131.0,111.33333333333331,74.66666666666667,5.9,11.2,1.0,b'W',60.0,5.397605346934028e-79,b'',,300.0,True
130391.0,33.0,2.0,116.3,172.8,38.9,123.8,106.0,72.66666666666667,5.4,3.55,3.0,b'D',10.0,1.0,b'D',20.0,240.0,True
130392.0,74.0,2.0,98.7,151.5,43.0,,158.33333333333334,71.33333333333333,5.6,9.46,5.397605346934028e-79,b'',,5.397605346934028e-79,b'',,300.0,True
130393.0,39.0,1.0,142.0,175.6,46.1,143.8,136.0,93.0,5.3,4.36,4.0,b'W',45.0,1.0,b'W',60.0,720.0,True
130394.0,51.0,1.0,76.7,177.3,24.4,92.1,110.66666666666669,68.0,4.8,0.92,7.0,b'W',45.0,4.0,b'W',30.0,420.0,True
130395.0,33.0,2.0,138.4,159.2,54.6,142.5,110.33333333333331,81.0,5.0,11.83,3.0,b'W',15.0,5.397605346934028e-79,b'',,360.0,True
130396.0,56.0,2.0,65.6,154.9,27.3,97.9,123.33333333333331,80.66666666666667,5.0,0.94,3.0,b'W',20.0,5.397605346934028e-79,b'',,240.0,True
130397.0,67.0,2.0,130.2,161.8,49.7,136.1,145.66666666666666,91.33333333333331,6.2,1.41,5.397605346934028e-79,b'',,5.397605346934028e-79,b'',,480.0,True
130398.0,47.0,1.0,73.1,159.5,28.7,94.8,112.33333333333331,70.0,5.8,5.22,7.0,b'W',120.0,2.0,b'Y',60.0,60.0,True
130399.0,68.0,1.0,70.8,176.7,22.7,86.0,120.0,70.33333333333333,5.7,0.26,6.0,b'W',90.0,2.0,b'W',60.0,360.0,True
130400.0,26.0,1.0,73.6,160.3,28.6,97.0,87.33333333333333,60.66666666666666,5.5,4.86,5.397605346934028e-79,b'',,5.397605346934028e-79,b'',,960.0,True
130402.0,26.0,2.0,,,,,,,5.2,0.49,1.0,b'W',60.0,1.0,b'M',60.0,840.0,True
130403.0,12.0,2.0,50.9,138.1,26.7,,100.0,60.0,4.9,6.67,,,,,,,,True
130404.0,73.0,2.0,75.9,171.8,25.7,103.0,134.33333333333334,75.66666666666667,5.7,13.7,5.0,b'W',50.0,3.0,b'W',30.0,120.0,True
130406.0,26.0,2.0,69.0,165.7,25.1,82.6,109.33333333333331,67.66666666666667,5.0,1.89,5.0,b'W',60.0,3.0,b'W',60.0,300.0,True
130407.0,73.0,2.0,67.2,154.6,28.1,89.9,142.66666666666666,76.33333333333333,5.1,0.24,5.0,b'W',50.0,1.0,b'W',40.0,180.0,True
130408.0,80.0,1.0,55.0,160.2,21.4,77.6,132.66666666666666,65.33333333333333,4.6,0.95,1.0,b'D',45.0,3.0,b'W',45.0,120.0,True
130409.0,68.0,1.0,86.7,181.0,26.5,108.4,119.0,73.66666666666667,5.0,3.84,3.0,b'W',60.0,1.0,b'M',60.0,300.0,True
130413.0,67.0,2.0,75.5,144.6,36.1,111.5,120.0,73.66666666666667,5.8,10.26,5.0,b'W',50.0,5.397605346934028e-79,b'',,60.0,True
130415.0,61.0,2.0,96.4,152.7,41.3,114.5,113.66666666666669,82.66666666666667,13.5,18.05,2.0,b'W',120.0,5.397605346934028e-79,b'',,360.0,True
130416.0,59.0,2.0,78.2,154.1,32.9,88.3,135.33333333333334,84.66666666666667,5.3,2.71,5.397605346934028e-79,b'',,5.397605346934028e-79,b'',,180.0,True
130418.0,53.0,1.0,93.2,174.2,30.7,107.0,86.33333333333333,57.333333333333336,5.6,3.14,1.0,b'W',45.0,5.397605346934028e-79,b'',,5.397605346934028e-79,True
130419.0,18.0,2.0,83.2,166.2,30.1,101.0,116.33333333333331,78.66666666666667,5.5,6.41,3.0,b'W',30.0,3.0,b'W',30.0,300.0,True
130420.0,18.0,1.0,95.1,166.3,34.4,112.0,154.0,111.0,5.5,3.2,5.0,b'W',45.0,5.397605346934028e-79,b'',,360.0,True
130422.0,66.0,1.0,77.5,170.0,26.8,98.1,153.33333333333334,87.33333333333333,5.2,0.34,4.0,b'W',45.0,4.0,b'W',300.0,240.0,True
130423.0,15.0,1.0,102.4,178.4,32.2,106.2,112.0,75.0,5.5,3.53,,,,,,,,True
130424.0,19.0,2.0,,,,,,,5.0,1.83,3.0,b'W',60.0,1.0,b'W',30.0,420.0,True
130425.0,68.0,2.0,95.8,157.9,38.4,113.8,117.66666666666669,66.0,5.5,4.67,5.397605346934028e-79,b'',,5.397605346934028e-79,b'',,180.0,True
130426.0,67.0,1.0,69.5,159.9,27.2,98.3,166.33333333333334,88.0,5.9,7.31,5.397605346934028e-79,b'',,5.397605346934028e-79,b'',,240.0,True
130429.0,14.0,1.0,34.4,150.2,15.2,58.9,103.66666666666669,61.0,5.2,0.33,,,,,,,,True
130430.0,27.0,2.0,63.0,168.5,22.2,77.4,116.0,63.0,4.7,0.33,2.0,b'W',45.0,5.0,b'W',30.0,720.0,True
130431.0,80.0,2.0,63.4,145.7,29.9,100.1,137.66666666666666,59.333333333333336,8.2,0.59,5.397605346934028e-79,b'',,5.397605346934028e-79,b'',,240.0,True
130432.0,11.0,1.0,66.0,157.3,26.7,90.9,118.33333333333331,75.33333333333333,,13.18,,,,,,,,True
130433.0,14.0,2.0,47.2,165.2,17.3,65.2,97.33333333333331,60.0,5.7,0.11,,,,,,,,True
130434.0,54.0,1.0,160.2,179.6,49.7,150.5,102.66666666666669,68.0,8.7,5.31,2.0,b'W',60.0,2.0,b'M',45.0,360.0,True
130435.0,17.0,1.0,67.4,169.0,23.6,81.6,126.0,69.33333333333333,5.4,0.98,,,,,,,,True
130436.0,50.0,1.0,94.0,171.7,31.9,105.0,131.0,86.0,5.3,0.71,7.0,b'W',60.0,7.0,b'W',60.0,180.0,True
130437.0,43.0,2.0,92.3,158.0,37.0,109.0,106.33333333333331,70.0,5.5,2.75,5.0,b'W',30.0,1.0,b'W',30.0,120.0,True
130438.0,63.0,1.0,70.5,168.5,24.8,98.0,136.0,77.66666666666667,6.7,0.52,1.0,b'D',60.0,1.0,b'D',30.0,660.0,True
130441.0,33.0,2.0,56.9,163.7,21.2,77.5,110.0,68.0,5.2,0.39,3.0,b'W',40.0,1.0,b'W',30.0,180.0,True
130442.0,43.0,1.0,124.2,170.8,42.6,,149.0,100.0,5.6,8.18,6.0,b'W',60.0,5.397605346934028e-79,b'',,600.0,True
130443.0,41.0,1.0,87.6,187.6,24.9,93.2,113.0,71.33333333333333,5.3,0.44,1.0,b'W',30.0,1.0,b'W',30.0,30.0,True
130444.0,77.0,2.0,95.0,165.6,34.6,101.8,126.0,75.33333333333333,4.6,2.93,1.0,b'D',70.0,5.397605346934028e-79,b'',,300.0,True
130447.0,14.0,1.0,43.4,162.0,16.5,63.6,102.33333333333331,57.333333333333336,5.7,0.16,,,,,,,,True
130449.0,26.0,2.0,99.6,169.6,34.6,117.2,107.66666666666669,70.66666666666667,5.1,2.09,3.0,b'W',30.0,5.397605346934028e-79,b'',,300.0,True
130450.0,54.0,1.0,97.0,163.4,36.3,116.0,104.0,70.0,6.0,0.93,6.0,b'W',120.0,5.397605346934028e-79,b'',,240.0,True
130453.0,70.0,1.0,121.4,187.5,34.5,133.3,146.66666666666666,91.0,5.7,4.5,1.0,b'D',10.0,5.397605346934028e-79,b'',,180.0,True
130454.0,12.0,1.0,66.3,157.2,26.8,88.1,110.66666666666669,54.0,4.7,1.54,,,,,,,,True
130456.0,24.0,2.0,57.0,160.8,22.0,77.2,111.0,74.0,4.9,0.68,2.0,b'W',60.0,5.397605346934028e-79,b'',,180.0,True
130457.0,38.0,2.0,57.0,157.3,23.0,78.0,127.0,81.33333333333333,4.9,6.67,6.0,b'W',120.0,5.0,b'W',60.0,780.0,True
130460.0,15.0,1.0,68.6,178.1,21.6,77.0,101.66666666666669,65.33333333333333,5.0,0.8,,,,,,,,True
130461.0,71.0,2.0,99.9,160.7,38.7,138.0,121.0,82.66666666666667,6.6,17.05,2.0,b'W',29.0,5.397605346934028e-79,b'',,360.0,True
130465.0,77.0,1.0,108.3,169.0,37.9,125.0,120.0,65.0,5.2,4.67,1.0,b'W',120.0,5.397605346934028e-79,b'',,480.0,True
130466.0,69.0,1.0,69.1,167.2,24.7,81.2,117.0,64.66666666666667,5.5,0.34,1.0,b'D',60.0,5.397605346934028e-79,b'',,180.0,True
130467.0,53.0,1.0,61.8,169.9,21.4,89.2,126.66666666666669,72.33333333333333,5.7,0.68,5.397605346934028e-79,b'',,5.397605346934028e-79,b'',,60.0,True
130471.0,10.0,1.0,29.4,139.0,15.2,59.5,103.66666666666669,54.0,,0.18,,,,,,,,True
130472.0,11.0,1.0,71.8,147.6,33.0,98.2,96.66666666666669,59.66666666666666,,12.15,,,,,,,,True
130473.0,26.0,2.0,56.5,158.1,22.6,76.1,95.0,61.333333333333336,5.4,0.55,2.0,b'W',40.0,1.0,b'W',40.0,720.0,True
130474.0,55.0,2.0,56.4,164.9,20.7,77.6,144.33333333333334,83.0,5.4,0.5,4.0,b'W',30.0,4.0,b'M',30.0,180.0,True
130475.0,55.0,2.0,88.2,163.0,33.2,105.8,124.33333333333331,81.66666666666667,6.8,7.24,2.0,b'M',20.0,5.397605346934028e-79,b'',,960.0,True
130477.0,50.0,1.0,68.2,168.5,24.0,87.6,119.66666666666669,76.33333333333333,6.0,0.9,1.0,b'W',45.0,1.0,b'W',45.0,180.0,True
130478.0,69.0,2.0,38.2,151.2,16.7,66.0,112.66666666666669,60.66666666666666,5.8,2.07,4.0,b'W',30.0,5.397605346934028e-79,b'',,240.0,True
130480.0,16.0,2.0,65.0,163.3,24.4,79.5,105.0,58.0,5.0,0.9,,,,,,,,True
130481.0,5.0,1.0,17.7,107.7,15.3,51.0,,,,0.26,,,,,,,,True
130482.0,17.0,2.0,88.6,156.0,36.4,106.5,,,4.9,1.47,,,,,,,,True
130489.0,57.0,1.0,75.1,161.0,29.0,97.0,115.33333333333331,75.33333333333333,6.6,0.42,5.0,b'W',30.0,3.0,b'W',30.0,120.0,True
130490.0,4.0,2.0,17.4,108.9,14.7,48.9,,,,0.11,,,,,,,,True
130491.0,69.0,2.0,98.7,164.3,36.6,125.0,89.66666666666667,60.66666666666666,6.3,5.65,2.0,b'D',25.0,2.0,b'W',15.0,300.0,True
130492.0,18.0,2.0,107.8,162.1,41.0,118.6,109.0,73.66666666666667,5.2,1.32,7.0,b'W',180.0,7.0,b'W',60.0,180.0,True
130493.0,72.0,2.0,89.9,160.3,35.0,105.4,115.0,75.66666666666667,5.4,1.89,3.0,b'W',60.0,5.397605346934028e-79,b'',,360.0,True
130494.0,73.0,2.0,82.5,166.9,29.6,100.6,102.0,61.0,5.5,2.17,3.0,b'W',30.0,1.0,b'M',30.0,240.0,True
130495.0,60.0,1.0,90.9,167.9,32.2,116.2,124.66666666666669,82.66666666666667,6.2,2.44,2.0,b'W',120.0,5.397605346934028e-79,b'',,60.0,True
130497.0,74.0,1.0,92.4,168.8,32.4,109.1,115.0,78.0,5.5,1.11,5.0,b'W',150.0,5.0,b'W',30.0,480.0,True
130498.0,10.0,1.0,55.6,153.0,23.8,82.4,112.0,68.66666666666667,,0.49,,,,,,,,True
130500.0,60.0,2.0,79.4,161.2,30.6,82.3,139.66666666666666,83.33333333333333,5.6,1.05,1.0,b'W',120.0,1.0,b'W',90.0,540.0,True
130502.0,71.0,1.0,79.2,177.1,25.3,96.9,155.66666666666666,80.66666666666667,5.3,0.66,2.0,b'M',60.0,1.0,b'M',60.0,300.0,True
130503.0,75.0,1.0,135.1,172.8,45.2,140.3,133.0,77.66666666666667,5.6,4.66,5.397605346934028e-79,b'',,5.397605346934028e-79,b'',,300.0,True
130504.0,67.0,2.0,169.2,175.3,55.1,,145.66666666666666,65.66666666666667,8.9,2.53,5.397605346934028e-79,b'',,5.397605346934028e-79,b'',,300.0,True
130506.0,22.0,2.0,65.6,170.1,22.7,74.0,113.33333333333331,67.33333333333333,5.5,0.11,7.0,b'W',30.0,2.0,b'W',15.0,180.0,True
130507.0,1.0,2.0,12.1,,,,,,,0.11,,,,,,,,True
130508.0,69.0,2.0,60.5,162.7,22.9,85.6,110.33333333333331,61.333333333333336,5.7,7.35,7.0,b'W',120.0,3.0,b'W',120.0,60.0,True
130509.0,51.0,2.0,119.4,167.2,42.7,117.0,126.33333333333331,89.66666666666667,6.2,29.89,3.0,b'W',45.0,1.0,b'W',30.0,360.0,True
130511.0,5.0,1.0,21.2,113.6,16.4,56.2,,,,0.11,,,,,,,,True
130513.0,11.0,1.0,31.0,139.0,16.0,58.0,114.0,62.0,,0.22,,,,,,,,True
130515.0,54.0,2.0,59.8,157.1,24.2,88.4,98.66666666666669,56.66666666666666,5.7,0.36,7.0,b'W',60.0,1.0,b'W',30.0,120.0,True
130517.0,30.0,1.0,74.4,168.0,26.4,91.1,125.0,82.0,5.3,0.37,6.0,b'W',60.0,2.0,b'W',30.0,180.0,True
130520.0,29.0,1.0,74.7,174.8,24.4,77.2,110.0,65.0,4.6,0.35,2.0,b'W',45.0,3.0,b'W',60.0,480.0,True
130522.0,58.0,1.0,83.2,171.4,28.3,106.5,120.33333333333331,75.0,5.6,4.47,2.0,b'D',45.0,5.397605346934028e-79,b'',,420.0,True
130523.0,61.0,2.0,57.3,169.5,19.9,84.0,98.66666666666669,63.0,5.4,0.43,3.0,b'W',60.0,3.0,b'W',30.0,300.0,True
130524.0,14.0,1.0,51.6,161.9,19.7,68.1,95.33333333333331,59.333333333333336,5.5,0.35,,,,,,,,True
130525.0,70.0,1.0,75.1,182.2,22.6,92.9,127.66666666666669,86.33333333333333,5.7,0.72,6.0,b'W',180.0,6.0,b'W',15.0,300.0,True
130527.0,79.0,1.0,68.9,158.7,27.4,99.5,130.33333333333334,71.33333333333333,5.5,0.33,3.0,b'W',60.0,2.0,b'M',30.0,720.0,True
130530.0,69.0,2.0,64.3,170.6,22.1,80.1,128.66666666666666,69.33333333333333,5.5,1.09,1.0,b'D',90.0,2.0,b'W',180.0,200.0,True
130533.0,80.0,1.0,100.8,173.5,33.5,,96.33333333333331,55.66666666666666,7.9,3.88,1.0,b'W',5.0,5.397605346934028e-79,b'',,480.0,True
130534.0,10.0,1.0,40.0,150.3,17.7,65.4,108.0,59.333333333333336,,0.21,,,,,,,,True
130536.0,9.0,2.0,30.2,141.0,15.2,59.9,94.0,55.333333333333336,,0.17,,,,,,,,True
130537.0,62.0,1.0,79.7,171.8,27.0,99.0,109.0,67.0,5.8,3.8,1.0,b'D',180.0,5.397605346934028e-79,b'',,60.0,True
130538.0,63.0,1.0,82.0,162.7,31.0,103.1,108.66666666666669,66.66666666666667,5.4,0.4,5.0,b'W',60.0,3.0,b'W',40.0,540.0,True
130541.0,30.0,2.0,59.4,165.3,21.7,76.7,105.33333333333331,63.66666666666666,5.1,0.82,15.0,b'Y',60.0,5.397605346934028e-79,b'',,240.0,True
130542.0,17.0,2.0,84.3,154.5,35.3,99.8,96.0,56.66666666666666,5.5,2.38,,,,,,,,True
130545.0,32.0,1.0,85.4,184.1,25.2,91.3,136.33333333333334,86.66666666666667,5.7,0.8,2.0,b'M',20.0,5.397605346934028e-79,b'',,120.0,True
130546.0,24.0,1.0,58.0,171.1,19.8,75.0,117.66666666666669,64.33333333333333,5.2,0.22,3.0,b'W',120.0,2.0,b'W',60.0,480.0,True
130547.0,78.0,1.0,68.4,175.8,22.1,,,,5.0,0.69,1.0,b'D',20.0,5.397605346934028e-79,b'',,480.0,True
130550.0,66.0,2.0,61.3,160.8,23.7,83.4,134.33333333333334,82.0,5.6,1.67,5.0,b'W',50.0,1.0,b'W',25.0,240.0,True
130552.0,54.0,2.0,92.3,165.7,33.6,99.1,143.66666666666666,93.66666666666669,5.5,1.51,9999.0,b'',,9999.0,b'',,360.0,True
130553.0,28.0,2.0,85.0,165.7,31.0,92.8,162.66666666666666,114.33333333333331,4.7,3.24,5.397605346934028e-79,b'',,5.397605346934028e-79,b'',,600.0,True
130555.0,64.0,1.0,87.7,179.8,27.1,101.8,116.0,61.333333333333336,5.4,0.55,2.0,b'W',30.0,2.0,b'W',30.0,540.0,True
130556.0,15.0,2.0,51.9,156.0,21.3,70.5,109.33333333333331,64.0,5.0,0.27,,,,,,,,True
130557.0,62.0,1.0,102.6,169.3,35.8,130.4,131.33333333333334,77.0,8.3,4.64,5.397605346934028e-79,b'',,5.397605346934028e-79,b'',,480.0,True
130558.0,69.0,1.0,83.1,171.6,28.2,106.8,117.0,78.33333333333333,6.0,1.5,5.397605346934028e-79,b'',,5.397605346934028e-79,b'',,720.0,True
130559.0,66.0,1.0,79.1,179.5,24.5,95.3,130.66666666666666,77.33333333333333,5.3,0.69,1.0,b'D',15.0,5.0,b'W',50.0,600.0,True
130562.0,63.0,2.0,71.5,142.6,35.2,104.7,129.66666666666666,90.0,6.4,4.74,7.0,b'W',30.0,5.397605346934028e-79,b'',,180.0,True
130563.0,78.0,1.0,72.9,171.8,24.7,98.0,122.0,68.66666666666667,5.8,3.31,4.0,b'W',180.0,3.0,b'W',300.0,300.0,True
130566.0,66.0,1.0,89.9,164.0,33.4,107.6,121.33333333333331,72.66666666666667,7.3,6.36,1.0,b'D',60.0,3.0,b'W',60.0,300.0,True
130568.0,80.0,2.0,77.2,161.2,29.7,99.6,138.0,80.33333333333333,5.4,1.41,7.0,b'W',30.0,5.0,b'M',30.0,600.0,True
130569.0,47.0,2.0,54.4,153.6,23.1,84.2,112.66666666666669,61.66666666666666,8.8,8.57,5.0,b'W',30.0,5.397605346934028e-79,b'',,120.0,True
130571.0,77.0,2.0,73.5,157.8,29.5,104.9,153.66666666666666,73.33333333333333,6.0,0.8,5.0,b'W',30.0,5.397605346934028e-79,b'',,90.0,True
130573.0,65.0,2.0,61.6,149.0,27.7,104.0,123.0,80.66666666666667,7.6,2.32,5.397605346934028e-79,b'',,5.397605346934028e-79,b'',,120.0,True
130575.0,15.0,1.0,80.7,172.2,27.2,91.0,113.0,69.33333333333333,4.7,0.6,,,,,,,,True
130576.0,50.0,1.0,90.7,168.2,32.1,102.8,122.0,76.66666666666667,5.5,0.17,6.0,b'W',90.0,5.397605346934028e-79,b'',,180.0,True
130577.0,61.0,2.0,91.2,167.9,32.4,109.3,120.0,80.0,6.1,4.74,4.0,b'W',60.0,5.397605346934028e-79,b'',,180.0,True
130579.0,80.0,1.0,78.5,170.3,27.1,100.1,121.66666666666669,74.33333333333333,6.0,0.84,4.0,b'W',30.0,5.397605346934028e-79,b'',,90.0,True
130580.0,51.0,1.0,89.6,181.9,27.1,107.4,128.0,91.33333333333331,6.0,2.88,5.0,b'W',180.0,5.397605346934028e-79,b'',,120.0,True
130582.0,32.0,1.0,100.7,178.5,31.6,100.3,124.0,74.66666666666667,5.1,0.65,2.0,b'M',60.0,5.397605346934028e-79,b'',,360.0,True
130583.0,2.0,2.0,11.3,89.9,14.0,44.4,,,,0.48,,,,,,,,True
130584.0,11.0,1.0,46.3,151.2,20.3,74.7,102.33333333333331,59.0,,0.31,,,,,,,,True
130585.0,60.0,1.0,94.1,168.6,33.1,113.7,188.0,112.33333333333331,5.9,3.17,7.0,b'W',60.0,5.397605346934028e-79,b'',,540.0,True
130587.0,18.0,2.0,69.1,159.0,27.3,89.2,93.0,56.0,5.2,13.36,1.0,b'W',15.0,5.397605346934028e-79,b'',,120.0,True
130590.0,51.0,2.0,68.1,151.4,29.7,98.7,131.66666666666666,82.66666666666667,5.8,3.52,2.0,b'M',300.0,2.0,b'M',300.0,240.0,True
130591.0,16.0,1.0,96.4,170.2,33.3,93.2,120.66666666666669,72.0,4.6,1.9,,,,,,,,True
130593.0,79.0,1.0,98.2,175.6,31.8,112.6,134.66666666666666,73.33333333333333,6.1,1.97,5.397605346934028e-79,b'',,5.397605346934028e-79,b'',,720.0,True
130596.0,66.0,2.0,91.9,159.4,36.2,122.0,156.33333333333334,97.66666666666669,5.7,5.08,5.397605346934028e-79,b'',,5.397605346934028e-79,b'',,60.0,True
130598.0,60.0,1.0,81.1,171.3,27.6,97.0,110.66666666666669,73.66666666666667,5.5,0.31,20.0,b'M',15.0,5.397605346934028e-79,b'',,300.0,True
130599.0,54.0,2.0,110.3,148.3,50.2,133.0,109.0,75.66666666666667,6.1,3.15,7.0,b'W',20.0,5.397605346934028e-79,b'',,240.0,True
130601.0,56.0,2.0,64.3,163.5,24.1,86.2,124.33333333333331,79.0,5.3,1.66,4.0,b'W',180.0,5.397605346934028e-79,b'',,120.0,True
130602.0,7.0,2.0,25.2,134.6,13.9,55.2,,,,1.32,,,,,,,,True
130603.0,75.0,1.0,91.2,175.2,29.7,109.0,111.66666666666669,64.0,5.6,0.77,4.0,b'D',45.0,1.0,b'D',30.0,180.0,True
130604.0,61.0,2.0,86.4,147.6,39.7,118.0,106.66666666666669,62.333333333333336,6.7,2.45,5.397605346934028e-79,b'',,5.397605346934028e-79,b'',,600.0,True
130605.0,1.0,2.0,10.4,,,,,,,0.11,,,,,,,,True
130606.0,29.0,2.0,95.6,163.3,35.8,110.8,102.33333333333331,65.33333333333333,5.3,2.34,1.0,b'D',20.0,1.0,b'W',45.0,240.0,True
130607.0,36.0,2.0,99.4,160.9,38.4,109.0,107.0,74.66666666666667,5.9,3.1,1.0,b'W',60.0,5.397605346934028e-79,b'',,180.0,True
130609.0,40.0,2.0,55.8,153.8,23.6,80.9,134.33333333333334,81.0,5.7,0.89,1.0,b'W',45.0,5.397605346934028e-79,b'',,300.0,True
130611.0,70.0,2.0,66.6,155.0,27.7,101.9,148.33333333333334,88.33333333333333,6.0,3.29,3.0,b'W',15.0,5.397605346934028e-79,b'',,180.0,True
130616.0,43.0,1.0,85.8,170.8,29.4,95.0,124.33333333333331,82.66666666666667,5.3,1.19,1.0,b'D',30.0,5.0,b'W',75.0,480.0,True
130617.0,36.0,2.0,54.9,157.7,22.1,72.5,125.33333333333331,78.33333333333333,5.0,0.75,3.0,b'W',60.0,1.0,b'W',30.0,720.0,True
130619.0,27.0,1.0,81.7,176.0,26.4,94.4,121.33333333333331,71.66666666666667,5.1,0.25,2.0,b'W',180.0,1.0,b'D',30.0,360.0,True
130621.0,68.0,1.0,95.5,178.5,30.0,102.8,98.33333333333331,63.0,6.2,0.86,2.0,b'W',60.0,5.397605346934028e-79,b'',,840.0,True
130623.0,46.0,2.0,78.2,172.0,26.4,88.5,122.66666666666669,77.66666666666667,5.2,1.02,5.0,b'W',30.0,4.0,b'W',15.0,180.0,True
130627.0,73.0,1.0,101.3,178.3,31.9,121.8,130.66666666666666,73.66666666666667,6.5,2.3,5.397605346934028e-79,b'',,5.397605346934028e-79,b'',,720.0,True
130628.0,22.0,1.0,66.9,184.5,19.7,75.5,111.33333333333331,62.0,5.7,0.98,5.397605346934028e-79,b'',,5.397605346934028e-79,b'',,9999.0,True
130629.0,73.0,1.0,82.7,175.8,26.8,99.5,122.33333333333331,68.66666666666667,5.1,0.6,5.397605346934028e-79,b'',,5.397605346934028e-79,b'',,480.0,True
130634.0,51.0,2.0,62.4,166.1,22.6,73.7,117.33333333333331,79.0,5.5,0.53,4.0,b'W',30.0,1.0,b'M',10.0,120.0,True
130636.0,57.0,2.0,47.7,154.0,20.1,,109.0,62.66666666666666,5.4,0.32,6.0,b'W',30.0,2.0,b'W',120.0,120.0,True
130637.0,61.0,1.0,90.8,172.8,30.4,99.2,122.66666666666669,70.66666666666667,5.7,1.71,3.0,b'W',30.0,1.0,b'W',30.0,300.0,True
130638.0,17.0,1.0,88.4,171.3,30.1,95.9,101.0,59.66666666666666,5.5,1.39,,,,,,,,True
130640.0,31.0,2.0,77.2,155.8,31.8,81.5,111.0,70.0,5.6,3.62,5.397605346934028e-79,b'',,5.397605346934028e-79,b'',,180.0,True
130642.0,43.0,1.0,92.0,171.0,31.5,106.0,120.33333333333331,89.33333333333333,6.2,9.05,1.0,b'W',30.0,5.397605346934028e-79,b'',,360.0,True
130643.0,73.0,1.0,76.6,162.5,29.0,101.8,156.0,69.33333333333333,5.2,0.91,7.0,b'W',40.0,2.0,b'W',20.0,360.0,True
130644.0,30.0,2.0,77.4,153.3,32.9,99.7,103.33333333333331,69.0,5.5,3.75,5.397605346934028e-79,b'',,5.397605346934028e-79,b'',,600.0,True
130645.0,47.0,2.0,55.4,170.3,19.1,72.3,109.66666666666669,68.33333333333333,5.0,0.43,3.0,b'W',120.0,4.0,b'W',20.0,240.0,True
130646.0,79.0,2.0,96.1,161.7,36.8,123.2,109.33333333333331,60.333333333333336,5.6,9.19,5.0,b'W',30.0,5.0,b'W',30.0,300.0,True
130647.0,65.0,1.0,183.9,180.8,56.3,168.0,128.0,91.0,6.2,2.14,3.0,b'W',20.0,5.397605346934028e-79,b'',,360.0,True
130651.0,80.0,2.0,74.1,161.6,28.4,,140.0,82.0,5.6,15.37,5.397605346934028e-79,b'',,5.397605346934028e-79,b'',,720.0,True
130652.0,34.0,1.0,68.4,171.3,23.3,87.0,120.33333333333331,76.33333333333333,5.6,0.76,6.0,b'W',60.0,2.0,b'W',30.0,60.0,True
130654.0,72.0,2.0,70.8,164.4,26.2,92.0,106.0,75.33333333333333,5.4,1.51,5.0,b'D',60.0,1.0,b'D',30.0,120.0,True
130655.0,69.0,1.0,74.2,171.3,25.3,89.8,107.33333333333331,68.33333333333333,5.7,0.29,1.0,b'D',60.0,2.0,b'W',90.0,360.0,True
130656.0,64.0,2.0,83.4,157.6,33.6,98.0,119.66666666666669,69.0,5.9,1.61,2.0,b'W',20.0,2.0,b'W',120.0,120.0,True
130658.0,69.0,1.0,108.9,180.9,33.3,116.9,108.66666666666669,62.333333333333336,6.2,6.82,3.0,b'W',45.0,5.397605346934028e-79,b'',,180.0,True
130660.0,5.0,1.0,17.3,104.5,15.8,51.3,,,,0.11,,,,,,,,True
130662.0,52.0,2.0,75.0,155.8,30.9,98.8,128.33333333333334,83.66666666666667,5.5,1.75,6.0,b'D',9999.0,5.397605346934028e-79,b'',,480.0,True
130663.0,76.0,2.0,70.9,165.6,25.9,93.2,130.0,66.33333333333333,5.8,3.96,5.397605346934028e-79,b'',,5.397605346934028e-79,b'',,300.0,True
130664.0,37.0,1.0,,,,,121.66666666666669,92.0,5.4,4.17,1.0,b'W',60.0,5.397605346934028e-79,b'',,240.0,True
130665.0,55.0,2.0,56.8,155.9,23.4,80.8,131.0,81.66666666666667,12.0,1.67,5.0,b'W',60.0,1.0,b'W',60.0,480.0,True
130666.0,57.0,1.0,135.7,180.4,41.7,127.3,182.66666666666663,104.66666666666669,5.7,12.22,5.397605346934028e-79,b'',,5.397605346934028e-79,b'',,120.0,True
130668.0,34.0,2.0,90.2,160.6,35.0,106.8,102.33333333333331,72.33333333333333,4.1,1.7,4.0,b'M',30.0,5.397605346934028e-79,b'',,600.0,True
130670.0,70.0,2.0,96.2,152.3,41.5,115.7,116.66666666666669,73.33333333333333,6.6,2.71,2.0,b'Y',5.0,5.397605346934028e-79,b'',,120.0,True
130671.0,25.0,2.0,80.4,166.6,29.0,98.0,97.33333333333331,64.66666666666667,4.6,4.34,3.0,b'D',60.0,4.0,b'W',120.0,300.0,True
130673.0,12.0,1.0,41.2,146.7,19.1,67.2,103.33333333333331,67.0,5.3,8.08,,,,,,,,True
130674.0,68.0,2.0,55.5,159.8,21.7,86.4,113.66666666666669,70.0,5.4,0.74,1.0,b'D',120.0,1.0,b'W',120.0,300.0,True
130676.0,25.0,2.0,54.7,158.0,21.9,76.7,98.33333333333331,55.0,5.1,0.52,4.0,b'W',30.0,4.0,b'W',30.0,420.0,True
130677.0,10.0,2.0,46.1,144.9,22.0,88.0,95.0,50.0,,1.4,,,,,,,,True
130682.0,9.0,1.0,28.7,130.9,16.7,55.5,97.33333333333331,57.0,,0.23,,,,,,,,True
130683.0,62.0,2.0,62.4,158.5,24.8,89.5,115.33333333333331,74.66666666666667,5.5,0.96,2.0,b'W',60.0,1.0,b'W',30.0,420.0,True
130686.0,58.0,1.0,78.8,171.3,26.9,102.6,115.66666666666669,69.33333333333333,6.1,0.9,7.0,b'W',420.0,5.397605346934028e-79,b'',,420.0,True
130687.0,73.0,1.0,82.8,173.7,27.4,107.9,122.66666666666669,53.0,6.4,8.94,5.397605346934028e-79,b'',,5.397605346934028e-79,b'',,480.0,True
130688.0,72.0,2.0,86.9,159.2,34.3,115.1,143.66666666666666,80.0,5.7,7.53,5.397605346934028e-79,b'',,5.397605346934028e-79,b'',,360.0,True
130690.0,61.0,1.0,65.1,168.0,23.1,91.1,152.33333333333334,78.0,5.4,2.13,5.397605346934028e-79,b'',,5.397605346934028e-79,b'',,540.0,True
130691.0,32.0,2.0,70.2,166.0,25.5,84.0,111.33333333333331,71.66666666666667,5.2,1.18,2.0,b'D',60.0,1.0,b'D',60.0,360.0,True
130692.0,44.0,2.0,87.9,170.4,30.3,,124.66666666666669,95.0,5.0,1.04,1.0,b'M',30.0,5.397605346934028e-79,b'',,1080.0,True
130693.0,14.0,1.0,154.4,189.2,43.1,122.0,110.66666666666669,65.66666666666667,5.7,1.2,,,,,,,,True
130695.0,12.0,1.0,76.5,164.7,28.2,104.1,93.66666666666669,55.333333333333336,5.4,1.42,,,,,,,,True
130696.0,1.0,2.0,12.8,,,,,,,0.11,,,,,,,,True
130697.0,20.0,2.0,58.4,165.3,21.4,75.9,104.66666666666669,64.0,5.1,2.22,5.397605346934028e-79,b'',,5.397605346934028e-79,b'',,720.0,True
130698.0,15.0,2.0,99.1,163.0,37.3,99.3,98.0,70.33333333333333,5.1,1.61,,,,,,,,True
130701.0,33.0,2.0,50.3,159.2,19.8,76.7,101.33333333333331,72.0,5.2,0.35,5.397605346934028e-79,b'',,5.397605346934028e-79,b'',,900.0,True
130702.0,7.0,2.0,22.9,126.0,14.4,54.3,,,,1.5,,,,,,,,True
130703.0,51.0,2.0,99.9,159.6,39.2,126.2,128.66666666666666,91.33333333333331,5.9,7.73,5.0,b'W',20.0,5.397605346934028e-79,b'',,600.0,True
130705.0,64.0,1.0,125.2,181.3,38.1,132.2,133.0,93.0,5.6,1.92,1.0,b'D',75.0,1.0,b'D',15.0,300.0,True
130707.0,22.0,2.0,54.8,171.5,18.6,68.5,100.0,66.66666666666667,5.3,1.66,4.0,b'W',60.0,2.0,b'M',30.0,360.0,True
130708.0,58.0,2.0,67.5,156.4,27.6,99.8,102.33333333333331,70.66666666666667,5.3,1.25,1.0,b'W',120.0,5.397605346934028e-79,b'',,300.0,True
130710.0,77.0,2.0,71.9,170.8,24.6,101.5,137.33333333333334,74.33333333333333,6.1,1.57,4.0,b'W',60.0,5.397605346934028e-79,b'',,240.0,True
130711.0,28.0,2.0,63.4,171.8,21.5,72.2,108.0,67.33333333333333,4.6,0.54,3.0,b'W',60.0,2.0,b'W',120.0,180.0,True
130713.0,69.0,1.0,76.0,173.5,25.2,97.2,132.66666666666666,77.66666666666667,6.7,1.31,5.0,b'W',40.0,5.397605346934028e-79,b'',,240.0,True
130715.0,48.0,1.0,75.2,174.9,24.6,87.5,133.0,76.0,5.6,18.09,2.0,b'M',60.0,1.0,b'M',30.0,90.0,True
130716.0,5.0,2.0,18.7,112.8,14.7,51.0,,,,0.32,,,,,,,,True
130717.0,68.0,2.0,77.4,164.8,28.5,101.3,123.66666666666669,71.0,6.6,10.82,5.0,b'W',60.0,2.0,b'W',90.0,240.0,True
130718.0,65.0,1.0,93.7,168.6,33.0,113.3,126.66666666666669,70.66666666666667,7.6,3.88,5.397605346934028e-79,b'',,5.397605346934028e-79,b'',,180.0,True
130720.0,46.0,2.0,60.4,159.3,23.8,76.5,107.66666666666669,70.66666666666667,5.4,0.4,5.397605346934028e-79,b'',,5.397605346934028e-79,b'',,120.0,True
130722.0,62.0,2.0,103.1,170.2,35.6,,104.33333333333331,79.66666666666667,8.4,1.16,5.397605346934028e-79,b'',,5.397605346934028e-79,b'',,780.0,True
130725.0,15.0,2.0,108.8,171.1,37.2,111.9,103.66666666666669,66.33333333333333,5.1,6.86,,,,,,,,True
130727.0,8.0,2.0,55.5,146.3,25.9,88.7,105.66666666666669,62.0,,6.39,,,,,,,,True
130728.0,13.0,1.0,46.4,158.7,18.4,67.2,95.33333333333331,58.0,5.6,0.75,,,,,,,,True
130729.0,19.0,2.0,65.8,159.5,25.9,92.1,113.0,67.33333333333333,5.2,2.08,5.397605346934028e-79,b'',,5.397605346934028e-79,b'',,180.0,True
130730.0,76.0,2.0,76.7,166.3,27.7,100.2,117.33333333333331,82.33333333333333,5.5,0.87,5.397605346934028e-79,b'',,5.397605346934028e-79,b'',,360.0,True
130734.0,40.0,1.0,93.2,184.9,27.3,86.8,126.66666666666669,60.66666666666666,5.5,2.6,7.0,b'W',45.0,6.0,b'W',90.0,180.0,True
130735.0,10.0,2.0,39.0,146.3,18.2,68.7,95.33333333333331,52.333333333333336,,0.41,,,,,,,,True
130737.0,2.0,2.0,14.1,94.5,15.8,40.3,,,,0.23,,,,,,,,True
130739.0,64.0,1.0,78.8,161.8,30.1,103.0,121.0,65.66666666666667,7.1,0.53,3.0,b'W',120.0,1.0,b'D',120.0,90.0,True
130740.0,4.0,1.0,15.3,101.9,14.7,48.3,,,,2.51,,,,,,,,True
130742.0,62.0,2.0,109.0,164.2,40.4,127.8,109.33333333333331,78.66666666666667,5.4,1.89,1.0,b'W',45.0,5.397605346934028e-79,b'',,540.0,True
130743.0,80.0,1.0,55.9,167.5,19.9,85.7,162.0,71.66666666666667,6.6,0.83,7.0,b'W',5.0,5.397605346934028e-79,b'',,360.0,True
130744.0,33.0,2.0,117.0,167.3,41.8,122.0,114.66666666666669,84.66666666666667,5.1,5.95,2.0,b'W',30.0,1.0,b'M',30.0,480.0,True
130745.0,38.0,2.0,70.7,152.2,30.5,93.5,98.66666666666669,63.66666666666666,5.2,2.99,1.0,b'W',40.0,2.0,b'M',20.0,300.0,True
130746.0,45.0,2.0,99.9,157.8,40.1,115.4,112.66666666666669,71.66666666666667,9.7,1.73,3.0,b'W',60.0,5.397605346934028e-79,b'',,360.0,True
130752.0,68.0,2.0,68.1,159.0,26.9,99.9,140.33333333333334,87.0,6.4,12.28,5.397605346934028e-79,b'',,3.0,b'W',20.0,30.0,True
130754.0,62.0,1.0,97.4,175.7,31.6,111.5,138.0,85.0,5.4,0.5,5.397605346934028e-79,b'',,5.397605346934028e-79,b'',,240.0,True
130757.0,9.0,1.0,27.2,136.3,14.6,55.5,103.66666666666669,59.333333333333336,,0.2,,,,,,,,True
130758.0,15.0,1.0,53.3,176.8,17.1,69.1,104.33333333333331,50.0,5.4,0.25,,,,,,,,True
130759.0,65.0,1.0,61.3,174.9,20.0,83.3,,,5.5,0.33,7.0,b'W',120.0,7.0,b'W',180.0,180.0,True
130760.0,36.0,1.0,67.1,176.9,21.4,80.8,118.0,78.33333333333333,5.2,0.44,3.0,b'W',180.0,1.0,b'M',120.0,360.0,True
130761.0,43.0,2.0,57.5,162.1,21.9,80.9,107.33333333333331,83.0,5.5,1.07,5.397605346934028e-79,b'',,5.397605346934028e-79,b'',,360.0,True
130762.0,28.0,2.0,61.4,162.5,23.3,79.7,111.66666666666669,69.0,4.7,2.22,6.0,b'W',60.0,3.0,b'W',60.0,120.0,True
130763.0,13.0,2.0,58.1,169.2,20.3,74.5,99.66666666666669,57.0,5.1,0.24,,,,,,,,True
130767.0,70.0,2.0,70.5,152.4,30.4,102.4,130.66666666666666,70.66666666666667,5.6,0.37,5.397605346934028e-79,b'',,5.397605346934028e-79,b'',,300.0,True
130768.0,71.0,2.0,55.0,155.0,22.9,81.1,124.0,62.333333333333336,5.5,0.46,7.0,b'W',10.0,5.397605346934028e-79,b'',,180.0,True
130769.0,22.0,1.0,80.7,185.4,23.5,89.3,117.0,78.33333333333333,5.5,0.41,3.0,b'W',60.0,2.0,b'W',90.0,300.0,True
130771.0,57.0,1.0,73.2,187.0,20.9,84.7,132.33333333333334,89.66666666666667,5.8,1.27,3.0,b'W',15.0,2.0,b'W',240.0,240.0,True
130775.0,67.0,1.0,94.6,183.7,28.0,101.9,134.0,70.0,5.4,1.47,5.0,b'W',60.0,3.0,b'W',60.0,240.0,True
130776.0,40.0,2.0,61.8,148.5,28.0,74.2,93.0,62.0,5.4,1.78,4.0,b'W',90.0,4.0,b'W',30.0,240.0,True
130777.0,30.0,1.0,90.0,185.9,26.0,100.3,119.66666666666669,83.33333333333333,5.1,0.81,4.0,b'W',30.0,5.397605346934028e-79,b'',,120.0,True
130779.0,19.0,2.0,49.4,164.9,18.2,66.0,130.66666666666666,79.66666666666667,5.3,0.32,2.0,b'W',20.0,5.397605346934028e-79,b'',,600.0,True
130780.0,58.0,2.0,82.8,168.1,29.3,97.7,154.0,91.0,5.0,8.64,7.0,b'W',15.0,5.397605346934028e-79,b'',,420.0,True
130781.0,66.0,1.0,100.7,176.6,32.3,112.3,143.66666666666666,91.0,6.2,1.11,2.0,b'W',30.0,5.397605346934028e-79,b'',,600.0,True
130782.0,43.0,1.0,69.0,173.2,23.0,77.6,104.66666666666669,66.33333333333333,5.2,0.11,2.0,b'W',45.0,4.0,b'W',45.0,300.0,True
130783.0,11.0,2.0,62.2,146.0,29.2,92.4,99.66666666666669,54.66666666666666,,1.96,,,,,,,,True
130785.0,33.0,1.0,69.0,181.3,21.0,74.5,114.33333333333331,72.33333333333333,5.5,1.73,3.0,b'W',120.0,3.0,b'W',120.0,480.0,True
130786.0,73.0,2.0,76.6,177.4,24.3,100.8,131.33333333333334,72.66666666666667,6.6,1.48,5.0,b'W',45.0,5.397605346934028e-79,b'',,360.0,True
130788.0,39.0,1.0,74.2,187.6,21.1,80.5,119.0,75.66666666666667,5.1,1.02,7.0,b'W',70.0,7.0,b'W',30.0,240.0,True
130789.0,15.0,1.0,60.1,176.4,19.3,75.5,106.66666666666669,61.66666666666666,5.0,0.22,,,,,,,,True
130791.0,52.0,2.0,98.4,163.5,36.8,117.0,148.0,94.66666666666669,5.8,8.09,5.397605346934028e-79,b'',,5.397605346934028e-79,b'',,300.0,True
130792.0,12.0,2.0,47.2,161.3,18.1,66.7,97.0,54.0,5.2,0.11,,,,,,,,True
130793.0,71.0,1.0,90.9,171.3,31.0,109.5,128.66666666666666,68.66666666666667,9.3,2.63,3.0,b'W',45.0,5.397605346934028e-79,b'',,180.0,True
130794.0,4.0,2.0,18.3,105.6,16.4,52.4,,,,0.2,,,,,,,,True
130795.0,14.0,1.0,54.1,175.3,17.6,68.4,110.66666666666669,57.66666666666666,5.0,1.73,,,,,,,,True
130796.0,47.0,1.0,76.5,169.9,26.5,108.4,118.33333333333331,75.33333333333333,5.5,5.99,5.397605346934028e-79,b'',,5.397605346934028e-79,b'',,720.0,True
130797.0,73.0,1.0,88.7,174.6,29.1,113.6,163.66666666666666,67.0,5.4,2.64,1.0,b'W',10.0,5.397605346934028e-79,b'',,840.0,True
130800.0,28.0,2.0,48.4,153.5,20.5,69.8,119.33333333333331,82.66666666666667,5.6,0.22,4.0,b'W',30.0,5.397605346934028e-79,b'',,480.0,True
130801.0,56.0,1.0,59.9,170.3,20.7,86.1,109.33333333333331,65.0,5.4,1.71,5.397605346934028e-79,b'',,5.397605346934028e-79,b'',,480.0,True
130802.0,63.0,2.0,64.1,166.8,23.0,93.5,141.33333333333334,82.66666666666667,5.6,3.08,5.0,b'W',30.0,4.0,b'M',60.0,300.0,True
130805.0,35.0,2.0,153.5,164.2,56.9,155.5,90.0,64.0,4.9,4.74,3.0,b'W',30.0,5.397605346934028e-79,b'',,360.0,True
130807.0,60.0,2.0,53.6,160.2,20.9,79.0,197.33333333333331,108.33333333333331,5.2,0.5,5.397605346934028e-79,b'',,5.397605346934028e-79,b'',,360.0,True
130808.0,12.0,1.0,69.7,162.4,26.4,88.0,120.33333333333331,72.33333333333333,5.8,1.27,,,,,,,,True
130810.0,69.0,1.0,68.8,170.1,23.8,95.1,129.0,71.33333333333333,5.8,0.7,1.0,b'W',20.0,5.397605346934028e-79,b'',,360.0,True
130811.0,59.0,1.0,72.7,169.0,25.5,101.9,121.66666666666669,66.66666666666667,5.5,4.46,1.0,b'D',40.0,1.0,b'W',60.0,120.0,True
130815.0,51.0,1.0,76.8,185.9,22.2,88.0,119.33333333333331,74.66666666666667,9.6,1.52,5.397605346934028e-79,b'',,5.397605346934028e-79,b'',,360.0,True
130816.0,12.0,1.0,76.9,167.5,27.4,89.7,140.0,72.0,5.7,1.38,,,,,,,,True
130818.0,36.0,2.0,170.5,182.7,51.1,,121.0,65.66666666666667,5.8,17.86,3.0,b'W',120.0,5.397605346934028e-79,b'',,600.0,True
130823.0,11.0,1.0,39.9,151.3,17.4,66.1,112.33333333333331,65.33333333333333,,0.11,,,,,,,,True
130824.0,8.0,1.0,28.7,130.5,16.9,60.1,91.33333333333331,54.333333333333336,,0.27,,,,,,,,True
130826.0,79.0,2.0,109.1,155.7,45.0,126.8,120.0,62.333333333333336,6.9,8.74,4.0,b'D',15.0,5.397605346934028e-79,b'',,420.0,True
130827.0,33.0,1.0,92.5,176.2,29.8,101.2,121.66666666666669,75.33333333333333,5.1,0.72,2.0,b'W',60.0,2.0,b'W',15.0,720.0,True
130828.0,22.0,2.0,89.1,171.5,30.3,87.7,115.0,86.66666666666667,4.9,0.91,2.0,b'Y',30.0,5.397605346934028e-79,b'',,600.0,True
130829.0,73.0,2.0,75.4,158.0,30.2,108.4,105.0,63.66666666666666,5.5,1.67,2.0,b'M',15.0,5.397605346934028e-79,b'',,600.0,True
130830.0,62.0,1.0,76.0,176.8,24.3,92.6,125.0,74.0,5.5,0.65,3.0,b'W',120.0,1.0,b'M',30.0,360.0,True
130831.0,16.0,1.0,84.9,181.6,25.7,87.8,130.33333333333334,65.0,5.2,1.48,,,,,,,,True
130832.0,63.0,2.0,84.4,162.3,32.0,113.4,116.66666666666669,76.66666666666667,5.2,7.13,2.0,b'W',60.0,5.397605346934028e-79,b'',,300.0,True
130833.0,42.0,2.0,48.0,161.3,18.4,72.8,95.33333333333331,61.333333333333336,5.3,0.17,2.0,b'W',20.0,4.0,b'W',45.0,240.0,True
130834.0,30.0,1.0,80.9,167.8,28.7,94.8,98.66666666666669,68.0,5.4,16.72,5.397605346934028e-79,b'',,5.397605346934028e-79,b'',,360.0,True
130836.0,61.0,1.0,121.6,185.8,35.2,126.9,114.66666666666669,73.0,6.9,1.53,2.0,b'W',30.0,5.397605346934028e-79,b'',,360.0,True
130838.0,60.0,1.0,92.3,176.6,29.6,104.8,132.33333333333334,83.0,5.9,0.51,2.0,b'W',120.0,5.397605346934028e-79,b'',,180.0,True
130839.0,56.0,1.0,118.2,181.4,35.9,,141.33333333333334,92.66666666666669,6.0,11.53,5.397605346934028e-79,b'',,5.397605346934028e-79,b'',,120.0,True
130840.0,16.0,1.0,55.0,171.4,18.7,70.2,112.33333333333331,72.33333333333333,5.3,0.16,,,,,,,,True
130841.0,79.0,2.0,75.2,162.5,28.5,100.4,170.66666666666666,77.33333333333333,5.8,1.17,1.0,b'D',60.0,5.397605346934028e-79,b'',,120.0,True
130842.0,27.0,1.0,145.0,175.0,47.3,143.4,122.0,83.0,5.2,4.58,2.0,b'W',60.0,5.397605346934028e-79,b'',,480.0,True
130843.0,46.0,1.0,71.5,182.5,21.5,88.5,120.66666666666669,77.0,5.4,0.36,1.0,b'D',120.0,1.0,b'D',60.0,60.0,True
130845.0,72.0,1.0,89.0,175.9,28.8,107.6,148.33333333333334,80.33333333333333,6.9,10.02,3.0,b'W',180.0,1.0,b'W',120.0,480.0,True
130846.0,16.0,2.0,61.6,154.7,25.7,81.6,105.33333333333331,60.0,5.3,4.3,,,,,,,,True
130847.0,74.0,1.0,97.3,169.8,33.7,122.3,112.33333333333331,74.0,5.9,1.17,4.0,b'W',60.0,1.0,b'W',60.0,180.0,True
130848.0,33.0,2.0,66.7,165.1,24.5,78.1,107.66666666666669,69.0,5.4,0.88,7.0,b'W',11.0,2.0,b'W',30.0,60.0,True
130850.0,13.0,2.0,71.2,164.5,26.3,93.3,113.33333333333331,70.33333333333333,5.0,0.34,,,,,,,,True
130851.0,8.0,1.0,31.2,134.2,17.3,58.5,93.66666666666669,55.0,,0.38,,,,,,,,True
130852.0,3.0,1.0,16.6,100.3,16.5,52.9,,,,1.05,,,,,,,,True
130854.0,80.0,2.0,46.8,144.5,22.4,81.5,179.66666666666666,84.0,6.7,4.09,5.397605346934028e-79,b'',,5.397605346934028e-79,b'',,420.0,True
130855.0,14.0,2.0,123.7,171.5,42.1,125.7,114.66666666666669,74.0,4.9,3.26,,,,,,,,True
130856.0,80.0,1.0,81.1,168.4,28.6,98.0,109.0,66.0,5.9,13.32,6.0,b'W',30.0,5.397605346934028e-79,b'',,660.0,True
130857.0,13.0,2.0,48.1,161.4,18.5,72.4,84.33333333333333,56.0,5.1,0.24,,,,,,,,True
130859.0,4.0,2.0,18.4,107.6,15.9,52.8,,,,0.28,,,,,,,,True
130861.0,78.0,2.0,66.2,150.8,29.1,99.8,131.0,72.33333333333333,9.2,3.53,4.0,b'W',60.0,5.397605346934028e-79,b'',,360.0,True
130862.0,10.0,2.0,49.9,149.9,22.2,75.0,111.0,63.66666666666666,,0.11,,,,,,,,True
130863.0,80.0,1.0,87.1,180.8,26.6,105.2,138.66666666666666,93.0,5.9,1.16,5.397605346934028e-79,b'',,5.397605346934028e-79,b'',,180.0,True
130864.0,52.0,1.0,98.5,177.2,31.4,106.3,126.66666666666669,78.66666666666667,5.7,9.09,1.0,b'D',20.0,5.397605346934028e-79,b'',,300.0,True
130865.0,65.0,2.0,67.7,168.8,23.8,89.2,140.0,84.66666666666667,5.9,0.85,6.0,b'W',60.0,3.0,b'W',60.0,120.0,True
130866.0,11.0,2.0,27.4,137.4,14.5,55.0,87.33333333333333,54.0,,2.78,,,,,,,,True
130867.0,49.0,2.0,80.0,152.9,34.2,95.9,111.0,80.0,5.0,2.25,5.397605346934028e-79,b'',,5.397605346934028e-79,b'',,120.0,True
130868.0,23.0,1.0,70.8,168.9,24.8,84.6,104.33333333333331,58.66666666666666,5.0,0.45,3.0,b'W',60.0,3.0,b'W',60.0,240.0,True
130871.0,65.0,2.0,92.4,153.1,39.4,121.1,92.33333333333331,65.33333333333333,6.5,3.52,3.0,b'W',30.0,5.397605346934028e-79,b'',,600.0,True
130873.0,12.0,1.0,56.5,170.7,19.4,68.6,110.66666666666669,61.66666666666666,5.7,0.24,,,,,,,,True
130875.0,71.0,1.0,80.8,169.2,28.2,101.6,149.0,79.66666666666667,5.5,5.64,3.0,b'W',30.0,5.397605346934028e-79,b'',,180.0,True
130878.0,39.0,2.0,107.0,149.6,47.8,122.9,,,9.3,12.76,1.0,b'W',60.0,5.397605346934028e-79,b'',,720.0,True
130879.0,30.0,2.0,80.3,160.9,31.0,,,,5.2,3.81,5.397605346934028e-79,b'',,5.397605346934028e-79,b'',,240.0,True
130880.0,67.0,1.0,103.3,175.1,33.7,115.9,155.0,80.33333333333333,6.4,3.6,1.0,b'D',360.0,2.0,b'M',240.0,360.0,True
130881.0,46.0,2.0,80.7,169.0,28.3,93.5,96.66666666666669,66.0,5.2,1.99,4.0,b'W',30.0,5.397605346934028e-79,b'',,600.0,True
130882.0,60.0,1.0,123.1,188.1,34.8,122.0,114.33333333333331,71.66666666666667,5.7,2.14,5.0,b'W',60.0,5.0,b'W',90.0,480.0,True
130884.0,64.0,2.0,91.4,168.0,32.4,104.9,108.0,75.33333333333333,5.2,3.75,3.0,b'W',30.0,5.397605346934028e-79,b'',,600.0,True
130886.0,2.0,2.0,15.8,97.0,16.8,50.7,,,,0.36,,,,,,,,True
130888.0,12.0,2.0,81.1,163.7,30.3,96.0,95.33333333333331,56.0,5.1,4.03,,,,,,,,True
130889.0,16.0,1.0,87.1,173.1,29.1,100.3,102.66666666666669,57.66666666666666,5.1,7.51,,,,,,,,True
130890.0,28.0,1.0,104.4,176.8,33.4,114.6,103.33333333333331,71.33333333333333,4.7,2.7,7.0,b'W',180.0,3.0,b'W',240.0,120.0,True
130892.0,70.0,2.0,139.7,169.0,48.9,149.1,138.66666666666666,78.33333333333333,7.3,1.24,5.397605346934028e-79,b'',,5.397605346934028e-79,b'',,600.0,True
130893.0,46.0,2.0,66.7,164.4,24.7,82.9,135.0,93.33333333333331,5.3,0.77,2.0,b'W',30.0,5.397605346934028e-79,b'',,60.0,True
130895.0,34.0,2.0,55.5,160.8,21.5,74.4,96.33333333333331,66.0,5.4,0.53,5.0,b'W',45.0,3.0,b'W',30.0,180.0,True
130897.0,29.0,1.0,110.3,173.0,36.9,112.4,104.33333333333331,63.333333333333336,4.8,1.61,5.0,b'W',60.0,5.0,b'W',20.0,360.0,True
130898.0,13.0,1.0,50.1,159.8,19.6,71.0,112.66666666666669,70.66666666666667,5.2,0.57,,,,,,,,True
130899.0,51.0,2.0,106.2,166.7,38.2,111.9,118.33333333333331,78.0,5.5,2.81,2.0,b'W',30.0,5.0,b'Y',30.0,300.0,True
130900.0,49.0,2.0,49.3,148.6,22.3,78.6,111.33333333333331,62.0,5.5,0.84,1.0,b'D',45.0,3.0,b'W',50.0,420.0,True
130901.0,79.0,2.0,69.2,152.5,29.8,103.2,166.0,85.33333333333333,6.1,1.48,4.0,b'W',90.0,5.397605346934028e-79,b'',,180.0,True
130904.0,28.0,1.0,86.1,177.5,27.3,85.8,127.66666666666669,58.0,4.8,2.76,2.0,b'W',240.0,5.0,b'W',90.0,600.0,True
130905.0,9.0,1.0,28.9,141.7,14.4,55.2,93.0,55.0,,1.25,,,,,,,,True
130908.0,57.0,1.0,84.6,175.0,27.6,103.3,127.33333333333331,81.66666666666667,5.3,6.03,3.0,b'W',45.0,5.397605346934028e-79,b'',,360.0,True
130910.0,32.0,1.0,95.7,174.5,31.4,98.5,106.0,62.66666666666666,5.8,0.11,1.0,b'D',30.0,5.397605346934028e-79,b'',,120.0,True
130911.0,67.0,2.0,40.1,147.5,18.4,64.6,121.0,61.333333333333336,5.6,0.18,1.0,b'D',30.0,5.397605346934028e-79,b'',,240.0,True
130912.0,43.0,2.0,102.0,167.0,36.6,124.0,107.5,72.0,5.9,40.98,3.0,b'D',15.0,5.397605346934028e-79,b'',,360.0,True
130913.0,37.0,1.0,114.5,175.8,37.0,118.9,138.33333333333334,88.33333333333333,5.1,1.21,1.0,b'W',30.0,2.0,b'Y',480.0,840.0,True
130914.0,40.0,2.0,,,,,127.0,75.66666666666667,12.1,0.87,5.397605346934028e-79,b'',,5.397605346934028e-79,b'',,120.0,True
130915.0,31.0,1.0,69.3,174.4,22.8,82.6,114.0,73.0,4.8,0.89,2.0,b'W',60.0,2.0,b'W',60.0,720.0,True
130916.0,9.0,2.0,37.5,145.3,17.8,62.4,108.66666666666669,61.333333333333336,,0.18,,,,,,,,True
130918.0,44.0,1.0,77.8,175.1,25.4,90.2,116.66666666666669,78.33333333333333,5.4,2.2,3.0,b'W',30.0,5.397605346934028e-79,b'',,600.0,True
130920.0,52.0,2.0,148.0,172.2,49.9,134.6,124.33333333333331,84.0,5.8,15.68,5.397605346934028e-79,b'',,5.397605346934028e-79,b'',,960.0,True
130921.0,37.0,1.0,66.3,180.8,20.3,79.2,115.0,68.66666666666667,5.4,0.9,5.0,b'D',10.0,5.397605346934028e-79,b'',,360.0,True
130922.0,44.0,2.0,95.5,164.8,35.2,105.0,105.33333333333331,80.0,5.5,18.3,2.0,b'W',60.0,5.397605346934028e-79,b'',,300.0,True
130923.0,77.0,2.0,101.8,162.2,38.7,117.4,137.0,82.66666666666667,5.4,3.83,1.0,b'W',30.0,1.0,b'W',10.0,240.0,True
130924.0,41.0,2.0,99.3,170.4,34.2,118.7,,,5.8,4.37,4.0,b'W',60.0,2.0,b'W',1.0,60.0,True
130926.0,66.0,2.0,69.6,146.0,32.7,108.0,127.0,71.0,5.7,1.56,5.397605346934028e-79,b'',,5.397605346934028e-79,b'',,300.0,True
130928.0,14.0,2.0,57.8,165.9,21.0,71.4,95.0,60.66666666666666,4.9,0.36,,,,,,,,True
130930.0,62.0,1.0,69.2,166.5,25.0,85.9,175.66666666666666,113.66666666666669,5.9,4.13,10.0,b'Y',120.0,10.0,b'M',90.0,360.0,True
130931.0,61.0,1.0,119.2,178.5,37.4,123.1,132.66666666666666,77.33333333333333,5.2,2.92,1.0,b'W',60.0,5.397605346934028e-79,b'',,420.0,True
130933.0,23.0,1.0,72.6,168.9,25.4,91.5,107.66666666666669,74.33333333333333,4.7,2.21,3.0,b'D',60.0,5.397605346934028e-79,b'',,180.0,True
130934.0,37.0,1.0,109.4,175.7,35.4,112.7,120.33333333333331,77.33333333333333,5.2,0.74,7.0,b'W',30.0,2.0,b'W',60.0,240.0,True
130936.0,63.0,2.0,68.7,164.6,25.4,94.7,89.33333333333333,60.333333333333336,5.6,1.42,3.0,b'D',20.0,5.397605346934028e-79,b'',,240.0,True
130938.0,80.0,1.0,99.4,172.9,33.3,121.0,102.33333333333331,64.66666666666667,10.4,31.01,1.0,b'W',15.0,5.397605346934028e-79,b'',,840.0,True
130939.0,33.0,2.0,75.8,165.7,27.6,102.1,103.33333333333331,60.333333333333336,5.3,0.69,1.0,b'W',60.0,5.397605346934028e-79,b'',,180.0,True
130944.0,30.0,2.0,90.8,160.7,35.2,102.1,141.0,105.0,5.8,7.24,2.0,b'W',35.0,5.397605346934028e-79,b'',,480.0,True
130945.0,80.0,2.0,57.3,145.0,27.3,92.1,152.33333333333334,71.66666666666667,6.4,1.69,5.397605346934028e-79,b'',,5.397605346934028e-79,b'',,360.0,True
130947.0,66.0,2.0,69.6,149.2,31.3,100.2,138.0,75.0,5.6,2.62,3.0,b'W',120.0,5.397605346934028e-79,b'',,180.0,True
130948.0,80.0,2.0,66.6,152.2,28.8,95.3,,,5.2,2.07,5.397605346934028e-79,b'',,5.397605346934028e-79,b'',,60.0,True
130949.0,12.0,2.0,52.9,159.2,20.9,75.7,101.0,56.66666666666666,5.2,0.17,,,,,,,,True
130950.0,60.0,2.0,113.2,173.1,37.8,123.0,125.66666666666669,73.33333333333333,5.3,43.91,5.397605346934028e-79,b'',,5.397605346934028e-79,b'',,360.0,True
130951.0,27.0,2.0,78.3,159.7,30.7,103.3,97.0,63.333333333333336,5.0,2.29,2.0,b'W',45.0,1.0,b'W',60.0,180.0,True
130952.0,32.0,1.0,92.4,178.0,29.2,100.8,119.33333333333331,81.0,5.0,3.31,5.397605346934028e-79,b'',,5.397605346934028e-79,b'',,120.0,True
130955.0,17.0,1.0,103.9,170.5,35.7,109.8,111.66666666666669,74.66666666666667,5.0,0.82,,,,,,,,True
130956.0,43.0,1.0,105.1,195.5,27.5,104.8,113.33333333333331,67.0,5.3,2.41,5.397605346934028e-79,b'',,5.397605346934028e-79,b'',,600.0,True
130958.0,3.0,1.0,19.2,109.1,16.1,50.4,,,,1.39,,,,,,,,True
130959.0,11.0,1.0,27.2,133.9,15.2,57.0,95.0,55.66666666666666,,0.29,,,,,,,,True
130960.0,69.0,2.0,70.3,159.0,27.8,99.4,128.33333333333334,77.66666666666667,5.8,0.67,1.0,b'D',30.0,3.0,b'W',60.0,360.0,True
130961.0,29.0,1.0,60.5,183.9,17.9,74.7,104.33333333333331,55.66666666666666,4.9,3.23,3.0,b'W',60.0,5.0,b'W',120.0,300.0,True
130962.0,17.0,1.0,75.0,177.2,23.9,78.9,122.0,66.33333333333333,5.4,0.2,,,,,,,,True
130963.0,18.0,1.0,57.1,167.2,20.4,75.5,121.66666666666669,58.0,4.9,0.39,5.397605346934028e-79,b'',,1.0,b'W',120.0,480.0,True
130964.0,58.0,2.0,80.2,171.8,27.2,96.7,108.66666666666669,70.33333333333333,5.0,3.08,2.0,b'W',90.0,2.0,b'M',120.0,360.0,True
130966.0,51.0,2.0,51.2,160.3,19.9,75.4,100.33333333333331,69.33333333333333,5.3,0.39,7.0,b'W',60.0,5.397605346934028e-79,b'',,720.0,True
130968.0,35.0,2.0,99.9,164.4,37.0,113.9,113.0,76.66666666666667,5.2,3.46,1.0,b'W',30.0,2.0,b'M',60.0,480.0,True
130969.0,17.0,1.0,99.7,177.5,31.6,103.8,118.33333333333331,66.0,5.2,3.42,,,,,,,,True
130970.0,76.0,1.0,91.2,170.9,31.2,106.4,169.0,81.33333333333333,5.6,1.79,2.0,b'W',90.0,5.397605346934028e-79,b'',,300.0,True
130972.0,37.0,2.0,142.2,167.4,50.7,150.5,129.66666666666666,80.66666666666667,6.2,13.64,5.397605346934028e-79,b'',,5.397605346934028e-79,b'',,600.0,True
130973.0,4.0,1.0,22.0,120.4,15.2,53.3,,,,0.11,,,,,,,,True
130974.0,43.0,1.0,83.2,169.7,28.9,101.9,136.33333333333334,88.33333333333333,6.1,5.69,1.0,b'W',60.0,1.0,b'W',60.0,60.0,True
130975.0,34.0,1.0,77.9,176.3,25.1,89.7,115.33333333333331,79.66666666666667,5.0,0.59,3.0,b'W',60.0,5.397605346934028e-79,b'',,420.0,True
130976.0,13.0,2.0,37.2,144.7,17.8,64.8,97.33333333333331,59.333333333333336,5.3,0.23,,,,,,,,True
130977.0,59.0,1.0,89.5,178.8,28.0,107.4,117.66666666666669,86.33333333333333,5.9,0.34,3.0,b'D',30.0,1.0,b'W',60.0,480.0,True
130978.0,75.0,1.0,113.1,185.2,33.0,122.3,117.0,69.33333333333333,6.0,2.17,1.0,b'D',120.0,1.0,b'W',120.0,360.0,True
130980.0,71.0,1.0,109.0,169.5,37.9,126.3,170.33333333333334,88.0,5.9,6.21,5.397605346934028e-79,b'',,5.397605346934028e-79,b'',,180.0,True
130981.0,51.0,2.0,73.0,161.8,27.9,93.5,154.33333333333334,99.33333333333331,5.3,3.69,5.0,b'W',45.0,5.397605346934028e-79,b'',,120.0,True
130982.0,71.0,2.0,90.3,162.3,34.3,115.1,117.33333333333331,49.66666666666666,6.4,16.7,5.397605346934028e-79,b'',,5.397605346934028e-79,b'',,360.0,True
130985.0,23.0,1.0,83.6,180.0,25.8,89.5,123.66666666666669,79.66666666666667,5.0,0.68,4.0,b'W',60.0,4.0,b'W',60.0,480.0,True
130986.0,62.0,1.0,89.6,177.2,28.5,96.4,146.66666666666666,89.0,8.7,1.34,3.0,b'W',30.0,1.0,b'M',20.0,360.0,True
130987.0,3.0,2.0,19.3,98.5,19.9,59.2,,,,0.71,,,,,,,,True
130988.0,15.0,2.0,60.7,175.5,19.7,71.2,107.66666666666669,64.0,4.4,0.79,,,,,,,,True
130991.0,19.0,1.0,95.0,170.5,32.7,100.6,127.33333333333331,79.0,5.0,2.58,4.0,b'W',120.0,3.0,b'M',120.0,240.0,True
130992.0,28.0,1.0,176.6,176.9,56.4,158.7,109.33333333333331,69.66666666666667,5.4,5.5,5.0,b'W',30.0,1.0,b'M',30.0,720.0,True
130995.0,33.0,2.0,91.9,150.1,40.8,117.8,114.33333333333331,73.33333333333333,5.2,13.81,3.0,b'W',90.0,5.397605346934028e-79,b'',,180.0,True
130998.0,12.0,1.0,45.7,150.2,20.3,66.6,101.33333333333331,55.0,5.2,0.37,,,,,,,,True
130999.0,3.0,2.0,16.2,102.9,15.3,50.0,,,,0.11,,,,,,,,True
131000.0,52.0,2.0,50.2,157.9,20.1,82.1,114.33333333333331,70.0,13.7,5.51,5.397605346934028e-79,b'',,2.0,b'W',60.0,60.0,True
131001.0,23.0,2.0,55.7,165.2,20.4,73.3,102.66666666666669,58.0,4.6,0.15,3.0,b'W',30.0,5.397605346934028e-79,b'',,720.0,True
131002.0,63.0,2.0,58.1,158.8,23.0,81.2,109.33333333333331,64.33333333333333,5.7,0.57,5.397605346934028e-79,b'',,5.397605346934028e-79,b'',,480.0,True
131005.0,64.0,1.0,99.0,181.3,30.1,109.4,206.66666666666663,115.33333333333331,6.0,2.93,1.0,b'D',30.0,5.397605346934028e-79,b'',,360.0,True
131006.0,34.0,2.0,102.1,169.6,35.5,98.2,131.0,94.66666666666669,5.7,6.79,7.0,b'W',45.0,7.0,b'W',45.0,120.0,True
131007.0,67.0,2.0,70.1,154.6,29.3,102.0,147.0,80.66666666666667,7.8,9.23,3.0,b'M',120.0,5.397605346934028e-79,b'',,240.0,True
131009.0,16.0,2.0,56.9,152.9,24.3,91.5,105.0,62.0,5.4,0.15,,,,,,,,True
131010.0,73.0,2.0,49.0,156.8,19.9,71.5,142.66666666666666,61.0,5.6,1.07,2.0,b'W',20.0,1.0,b'M',10.0,240.0,True
131012.0,58.0,1.0,133.2,185.2,38.8,137.4,150.33333333333334,77.66666666666667,9.1,14.99,3.0,b'M',300.0,5.397605346934028e-79,b'',,960.0,True
131014.0,73.0,1.0,80.6,171.4,27.4,98.1,149.0,75.0,5.1,1.19,3.0,b'W',360.0,5.397605346934028e-79,b'',,240.0,True
131015.0,11.0,1.0,41.2,155.6,17.0,61.1,103.33333333333331,59.66666666666666,,0.17,,,,,,,,True
131016.0,37.0,1.0,109.6,174.6,36.0,127.0,128.66666666666666,75.33333333333333,6.0,8.35,5.397605346934028e-79,b'',,1.0,b'M',60.0,240.0,True
131017.0,36.0,2.0,52.9,163.6,19.8,74.5,101.33333333333331,69.33333333333333,4.8,0.47,5.397605346934028e-79,b'',,5.397605346934028e-79,b'',,780.0,True
131018.0,13.0,1.0,58.5,158.8,23.2,82.1,104.66666666666669,62.66666666666666,5.5,0.66,,,,,,,,True
131019.0,46.0,2.0,155.4,152.9,66.5,,,,6.0,4.0,5.397605346934028e-79,b'',,5.397605346934028e-79,b'',,360.0,True
131023.0,66.0,2.0,66.9,158.1,26.8,87.1,97.66666666666669,63.333333333333336,5.5,0.18,2.0,b'W',120.0,5.397605346934028e-79,b'',,300.0,True
131024.0,63.0,1.0,95.2,185.6,27.6,107.7,137.33333333333334,76.0,5.6,0.73,7.0,b'W',60.0,2.0,b'W',10.0,240.0,True
131025.0,29.0,2.0,65.7,164.9,24.2,94.6,104.33333333333331,60.0,5.3,0.72,5.397605346934028e-79,b'',,5.397605346934028e-79,b'',,840.0,True
131031.0,25.0,2.0,68.2,168.7,24.0,81.0,110.66666666666669,66.0,4.9,0.39,5.0,b'W',30.0,2.0,b'W',30.0,180.0,True
131032.0,18.0,2.0,127.2,167.5,45.3,130.6,112.0,77.66666666666667,4.8,6.43,4.0,b'W',45.0,2.0,b'W',25.0,420.0,True
131033.0,63.0,2.0,55.1,156.2,22.6,87.0,116.0,71.0,5.2,1.28,1.0,b'D',25.0,5.397605346934028e-79,b'',,120.0,True
131034.0,31.0,2.0,80.1,167.3,28.6,,,,5.3,0.82,3.0,b'W',120.0,5.397605346934028e-79,b'',,60.0,True
131035.0,18.0,1.0,70.4,172.2,23.7,84.4,126.66666666666669,68.33333333333333,4.6,1.84,6.0,b'W',60.0,1.0,b'W',60.0,480.0,True
131041.0,80.0,1.0,66.7,176.2,21.5,84.7,124.66666666666669,70.66666666666667,5.5,12.01,3.0,b'W',90.0,3.0,b'W',45.0,300.0,True
131044.0,64.0,2.0,64.5,166.6,23.2,85.8,106.0,60.66666666666666,5.7,1.82,4.0,b'W',60.0,5.397605346934028e-79,b'',,480.0,True
131046.0,43.0,1.0,82.4,185.9,23.8,90.9,121.66666666666669,92.33333333333331,5.5,0.64,15.0,b'M',240.0,6.0,b'M',60.0,480.0,True
131048.0,18.0,1.0,71.2,172.2,24.0,80.8,101.66666666666669,53.333333333333336,5.2,0.76,2.0,b'W',30.0,1.0,b'W',10.0,180.0,True
131049.0,13.0,2.0,51.9,153.7,22.0,75.7,113.0,70.0,5.3,0.18,,,,,,,,True
131050.0,75.0,1.0,65.3,160.2,25.4,105.6,117.33333333333331,71.0,5.6,0.87,5.0,b'W',20.0,5.397605346934028e-79,b'',,480.0,True
131051.0,62.0,1.0,77.2,178.6,24.2,86.2,156.33333333333334,96.0,5.3,1.69,5.397605346934028e-79,b'',,5.397605346934028e-79,b'',,240.0,True
131052.0,80.0,2.0,67.4,153.6,28.6,97.5,140.0,70.0,7.2,0.56,3.0,b'W',9999.0,5.397605346934028e-79,b'',,9999.0,True
131053.0,58.0,2.0,103.9,165.9,37.8,123.1,129.0,87.66666666666667,6.5,5.12,5.397605346934028e-79,b'',,5.397605346934028e-79,b'',,180.0,True
131054.0,56.0,1.0,68.3,178.0,21.6,84.0,169.33333333333334,89.66666666666667,5.8,16.81,5.397605346934028e-79,b'',,5.397605346934028e-79,b'',,480.0,True
131056.0,35.0,2.0,83.7,168.0,29.7,100.7,104.33333333333331,71.0,5.0,0.95,2.0,b'W',60.0,5.397605346934028e-79,b'',,720.0,True
131057.0,80.0,1.0,86.6,172.3,29.2,105.6,113.66666666666669,62.333333333333336,6.1,1.85,3.0,b'D',45.0,5.397605346934028e-79,b'',,480.0,True
131058.0,55.0,1.0,84.0,172.7,28.2,98.1,129.0,76.66666666666667,6.5,3.66,5.397605346934028e-79,b'',,5.397605346934028e-79,b'',,360.0,True
131059.0,70.0,1.0,77.2,165.8,28.1,100.4,125.0,64.33333333333333,5.6,0.82,3.0,b'W',60.0,4.0,b'W',60.0,600.0,True
131060.0,36.0,2.0,112.6,169.7,39.1,115.3,112.66666666666669,79.33333333333333,5.1,3.0,2.0,b'M',60.0,5.397605346934028e-79,b'',,600.0,True
131061.0,72.0,1.0,82.1,167.5,29.3,102.3,124.33333333333331,71.66666666666667,5.1,2.06,3.0,b'W',60.0,1.0,b'W',45.0,120.0,True
131063.0,37.0,2.0,88.8,158.3,35.4,98.1,130.0,91.33333333333331,5.3,5.64,3.0,b'W',30.0,1.0,b'W',30.0,240.0,True
131064.0,16.0,2.0,72.6,158.9,28.8,100.0,118.33333333333331,82.33333333333333,5.5,2.6,,,,,,,,True
131065.0,65.0,1.0,73.2,161.4,28.1,98.5,113.0,72.0,5.6,0.62,7.0,b'W',20.0,5.397605346934028e-79,b'',,180.0,True
131066.0,60.0,1.0,98.0,184.1,28.9,103.7,125.66666666666669,83.66666666666667,6.1,1.99,5.0,b'W',60.0,3.0,b'W',45.0,300.0,True
131068.0,4.0,2.0,15.7,99.4,15.9,50.3,,,,1.8,,,,,,,,True
131070.0,39.0,1.0,86.1,178.0,27.2,103.8,128.66666666666666,80.66666666666667,5.3,0.73,5.397605346934028e-79,b'',,5.397605346934028e-79,b'',,300.0,True
131073.0,63.0,1.0,123.9,174.8,40.5,131.1,128.33333333333334,68.33333333333333,6.2,4.1,1.0,b'M',120.0,5.397605346934028e-79,b'',,720.0,True
131075.0,61.0,1.0,65.1,171.7,22.1,82.7,113.66666666666669,69.66666666666667,10.5,1.59,3.0,b'D',120.0,1.0,b'D',120.0,60.0,True
131076.0,75.0,1.0,74.7,,,105.7,118.0,50.66666666666666,5.8,3.63,6.0,b'W',15.0,5.397605346934028e-79,b'',,600.0,True
131077.0,47.0,1.0,92.6,169.5,32.2,104.9,137.0,87.0,5.9,3.26,4.0,b'W',30.0,5.397605346934028e-79,b'',,600.0,True
131079.0,38.0,1.0,108.1,182.4,32.5,104.7,121.0,82.66666666666667,5.2,0.56,2.0,b'W',60.0,2.0,b'W',60.0,600.0,True
131080.0,8.0,1.0,25.7,129.6,15.3,52.8,106.33333333333331,64.0,,0.43,,,,,,,,True
131082.0,31.0,2.0,106.1,160.0,41.4,120.7,94.0,64.0,5.9,13.5,2.0,b'W',90.0,5.397605346934028e-79,b'',,480.0,True
131083.0,52.0,2.0,98.6,155.7,40.7,120.5,125.66666666666669,92.66666666666669,5.8,3.04,5.397605346934028e-79,b'',,5.397605346934028e-79,b'',,240.0,True
131084.0,36.0,2.0,64.7,159.9,25.3,85.4,116.33333333333331,81.0,5.3,0.79,1.0,b'D',30.0,2.0,b'M',120.0,300.0,True
131085.0,80.0,1.0,81.9,173.3,27.3,101.8,159.0,82.33333333333333,5.6,2.13,3.0,b'D',60.0,2.0,b'M',60.0,120.0,True
131086.0,15.0,2.0,74.4,154.1,31.3,93.5,100.33333333333331,66.66666666666667,5.7,4.53,,,,,,,,True
131087.0,6.0,2.0,24.8,123.9,16.2,53.4,,,,0.36,,,,,,,,True
131093.0,36.0,1.0,112.7,173.2,37.6,123.8,133.66666666666666,81.0,5.0,2.85,3.0,b'W',120.0,2.0,b'W',30.0,420.0,True
131094.0,26.0,2.0,75.5,168.1,26.7,86.8,107.33333333333331,67.33333333333333,5.1,3.2,3.0,b'W',30.0,3.0,b'W',60.0,480.0,True
131095.0,50.0,2.0,74.3,168.6,26.1,107.8,107.0,74.33333333333333,5.5,3.74,5.397605346934028e-79,b'',,5.397605346934028e-79,b'',,300.0,True
131096.0,15.0,1.0,74.4,178.0,23.5,82.6,121.66666666666669,67.33333333333333,5.1,0.3,,,,,,,,True
131097.0,75.0,2.0,64.8,159.1,25.6,91.0,117.0,64.33333333333333,5.5,6.62,2.0,b'W',15.0,3.0,b'W',15.0,60.0,True
131098.0,65.0,2.0,54.8,142.0,27.2,85.7,127.66666666666669,54.66666666666666,6.1,3.27,4.0,b'W',40.0,5.397605346934028e-79,b'',,180.0,True
131099.0,62.0,2.0,103.9,156.5,42.4,113.6,91.0,64.33333333333333,6.0,6.89,5.397605346934028e-79,b'',,5.397605346934028e-79,b'',,720.0,True
131100.0,70.0,2.0,75.6,160.2,29.5,101.2,105.0,67.0,6.0,3.57,6.0,b'W',40.0,5.397605346934028e-79,b'',,300.0,True
131102.0,32.0,2.0,79.3,164.6,29.3,94.6,116.66666666666669,71.33333333333333,4.9,0.55,5.397605346934028e-79,b'',,5.397605346934028e-79,b'',,240.0,True
131103.0,7.0,2.0,47.5,134.1,26.4,83.5,,,,37.78,,,,,,,,True
131105.0,2.0,1.0,13.0,91.3,15.6,48.9,,,,0.11,,,,,,,,True
131106.0,57.0,2.0,76.8,173.4,25.5,96.1,99.66666666666669,68.0,5.4,1.77,2.0,b'M',20.0,5.397605346934028e-79,b'',,840.0,True
131108.0,68.0,2.0,51.5,159.7,20.2,72.8,133.66666666666666,62.66666666666666,5.5,0.26,5.397605346934028e-79,b'',,5.397605346934028e-79,b'',,120.0,True
131109.0,67.0,1.0,99.7,180.0,30.8,120.8,106.0,65.33333333333333,5.9,3.12,7.0,b'W',60.0,5.397605346934028e-79,b'',,120.0,True
131110.0,13.0,1.0,78.1,181.5,23.7,80.1,118.33333333333331,60.0,5.6,0.36,,,,,,,,True
131111.0,13.0,1.0,59.2,171.8,20.1,73.1,104.66666666666669,59.0,5.7,0.64,,,,,,,,True
131112.0,42.0,1.0,92.8,178.7,29.1,102.5,118.33333333333331,80.66666666666667,5.0,0.8,4.0,b'W',45.0,2.0,b'W',40.0,180.0,True
131118.0,73.0,1.0,121.5,184.4,35.7,131.4,118.66666666666669,61.66666666666666,6.8,2.99,2.0,b'W',120.0,1.0,b'M',10.0,300.0,True
131120.0,62.0,2.0,53.4,158.0,21.4,80.9,132.66666666666666,71.0,5.6,2.02,5.0,b'W',60.0,5.397605346934028e-79,b'',,360.0,True
131121.0,80.0,2.0,46.9,156.7,19.1,77.7,159.0,62.66666666666666,7.2,2.91,7.0,b'W',30.0,4.0,b'W',35.0,300.0,True
131122.0,51.0,2.0,94.0,163.1,35.3,,111.66666666666669,75.0,6.4,6.8,4.0,b'W',45.0,5.397605346934028e-79,b'',,480.0,True
131124.0,80.0,1.0,73.6,172.5,24.7,93.5,127.66666666666669,73.0,5.8,0.32,5.397605346934028e-79,b'',,5.397605346934028e-79,b'',,240.0,True
131126.0,76.0,1.0,104.2,181.9,31.5,120.5,118.33333333333331,84.66666666666667,5.5,2.26,7.0,b'W',120.0,7.0,b'W',120.0,300.0,True
131127.0,54.0,1.0,83.8,183.9,24.8,104.2,140.0,92.33333333333331,5.6,1.56,5.0,b'W',60.0,2.0,b'M',45.0,600.0,True
131128.0,14.0,1.0,52.5,158.4,20.9,70.4,112.0,71.66666666666667,5.2,4.98,,,,,,,,True
131129.0,69.0,2.0,81.1,167.6,28.9,98.6,130.33333333333334,73.66666666666667,6.3,1.19,1.0,b'D',30.0,5.397605346934028e-79,b'',,240.0,True
131130.0,75.0,2.0,104.2,173.7,34.5,120.6,101.33333333333331,69.33333333333333,5.7,3.78,3.0,b'W',20.0,5.397605346934028e-79,b'',,360.0,True
131131.0,55.0,1.0,77.0,174.3,25.3,92.6,109.0,72.0,5.3,0.71,7.0,b'W',180.0,5.397605346934028e-79,b'',,600.0,True
131132.0,80.0,1.0,88.4,166.4,31.9,116.5,112.66666666666669,61.333333333333336,6.7,11.41,2.0,b'D',120.0,2.0,b'W',360.0,120.0,True
131135.0,64.0,2.0,76.7,157.6,30.9,101.7,169.66666666666666,109.0,12.2,2.75,1.0,b'W',120.0,5.397605346934028e-79,b'',,300.0,True
131137.0,67.0,2.0,59.4,156.2,24.3,88.3,153.66666666666666,68.66666666666667,6.4,0.71,7.0,b'W',60.0,7.0,b'W',60.0,360.0,True
131138.0,16.0,1.0,78.7,178.4,24.7,92.5,90.33333333333331,57.66666666666666,5.5,1.05,,,,,,,,True
131139.0,40.0,2.0,100.9,162.0,38.4,116.1,109.33333333333331,74.66666666666667,5.4,15.21,2.0,b'W',30.0,1.0,b'M',30.0,480.0,True
131142.0,12.0,1.0,46.7,148.6,21.1,72.2,110.66666666666669,66.66666666666667,5.0,0.25,,,,,,,,True
131144.0,43.0,2.0,65.3,165.2,23.9,81.5,119.0,79.0,5.5,2.34,5.397605346934028e-79,b'',,5.397605346934028e-79,b'',,780.0,True
131147.0,25.0,2.0,63.5,158.6,25.2,86.2,102.0,69.66666666666667,5.4,1.15,1.0,b'W',60.0,1.0,b'W',45.0,540.0,True
131148.0,66.0,1.0,74.3,178.0,23.5,88.3,110.66666666666669,68.0,5.0,4.05,2.0,b'M',25.0,5.397605346934028e-79,b'',,240.0,True
131151.0,3.0,1.0,13.6,93.9,15.4,49.0,,,,0.11,,,,,,,,True
131153.0,51.0,2.0,121.3,172.1,41.0,126.2,,,5.9,14.71,3.0,b'W',30.0,4.0,b'M',30.0,540.0,True
131154.0,9.0,2.0,30.6,144.0,14.8,55.6,90.0,61.0,,0.37,,,,,,,,True
131155.0,59.0,1.0,80.8,173.5,26.8,100.2,129.33333333333334,82.66666666666667,5.8,0.24,2.0,b'W',30.0,5.397605346934028e-79,b'',,240.0,True
131156.0,33.0,2.0,87.8,147.4,40.4,117.0,112.66666666666669,87.33333333333333,12.4,5.53,5.397605346934028e-79,b'',,5.397605346934028e-79,b'',,360.0,True
131157.0,80.0,2.0,71.7,151.1,31.4,103.5,183.33333333333331,92.66666666666669,5.9,1.9,3.0,b'W',30.0,5.397605346934028e-79,b'',,120.0,True
131159.0,56.0,1.0,109.5,174.2,36.1,117.5,120.66666666666669,93.0,5.8,0.28,7.0,b'W',60.0,5.397605346934028e-79,b'',,180.0,True
131160.0,43.0,1.0,100.5,185.9,29.1,102.0,136.66666666666666,91.0,5.4,1.28,7.0,b'W',60.0,5.0,b'W',20.0,600.0,True
131162.0,8.0,1.0,22.1,122.9,14.6,56.9,114.0,80.66666666666667,,1.83,,,,,,,,True
131163.0,34.0,1.0,90.3,173.5,30.0,98.7,124.33333333333331,74.0,5.0,1.35,4.0,b'W',45.0,3.0,b'W',75.0,600.0,True
131164.0,27.0,1.0,126.0,180.7,38.6,125.3,109.66666666666669,81.33333333333333,5.1,3.42,1.0,b'W',60.0,1.0,b'Y',120.0,360.0,True
131166.0,7.0,1.0,35.4,126.0,22.3,69.6,,,,0.9,,,,,,,,True
131169.0,78.0,2.0,59.5,160.3,23.2,87.3,109.66666666666669,69.66666666666667,5.4,0.71,3.0,b'W',30.0,5.397605346934028e-79,b'',,600.0,True
131171.0,11.0,2.0,49.5,160.6,19.2,70.7,96.0,60.0,,0.21,,,,,,,,True
131172.0,74.0,1.0,103.2,179.6,32.0,,128.66666666666666,61.66666666666666,5.9,1.32,5.0,b'W',30.0,5.397605346934028e-79,b'',,360.0,True
131173.0,13.0,2.0,54.9,154.5,23.0,78.9,109.66666666666669,66.0,5.6,1.07,,,,,,,,True
131174.0,4.0,2.0,20.0,111.9,16.0,55.2,,,,0.35,,,,,,,,True
131175.0,10.0,2.0,47.5,148.2,21.6,75.6,91.33333333333331,55.0,,5.4,,,,,,,,True
131177.0,79.0,2.0,81.5,162.0,31.1,107.1,105.66666666666669,64.33333333333333,7.1,1.17,5.397605346934028e-79,b'',,5.397605346934028e-79,b'',,300.0,True
131178.0,65.0,2.0,104.5,165.1,38.3,125.0,138.66666666666666,84.33333333333333,7.4,1.95,1.0,b'D',20.0,5.397605346934028e-79,b'',,240.0,True
131180.0,73.0,2.0,73.4,158.0,29.4,107.1,171.66666666666666,61.66666666666666,8.4,4.06,5.397605346934028e-79,b'',,5.397605346934028e-79,b'',,180.0,True
131181.0,32.0,2.0,70.4,156.9,28.6,,,,5.5,4.75,1.0,b'W',60.0,5.397605346934028e-79,b'',,720.0,True
131182.0,14.0,2.0,70.5,154.3,29.6,97.0,89.66666666666667,56.333333333333336,5.1,5.02,,,,,,,,True
131183.0,75.0,2.0,95.0,159.5,37.3,126.5,138.0,99.66666666666669,5.8,3.34,1.0,b'M',30.0,5.397605346934028e-79,b'',,480.0,True
131184.0,8.0,2.0,41.7,140.2,21.2,79.6,97.33333333333331,57.333333333333336,,0.51,,,,,,,,True
131186.0,15.0,1.0,112.3,171.3,38.3,112.8,106.33333333333331,66.0,5.4,0.96,,,,,,,,True
131187.0,59.0,1.0,93.8,169.7,32.6,109.3,117.66666666666669,80.33333333333333,6.3,1.45,3.0,b'W',60.0,5.397605346934028e-79,b'',,240.0,True
131189.0,12.0,1.0,58.6,153.7,24.8,89.4,111.66666666666669,66.0,5.5,1.12,,,,,,,,True
131191.0,65.0,2.0,72.0,157.1,29.2,100.0,122.33333333333331,80.33333333333333,5.5,3.29,5.397605346934028e-79,b'',,5.397605346934028e-79,b'',,600.0,True
131193.0,71.0,1.0,110.6,167.3,39.5,125.6,124.33333333333331,70.66666666666667,6.5,3.59,3.0,b'W',30.0,5.397605346934028e-79,b'',,360.0,True
131194.0,49.0,1.0,78.4,165.7,28.6,91.5,166.33333333333334,131.0,5.4,0.86,1.0,b'W',90.0,1.0,b'W',60.0,240.0,True
131195.0,48.0,2.0,72.1,167.0,25.9,99.8,113.33333333333331,76.33333333333333,6.1,2.65,5.397605346934028e-79,b'',,5.397605346934028e-79,b'',,240.0,True
131196.0,23.0,1.0,86.5,171.3,29.5,102.3,124.66666666666669,87.66666666666667,5.5,4.56,1.0,b'M',30.0,1.0,b'M',30.0,30.0,True
131197.0,59.0,1.0,112.1,174.5,36.8,127.9,125.0,73.0,6.5,2.3,2.0,b'D',15.0,5.397605346934028e-79,b'',,720.0,True
131200.0,32.0,2.0,57.5,160.5,22.3,75.0,122.0,78.0,5.0,0.23,4.0,b'W',30.0,5.397605346934028e-79,b'',,120.0,True
131202.0,80.0,1.0,60.9,172.2,20.5,85.6,139.33333333333334,66.66666666666667,5.4,1.61,7.0,b'W',60.0,3.0,b'W',20.0,300.0,True
131203.0,78.0,2.0,78.4,159.6,30.8,104.4,147.33333333333334,81.0,5.5,3.13,3.0,b'D',20.0,5.397605346934028e-79,b'',,600.0,True
131204.0,64.0,2.0,72.4,155.9,29.8,,121.66666666666669,87.66666666666667,5.3,0.99,5.397605346934028e-79,b'',,5.397605346934028e-79,b'',,420.0,True
131205.0,62.0,2.0,96.0,165.2,35.2,120.5,122.66666666666669,82.33333333333333,5.9,11.14,2.0,b'W',20.0,5.397605346934028e-79,b'',,600.0,True
131208.0,61.0,1.0,95.4,185.1,27.8,111.0,147.33333333333334,98.66666666666669,5.7,29.14,4.0,b'M',30.0,5.397605346934028e-79,b'',,480.0,True
131209.0,20.0,2.0,110.6,167.8,39.3,112.9,108.33333333333331,75.66666666666667,5.5,2.32,3.0,b'W',60.0,2.0,b'W',30.0,720.0,True
131211.0,30.0,2.0,79.2,167.0,28.4,90.4,102.0,71.33333333333333,4.9,2.47,2.0,b'W',45.0,2.0,b'M',15.0,180.0,True
131214.0,17.0,1.0,70.8,169.0,24.8,81.6,105.66666666666669,51.0,5.1,0.47,,,,,,,,True
131215.0,68.0,2.0,58.1,142.3,28.7,99.5,125.0,74.33333333333333,6.2,3.04,5.397605346934028e-79,b'',,5.397605346934028e-79,b'',,120.0,True
131216.0,15.0,1.0,61.5,177.3,19.6,72.7,113.0,56.0,5.5,1.2,,,,,,,,True
131220.0,35.0,1.0,90.5,186.6,26.0,99.0,114.0,72.0,5.0,0.8,3.0,b'W',60.0,3.0,b'W',30.0,360.0,True
131221.0,13.0,2.0,43.8,148.3,19.9,68.0,84.33333333333333,50.66666666666666,5.0,0.16,,,,,,,,True
131225.0,32.0,2.0,75.8,160.3,29.5,92.3,95.66666666666669,65.66666666666667,4.8,0.44,5.397605346934028e-79,b'',,5.397605346934028e-79,b'',,240.0,True
131226.0,16.0,2.0,57.3,164.2,21.3,74.8,89.66666666666667,51.0,5.4,0.74,,,,,,,,True
131227.0,70.0,1.0,72.2,159.8,28.3,94.4,138.0,80.0,5.6,1.03,2.0,b'W',60.0,5.397605346934028e-79,b'',,120.0,True
131228.0,61.0,1.0,87.0,177.1,27.7,101.3,106.66666666666669,65.33333333333333,5.7,1.12,4.0,b'W',20.0,6.0,b'Y',10.0,480.0,True
131234.0,67.0,2.0,109.2,160.0,42.7,129.3,130.0,83.0,6.2,3.05,5.397605346934028e-79,b'',,5.397605346934028e-79,b'',,180.0,True
131238.0,44.0,1.0,96.9,185.7,28.1,102.4,125.33333333333331,84.0,10.1,1.44,7.0,b'W',120.0,5.397605346934028e-79,b'',,120.0,True
131240.0,48.0,2.0,55.5,153.8,23.5,74.0,109.0,71.33333333333333,5.0,1.48,4.0,b'W',30.0,5.397605346934028e-79,b'',,120.0,True
131241.0,58.0,1.0,110.1,174.6,36.1,122.1,111.0,69.33333333333333,5.2,18.0,1.0,b'M',60.0,7.0,b'W',20.0,180.0,True
131242.0,35.0,2.0,126.0,161.5,48.3,137.5,113.33333333333331,85.66666666666667,5.5,10.83,7.0,b'W',45.0,2.0,b'W',30.0,660.0,True
131244.0,79.0,2.0,102.0,165.3,37.3,121.5,187.33333333333331,93.0,5.9,2.63,5.397605346934028e-79,b'',,5.397605346934028e-79,b'',,360.0,True
131245.0,63.0,2.0,103.6,160.9,40.0,124.6,134.0,70.33333333333333,7.9,12.91,1.0,b'W',30.0,5.397605346934028e-79,b'',,600.0,True
131248.0,20.0,2.0,83.6,166.6,30.1,101.9,109.33333333333331,75.66666666666667,5.6,4.68,7.0,b'W',30.0,3.0,b'W',30.0,360.0,True
131249.0,52.0,2.0,58.4,173.7,19.4,77.3,114.33333333333331,74.33333333333333,5.5,0.36,1.0,b'D',30.0,3.0,b'W',30.0,720.0,True
131250.0,18.0,2.0,83.0,154.8,34.6,98.4,116.33333333333331,67.0,5.6,1.2,2.0,b'D',60.0,2.0,b'W',30.0,480.0,True
131251.0,65.0,2.0,63.0,154.5,26.4,94.2,140.66666666666666,80.33333333333333,5.7,2.31,1.0,b'D',20.0,2.0,b'W',12.0,480.0,True
131254.0,53.0,2.0,110.1,148.6,49.9,132.0,145.66666666666666,114.0,6.2,10.91,5.0,b'W',30.0,5.397605346934028e-79,b'',,900.0,True
131256.0,22.0,1.0,91.8,185.7,26.6,90.0,99.0,67.66666666666667,5.2,0.4,2.0,b'W',30.0,3.0,b'W',60.0,300.0,True
131258.0,41.0,1.0,78.2,183.4,23.2,83.9,121.0,73.0,5.5,0.52,5.397605346934028e-79,b'',,5.397605346934028e-79,b'',,30.0,True
131263.0,48.0,1.0,78.3,181.8,23.7,82.0,130.66666666666666,87.0,4.5,0.17,1.0,b'W',90.0,1.0,b'W',90.0,240.0,True
131268.0,42.0,2.0,87.9,160.4,34.2,,142.0,89.0,4.7,11.82,1.0,b'D',20.0,5.397605346934028e-79,b'',,240.0,True
131269.0,33.0,1.0,86.1,164.5,31.8,101.8,121.33333333333331,75.33333333333333,5.8,1.87,5.397605346934028e-79,b'',,5.397605346934028e-79,b'',,120.0,True
131270.0,62.0,2.0,78.0,156.9,31.7,105.9,138.0,75.0,5.8,6.47,5.397605346934028e-79,b'',,5.397605346934028e-79,b'',,120.0,True
131273.0,63.0,1.0,90.1,178.6,28.2,107.2,104.33333333333331,63.0,5.8,1.17,5.0,b'W',60.0,3.0,b'W',45.0,720.0,True
131275.0,5.0,2.0,17.7,107.0,15.5,51.3,,,,14.15,,,,,,,,True
131277.0,39.0,2.0,65.4,162.9,24.6,82.0,105.0,67.66666666666667,5.4,0.52,6.0,b'W',40.0,3.0,b'W',30.0,360.0,True
131283.0,24.0,1.0,107.4,188.0,30.4,98.5,105.33333333333331,57.333333333333336,5.3,1.3,4.0,b'W',60.0,6.0,b'W',30.0,240.0,True
131284.0,72.0,1.0,69.3,162.6,26.2,93.9,116.0,64.66666666666667,5.8,6.73,5.397605346934028e-79,b'',,5.397605346934028e-79,b'',,120.0,True
131286.0,1.0,2.0,10.9,,,,,,,0.77,,,,,,,,True
131287.0,67.0,2.0,77.1,159.6,30.3,107.4,132.66666666666666,77.66666666666667,5.7,0.6,5.0,b'W',60.0,5.397605346934028e-79,b'',,180.0,True
131290.0,38.0,1.0,102.1,178.5,32.0,108.7,115.66666666666669,74.0,5.2,7.84,1.0,b'W',60.0,3.0,b'W',30.0,600.0,True
131291.0,62.0,2.0,76.5,166.2,27.7,85.0,112.0,75.33333333333333,5.2,0.81,3.0,b'M',60.0,5.397605346934028e-79,b'',,300.0,True
131292.0,57.0,1.0,72.5,163.8,27.0,96.6,134.0,73.33333333333333,5.4,4.16,5.397605346934028e-79,b'',,5.397605346934028e-79,b'',,120.0,True
131293.0,51.0,2.0,75.1,155.6,31.0,101.2,120.66666666666669,74.66666666666667,5.7,1.3,5.397605346934028e-79,b'',,5.397605346934028e-79,b'',,480.0,True
131294.0,69.0,2.0,117.4,162.2,44.6,138.5,116.0,67.33333333333333,5.7,1.56,5.0,b'W',60.0,1.0,b'W',45.0,240.0,True
131295.0,8.0,1.0,28.7,130.8,16.8,59.1,115.66666666666669,79.33333333333333,,0.53,,,,,,,,True
131296.0,39.0,1.0,96.2,181.8,29.1,96.5,114.66666666666669,76.33333333333333,5.5,1.08,1.0,b'W',60.0,1.0,b'W',60.0,600.0,True
131297.0,12.0,2.0,52.0,155.7,21.4,65.6,98.66666666666669,61.333333333333336,5.1,0.11,,,,,,,,True
131298.0,36.0,1.0,78.0,180.0,24.1,84.7,134.33333333333334,82.33333333333333,5.3,1.21,1.0,b'Y',30.0,5.397605346934028e-79,b'',,600.0,True
131299.0,65.0,1.0,186.4,175.4,60.6,164.6,111.0,66.66666666666667,7.0,65.58,5.397605346934028e-79,b'',,5.397605346934028e-79,b'',,600.0,True
131300.0,41.0,2.0,95.8,161.9,36.5,104.8,96.66666666666669,72.0,5.3,8.46,2.0,b'M',60.0,5.397605346934028e-79,b'',,600.0,True
131301.0,35.0,1.0,77.9,181.2,23.7,85.4,113.33333333333331,76.0,5.4,1.11,7.0,b'W',90.0,4.0,b'W',60.0,240.0,True
131302.0,56.0,2.0,85.8,161.2,33.0,104.7,109.0,65.66666666666667,5.7,7.76,5.0,b'W',15.0,2.0,b'W',30.0,60.0,True
131303.0,6.0,2.0,21.0,119.4,14.7,58.2,,,,0.33,,,,,,,,True
131304.0,4.0,1.0,22.3,112.0,17.8,58.1,,,,0.11,,,,,,,,True
131305.0,23.0,1.0,86.6,185.4,25.2,88.0,137.0,63.333333333333336,5.0,0.33,6.0,b'W',60.0,1.0,b'W',45.0,360.0,True
131306.0,8.0,2.0,40.5,142.1,20.1,69.0,100.33333333333331,57.0,,0.31,,,,,,,,True
131307.0,73.0,2.0,137.7,159.5,54.1,125.4,102.0,68.0,5.3,10.98,5.0,b'M',30.0,5.397605346934028e-79,b'',,600.0,True
131308.0,32.0,1.0,76.5,183.0,22.8,88.7,121.0,74.33333333333333,5.1,0.23,3.0,b'M',50.0,3.0,b'M',50.0,780.0,True
131309.0,22.0,2.0,69.2,162.9,26.1,97.0,96.0,66.66666666666667,5.5,2.17,1.0,b'W',30.0,5.397605346934028e-79,b'',,480.0,True
131310.0,45.0,1.0,115.6,187.6,32.8,111.5,126.0,81.0,5.2,0.49,3.0,b'W',30.0,3.0,b'W',30.0,600.0,True
131312.0,80.0,2.0,80.2,153.4,34.1,109.2,145.0,61.66666666666666,7.5,1.09,5.397605346934028e-79,b'',,5.397605346934028e-79,b'',,240.0,True
131314.0,15.0,1.0,45.4,167.0,16.3,67.2,116.66666666666669,63.0,4.9,0.11,,,,,,,,True
131315.0,61.0,2.0,99.3,153.6,42.1,108.6,136.33333333333334,79.0,5.9,2.02,2.0,b'W',60.0,5.397605346934028e-79,b'',,360.0,True
131318.0,58.0,2.0,84.2,154.9,35.1,104.0,121.66666666666669,75.33333333333333,5.3,3.24,5.397605346934028e-79,b'',,5.397605346934028e-79,b'',,120.0,True
131319.0,9.0,1.0,24.8,134.0,13.8,56.9,93.0,51.0,,0.44,,,,,,,,True
131322.0,70.0,2.0,57.2,156.6,23.3,68.1,122.0,65.0,6.1,0.67,3.0,b'W',20.0,1.0,b'D',15.0,120.0,True
131323.0,27.0,2.0,58.2,164.0,21.6,87.1,110.33333333333331,87.66666666666667,4.6,1.37,3.0,b'W',45.0,1.0,b'W',45.0,360.0,True
131324.0,80.0,1.0,101.1,175.7,32.7,120.0,137.0,63.0,7.2,0.96,5.397605346934028e-79,b'',,5.397605346934028e-79,b'',,360.0,True
131325.0,9.0,2.0,36.9,142.2,18.2,65.4,93.0,53.333333333333336,,1.69,,,,,,,,True
131327.0,63.0,2.0,144.5,155.3,59.9,,159.33333333333334,117.33333333333331,6.0,16.67,5.397605346934028e-79,b'',,5.397605346934028e-79,b'',,360.0,True
131328.0,62.0,1.0,82.2,170.7,28.2,91.8,123.66666666666669,65.0,5.7,0.49,1.0,b'D',120.0,5.397605346934028e-79,b'',,480.0,True
131329.0,15.0,1.0,95.2,166.2,34.5,107.1,110.0,68.0,5.3,0.79,,,,,,,,True
131331.0,77.0,2.0,96.0,160.6,37.2,117.4,129.0,61.333333333333336,7.4,8.88,5.397605346934028e-79,b'',,5.397605346934028e-79,b'',,480.0,True
131332.0,42.0,2.0,130.6,154.0,55.1,140.5,127.66666666666669,91.0,9.1,4.74,2.0,b'W',15.0,5.397605346934028e-79,b'',,250.0,True
131333.0,76.0,1.0,94.5,183.3,28.1,108.7,91.0,67.0,8.1,1.45,2.0,b'W',15.0,5.397605346934028e-79,b'',,420.0,True
131334.0,28.0,2.0,97.8,173.4,32.5,111.6,96.0,66.0,4.9,4.87,5.0,b'W',120.0,5.0,b'W',45.0,600.0,True
131337.0,36.0,1.0,96.3,171.8,32.6,109.3,113.0,79.33333333333333,5.1,0.77,2.0,b'D',30.0,5.397605346934028e-79,b'',,600.0,True
131339.0,74.0,1.0,77.5,178.7,24.3,97.7,134.66666666666666,74.0,5.7,0.97,5.397605346934028e-79,b'',,6.0,b'W',120.0,240.0,True
131340.0,60.0,1.0,75.9,168.5,26.7,95.4,141.66666666666666,82.33333333333333,7.0,1.71,2.0,b'W',90.0,5.397605346934028e-79,b'',,360.0,True
131341.0,36.0,2.0,106.1,161.7,40.6,127.1,117.0,87.0,5.1,10.07,5.397605346934028e-79,b'',,5.397605346934028e-79,b'',,360.0,True
131342.0,61.0,2.0,54.6,152.8,23.4,76.9,121.0,82.33333333333333,5.5,0.27,2.0,b'M',60.0,4.0,b'W',45.0,420.0,True
131345.0,9.0,1.0,40.5,138.7,21.1,75.6,97.0,54.333333333333336,,0.28,,,,,,,,True
131347.0,68.0,1.0,91.4,171.5,31.1,114.5,128.66666666666666,78.0,8.4,0.7,1.0,b'D',30.0,1.0,b'W',60.0,60.0,True
131349.0,56.0,2.0,84.0,166.1,30.4,103.2,111.33333333333331,71.66666666666667,5.9,2.4,5.0,b'W',60.0,3.0,b'W',30.0,240.0,True
131350.0,66.0,1.0,80.5,165.5,29.4,111.7,114.33333333333331,65.33333333333333,5.7,3.04,3.0,b'W',60.0,5.397605346934028e-79,b'',,360.0,True
131351.0,65.0,1.0,96.5,188.3,27.2,107.1,162.33333333333334,91.66666666666669,5.4,1.7,4.0,b'W',120.0,4.0,b'W',120.0,240.0,True
131352.0,35.0,1.0,92.0,172.0,31.1,105.8,98.0,64.66666666666667,5.4,6.73,1.0,b'W',30.0,5.397605346934028e-79,b'',,600.0,True
131353.0,56.0,2.0,80.0,157.0,32.5,98.5,128.33333333333334,79.0,5.7,2.9,3.0,b'W',120.0,3.0,b'W',120.0,240.0,True
131359.0,31.0,2.0,70.1,163.9,26.1,87.2,115.33333333333331,63.333333333333336,5.2,0.84,2.0,b'W',30.0,5.397605346934028e-79,b'',,240.0,True
131362.0,16.0,2.0,58.8,153.5,25.0,76.2,101.33333333333331,61.0,5.3,0.58,,,,,,,,True
131363.0,39.0,2.0,62.0,168.9,21.7,76.0,117.33333333333331,73.33333333333333,5.1,3.0,10.0,b'W',60.0,6.0,b'W',40.0,540.0,True
131364.0,3.0,1.0,16.9,99.8,17.0,53.4,,,,0.11,,,,,,,,True
131366.0,44.0,2.0,67.7,174.7,22.2,90.8,122.66666666666669,66.66666666666667,5.1,1.38,5.0,b'W',90.0,3.0,b'M',120.0,720.0,True
131367.0,58.0,2.0,99.7,166.8,35.8,120.5,122.0,74.0,6.8,11.81,5.397605346934028e-79,b'',,5.397605346934028e-79,b'',,480.0,True
131368.0,74.0,2.0,89.3,157.5,36.0,108.7,126.0,72.0,5.8,0.93,2.0,b'M',60.0,5.397605346934028e-79,b'',,240.0,True
131369.0,66.0,2.0,52.0,151.5,22.7,89.0,144.0,88.66666666666667,6.3,4.18,1.0,b'D',30.0,5.397605346934028e-79,b'',,180.0,True
131372.0,36.0,2.0,132.7,159.2,52.4,139.6,105.33333333333331,70.66666666666667,5.5,18.33,2.0,b'W',45.0,2.0,b'D',45.0,120.0,True
131373.0,65.0,2.0,81.0,162.5,30.7,110.4,122.0,64.0,5.4,4.78,2.0,b'D',60.0,3.0,b'W',20.0,360.0,True
131376.0,8.0,1.0,27.9,129.8,16.6,58.5,98.33333333333331,59.0,,0.29,,,,,,,,True
131378.0,7.0,1.0,36.2,129.9,21.5,66.5,,,,0.96,,,,,,,,True
131379.0,14.0,2.0,43.6,153.2,18.6,63.5,102.66666666666669,67.33333333333333,4.8,0.11,,,,,,,,True
131381.0,76.0,2.0,61.1,163.2,22.9,92.0,159.66666666666666,69.0,6.9,1.29,2.0,b'W',120.0,3.0,b'W',30.0,360.0,True
131386.0,35.0,1.0,85.5,184.9,25.0,92.0,137.66666666666666,86.66666666666667,5.2,0.59,5.0,b'W',20.0,1.0,b'W',15.0,480.0,True
131387.0,69.0,2.0,84.7,168.3,29.9,101.3,97.0,64.66666666666667,5.4,0.45,6.0,b'W',45.0,4.0,b'W',45.0,420.0,True
131389.0,54.0,1.0,73.6,173.8,24.4,90.5,128.66666666666666,84.33333333333333,5.4,0.77,3.0,b'W',45.0,1.0,b'M',30.0,300.0,True
131391.0,70.0,2.0,76.4,164.2,28.3,102.3,172.66666666666666,103.66666666666669,5.5,4.13,5.397605346934028e-79,b'',,5.397605346934028e-79,b'',,300.0,True
131392.0,59.0,1.0,81.8,182.2,24.6,90.0,135.0,72.0,5.3,7.97,1.0,b'D',60.0,5.0,b'W',60.0,240.0,True
131393.0,49.0,1.0,78.9,171.9,26.7,94.2,113.0,77.33333333333333,5.4,1.1,1.0,b'M',10.0,1.0,b'M',60.0,300.0,True
131394.0,18.0,1.0,72.9,180.2,22.5,83.7,124.0,61.333333333333336,4.8,0.47,3.0,b'D',15.0,2.0,b'W',15.0,240.0,True
131396.0,18.0,2.0,48.7,154.7,20.3,74.9,108.66666666666669,77.0,5.5,1.63,6.0,b'M',30.0,3.0,b'M',20.0,180.0,True
131397.0,66.0,1.0,83.1,176.8,26.6,101.7,119.33333333333331,68.66666666666667,6.8,0.93,1.0,b'W',20.0,1.0,b'M',30.0,360.0,True
131399.0,48.0,1.0,84.0,177.4,26.7,103.8,140.0,97.0,5.1,3.61,2.0,b'W',30.0,5.397605346934028e-79,b'',,120.0,True
131400.0,16.0,2.0,68.2,158.6,27.1,90.6,118.66666666666669,74.0,5.4,2.17,,,,,,,,True
131401.0,35.0,2.0,65.5,163.4,24.5,85.7,,,5.0,0.62,5.0,b'W',45.0,1.0,b'W',15.0,360.0,True
131402.0,11.0,2.0,36.5,143.3,17.8,62.5,122.33333333333331,74.33333333333333,,0.37,,,,,,,,True
131403.0,63.0,2.0,,162.5,,107.4,122.66666666666669,78.33333333333333,5.3,2.6,5.397605346934028e-79,b'',,4.0,b'W',45.0,60.0,True
131405.0,22.0,1.0,104.9,182.4,31.5,113.3,105.33333333333331,80.0,6.0,9.39,5.397605346934028e-79,b'',,5.397605346934028e-79,b'',,360.0,True
131408.0,19.0,2.0,83.5,154.9,34.8,94.7,95.0,62.333333333333336,5.3,6.57,2.0,b'W',30.0,5.397605346934028e-79,b'',,480.0,True
131409.0,4.0,1.0,18.9,107.3,16.4,54.3,,,,0.24,,,,,,,,True
131410.0,59.0,2.0,65.8,161.3,25.3,88.4,127.33333333333331,74.0,5.2,4.23,3.0,b'W',60.0,1.0,b'M',15.0,240.0,True
131411.0,53.0,2.0,109.2,172.0,36.9,122.4,124.0,88.66666666666667,5.4,2.93,5.397605346934028e-79,b'',,5.397605346934028e-79,b'',,780.0,True
131412.0,21.0,2.0,58.6,166.9,21.0,79.2,107.66666666666669,69.0,5.4,7.5,5.397605346934028e-79,b'',,5.397605346934028e-79,b'',,360.0,True
131414.0,43.0,1.0,87.8,190.1,24.3,90.7,119.33333333333331,82.0,5.0,9.28,3.0,b'W',60.0,1.0,b'W',45.0,180.0,True
131415.0,12.0,1.0,62.4,152.7,26.8,90.5,103.33333333333331,78.66666666666667,5.2,1.34,,,,,,,,True
131416.0,41.0,2.0,60.4,160.2,23.5,81.9,118.0,76.66666666666667,4.5,1.38,1.0,b'W',60.0,2.0,b'M',60.0,360.0,True
131418.0,76.0,2.0,63.9,164.2,23.7,87.9,112.33333333333331,60.333333333333336,5.5,3.51,5.397605346934028e-79,b'',,5.397605346934028e-79,b'',,480.0,True
131419.0,77.0,1.0,90.6,168.3,32.0,121.5,127.0,60.0,7.9,11.13,5.397605346934028e-79,b'',,5.397605346934028e-79,b'',,360.0,True
131421.0,18.0,1.0,61.4,176.2,19.8,71.5,108.66666666666669,66.0,5.6,0.24,4.0,b'W',20.0,1.0,b'W',120.0,180.0,True
131422.0,80.0,1.0,58.6,154.2,24.6,88.9,146.33333333333334,70.66666666666667,5.7,1.68,7.0,b'W',360.0,5.397605346934028e-79,b'',,180.0,True
131423.0,77.0,1.0,68.3,166.6,24.6,96.4,123.66666666666669,69.0,7.9,4.99,5.397605346934028e-79,b'',,5.397605346934028e-79,b'',,240.0,True
131426.0,60.0,2.0,63.0,156.2,25.8,88.6,144.33333333333334,78.0,6.1,1.27,4.0,b'W',45.0,5.397605346934028e-79,b'',,120.0,True
131427.0,74.0,1.0,118.7,181.6,36.0,131.3,133.66666666666666,72.33333333333333,5.6,7.48,7.0,b'W',30.0,5.397605346934028e-79,b'',,360.0,True
131428.0,71.0,1.0,75.4,167.8,26.8,101.4,120.0,59.66666666666666,5.8,2.11,2.0,b'W',60.0,2.0,b'W',30.0,360.0,True
131431.0,48.0,2.0,66.7,154.2,28.1,91.9,112.0,75.33333333333333,4.7,1.46,3.0,b'W',60.0,2.0,b'W',30.0,360.0,True
131432.0,49.0,1.0,107.5,178.6,33.7,110.4,118.66666666666669,87.33333333333333,4.9,3.99,4.0,b'W',45.0,1.0,b'W',20.0,600.0,True
131433.0,25.0,2.0,56.2,155.6,23.2,70.0,98.0,58.333333333333336,5.3,0.28,5.0,b'W',60.0,1.0,b'W',60.0,360.0,True
131434.0,16.0,1.0,98.8,169.3,34.5,115.4,100.33333333333331,61.0,5.4,6.34,,,,,,,,True
131437.0,61.0,2.0,92.8,155.8,38.2,109.1,119.0,87.66666666666667,5.4,2.76,2.0,b'W',60.0,5.397605346934028e-79,b'',,360.0,True
131438.0,17.0,2.0,61.6,169.0,21.6,71.3,107.33333333333331,62.66666666666666,5.1,0.55,,,,,,,,True
131442.0,23.0,1.0,75.3,175.7,24.4,77.4,108.66666666666669,64.0,5.0,0.42,7.0,b'W',120.0,4.0,b'W',60.0,180.0,True
131443.0,10.0,1.0,45.2,148.2,20.6,72.2,90.0,59.66666666666666,,0.49,,,,,,,,True
131444.0,23.0,2.0,64.5,164.8,23.7,75.0,112.33333333333331,71.0,4.6,0.85,3.0,b'W',20.0,5.397605346934028e-79,b'',,360.0,True
131446.0,50.0,2.0,97.4,167.1,34.9,104.5,123.33333333333331,75.0,5.4,4.15,3.0,b'W',30.0,2.0,b'W',20.0,120.0,True
131447.0,71.0,1.0,76.1,172.4,25.6,101.4,121.66666666666669,69.66666666666667,6.9,2.32,1.0,b'D',10.0,5.397605346934028e-79,b'',,180.0,True
131449.0,79.0,2.0,77.6,155.1,32.3,112.5,,,6.6,3.25,5.397605346934028e-79,b'',,5.397605346934028e-79,b'',,360.0,True
131450.0,80.0,2.0,81.1,164.7,29.9,111.2,122.33333333333331,61.333333333333336,5.9,3.8,4.0,b'W',30.0,5.397605346934028e-79,b'',,600.0,True
131452.0,64.0,2.0,124.5,166.7,44.8,140.4,121.33333333333331,68.66666666666667,7.0,0.87,3.0,b'W',60.0,3.0,b'W',120.0,600.0,True
131455.0,65.0,2.0,123.6,162.6,46.7,133.0,156.33333333333334,91.0,9.2,3.45,5.397605346934028e-79,b'',,5.397605346934028e-79,b'',,360.0,True
131456.0,71.0,1.0,77.2,166.6,27.8,,114.0,62.333333333333336,5.2,4.37,3.0,b'W',120.0,3.0,b'W',120.0,180.0,True
131457.0,73.0,2.0,83.7,159.9,32.7,130.6,78.33333333333333,54.66666666666666,6.5,2.51,3.0,b'W',60.0,3.0,b'W',60.0,120.0,True
131458.0,73.0,1.0,75.4,185.9,21.8,99.1,107.0,65.33333333333333,5.7,0.54,7.0,b'W',90.0,5.397605346934028e-79,b'',,480.0,True
131459.0,80.0,2.0,73.4,159.9,28.7,101.4,151.0,83.33333333333333,5.2,1.39,7.0,b'W',60.0,5.397605346934028e-79,b'',,240.0,True
131460.0,49.0,1.0,78.6,171.2,26.8,92.9,108.66666666666669,67.33333333333333,5.7,2.91,5.397605346934028e-79,b'',,5.397605346934028e-79,b'',,960.0,True
131463.0,35.0,2.0,78.3,170.9,26.8,86.4,112.66666666666669,76.0,5.2,2.68,1.0,b'D',45.0,5.397605346934028e-79,b'',,180.0,True
131464.0,25.0,1.0,85.0,181.1,25.9,99.8,127.0,75.66666666666667,5.3,2.04,3.0,b'W',60.0,5.397605346934028e-79,b'',,720.0,True
131465.0,5.0,1.0,25.3,125.7,16.0,52.4,,,,0.59,,,,,,,,True
131467.0,13.0,1.0,49.5,161.4,19.0,64.0,112.0,66.33333333333333,5.6,0.28,,,,,,,,True
131468.0,27.0,1.0,91.7,173.4,30.5,101.5,120.33333333333331,78.33333333333333,5.4,2.63,1.0,b'W',120.0,2.0,b'Y',120.0,300.0,True
131469.0,21.0,1.0,94.7,178.9,29.6,99.6,97.66666666666669,59.0,5.0,0.8,4.0,b'W',60.0,1.0,b'W',30.0,600.0,True
131471.0,59.0,1.0,68.1,183.6,20.2,87.2,105.33333333333331,69.0,5.0,1.84,1.0,b'W',30.0,5.397605346934028e-79,b'',,420.0,True
131472.0,8.0,2.0,24.5,119.8,17.1,57.8,99.66666666666669,54.66666666666666,,0.5,,,,,,,,True
131475.0,8.0,2.0,30.6,126.1,19.2,67.6,105.66666666666669,70.33333333333333,,0.53,,,,,,,,True
131476.0,36.0,2.0,85.6,160.7,33.1,105.4,105.66666666666669,77.66666666666667,5.5,3.82,1.0,b'W',60.0,2.0,b'M',30.0,7.0,True
131479.0,32.0,1.0,69.8,173.8,23.1,87.0,145.33333333333334,99.33333333333331,5.0,1.54,2.0,b'W',120.0,5.397605346934028e-79,b'',,240.0,True
131481.0,51.0,2.0,57.2,167.7,20.3,77.3,103.66666666666669,75.66666666666667,5.0,0.6,4.0,b'W',20.0,5.397605346934028e-79,b'',,720.0,True
131482.0,9.0,2.0,46.6,140.2,23.7,78.7,99.0,55.66666666666666,,2.69,,,,,,,,True
131483.0,53.0,2.0,64.6,164.0,24.0,81.2,119.33333333333331,80.0,5.3,0.58,6.0,b'W',60.0,3.0,b'W',30.0,180.0,True
131491.0,52.0,1.0,85.2,181.5,25.9,94.8,140.33333333333334,90.66666666666669,5.7,0.92,2.0,b'W',30.0,2.0,b'M',30.0,180.0,True
131493.0,12.0,1.0,60.9,157.2,24.6,81.3,102.0,65.0,4.9,0.36,,,,,,,,True
131495.0,70.0,2.0,61.9,154.2,26.0,86.7,140.0,73.0,5.4,1.41,1.0,b'D',60.0,2.0,b'W',60.0,120.0,True
131498.0,41.0,2.0,85.8,159.8,33.6,107.7,135.66666666666666,94.33333333333331,6.0,3.62,2.0,b'M',45.0,3.0,b'M',120.0,180.0,True
131499.0,55.0,2.0,,,,,,,7.0,2.0,2.0,b'M',15.0,5.397605346934028e-79,b'',,480.0,True
131501.0,21.0,1.0,103.6,177.3,33.0,108.5,124.33333333333331,79.66666666666667,5.2,1.3,5.397605346934028e-79,b'',,1.0,b'M',120.0,120.0,True
131503.0,61.0,1.0,94.9,179.8,29.4,108.0,134.33333333333334,86.66666666666667,5.4,0.48,2.0,b'W',45.0,5.397605346934028e-79,b'',,240.0,True
131504.0,1.0,2.0,10.7,,,,,,,13.81,,,,,,,,True
131505.0,68.0,2.0,74.0,156.9,30.1,100.6,131.33333333333334,69.0,6.2,0.59,4.0,b'W',5.0,1.0,b'Y',30.0,300.0,True
131506.0,14.0,2.0,39.6,158.0,15.9,,107.0,66.66666666666667,5.3,0.21,,,,,,,,True
131507.0,61.0,2.0,92.2,153.4,39.2,109.2,123.33333333333331,75.0,6.5,6.23,1.0,b'W',3.0,5.397605346934028e-79,b'',,180.0,True
131508.0,64.0,2.0,59.1,162.3,22.4,79.9,140.0,84.0,5.4,0.63,1.0,b'D',60.0,5.397605346934028e-79,b'',,840.0,True
131509.0,45.0,2.0,55.8,163.4,20.9,74.1,135.66666666666666,91.33333333333331,5.3,0.4,5.0,b'W',60.0,2.0,b'W',30.0,240.0,True
131510.0,61.0,2.0,54.6,153.4,23.2,92.7,116.0,68.0,5.3,0.22,9999.0,b'',,9999.0,b'',,9999.0,True
131512.0,41.0,2.0,64.6,159.1,25.5,81.5,99.0,62.333333333333336,5.4,0.75,3.0,b'W',90.0,3.0,b'W',90.0,240.0,True
131513.0,13.0,2.0,49.9,156.6,20.3,74.0,92.66666666666669,60.0,4.6,0.33,,,,,,,,True
131514.0,70.0,2.0,53.5,151.4,23.3,83.6,113.66666666666669,62.0,5.1,1.16,1.0,b'D',30.0,1.0,b'W',90.0,240.0,True
131518.0,26.0,1.0,80.0,176.9,25.6,94.3,103.0,67.33333333333333,5.0,0.76,4.0,b'W',45.0,1.0,b'W',30.0,600.0,True
131520.0,47.0,1.0,141.9,168.3,50.1,143.1,143.66666666666666,93.0,5.4,8.59,5.397605346934028e-79,b'',,5.397605346934028e-79,b'',,480.0,True
131521.0,43.0,2.0,105.7,157.1,42.8,115.5,88.0,57.66666666666666,5.5,36.65,5.397605346934028e-79,b'',,5.397605346934028e-79,b'',,720.0,True
131523.0,50.0,1.0,76.3,172.8,25.6,92.6,133.0,86.66666666666667,5.8,53.28,7.0,b'W',120.0,5.0,b'W',60.0,360.0,True
131527.0,59.0,2.0,85.8,158.4,34.2,106.0,134.66666666666666,77.0,5.9,1.05,2.0,b'W',60.0,5.397605346934028e-79,b'',,300.0,True
131528.0,74.0,1.0,86.7,173.6,28.8,105.4,111.0,59.0,8.7,1.14,1.0,b'D',30.0,5.397605346934028e-79,b'',,240.0,True
131529.0,5.0,1.0,22.7,115.8,16.9,52.0,,,,0.62,,,,,,,,True
131530.0,16.0,2.0,78.9,160.5,30.6,92.1,105.66666666666669,64.66666666666667,5.0,11.4,,,,,,,,True
131532.0,68.0,2.0,111.9,161.1,43.1,123.4,99.66666666666669,58.66666666666666,7.0,5.19,5.397605346934028e-79,b'',,5.397605346934028e-79,b'',,480.0,True
131534.0,9.0,1.0,29.3,143.6,14.2,53.6,95.33333333333331,52.0,,0.19,,,,,,,,True
131536.0,59.0,2.0,82.4,160.6,31.9,105.0,119.66666666666669,72.66666666666667,5.8,2.71,7.0,b'W',30.0,5.397605346934028e-79,b'',,360.0,True
131538.0,15.0,2.0,58.1,168.5,20.5,69.6,113.0,75.0,5.3,0.34,,,,,,,,True
131540.0,63.0,2.0,66.7,163.5,25.0,91.2,136.33333333333334,83.33333333333333,5.5,1.59,5.0,b'W',60.0,2.0,b'M',30.0,360.0,True
131541.0,48.0,2.0,51.1,154.3,21.5,82.3,148.0,88.33333333333333,4.9,0.66,5.397605346934028e-79,b'',,5.397605346934028e-79,b'',,120.0,True
131542.0,31.0,1.0,70.9,180.7,21.7,85.2,94.66666666666669,65.0,5.9,4.28,5.397605346934028e-79,b'',,5.397605346934028e-79,b'',,360.0,True
131544.0,27.0,2.0,131.1,152.0,56.7,130.7,91.66666666666669,58.66666666666666,5.8,9.63,2.0,b'W',45.0,3.0,b'W',45.0,480.0,True
131546.0,53.0,1.0,160.3,185.7,46.5,146.5,129.33333333333334,89.66666666666667,5.9,25.07,2.0,b'W',30.0,4.0,b'W',60.0,360.0,True
131547.0,8.0,2.0,27.3,129.3,16.3,54.3,95.66666666666669,56.66666666666666,,0.19,,,,,,,,True
131548.0,50.0,2.0,62.0,150.6,27.3,88.0,129.0,82.33333333333333,5.2,4.94,3.0,b'M',1.0,5.397605346934028e-79,b'',,120.0,True
131549.0,28.0,2.0,88.4,153.0,37.8,114.4,100.33333333333331,71.0,5.4,4.03,3.0,b'W',15.0,4.0,b'W',45.0,300.0,True
131550.0,63.0,2.0,109.2,164.9,40.2,132.0,116.33333333333331,74.0,5.8,3.9,1.0,b'W',30.0,5.397605346934028e-79,b'',,480.0,True
131551.0,65.0,2.0,84.4,160.6,32.7,97.9,123.33333333333331,78.0,5.9,7.61,3.0,b'W',30.0,5.397605346934028e-79,b'',,360.0,True
131553.0,34.0,1.0,99.8,170.1,34.5,111.5,120.66666666666669,76.0,7.0,1.3,1.0,b'M',30.0,5.397605346934028e-79,b'',,300.0,True
131554.0,69.0,2.0,113.7,170.9,38.9,120.5,132.0,83.0,5.2,13.09,5.397605346934028e-79,b'',,5.397605346934028e-79,b'',,480.0,True
131556.0,66.0,2.0,102.2,157.2,41.4,133.1,133.0,72.66666666666667,5.3,9.49,6.0,b'W',90.0,5.397605346934028e-79,b'',,180.0,True
131557.0,61.0,2.0,90.7,161.3,34.9,98.4,161.33333333333334,83.0,6.0,4.15,5.0,b'W',60.0,3.0,b'W',60.0,420.0,True
131558.0,47.0,1.0,82.3,174.4,27.1,91.0,128.66666666666666,79.0,4.9,0.84,3.0,b'W',30.0,3.0,b'W',45.0,240.0,True
131560.0,26.0,1.0,82.5,177.5,26.2,90.4,107.66666666666669,68.0,4.9,0.56,3.0,b'M',60.0,5.397605346934028e-79,b'',,360.0,True
131561.0,56.0,2.0,73.5,161.5,28.2,93.3,124.33333333333331,82.66666666666667,6.1,2.74,2.0,b'W',30.0,5.397605346934028e-79,b'',,720.0,True
131562.0,12.0,1.0,41.8,153.9,17.6,66.5,100.66666666666669,53.333333333333336,5.0,0.55,,,,,,,,True
131564.0,45.0,2.0,95.7,162.1,36.4,105.4,118.66666666666669,74.0,5.4,3.99,6.0,b'W',60.0,1.0,b'M',20.0,720.0,True
131565.0,67.0,1.0,89.0,174.2,29.3,103.1,150.33333333333334,89.33333333333333,5.9,2.89,5.0,b'W',60.0,5.0,b'W',30.0,360.0,True
131567.0,66.0,2.0,55.1,170.1,19.0,82.2,114.0,65.66666666666667,5.6,2.64,8.0,b'W',60.0,2.0,b'W',60.0,300.0,True
131568.0,52.0,2.0,59.4,159.8,23.3,85.6,144.66666666666666,93.33333333333331,5.5,5.22,5.397605346934028e-79,b'',,5.397605346934028e-79,b'',,600.0,True
131569.0,39.0,2.0,83.9,161.7,32.1,109.8,105.0,71.0,5.5,2.17,3.0,b'W',30.0,6.0,b'Y',45.0,360.0,True
131571.0,60.0,1.0,101.7,177.2,32.4,119.9,115.0,73.66666666666667,5.8,0.4,2.0,b'W',180.0,1.0,b'W',180.0,240.0,True
131573.0,12.0,1.0,58.8,154.5,24.6,91.5,106.0,63.333333333333336,5.2,0.28,,,,,,,,True
131574.0,4.0,1.0,15.2,100.1,15.2,50.0,,,,0.55,,,,,,,,True
131577.0,18.0,1.0,76.1,169.1,26.6,,,,5.1,1.55,5.0,b'W',90.0,4.0,b'W',90.0,360.0,True
131580.0,12.0,1.0,83.3,165.3,30.5,105.0,121.66666666666669,74.0,4.8,0.73,,,,,,,,True
131583.0,57.0,1.0,103.1,177.0,32.9,118.7,123.66666666666669,77.66666666666667,6.5,14.85,5.397605346934028e-79,b'',,5.397605346934028e-79,b'',,360.0,True
131584.0,44.0,2.0,70.1,160.5,27.2,80.7,111.66666666666669,72.66666666666667,5.4,0.25,4.0,b'W',60.0,1.0,b'W',30.0,480.0,True
131585.0,68.0,1.0,147.9,177.6,46.9,134.0,98.33333333333331,51.66666666666666,6.3,14.52,5.397605346934028e-79,b'',,5.397605346934028e-79,b'',,120.0,True
131586.0,48.0,1.0,130.7,174.7,42.8,133.2,118.33333333333331,78.66666666666667,4.9,3.58,2.0,b'W',120.0,5.397605346934028e-79,b'',,120.0,True
131588.0,29.0,2.0,62.8,156.4,25.7,82.3,107.33333333333331,69.66666666666667,5.1,1.02,7.0,b'W',60.0,3.0,b'W',60.0,240.0,True
131590.0,11.0,2.0,43.7,150.3,19.3,72.4,99.33333333333331,61.66666666666666,,0.62,,,,,,,,True
131592.0,53.0,1.0,97.0,184.5,28.5,112.2,118.0,81.33333333333333,5.2,9.36,4.0,b'W',45.0,3.0,b'M',90.0,480.0,True
131593.0,64.0,1.0,106.8,177.9,33.7,117.4,103.33333333333331,64.33333333333333,5.5,3.83,3.0,b'W',30.0,1.0,b'W',30.0,180.0,True
131594.0,59.0,2.0,52.5,142.6,25.8,90.0,137.0,76.66666666666667,6.0,4.86,5.397605346934028e-79,b'',,5.397605346934028e-79,b'',,240.0,True
131596.0,8.0,2.0,29.9,135.1,16.4,62.6,103.66666666666669,63.333333333333336,,0.53,,,,,,,,True
131597.0,42.0,1.0,68.1,163.1,25.6,86.8,129.66666666666666,85.33333333333333,5.7,0.75,5.397605346934028e-79,b'',,5.397605346934028e-79,b'',,540.0,True
131600.0,62.0,1.0,69.3,174.6,22.7,93.7,137.33333333333334,85.0,9.5,0.16,1.0,b'D',30.0,5.397605346934028e-79,b'',,90.0,True
131602.0,75.0,2.0,51.4,160.5,20.0,74.7,136.0,63.66666666666666,5.2,0.85,4.0,b'W',30.0,2.0,b'M',60.0,480.0,True
131604.0,16.0,2.0,66.3,162.3,25.2,90.0,108.66666666666669,75.33333333333333,5.3,0.47,,,,,,,,True
131605.0,59.0,2.0,117.3,167.9,41.6,118.9,107.0,79.66666666666667,5.4,15.06,5.0,b'W',25.0,1.0,b'W',15.0,300.0,True
131607.0,56.0,1.0,87.2,174.5,28.6,99.1,134.0,87.0,6.4,3.39,5.397605346934028e-79,b'',,5.397605346934028e-79,b'',,300.0,True
131610.0,60.0,1.0,62.9,174.9,20.6,86.2,147.66666666666666,95.66666666666669,5.4,0.39,5.397605346934028e-79,b'',,5.397605346934028e-79,b'',,180.0,True
131614.0,60.0,2.0,47.2,164.0,17.5,82.4,123.66666666666669,79.66666666666667,4.8,7.62,1.0,b'D',60.0,5.397605346934028e-79,b'',,480.0,True
131615.0,35.0,2.0,91.4,167.0,32.8,118.8,,,5.4,3.04,2.0,b'W',40.0,5.397605346934028e-79,b'',,240.0,True
131616.0,41.0,1.0,78.7,176.5,25.3,90.1,119.33333333333331,74.33333333333333,5.4,0.2,4.0,b'W',60.0,3.0,b'W',30.0,300.0,True
131617.0,59.0,2.0,71.8,150.2,31.8,104.5,182.33333333333331,109.0,8.1,11.57,1.0,b'D',45.0,5.397605346934028e-79,b'',,120.0,True
131619.0,65.0,2.0,66.2,161.8,25.3,100.5,103.0,70.0,5.0,1.81,2.0,b'W',5.0,5.397605346934028e-79,b'',,960.0,True
131620.0,47.0,1.0,79.8,187.3,22.7,85.3,110.0,62.0,5.9,2.37,7.0,b'W',30.0,5.397605346934028e-79,b'',,240.0,True
131621.0,17.0,2.0,44.9,158.5,17.9,68.4,94.33333333333331,58.66666666666666,5.1,0.36,,,,,,,,True
131623.0,7.0,2.0,28.9,134.2,16.0,58.0,,,,0.11,,,,,,,,True
131624.0,17.0,2.0,103.3,168.6,36.3,109.2,104.66666666666669,70.0,5.5,0.72,,,,,,,,True
131625.0,78.0,2.0,74.4,157.3,30.1,97.3,127.33333333333331,70.33333333333333,5.6,1.67,5.0,b'W',45.0,5.397605346934028e-79,b'',,180.0,True
131626.0,39.0,2.0,63.2,168.8,22.2,76.6,99.33333333333331,58.66666666666666,5.2,1.53,3.0,b'W',60.0,2.0,b'W',45.0,180.0,True
131628.0,72.0,1.0,73.3,161.2,28.2,106.4,144.33333333333334,87.33333333333333,5.5,13.25,5.397605346934028e-79,b'',,5.397605346934028e-79,b'',,480.0,True
131629.0,63.0,2.0,79.2,166.0,28.7,101.3,147.66666666666666,88.0,5.2,0.93,3.0,b'W',60.0,3.0,b'W',20.0,600.0,True
131630.0,39.0,1.0,79.3,164.7,29.2,99.7,132.33333333333334,82.66666666666667,5.8,4.88,5.397605346934028e-79,b'',,5.397605346934028e-79,b'',,480.0,True
131631.0,59.0,2.0,71.2,164.4,26.3,102.9,111.0,73.66666666666667,6.9,9.65,2.0,b'M',120.0,5.397605346934028e-79,b'',,240.0,True
131633.0,13.0,1.0,61.3,176.6,19.7,80.0,99.66666666666669,55.333333333333336,5.1,0.27,,,,,,,,True
131637.0,55.0,2.0,72.7,153.4,30.9,109.5,135.66666666666666,90.66666666666669,8.2,11.31,2.0,b'M',10.0,5.397605346934028e-79,b'',,240.0,True
131638.0,31.0,1.0,69.7,163.3,26.1,91.8,113.33333333333331,71.0,5.8,2.19,5.397605346934028e-79,b'',,5.397605346934028e-79,b'',,180.0,True
131639.0,63.0,1.0,74.4,169.5,25.9,99.0,119.66666666666669,81.33333333333333,5.9,2.02,7.0,b'W',5.0,5.397605346934028e-79,b'',,180.0,True
131642.0,53.0,2.0,68.9,172.9,23.0,86.6,114.66666666666669,65.0,5.7,1.54,6.0,b'W',480.0,6.0,b'W',480.0,480.0,True
131643.0,70.0,1.0,84.5,172.3,28.5,107.0,127.33333333333331,80.66666666666667,5.6,4.27,4.0,b'W',45.0,1.0,b'W',240.0,360.0,True
131645.0,34.0,2.0,52.5,161.5,20.1,79.4,88.33333333333333,61.66666666666666,5.0,0.78,2.0,b'W',20.0,2.0,b'W',10.0,60.0,True
131646.0,79.0,2.0,55.4,155.5,22.9,83.3,93.0,51.333333333333336,5.8,1.16,4.0,b'W',180.0,5.397605346934028e-79,b'',,240.0,True
131647.0,32.0,1.0,85.5,172.6,28.7,97.0,113.33333333333331,60.333333333333336,4.8,5.05,1.0,b'D',45.0,5.397605346934028e-79,b'',,120.0,True
131648.0,44.0,1.0,93.5,171.8,31.7,114.2,120.33333333333331,79.33333333333333,5.2,43.16,1.0,b'D',60.0,2.0,b'W',60.0,120.0,True
131649.0,48.0,1.0,119.0,186.8,34.1,115.5,110.66666666666669,80.0,5.7,1.39,1.0,b'D',30.0,3.0,b'W',60.0,420.0,True
131650.0,30.0,1.0,94.6,185.6,27.5,98.9,119.0,71.66666666666667,5.3,0.57,7.0,b'W',60.0,2.0,b'W',60.0,960.0,True
131651.0,46.0,1.0,68.8,174.1,22.7,84.7,122.0,83.0,5.5,2.43,5.397605346934028e-79,b'',,5.397605346934028e-79,b'',,180.0,True
131654.0,50.0,2.0,47.9,158.9,19.0,71.2,106.0,68.33333333333333,5.2,2.65,7.0,b'W',60.0,5.397605346934028e-79,b'',,600.0,True
131656.0,43.0,2.0,66.0,159.7,25.9,83.9,117.0,73.33333333333333,5.1,0.18,5.0,b'W',75.0,2.0,b'W',30.0,240.0,True
131657.0,20.0,1.0,83.3,188.5,23.4,84.8,127.0,75.0,5.6,6.2,2.0,b'W',120.0,2.0,b'W',60.0,720.0,True
131658.0,52.0,2.0,58.2,156.8,23.7,76.2,98.33333333333331,54.333333333333336,4.2,0.47,5.0,b'W',45.0,4.0,b'W',15.0,540.0,True
131660.0,8.0,1.0,26.0,129.6,15.5,58.1,88.0,58.333333333333336,,1.95,,,,,,,,True
131664.0,56.0,1.0,115.6,174.4,38.0,116.7,120.33333333333331,89.33333333333333,4.7,2.76,5.0,b'W',40.0,5.397605346934028e-79,b'',,480.0,True
131666.0,58.0,1.0,142.6,180.4,43.8,139.8,136.0,81.66666666666667,9.9,2.97,5.397605346934028e-79,b'',,5.397605346934028e-79,b'',,180.0,True
131667.0,10.0,2.0,39.3,141.7,19.6,70.5,112.0,75.33333333333333,,0.25,,,,,,,,True
131669.0,55.0,2.0,84.8,159.3,33.4,109.0,131.33333333333334,85.33333333333333,6.9,2.5,3.0,b'W',30.0,1.0,b'W',45.0,240.0,True
131670.0,53.0,1.0,93.3,177.2,29.7,114.5,109.66666666666669,81.33333333333333,5.5,6.36,2.0,b'W',45.0,1.0,b'W',60.0,360.0,True
131671.0,19.0,2.0,76.0,168.1,26.9,91.5,102.66666666666669,67.33333333333333,5.2,6.51,3.0,b'W',60.0,3.0,b'W',180.0,180.0,True
131672.0,22.0,1.0,64.6,162.7,24.4,78.8,97.0,67.33333333333333,13.1,1.49,3.0,b'W',60.0,2.0,b'W',45.0,300.0,True
131673.0,9.0,1.0,39.9,131.4,23.1,77.9,103.66666666666669,64.33333333333333,,0.68,,,,,,,,True
131676.0,42.0,1.0,97.0,173.3,32.3,107.6,123.33333333333331,77.33333333333333,5.1,2.07,2.0,b'W',60.0,2.0,b'M',30.0,840.0,True
131679.0,73.0,2.0,55.0,155.1,22.9,81.1,119.66666666666669,68.0,5.8,1.24,5.397605346934028e-79,b'',,5.397605346934028e-79,b'',,240.0,True
131680.0,35.0,2.0,97.6,153.9,41.2,115.1,117.0,75.0,5.1,7.15,2.0,b'W',30.0,4.0,b'M',30.0,480.0,True
131681.0,24.0,2.0,70.2,163.3,26.3,91.0,101.33333333333331,72.0,4.4,3.86,3.0,b'W',45.0,5.397605346934028e-79,b'',,300.0,True
131682.0,13.0,2.0,38.9,143.5,18.9,,,,5.2,0.37,,,,,,,,True
131684.0,35.0,1.0,127.4,176.0,41.1,126.8,118.33333333333331,84.33333333333333,5.6,5.39,3.0,b'W',180.0,2.0,b'W',60.0,720.0,True
131686.0,17.0,1.0,103.3,169.5,36.0,100.4,120.66666666666669,71.66666666666667,5.1,3.08,,,,,,,,True
131689.0,60.0,2.0,82.7,158.6,32.9,107.8,115.33333333333331,76.66666666666667,5.6,2.15,2.0,b'M',35.0,5.397605346934028e-79,b'',,240.0,True
131690.0,44.0,1.0,109.2,186.8,31.3,105.8,113.66666666666669,79.0,5.7,1.46,5.397605346934028e-79,b'',,5.397605346934028e-79,b'',,600.0,True
131691.0,42.0,1.0,92.3,168.2,32.6,106.4,127.33333333333331,82.0,6.1,5.44,2.0,b'W',30.0,2.0,b'W',10.0,30.0,True
131692.0,52.0,2.0,70.6,166.3,25.5,82.8,118.0,67.0,5.6,0.28,10.0,b'Y',60.0,1.0,b'M',120.0,480.0,True
131693.0,16.0,2.0,87.7,156.4,35.9,98.6,106.33333333333331,78.0,5.4,18.33,,,,,,,,True
131694.0,80.0,1.0,123.2,174.9,40.3,130.1,120.33333333333331,60.0,5.5,0.67,5.397605346934028e-79,b'',,5.397605346934028e-79,b'',,480.0,True
131695.0,52.0,1.0,72.0,165.2,26.4,90.5,145.33333333333334,98.33333333333331,5.9,0.89,3.0,b'W',30.0,5.397605346934028e-79,b'',,540.0,True
131697.0,34.0,2.0,53.1,163.0,20.0,73.4,106.66666666666669,65.33333333333333,5.7,0.15,4.0,b'M',120.0,4.0,b'M',120.0,300.0,True
131699.0,29.0,2.0,80.5,164.8,29.6,92.0,110.33333333333331,83.0,5.2,5.03,1.0,b'W',60.0,1.0,b'W',120.0,480.0,True
131700.0,65.0,1.0,75.1,181.9,22.7,87.3,139.66666666666666,79.66666666666667,5.6,0.82,5.0,b'W',15.0,6.0,b'W',60.0,540.0,True
131701.0,46.0,2.0,109.2,161.0,42.1,123.7,121.33333333333331,72.33333333333333,6.6,4.41,5.397605346934028e-79,b'',,5.397605346934028e-79,b'',,420.0,True
131702.0,15.0,2.0,54.6,160.2,21.3,72.7,111.0,68.66666666666667,5.4,0.17,,,,,,,,True
131704.0,60.0,2.0,77.5,158.6,30.8,109.9,110.66666666666669,70.33333333333333,6.2,7.97,5.397605346934028e-79,b'',,5.397605346934028e-79,b'',,60.0,True
131705.0,8.0,1.0,29.9,144.0,14.4,54.7,111.33333333333331,63.66666666666666,,0.56,,,,,,,,True
131707.0,48.0,2.0,85.3,163.4,31.9,84.8,128.0,82.33333333333333,8.0,3.32,2.0,b'D',30.0,5.397605346934028e-79,b'',,600.0,True
131708.0,52.0,2.0,73.4,165.9,26.7,88.0,110.0,74.0,5.0,0.76,5.0,b'W',65.0,2.0,b'W',30.0,480.0,True
131710.0,64.0,1.0,90.6,183.0,27.1,110.7,136.0,81.33333333333333,5.5,17.9,5.397605346934028e-79,b'',,5.397605346934028e-79,b'',,300.0,True
131711.0,53.0,1.0,100.0,176.2,32.2,107.2,114.33333333333331,68.0,5.4,0.85,1.0,b'Y',60.0,4.0,b'M',60.0,45.0,True
131713.0,62.0,2.0,61.2,156.3,25.1,90.0,153.0,85.33333333333333,5.7,1.5,5.0,b'W',60.0,3.0,b'W',60.0,480.0,True
131714.0,24.0,2.0,76.7,159.2,30.3,91.4,110.33333333333331,83.0,5.2,2.22,4.0,b'W',60.0,2.0,b'W',30.0,540.0,True
131715.0,30.0,2.0,117.1,166.8,42.1,127.0,99.0,67.0,5.6,6.27,2.0,b'M',20.0,1.0,b'Y',15.0,720.0,True
131716.0,65.0,2.0,93.5,165.8,34.0,117.2,109.0,69.33333333333333,5.4,2.1,3.0,b'W',60.0,5.397605346934028e-79,b'',,300.0,True
131717.0,79.0,1.0,93.0,158.7,36.9,129.1,111.66666666666669,64.0,6.2,109.34,1.0,b'D',1.0,5.397605346934028e-79,b'',,720.0,True
131718.0,50.0,2.0,72.6,164.0,27.0,100.5,128.33333333333334,88.33333333333333,8.8,2.57,5.397605346934028e-79,b'',,5.397605346934028e-79,b'',,240.0,True
131719.0,5.0,2.0,17.8,103.6,16.6,,,,,0.48,,,,,,,,True
131721.0,30.0,2.0,70.6,164.1,26.2,91.9,121.33333333333331,86.66666666666667,5.7,0.97,3.0,b'W',60.0,1.0,b'W',60.0,180.0,True
131723.0,58.0,2.0,81.4,157.1,33.0,108.6,124.66666666666669,73.33333333333333,5.4,1.16,3.0,b'W',30.0,2.0,b'M',45.0,600.0,True
131725.0,56.0,2.0,71.8,165.4,26.2,98.9,111.0,81.0,5.8,0.89,5.0,b'W',300.0,5.397605346934028e-79,b'',,540.0,True
131727.0,73.0,1.0,66.2,171.5,22.5,93.0,111.33333333333331,63.66666666666666,5.0,1.62,5.397605346934028e-79,b'',,5.397605346934028e-79,b'',,360.0,True
131728.0,52.0,1.0,91.3,179.7,28.3,102.2,121.66666666666669,81.0,5.3,3.48,1.0,b'D',20.0,3.0,b'W',60.0,300.0,True
131729.0,66.0,1.0,78.9,172.5,26.5,108.1,139.66666666666666,72.33333333333333,7.0,1.67,2.0,b'W',180.0,5.397605346934028e-79,b'',,480.0,True
131730.0,65.0,2.0,86.3,154.6,36.1,121.9,111.33333333333331,56.333333333333336,7.5,1.49,2.0,b'W',30.0,5.397605346934028e-79,b'',,240.0,True
131731.0,69.0,2.0,52.6,145.8,24.7,77.0,136.33333333333334,73.66666666666667,5.4,0.18,2.0,b'W',30.0,4.0,b'W',60.0,180.0,True
131733.0,52.0,2.0,95.4,168.2,33.7,104.0,117.0,76.0,6.8,4.48,3.0,b'W',45.0,5.397605346934028e-79,b'',,420.0,True
131736.0,13.0,2.0,53.4,159.5,21.0,75.0,112.66666666666669,67.33333333333333,5.4,0.33,,,,,,,,True
131738.0,19.0,1.0,63.7,178.6,20.0,71.6,108.66666666666669,68.66666666666667,5.4,2.99,5.397605346934028e-79,b'',,5.397605346934028e-79,b'',,600.0,True
131739.0,72.0,1.0,64.6,166.2,23.4,87.5,116.0,70.33333333333333,5.6,0.93,5.0,b'W',60.0,5.397605346934028e-79,b'',,120.0,True
131741.0,42.0,1.0,109.1,182.1,32.9,121.1,105.0,74.33333333333333,6.1,3.36,5.397605346934028e-79,b'',,5.0,b'W',900.0,120.0,True
131742.0,38.0,2.0,70.1,159.0,27.7,95.5,111.33333333333331,75.33333333333333,5.2,16.84,1.0,b'D',30.0,5.397605346934028e-79,b'',,120.0,True
131745.0,48.0,2.0,47.7,160.2,18.6,76.3,149.66666666666666,106.66666666666669,6.4,2.76,5.0,b'M',20.0,4.0,b'M',300.0,240.0,True
131746.0,62.0,1.0,101.2,177.5,32.1,110.2,145.66666666666666,96.33333333333331,5.7,2.8,1.0,b'W',40.0,1.0,b'D',40.0,960.0,True
131749.0,10.0,1.0,36.5,144.7,17.4,61.0,114.33333333333331,63.66666666666666,,0.11,,,,,,,,True
131752.0,42.0,2.0,96.1,170.3,33.1,95.7,99.33333333333331,67.66666666666667,5.5,12.05,2.0,b'W',30.0,2.0,b'M',60.0,120.0,True
131756.0,41.0,2.0,70.4,148.6,31.9,96.7,149.66666666666666,92.0,6.3,7.8,2.0,b'W',60.0,7.0,b'W',30.0,25.0,True
131757.0,16.0,1.0,57.4,169.9,19.9,71.8,110.0,68.33333333333333,5.2,0.19,,,,,,,,True
131759.0,24.0,1.0,81.3,177.6,25.8,97.9,109.0,67.66666666666667,5.2,9.25,5.0,b'W',300.0,1.0,b'D',60.0,240.0,True
131760.0,76.0,2.0,84.6,166.7,30.4,114.9,140.66666666666666,66.33333333333333,6.0,1.76,3.0,b'W',40.0,2.0,b'M',360.0,360.0,True
131762.0,31.0,2.0,61.3,144.8,29.2,84.9,105.66666666666669,69.33333333333333,5.4,1.1,5.0,b'M',20.0,2.0,b'M',15.0,120.0,True
131763.0,10.0,1.0,31.0,140.2,15.8,59.1,107.0,60.0,,1.14,,,,,,,,True
131766.0,12.0,2.0,44.4,149.9,19.8,74.7,100.0,67.66666666666667,5.1,0.53,,,,,,,,True
131768.0,34.0,1.0,66.6,178.6,20.9,75.6,136.0,74.33333333333333,5.4,0.56,7.0,b'W',120.0,5.397605346934028e-79,b'',,240.0,True
131769.0,33.0,1.0,76.0,181.9,23.0,85.9,122.33333333333331,79.66666666666667,5.2,0.23,2.0,b'W',30.0,1.0,b'M',30.0,480.0,True
131772.0,11.0,1.0,26.1,137.0,13.9,54.5,90.66666666666669,51.66666666666666,,0.11,,,,,,,,True
131773.0,18.0,2.0,44.1,155.7,18.2,67.2,98.33333333333331,55.66666666666666,5.0,0.53,3.0,b'W',30.0,3.0,b'W',30.0,540.0,True
131775.0,66.0,2.0,71.2,174.0,23.5,82.6,117.66666666666669,65.33333333333333,5.3,0.38,5.0,b'W',45.0,5.397605346934028e-79,b'',,480.0,True
131776.0,80.0,2.0,64.7,153.7,27.4,97.6,141.0,62.333333333333336,5.4,0.51,2.0,b'W',30.0,2.0,b'W',30.0,540.0,True
131777.0,5.0,2.0,16.2,106.8,14.2,48.9,,,,0.18,,,,,,,,True
131779.0,6.0,1.0,27.6,132.3,15.8,59.5,,,,0.17,,,,,,,,True
131781.0,8.0,1.0,30.4,129.9,18.0,62.7,94.66666666666669,56.333333333333336,,0.31,,,,,,,,True
131782.0,33.0,2.0,55.5,162.0,21.1,75.2,101.66666666666669,64.33333333333333,4.9,0.39,7.0,b'W',60.0,4.0,b'W',30.0,360.0,True
131783.0,48.0,2.0,73.0,169.2,25.5,89.5,105.66666666666669,68.66666666666667,5.2,5.37,2.0,b'W',30.0,5.397605346934028e-79,b'',,480.0,True
131785.0,35.0,1.0,71.8,184.3,21.1,82.1,126.66666666666669,84.0,5.1,0.69,3.0,b'W',30.0,1.0,b'W',30.0,720.0,True
131787.0,61.0,1.0,99.7,186.3,28.7,103.2,124.0,78.0,5.4,1.98,3.0,b'M',30.0,5.397605346934028e-79,b'',,600.0,True
131788.0,19.0,1.0,90.5,171.7,30.7,97.3,112.66666666666669,62.66666666666666,4.7,0.36,1.0,b'D',30.0,1.0,b'W',45.0,240.0,True
131789.0,38.0,1.0,109.9,172.7,36.8,112.0,109.33333333333331,70.0,5.6,0.68,5.397605346934028e-79,b'',,5.397605346934028e-79,b'',,9999.0,True
131790.0,45.0,1.0,83.1,170.8,28.5,110.8,113.66666666666669,65.66666666666667,5.2,0.42,5.397605346934028e-79,b'',,7.0,b'W',60.0,120.0,True
131791.0,55.0,1.0,69.5,165.6,25.3,89.8,102.66666666666669,65.33333333333333,5.9,0.69,5.0,b'W',60.0,5.397605346934028e-79,b'',,60.0,True
131792.0,18.0,1.0,86.0,166.3,31.1,104.1,119.0,70.33333333333333,4.9,0.81,2.0,b'W',60.0,1.0,b'W',60.0,420.0,True
131793.0,5.0,2.0,24.6,117.3,17.9,58.2,,,,0.23,,,,,,,,True
131796.0,75.0,2.0,63.5,149.2,28.5,89.3,127.66666666666669,73.33333333333333,5.9,1.18,4.0,b'W',90.0,2.0,b'W',30.0,360.0,True
131797.0,58.0,1.0,58.8,169.3,20.5,79.4,96.66666666666669,58.333333333333336,5.7,0.72,2.0,b'W',35.0,5.397605346934028e-79,b'',,480.0,True
131798.0,53.0,2.0,74.1,152.8,31.7,103.0,108.66666666666669,68.0,5.8,4.68,5.397605346934028e-79,b'',,5.397605346934028e-79,b'',,60.0,True
131799.0,49.0,2.0,73.2,161.8,28.0,94.2,104.0,64.66666666666667,5.0,6.37,2.0,b'M',30.0,5.397605346934028e-79,b'',,300.0,True
131800.0,54.0,2.0,88.8,158.0,35.6,112.0,116.66666666666669,67.33333333333333,5.8,5.17,3.0,b'W',45.0,5.397605346934028e-79,b'',,180.0,True
131802.0,45.0,2.0,,,,,,,5.0,0.36,2.0,b'D',30.0,2.0,b'W',30.0,360.0,True
131803.0,46.0,2.0,81.1,161.8,31.0,96.0,112.66666666666669,73.66666666666667,5.1,0.6,2.0,b'W',60.0,2.0,b'W',15.0,480.0,True
131804.0,40.0,2.0,59.1,161.8,22.6,75.5,118.33333333333331,81.66666666666667,5.4,2.1,1.0,b'W',60.0,4.0,b'W',60.0,900.0,True
131805.0,43.0,1.0,71.4,164.8,26.3,86.9,115.33333333333331,77.66666666666667,5.3,0.75,6.0,b'W',120.0,4.0,b'W',120.0,480.0,True
131806.0,58.0,1.0,58.6,163.0,22.1,79.0,113.66666666666669,69.0,5.7,0.39,1.0,b'D',30.0,1.0,b'D',30.0,120.0,True
131807.0,70.0,2.0,45.0,147.4,20.7,77.7,117.0,76.33333333333333,6.0,1.53,5.397605346934028e-79,b'',,5.397605346934028e-79,b'',,120.0,True
131808.0,72.0,1.0,127.1,170.2,43.9,137.3,115.66666666666669,77.0,6.3,0.7,3.0,b'W',30.0,2.0,b'M',30.0,300.0,True
131810.0,8.0,1.0,24.2,126.3,15.2,55.6,94.33333333333331,48.333333333333336,,0.44,,,,,,,,True
131812.0,25.0,1.0,86.0,175.7,27.9,99.6,128.0,90.0,4.9,1.08,3.0,b'M',45.0,3.0,b'M',15.0,480.0,True
131814.0,45.0,1.0,69.5,158.8,27.6,87.0,112.0,78.33333333333333,5.2,0.83,3.0,b'W',120.0,2.0,b'W',120.0,120.0,True
131816.0,31.0,2.0,80.5,176.4,25.9,83.5,107.66666666666669,67.33333333333333,5.0,3.07,3.0,b'W',45.0,1.0,b'M',30.0,720.0,True
131819.0,10.0,2.0,34.6,143.6,16.8,63.1,102.0,63.66666666666666,,0.11,,,,,,,,True
131821.0,5.0,1.0,18.2,110.7,14.9,51.2,,,,0.11,,,,,,,,True
131822.0,70.0,1.0,65.5,175.5,21.3,84.5,152.66666666666666,78.33333333333333,5.6,0.16,1.0,b'W',150.0,3.0,b'Y',240.0,360.0,True
131823.0,65.0,2.0,84.1,153.1,35.9,114.0,132.66666666666666,88.66666666666667,5.9,1.05,4.0,b'W',60.0,4.0,b'D',60.0,180.0,True
131824.0,74.0,2.0,57.2,146.5,26.7,85.1,148.66666666666666,69.0,6.2,13.17,5.397605346934028e-79,b'',,5.397605346934028e-79,b'',,180.0,True
131825.0,7.0,1.0,22.2,119.9,15.4,55.5,,,,0.46,,,,,,,,True
131827.0,52.0,1.0,185.7,179.7,57.5,177.7,111.0,84.0,5.3,2.78,1.0,b'W',45.0,2.0,b'W',60.0,360.0,True
131828.0,43.0,2.0,58.7,159.7,23.0,80.8,99.66666666666669,58.66666666666666,5.7,0.99,5.0,b'M',30.0,2.0,b'M',30.0,120.0,True
131829.0,75.0,2.0,88.3,158.4,35.2,113.2,137.33333333333334,75.66666666666667,6.8,6.62,3.0,b'W',60.0,5.397605346934028e-79,b'',,240.0,True
131831.0,69.0,2.0,84.7,169.6,29.4,105.9,120.66666666666669,72.0,5.8,1.39,1.0,b'M',30.0,5.397605346934028e-79,b'',,720.0,True
131833.0,55.0,2.0,68.8,155.5,28.5,90.5,136.33333333333334,90.0,5.6,1.81,3.0,b'W',60.0,5.397605346934028e-79,b'',,480.0,True
131835.0,30.0,1.0,73.9,171.8,25.0,88.3,103.66666666666669,66.33333333333333,4.5,2.58,7.0,b'W',20.0,2.0,b'W',90.0,300.0,True
131837.0,59.0,1.0,72.7,168.1,25.7,88.2,131.66666666666666,74.0,5.8,0.41,2.0,b'W',45.0,5.0,b'Y',60.0,240.0,True
131838.0,47.0,1.0,66.9,173.3,22.3,87.8,120.33333333333331,78.0,5.6,0.68,5.397605346934028e-79,b'',,5.397605346934028e-79,b'',,60.0,True
131840.0,16.0,2.0,69.0,165.2,25.3,84.2,106.66666666666669,68.66666666666667,4.9,0.91,,,,,,,,True
131841.0,62.0,1.0,77.9,163.5,29.1,102.8,136.66666666666666,94.66666666666669,5.2,2.91,1.0,b'W',45.0,5.397605346934028e-79,b'',,600.0,True
131842.0,25.0,1.0,102.7,193.6,27.4,101.0,106.0,79.66666666666667,5.1,1.45,3.0,b'D',45.0,5.397605346934028e-79,b'',,420.0,True
131844.0,40.0,2.0,80.0,162.3,30.4,95.2,106.33333333333331,69.66666666666667,5.6,0.43,3.0,b'W',40.0,2.0,b'M',45.0,720.0,True
131847.0,7.0,2.0,39.4,129.3,23.6,73.1,,,,2.73,,,,,,,,True
131848.0,18.0,1.0,59.3,176.4,19.1,73.6,109.0,68.33333333333333,5.0,0.17,5.0,b'W',120.0,1.0,b'W',60.0,420.0,True
131849.0,61.0,1.0,100.6,179.4,31.3,119.1,127.66666666666669,74.66666666666667,5.6,6.94,1.0,b'W',120.0,5.397605346934028e-79,b'',,120.0,True
131851.0,53.0,2.0,124.7,163.9,46.4,126.6,114.33333333333331,82.66666666666667,5.9,7.02,5.397605346934028e-79,b'',,5.397605346934028e-79,b'',,480.0,True
131852.0,20.0,1.0,111.8,185.3,32.6,105.9,112.33333333333331,73.33333333333333,5.2,2.84,10.0,b'W',30.0,5.0,b'W',30.0,240.0,True
131855.0,19.0,1.0,84.1,177.4,26.7,87.0,121.33333333333331,70.66666666666667,5.3,0.89,3.0,b'W',60.0,3.0,b'W',30.0,360.0,True
131860.0,25.0,1.0,73.9,183.2,22.0,88.0,129.0,71.0,5.7,0.62,2.0,b'W',30.0,1.0,b'W',30.0,480.0,True
131862.0,34.0,2.0,78.1,174.2,25.7,89.1,105.0,69.0,5.0,1.4,2.0,b'W',30.0,5.397605346934028e-79,b'',,180.0,True
131864.0,64.0,1.0,102.9,178.5,32.3,115.1,121.33333333333331,85.0,6.8,8.46,5.0,b'W',10.0,5.397605346934028e-79,b'',,180.0,True
131865.0,9.0,2.0,29.0,136.6,15.5,58.1,101.66666666666669,59.333333333333336,,0.28,,,,,,,,True
131866.0,17.0,2.0,48.5,156.8,19.7,73.3,94.0,54.66666666666666,5.1,0.19,,,,,,,,True
131867.0,22.0,2.0,99.6,159.4,39.2,120.7,106.0,77.66666666666667,5.1,6.03,5.397605346934028e-79,b'',,5.397605346934028e-79,b'',,180.0,True
131871.0,26.0,2.0,91.5,159.5,36.0,110.2,106.0,75.0,5.5,31.36,1.0,b'W',120.0,5.397605346934028e-79,b'',,840.0,True
131872.0,63.0,1.0,76.9,168.5,27.1,95.1,130.0,84.0,5.5,11.96,5.397605346934028e-79,b'',,5.397605346934028e-79,b'',,960.0,True
131874.0,41.0,1.0,93.7,175.3,30.5,111.6,119.0,79.33333333333333,5.2,2.81,5.0,b'W',60.0,3.0,b'W',30.0,300.0,True
131875.0,33.0,2.0,79.7,149.7,35.6,105.5,116.66666666666669,88.0,5.0,0.65,3.0,b'W',60.0,3.0,b'W',60.0,240.0,True
131876.0,38.0,2.0,119.6,168.9,41.9,127.8,115.33333333333331,85.33333333333333,6.3,6.88,5.397605346934028e-79,b'',,5.397605346934028e-79,b'',,540.0,True
131880.0,27.0,1.0,69.2,156.9,28.1,91.2,107.0,72.0,5.8,1.77,4.0,b'W',25.0,5.397605346934028e-79,b'',,480.0,True
131883.0,76.0,1.0,74.3,167.6,26.5,95.9,108.0,64.0,7.8,0.55,1.0,b'W',15.0,1.0,b'M',30.0,240.0,True
131884.0,66.0,1.0,69.8,172.6,23.4,89.7,108.33333333333331,77.0,5.1,0.49,1.0,b'M',30.0,6.0,b'Y',30.0,180.0,True
131885.0,9.0,1.0,38.2,140.7,19.3,74.6,100.5,67.0,,2.12,,,,,,,,True
131886.0,6.0,1.0,20.6,121.4,14.0,50.5,,,,0.33,,,,,,,,True
131890.0,80.0,2.0,75.0,154.2,31.5,107.2,118.33333333333331,70.66666666666667,7.5,1.97,2.0,b'D',10.0,5.397605346934028e-79,b'',,300.0,True
131891.0,32.0,2.0,48.0,140.3,24.4,77.5,99.66666666666669,68.0,5.5,1.85,3.0,b'W',40.0,4.0,b'W',40.0,300.0,True
131892.0,69.0,1.0,109.7,175.9,35.5,117.3,137.66666666666666,66.0,7.6,5.71,3.0,b'W',30.0,3.0,b'W',30.0,120.0,True
131895.0,2.0,1.0,15.5,91.3,18.6,51.7,,,,1.8,,,,,,,,True
131896.0,4.0,1.0,18.1,106.9,15.8,51.4,,,,0.11,,,,,,,,True
131898.0,71.0,2.0,93.7,162.3,35.6,125.7,118.0,78.33333333333333,6.0,3.08,5.0,b'W',60.0,5.397605346934028e-79,b'',,360.0,True
131899.0,80.0,2.0,60.2,156.9,24.5,94.0,165.33333333333334,73.0,6.4,0.24,2.0,b'D',45.0,2.0,b'D',15.0,360.0,True
131901.0,31.0,1.0,164.2,189.1,45.9,126.0,118.0,81.33333333333333,5.9,5.02,2.0,b'W',30.0,1.0,b'W',30.0,240.0,True
131902.0,61.0,1.0,82.0,168.2,29.0,100.5,135.0,84.33333333333333,5.8,1.8,5.397605346934028e-79,b'',,5.397605346934028e-79,b'',,240.0,True
131903.0,64.0,2.0,72.0,156.9,29.2,95.5,120.0,82.33333333333333,5.4,4.39,5.397605346934028e-79,b'',,5.397605346934028e-79,b'',,420.0,True
131904.0,25.0,1.0,72.0,180.3,22.1,79.5,,,5.0,0.25,5.0,b'W',90.0,3.0,b'W',45.0,360.0,True
131905.0,35.0,1.0,73.2,178.9,22.9,91.4,129.66666666666666,81.33333333333333,5.5,3.87,4.0,b'W',120.0,2.0,b'W',60.0,420.0,True
131906.0,60.0,2.0,67.4,160.9,26.0,,,,5.4,3.59,7.0,b'W',10.0,5.397605346934028e-79,b'',,720.0,True
131910.0,15.0,1.0,71.7,175.5,23.3,88.0,112.66666666666669,58.66666666666666,5.0,0.47,,,,,,,,True
131911.0,37.0,1.0,97.9,189.6,27.2,102.4,157.33333333333334,96.33333333333331,5.7,3.77,5.397605346934028e-79,b'',,5.397605346934028e-79,b'',,180.0,True
131912.0,60.0,2.0,59.8,149.5,26.8,95.2,122.0,72.66666666666667,5.9,7.57,3.0,b'W',30.0,5.397605346934028e-79,b'',,720.0,True
131913.0,80.0,1.0,88.4,165.1,32.4,101.8,143.33333333333334,59.0,7.0,1.54,1.0,b'W',300.0,5.397605346934028e-79,b'',,180.0,True
131914.0,16.0,1.0,87.9,171.3,30.0,96.4,113.0,63.0,5.4,1.98,,,,,,,,True
131916.0,18.0,1.0,70.8,169.3,24.7,82.0,109.33333333333331,57.66666666666666,5.0,0.64,5.0,b'W',90.0,1.0,b'W',120.0,300.0,True
131918.0,9.0,1.0,42.8,149.1,19.3,69.3,106.66666666666669,57.66666666666666,,2.04,,,,,,,,True
131922.0,38.0,1.0,91.5,169.0,32.0,110.0,124.66666666666669,79.33333333333333,5.3,1.6,2.0,b'W',20.0,2.0,b'W',20.0,720.0,True
131923.0,63.0,1.0,99.5,169.8,34.5,119.1,145.0,91.0,7.3,4.91,5.397605346934028e-79,b'',,5.397605346934028e-79,b'',,120.0,True
131926.0,59.0,1.0,87.9,180.2,27.1,104.9,111.66666666666669,77.0,5.3,1.14,2.0,b'W',30.0,5.397605346934028e-79,b'',,180.0,True
131927.0,3.0,1.0,16.3,99.1,16.6,52.1,,,,0.11,,,,,,,,True
131928.0,62.0,1.0,68.9,162.1,26.2,90.0,105.0,67.66666666666667,5.5,1.16,5.0,b'W',70.0,1.0,b'W',10.0,420.0,True
131929.0,53.0,2.0,92.8,169.9,32.1,108.4,146.0,76.66666666666667,5.3,1.26,5.397605346934028e-79,b'',,5.397605346934028e-79,b'',,180.0,True
131930.0,26.0,2.0,,,,,,,5.3,1.38,5.0,b'W',60.0,2.0,b'W',45.0,60.0,True
131933.0,6.0,2.0,24.4,115.5,18.3,59.7,,,,1.22,,,,,,,,True
131934.0,47.0,1.0,88.1,180.2,27.1,109.0,120.33333333333331,84.33333333333333,7.0,1.79,5.397605346934028e-79,b'',,5.397605346934028e-79,b'',,480.0,True
131936.0,80.0,2.0,70.2,150.4,31.0,92.9,119.66666666666669,70.0,5.7,0.37,15.0,b'M',60.0,5.397605346934028e-79,b'',,300.0,True
131937.0,72.0,2.0,81.1,159.5,31.9,102.6,131.66666666666666,72.33333333333333,5.6,1.55,5.397605346934028e-79,b'',,5.397605346934028e-79,b'',,120.0,True
131938.0,22.0,2.0,100.9,165.8,36.7,126.9,85.66666666666667,57.66666666666666,5.7,1.41,2.0,b'M',30.0,5.397605346934028e-79,b'',,840.0,True
131939.0,67.0,2.0,63.6,172.2,21.4,91.5,108.66666666666669,69.0,5.7,1.29,4.0,b'W',60.0,5.397605346934028e-79,b'',,420.0,True
131940.0,65.0,2.0,79.4,158.5,31.6,110.2,126.66666666666669,83.33333333333333,5.6,6.89,3.0,b'W',60.0,5.397605346934028e-79,b'',,360.0,True
131944.0,59.0,2.0,56.1,164.1,20.8,74.3,90.66666666666669,57.66666666666666,5.3,0.38,1.0,b'D',30.0,2.0,b'M',180.0,480.0,True
131945.0,58.0,1.0,62.1,175.7,20.1,81.0,142.33333333333334,84.0,5.5,0.18,5.397605346934028e-79,b'',,5.397605346934028e-79,b'',,600.0,True
131946.0,77.0,2.0,54.4,155.7,22.4,,129.33333333333334,62.333333333333336,5.9,0.53,5.397605346934028e-79,b'',,5.397605346934028e-79,b'',,720.0,True
131947.0,26.0,1.0,99.4,176.8,31.8,99.6,120.33333333333331,83.33333333333333,5.5,13.51,3.0,b'M',60.0,1.0,b'M',120.0,240.0,True
131948.0,34.0,2.0,50.2,165.4,18.3,71.7,115.0,63.66666666666666,5.3,0.37,3.0,b'W',15.0,3.0,b'W',15.0,180.0,True
131951.0,69.0,1.0,131.2,162.8,49.5,146.4,124.66666666666669,61.66666666666666,6.7,0.84,5.397605346934028e-79,b'',,5.397605346934028e-79,b'',,600.0,True
131957.0,9.0,1.0,28.6,137.0,15.2,56.7,87.66666666666667,42.0,,0.22,,,,,,,,True
131958.0,20.0,1.0,75.7,171.9,25.6,77.4,97.66666666666669,34.0,5.3,0.83,5.0,b'W',20.0,6.0,b'W',120.0,300.0,True
131959.0,70.0,2.0,69.4,151.8,30.1,103.9,154.66666666666666,73.33333333333333,8.9,2.45,5.397605346934028e-79,b'',,5.397605346934028e-79,b'',,240.0,True
131960.0,16.0,1.0,79.8,170.5,27.5,101.4,98.66666666666669,66.66666666666667,5.2,165.63,,,,,,,,True
131962.0,44.0,2.0,72.4,163.6,27.1,94.4,103.66666666666669,60.66666666666666,5.3,1.89,4.0,b'W',60.0,3.0,b'W',45.0,180.0,True
131963.0,5.0,2.0,18.7,116.0,13.9,53.2,,,,0.56,,,,,,,,True
131967.0,71.0,1.0,79.0,173.8,26.2,109.0,121.66666666666669,62.66666666666666,5.6,7.65,5.397605346934028e-79,b'',,5.397605346934028e-79,b'',,240.0,True
131970.0,76.0,2.0,68.4,157.1,27.7,,132.33333333333334,71.0,5.6,3.28,5.397605346934028e-79,b'',,5.397605346934028e-79,b'',,900.0,True
131972.0,26.0,2.0,102.2,147.2,47.2,115.7,110.33333333333331,82.66666666666667,5.7,18.94,2.0,b'W',90.0,5.397605346934028e-79,b'',,240.0,True
131974.0,34.0,2.0,71.1,168.5,25.0,88.1,122.33333333333331,71.66666666666667,5.2,4.87,3.0,b'W',120.0,1.0,b'W',60.0,180.0,True
131975.0,70.0,1.0,53.4,158.5,21.3,83.5,122.0,84.0,5.2,3.95,6.0,b'W',60.0,5.397605346934028e-79,b'',,240.0,True
131976.0,70.0,2.0,82.0,167.3,29.3,103.7,105.33333333333331,61.66666666666666,5.6,6.8,1.0,b'W',30.0,5.397605346934028e-79,b'',,480.0,True
131979.0,37.0,1.0,63.5,160.9,24.5,81.6,109.33333333333331,69.33333333333333,5.3,0.84,6.0,b'W',45.0,2.0,b'W',45.0,600.0,True
131980.0,3.0,2.0,14.9,93.2,17.2,48.8,,,,0.2,,,,,,,,True
131985.0,44.0,2.0,86.7,168.2,30.6,95.8,98.33333333333331,59.66666666666666,5.0,0.43,2.0,b'W',30.0,3.0,b'W',20.0,480.0,True
131987.0,19.0,1.0,101.3,176.5,32.5,109.5,120.33333333333331,67.66666666666667,5.1,2.06,6.0,b'W',120.0,5.397605346934028e-79,b'',,120.0,True
131988.0,71.0,2.0,85.9,162.2,32.7,116.1,152.33333333333334,108.0,5.4,3.83,4.0,b'M',45.0,5.397605346934028e-79,b'',,360.0,True
131989.0,3.0,2.0,15.3,97.9,16.0,50.7,,,,0.72,,,,,,,,True
131990.0,50.0,1.0,68.7,176.6,22.0,83.4,129.33333333333334,78.66666666666667,7.6,0.59,5.397605346934028e-79,b'',,5.397605346934028e-79,b'',,180.0,True
131991.0,71.0,2.0,91.3,167.7,32.5,94.4,131.33333333333334,69.33333333333333,5.5,3.12,6.0,b'W',30.0,1.0,b'W',30.0,60.0,True
131992.0,73.0,2.0,91.8,168.4,32.4,,123.0,60.66666666666666,5.0,3.59,5.397605346934028e-79,b'',,5.397605346934028e-79,b'',,240.0,True
131993.0,10.0,2.0,78.5,140.1,40.0,109.5,102.33333333333331,54.0,,0.27,,,,,,,,True
131996.0,5.0,1.0,27.4,129.5,16.3,,,,,0.19,,,,,,,,True
131997.0,69.0,1.0,60.7,164.2,22.5,91.8,135.33333333333334,65.33333333333333,5.4,1.75,5.0,b'W',30.0,2.0,b'M',5.0,180.0,True
131998.0,55.0,2.0,92.4,166.0,33.5,113.2,110.33333333333331,75.33333333333333,5.3,2.57,3.0,b'W',20.0,2.0,b'M',15.0,240.0,True
131999.0,19.0,2.0,64.4,164.6,23.8,83.3,115.66666666666669,72.0,5.4,0.27,2.0,b'D',30.0,1.0,b'W',60.0,180.0,True
132000.0,67.0,2.0,68.3,149.7,30.5,101.1,126.33333333333331,80.33333333333333,6.0,1.62,5.397605346934028e-79,b'',,3.0,b'W',10.0,60.0,True
132001.0,64.0,1.0,59.8,158.6,23.8,82.2,131.0,77.0,5.1,0.46,5.0,b'W',60.0,1.0,b'W',60.0,180.0,True
132004.0,6.0,1.0,36.3,127.5,22.3,71.8,,,,0.56,,,,,,,,True
132005.0,12.0,1.0,55.7,149.9,24.8,87.5,117.66666666666669,60.66666666666666,4.7,0.42,,,,,,,,True
132006.0,16.0,2.0,52.4,152.6,22.5,75.0,112.66666666666669,64.0,5.0,0.68,,,,,,,,True
132007.0,53.0,1.0,111.6,176.8,35.7,121.0,115.33333333333331,79.66666666666667,5.4,3.22,2.0,b'W',60.0,5.397605346934028e-79,b'',,240.0,True
132008.0,63.0,2.0,108.3,167.2,38.7,126.4,128.33333333333334,76.33333333333333,5.9,4.02,3.0,b'W',45.0,5.397605346934028e-79,b'',,240.0,True
132010.0,32.0,2.0,80.0,163.5,29.9,94.3,109.33333333333331,71.66666666666667,5.1,3.54,3.0,b'W',30.0,5.397605346934028e-79,b'',,480.0,True
132011.0,24.0,1.0,85.1,183.4,25.3,92.1,106.33333333333331,70.33333333333333,5.2,0.51,2.0,b'W',60.0,2.0,b'M',90.0,660.0,True
132014.0,54.0,2.0,179.5,160.2,69.9,169.0,,,5.4,4.49,5.0,b'W',90.0,5.397605346934028e-79,b'',,360.0,True
132020.0,4.0,2.0,20.3,106.1,18.0,53.6,,,,0.86,,,,,,,,True
132021.0,62.0,1.0,91.5,188.4,25.8,102.5,121.33333333333331,77.33333333333333,4.9,3.93,7.0,b'W',30.0,2.0,b'W',30.0,720.0,True
132028.0,44.0,2.0,57.7,163.6,21.6,75.4,111.66666666666669,70.33333333333333,5.2,0.37,1.0,b'D',90.0,4.0,b'W',30.0,180.0,True
132029.0,56.0,2.0,62.9,159.1,24.8,84.2,121.33333333333331,72.0,5.4,1.95,3.0,b'W',60.0,1.0,b'W',60.0,360.0,True
132030.0,68.0,1.0,97.9,184.6,28.7,112.5,144.0,90.0,5.7,6.51,4.0,b'W',40.0,5.397605346934028e-79,b'',,360.0,True
132031.0,76.0,2.0,69.8,152.6,30.0,96.3,141.66666666666666,81.33333333333333,5.7,9.8,5.397605346934028e-79,b'',,5.397605346934028e-79,b'',,120.0,True
132033.0,39.0,1.0,72.2,173.2,24.1,82.6,119.66666666666669,78.66666666666667,5.2,0.23,2.0,b'W',40.0,2.0,b'W',20.0,180.0,True
132036.0,79.0,1.0,68.9,155.0,28.7,102.5,137.0,65.0,7.7,11.65,5.397605346934028e-79,b'',,5.397605346934028e-79,b'',,300.0,True
132037.0,65.0,1.0,108.2,166.1,39.2,118.6,147.0,89.66666666666667,11.4,2.38,3.0,b'W',60.0,5.397605346934028e-79,b'',,420.0,True
132038.0,71.0,2.0,86.3,157.3,34.9,118.6,144.66666666666666,83.33333333333333,6.0,3.26,5.397605346934028e-79,b'',,5.397605346934028e-79,b'',,360.0,True
132041.0,38.0,1.0,78.8,163.0,29.7,95.8,110.33333333333331,67.33333333333333,5.7,0.56,1.0,b'D',15.0,5.397605346934028e-79,b'',,120.0,True
132045.0,30.0,1.0,85.2,177.5,27.0,93.3,114.33333333333331,74.0,4.8,4.11,3.0,b'W',60.0,4.0,b'W',45.0,600.0,True
132046.0,72.0,1.0,78.2,171.0,26.7,95.6,117.0,73.0,5.5,0.25,7.0,b'W',120.0,3.0,b'W',60.0,240.0,True
132047.0,8.0,1.0,23.1,126.5,14.4,54.2,97.66666666666669,71.66666666666667,,0.15,,,,,,,,True
132048.0,13.0,2.0,56.7,154.7,23.7,74.9,96.33333333333331,61.0,5.5,0.89,,,,,,,,True
132049.0,70.0,1.0,93.6,169.4,32.6,106.2,147.66666666666666,87.0,5.8,0.52,7.0,b'W',45.0,2.0,b'W',60.0,360.0,True
132053.0,34.0,1.0,105.0,180.4,32.3,107.7,121.66666666666669,79.0,5.1,1.49,1.0,b'W',30.0,1.0,b'M',30.0,180.0,True
132055.0,76.0,2.0,67.8,158.5,27.0,89.5,140.66666666666666,83.66666666666667,5.5,0.89,4.0,b'W',45.0,6.0,b'Y',25.0,240.0,True
132056.0,65.0,2.0,78.7,152.0,34.1,108.8,116.33333333333331,74.33333333333333,8.2,17.74,1.0,b'W',30.0,5.397605346934028e-79,b'',,180.0,True
132059.0,37.0,2.0,88.0,166.1,31.9,101.0,123.33333333333331,82.66666666666667,5.6,0.71,2.0,b'W',60.0,2.0,b'M',60.0,300.0,True
132061.0,70.0,1.0,115.2,169.9,39.9,141.4,102.33333333333331,68.66666666666667,6.4,4.53,3.0,b'W',15.0,5.397605346934028e-79,b'',,600.0,True
132062.0,60.0,1.0,67.8,167.6,24.1,85.5,120.66666666666669,69.66666666666667,5.4,0.44,1.0,b'D',120.0,2.0,b'W',60.0,120.0,True
132063.0,80.0,1.0,103.1,172.2,34.8,127.4,116.0,60.66666666666666,6.0,1.0,5.397605346934028e-79,b'',,7.0,b'W',10.0,360.0,True
132064.0,28.0,1.0,143.3,179.7,44.4,131.0,126.33333333333331,76.66666666666667,5.0,7.06,4.0,b'W',60.0,4.0,b'W',60.0,480.0,True
132065.0,79.0,2.0,53.0,151.1,23.2,90.0,138.33333333333334,65.0,5.4,0.65,6.0,b'W',60.0,5.397605346934028e-79,b'',,180.0,True
132067.0,30.0,1.0,57.3,173.8,19.0,80.2,111.33333333333331,63.66666666666666,5.0,0.3,4.0,b'W',60.0,1.0,b'W',30.0,600.0,True
132068.0,14.0,1.0,89.1,173.0,29.8,101.4,120.0,67.66666666666667,6.1,0.85,,,,,,,,True
132069.0,13.0,1.0,85.1,174.4,28.0,95.5,118.33333333333331,78.0,5.6,1.1,,,,,,,,True
132070.0,10.0,2.0,44.1,152.7,18.9,68.7,104.66666666666669,63.66666666666666,,0.11,,,,,,,,True
132071.0,51.0,2.0,60.6,157.3,24.5,89.2,105.33333333333331,64.66666666666667,5.3,0.7,1.0,b'D',25.0,3.0,b'W',40.0,180.0,True
132072.0,58.0,1.0,101.0,169.8,35.0,120.8,117.33333333333331,77.0,5.6,4.28,2.0,b'D',120.0,5.397605346934028e-79,b'',,180.0,True
132073.0,79.0,1.0,85.7,171.0,29.3,106.4,104.66666666666669,64.0,5.7,0.36,7.0,b'W',60.0,4.0,b'W',30.0,240.0,True
132074.0,47.0,1.0,86.2,172.4,29.0,113.6,126.66666666666669,78.0,5.6,5.7,2.0,b'M',30.0,5.397605346934028e-79,b'',,360.0,True
132075.0,69.0,1.0,62.9,169.5,21.9,81.3,139.66666666666666,84.66666666666667,5.9,0.56,2.0,b'D',120.0,5.397605346934028e-79,b'',,300.0,True
132077.0,80.0,1.0,68.1,156.7,27.7,100.7,95.33333333333331,62.333333333333336,6.1,0.47,5.397605346934028e-79,b'',,5.397605346934028e-79,b'',,840.0,True
132079.0,61.0,2.0,92.4,159.5,36.3,111.0,132.33333333333334,86.0,6.5,7.75,5.397605346934028e-79,b'',,5.397605346934028e-79,b'',,840.0,True
132083.0,7.0,2.0,25.5,124.8,16.4,58.9,,,,4.59,,,,,,,,True
132085.0,65.0,2.0,72.1,164.0,26.8,88.4,128.33333333333334,71.66666666666667,5.2,3.56,7.0,b'W',30.0,3.0,b'W',15.0,240.0,True
132088.0,73.0,2.0,62.0,151.9,26.9,102.2,141.33333333333334,63.0,5.9,0.26,1.0,b'D',30.0,5.397605346934028e-79,b'',,60.0,True
132089.0,18.0,1.0,54.9,173.1,18.3,69.4,101.0,68.0,5.5,1.29,6.0,b'W',120.0,3.0,b'W',60.0,360.0,True
132092.0,52.0,1.0,79.4,182.4,23.9,93.9,87.0,52.333333333333336,5.7,7.14,5.397605346934028e-79,b'',,5.397605346934028e-79,b'',,840.0,True
132093.0,60.0,2.0,63.4,165.6,23.1,83.3,125.66666666666669,74.0,5.1,0.64,3.0,b'W',30.0,3.0,b'M',30.0,120.0,True
132094.0,8.0,1.0,31.5,144.6,15.1,56.2,105.33333333333331,74.0,,0.5,,,,,,,,True
132095.0,70.0,2.0,107.4,152.0,46.5,130.3,118.0,50.0,5.1,4.46,2.0,b'W',40.0,5.397605346934028e-79,b'',,480.0,True
132097.0,48.0,2.0,89.1,161.2,34.3,105.5,127.33333333333331,80.33333333333333,5.2,2.96,2.0,b'W',120.0,5.397605346934028e-79,b'',,360.0,True
132098.0,49.0,2.0,85.0,150.3,37.6,,,,5.8,9.62,5.397605346934028e-79,b'',,5.397605346934028e-79,b'',,480.0,True
132099.0,61.0,1.0,69.2,177.2,22.0,93.2,124.0,80.66666666666667,5.7,0.59,5.397605346934028e-79,b'',,5.397605346934028e-79,b'',,120.0,True
132100.0,14.0,1.0,53.8,176.0,17.4,69.6,126.0,69.0,5.0,0.18,,,,,,,,True
132101.0,52.0,1.0,81.1,181.7,24.6,100.0,151.33333333333334,102.33333333333331,5.0,0.88,1.0,b'D',60.0,3.0,b'W',60.0,360.0,True
132102.0,43.0,2.0,65.8,160.7,25.5,93.0,118.0,83.33333333333333,5.0,0.87,5.397605346934028e-79,b'',,5.397605346934028e-79,b'',,600.0,True
132103.0,4.0,2.0,21.1,104.3,19.4,55.5,,,,3.98,,,,,,,,True
132104.0,14.0,2.0,95.5,154.1,40.2,,,,5.1,38.12,,,,,,,,True
132105.0,80.0,2.0,59.3,156.1,24.3,92.1,139.0,69.0,5.7,6.97,5.0,b'W',60.0,5.0,b'W',10.0,180.0,True
132107.0,54.0,2.0,82.9,162.6,31.4,106.1,136.0,80.0,7.1,3.95,3.0,b'W',60.0,5.397605346934028e-79,b'',,120.0,True
132109.0,75.0,2.0,83.5,156.1,34.3,107.6,,,5.9,5.99,3.0,b'M',10.0,5.397605346934028e-79,b'',,420.0,True
132110.0,51.0,1.0,69.6,177.5,22.1,99.5,110.0,74.0,5.7,1.63,2.0,b'W',45.0,5.397605346934028e-79,b'',,120.0,True
132112.0,31.0,2.0,60.5,146.7,28.1,92.5,112.66666666666669,76.66666666666667,5.5,2.95,2.0,b'W',30.0,5.397605346934028e-79,b'',,240.0,True
132116.0,40.0,2.0,55.2,173.0,18.4,73.5,101.0,60.333333333333336,5.7,0.57,4.0,b'W',40.0,2.0,b'W',45.0,120.0,True
132118.0,78.0,2.0,75.3,163.0,28.3,105.8,117.33333333333331,69.0,8.9,2.57,2.0,b'W',40.0,5.397605346934028e-79,b'',,240.0,True
132121.0,80.0,2.0,64.5,156.8,26.2,97.5,113.0,71.0,5.4,2.18,5.397605346934028e-79,b'',,5.397605346934028e-79,b'',,720.0,True
132122.0,73.0,2.0,78.3,160.7,30.3,110.4,131.33333333333334,77.0,6.3,1.68,4.0,b'W',45.0,5.397605346934028e-79,b'',,480.0,True
132123.0,55.0,1.0,79.3,155.4,32.8,111.5,132.33333333333334,81.66666666666667,8.0,2.42,7.0,b'W',120.0,3.0,b'D',60.0,180.0,True
132124.0,42.0,2.0,82.6,154.1,34.8,102.0,129.66666666666666,83.33333333333333,6.2,1.56,5.0,b'W',240.0,2.0,b'W',120.0,600.0,True
132125.0,66.0,2.0,74.4,162.9,28.0,86.0,114.66666666666669,60.0,5.8,0.92,5.0,b'W',15.0,5.397605346934028e-79,b'',,240.0,True
132126.0,26.0,1.0,99.8,178.9,31.2,109.0,127.0,88.33333333333333,5.3,6.47,1.0,b'D',180.0,2.0,b'W',60.0,240.0,True
132128.0,14.0,1.0,65.8,164.5,24.3,86.0,122.0,75.33333333333333,5.2,0.85,,,,,,,,True
132129.0,10.0,1.0,34.0,139.2,17.5,65.0,,,,0.34,,,,,,,,True
132131.0,6.0,2.0,18.9,114.6,14.4,51.4,,,,0.64,,,,,,,,True
132132.0,31.0,2.0,58.0,153.6,24.6,79.5,109.66666666666669,65.33333333333333,4.7,0.61,3.0,b'W',60.0,2.0,b'W',60.0,360.0,True
132134.0,74.0,2.0,74.9,162.2,28.5,102.8,108.66666666666669,59.66666666666666,5.2,0.39,7.0,b'W',45.0,5.397605346934028e-79,b'',,480.0,True
132137.0,43.0,1.0,83.5,171.5,28.4,105.6,121.0,87.0,6.7,0.58,2.0,b'M',60.0,5.397605346934028e-79,b'',,120.0,True
132138.0,22.0,2.0,64.6,173.0,21.6,88.9,108.33333333333331,71.0,4.6,0.7,2.0,b'D',2.0,5.397605346934028e-79,b'',,480.0,True
132139.0,6.0,2.0,29.3,120.4,20.2,64.6,,,,0.44,,,,,,,,True
132141.0,56.0,2.0,82.3,168.1,29.1,99.0,114.0,65.33333333333333,5.4,2.05,4.0,b'W',30.0,5.397605346934028e-79,b'',,600.0,True
132142.0,13.0,2.0,58.9,151.0,25.8,83.2,104.33333333333331,62.0,5.2,1.03,,,,,,,,True
132143.0,22.0,2.0,134.8,163.9,50.2,139.2,131.66666666666666,99.0,5.6,12.55,1.0,b'W',30.0,5.397605346934028e-79,b'',,300.0,True
132145.0,59.0,2.0,75.5,157.8,30.3,96.0,128.0,79.0,5.5,0.46,3.0,b'M',45.0,5.397605346934028e-79,b'',,120.0,True
132146.0,16.0,2.0,60.9,159.4,24.0,79.8,103.0,63.0,5.4,1.26,,,,,,,,True
132147.0,58.0,2.0,111.4,161.1,42.9,,100.33333333333331,71.0,7.6,3.92,5.397605346934028e-79,b'',,5.397605346934028e-79,b'',,720.0,True
132149.0,73.0,1.0,124.0,183.9,36.7,124.3,149.66666666666666,82.66666666666667,8.3,2.95,4.0,b'W',60.0,5.397605346934028e-79,b'',,360.0,True
132150.0,56.0,1.0,89.4,182.4,26.9,99.1,100.0,68.0,5.5,1.73,2.0,b'W',60.0,3.0,b'W',50.0,480.0,True
132151.0,61.0,2.0,83.8,155.9,34.5,106.1,106.0,57.66666666666666,5.7,1.61,2.0,b'W',60.0,3.0,b'W',60.0,480.0,True
132152.0,73.0,1.0,65.9,172.6,22.1,90.0,134.33333333333334,73.33333333333333,5.7,0.5,5.0,b'W',45.0,2.0,b'W',60.0,480.0,True
132154.0,35.0,1.0,104.7,171.3,35.7,114.9,142.33333333333334,94.33333333333331,9.1,4.97,5.397605346934028e-79,b'',,5.397605346934028e-79,b'',,840.0,True
132155.0,25.0,2.0,124.4,161.0,48.0,135.5,133.0,99.66666666666669,14.6,42.98,5.397605346934028e-79,b'',,5.397605346934028e-79,b'',,480.0,True
132156.0,7.0,1.0,33.8,121.2,23.0,76.0,,,,9.28,,,,,,,,True
132159.0,68.0,1.0,68.4,169.7,23.8,89.2,150.33333333333334,99.0,5.4,0.69,5.397605346934028e-79,b'',,5.397605346934028e-79,b'',,240.0,True
132160.0,15.0,1.0,101.4,169.1,35.5,111.2,113.33333333333331,77.33333333333333,5.1,1.11,,,,,,,,True
132162.0,34.0,2.0,97.5,170.2,33.7,91.4,134.66666666666666,86.0,5.4,2.24,3.0,b'W',45.0,5.397605346934028e-79,b'',,420.0,True
132165.0,26.0,1.0,83.1,174.6,27.3,97.2,123.0,72.66666666666667,5.1,5.06,4.0,b'W',45.0,2.0,b'W',45.0,780.0,True
132167.0,55.0,2.0,97.6,149.5,43.7,,,,5.2,4.54,5.397605346934028e-79,b'',,5.397605346934028e-79,b'',,300.0,True
132168.0,18.0,1.0,61.3,178.8,19.2,71.2,106.66666666666669,63.333333333333336,5.4,0.2,2.0,b'W',60.0,7.0,b'M',120.0,480.0,True
132169.0,80.0,1.0,,164.0,,,97.33333333333331,63.66666666666666,6.4,2.09,3.0,b'W',90.0,2.0,b'W',60.0,720.0,True
132170.0,29.0,2.0,63.5,155.9,26.1,92.5,110.66666666666669,77.33333333333333,5.1,3.14,3.0,b'W',15.0,3.0,b'D',20.0,240.0,True
132171.0,35.0,2.0,56.4,166.7,20.3,78.8,115.66666666666669,78.66666666666667,5.1,1.36,9999.0,b'',,5.397605346934028e-79,b'',,120.0,True
132172.0,19.0,1.0,56.6,165.1,20.8,72.0,118.0,65.33333333333333,5.3,0.36,4.0,b'W',60.0,2.0,b'W',30.0,300.0,True
132173.0,1.0,1.0,11.1,,,,,,,0.22,,,,,,,,True
132175.0,10.0,2.0,37.2,134.6,20.5,69.6,,,,1.04,,,,,,,,True
132177.0,28.0,1.0,93.3,181.8,28.2,103.7,108.0,69.0,4.7,1.97,5.397605346934028e-79,b'',,3.0,b'W',60.0,720.0,True
132178.0,67.0,1.0,87.0,171.7,29.5,106.0,171.33333333333334,109.0,5.7,5.09,2.0,b'W',60.0,5.397605346934028e-79,b'',,540.0,True
132180.0,51.0,2.0,79.1,164.4,29.3,90.9,93.0,57.66666666666666,5.5,2.17,5.0,b'W',30.0,2.0,b'W',30.0,240.0,True
132181.0,55.0,1.0,93.6,183.0,27.9,100.9,142.66666666666666,84.0,8.0,5.71,5.0,b'W',45.0,1.0,b'W',45.0,660.0,True
132182.0,66.0,1.0,78.3,176.6,25.1,104.3,122.66666666666669,88.0,5.5,4.36,7.0,b'W',30.0,1.0,b'W',15.0,360.0,True
132185.0,39.0,2.0,66.3,157.7,26.7,87.7,116.33333333333331,77.33333333333333,5.3,0.67,2.0,b'W',30.0,1.0,b'W',20.0,600.0,True
132186.0,80.0,2.0,86.9,152.2,37.5,110.6,136.0,97.33333333333331,5.3,3.36,2.0,b'W',10.0,5.397605346934028e-79,b'',,300.0,True
132188.0,29.0,2.0,73.8,162.8,27.8,100.1,113.33333333333331,66.66666666666667,5.6,3.73,2.0,b'W',20.0,1.0,b'M',15.0,120.0,True
132189.0,63.0,1.0,95.5,178.8,29.9,121.2,133.66666666666666,87.0,6.2,0.77,5.397605346934028e-79,b'',,5.397605346934028e-79,b'',,420.0,True
132191.0,15.0,1.0,96.9,187.4,27.6,90.1,107.33333333333331,52.0,5.4,0.27,,,,,,,,True
132192.0,12.0,2.0,53.7,150.6,23.7,83.7,92.0,59.66666666666666,5.5,0.52,,,,,,,,True
132194.0,36.0,1.0,83.1,181.6,25.2,94.7,114.66666666666669,67.66666666666667,5.4,1.18,4.0,b'M',60.0,5.397605346934028e-79,b'',,480.0,True
132195.0,14.0,1.0,66.8,175.3,21.7,78.5,109.66666666666669,62.66666666666666,5.1,0.57,,,,,,,,True
132197.0,70.0,2.0,70.3,151.5,30.6,107.4,126.66666666666669,57.0,5.7,1.18,5.397605346934028e-79,b'',,5.397605346934028e-79,b'',,300.0,True
132198.0,62.0,2.0,104.3,166.7,37.5,106.9,127.33333333333331,78.0,5.7,5.04,4.0,b'W',40.0,5.397605346934028e-79,b'',,540.0,True
132199.0,12.0,2.0,60.7,150.6,26.8,84.4,99.33333333333331,64.0,5.5,0.39,,,,,,,,True
132201.0,74.0,2.0,79.9,154.5,33.5,102.6,134.33333333333334,79.0,6.2,6.08,3.0,b'W',45.0,5.397605346934028e-79,b'',,120.0,True
132202.0,31.0,2.0,64.9,163.0,24.4,82.1,102.66666666666669,73.33333333333333,5.0,6.14,3.0,b'W',30.0,2.0,b'W',60.0,240.0,True
132203.0,70.0,1.0,95.4,163.7,35.6,120.7,162.66666666666666,72.66666666666667,6.4,3.85,5.397605346934028e-79,b'',,5.397605346934028e-79,b'',,720.0,True
132207.0,21.0,1.0,66.3,175.9,21.4,72.5,110.0,48.333333333333336,5.2,0.11,2.0,b'W',30.0,2.0,b'W',60.0,120.0,True
132208.0,6.0,1.0,22.4,121.0,15.3,54.7,,,,0.15,,,,,,,,True
132209.0,80.0,1.0,88.3,170.9,30.2,,,,7.2,2.06,7.0,b'W',20.0,5.397605346934028e-79,b'',,720.0,True
132210.0,4.0,2.0,14.9,101.0,14.6,47.4,,,,1.22,,,,,,,,True
132211.0,68.0,2.0,88.7,153.0,37.9,106.8,138.66666666666666,90.66666666666669,5.5,1.95,5.397605346934028e-79,b'',,5.397605346934028e-79,b'',,600.0,True
132214.0,76.0,1.0,74.0,172.6,24.8,91.5,158.33333333333334,95.0,9.6,0.41,5.0,b'W',45.0,5.397605346934028e-79,b'',,300.0,True
132215.0,39.0,2.0,108.1,156.8,44.0,120.6,108.0,75.33333333333333,5.4,14.77,4.0,b'W',60.0,5.397605346934028e-79,b'',,480.0,True
132216.0,10.0,1.0,36.7,146.2,17.2,64.7,114.66666666666669,63.333333333333336,,3.02,,,,,,,,True
132219.0,53.0,1.0,68.3,163.1,25.7,90.5,143.0,88.33333333333333,6.0,3.0,2.0,b'W',45.0,1.0,b'W',30.0,60.0,True
132220.0,42.0,1.0,62.5,182.9,18.7,76.6,118.33333333333331,66.33333333333333,5.3,0.15,1.0,b'W',60.0,5.397605346934028e-79,b'',,360.0,True
132221.0,52.0,1.0,62.9,178.8,19.7,83.9,117.0,70.0,5.2,0.49,2.0,b'W',120.0,5.397605346934028e-79,b'',,240.0,True
132222.0,27.0,1.0,73.9,174.1,24.4,88.4,119.33333333333331,73.33333333333333,5.5,2.9,2.0,b'D',240.0,1.0,b'W',240.0,180.0,True
132224.0,54.0,2.0,75.5,165.2,27.7,106.7,110.66666666666669,64.33333333333333,5.6,2.32,3.0,b'M',45.0,5.397605346934028e-79,b'',,840.0,True
132226.0,36.0,1.0,90.9,181.0,27.7,93.5,122.33333333333331,81.0,5.3,1.22,3.0,b'W',90.0,1.0,b'W',30.0,360.0,True
132231.0,29.0,1.0,62.3,174.2,20.5,80.8,107.66666666666669,65.66666666666667,9.8,0.25,3.0,b'W',60.0,5.397605346934028e-79,b'',,180.0,True
132232.0,1.0,2.0,11.1,,,,,,,0.32,,,,,,,,True
132233.0,40.0,1.0,104.3,172.8,34.9,110.0,122.0,79.66666666666667,5.6,4.45,4.0,b'W',60.0,3.0,b'W',40.0,300.0,True
132235.0,80.0,1.0,77.7,174.5,25.5,103.6,132.66666666666666,74.33333333333333,6.3,0.9,3.0,b'W',240.0,5.397605346934028e-79,b'',,120.0,True
132236.0,31.0,2.0,57.6,160.9,22.2,81.5,92.66666666666669,58.333333333333336,5.2,0.17,1.0,b'W',90.0,1.0,b'W',90.0,840.0,True
132237.0,76.0,1.0,90.9,178.3,28.6,101.0,116.33333333333331,60.66666666666666,5.6,1.24,3.0,b'W',30.0,1.0,b'W',30.0,360.0,True
132239.0,35.0,1.0,74.8,170.2,25.8,99.3,115.0,74.0,5.5,5.58,1.0,b'W',30.0,5.397605346934028e-79,b'',,240.0,True
132243.0,61.0,2.0,67.9,154.3,28.5,93.5,127.33333333333331,76.66666666666667,5.6,0.74,3.0,b'W',60.0,2.0,b'W',60.0,240.0,True
132245.0,61.0,2.0,61.7,159.8,24.2,88.5,127.33333333333331,70.0,5.4,0.46,2.0,b'W',30.0,5.397605346934028e-79,b'',,240.0,True
132246.0,14.0,1.0,50.0,161.9,19.1,71.2,96.0,54.333333333333336,5.3,0.16,,,,,,,,True
132247.0,11.0,1.0,46.5,134.1,25.9,80.6,102.33333333333331,66.66666666666667,,19.41,,,,,,,,True
132248.0,45.0,1.0,82.7,175.7,26.8,98.1,143.0,95.0,5.5,2.76,1.0,b'D',60.0,3.0,b'W',300.0,360.0,True
132249.0,4.0,2.0,16.3,97.3,17.2,50.5,,,,0.54,,,,,,,,True
132250.0,32.0,1.0,78.8,175.6,25.6,,,,4.8,4.73,5.397605346934028e-79,b'',,5.397605346934028e-79,b'',,120.0,True
132251.0,44.0,1.0,97.2,183.5,28.9,103.1,130.66666666666666,81.66666666666667,5.0,1.0,5.0,b'W',60.0,1.0,b'W',30.0,600.0,True
132253.0,13.0,2.0,56.2,157.0,22.8,77.0,105.0,62.66666666666666,4.8,0.36,,,,,,,,True
132256.0,31.0,2.0,121.1,164.5,44.8,121.5,124.0,85.33333333333333,5.6,9.75,5.397605346934028e-79,b'',,5.397605346934028e-79,b'',,240.0,True
132257.0,2.0,1.0,16.6,100.2,16.5,51.2,,,,0.11,,,,,,,,True
132258.0,62.0,1.0,126.2,172.8,42.3,,134.33333333333334,82.66666666666667,5.4,7.0,6.0,b'W',60.0,5.397605346934028e-79,b'',,720.0,True
132259.0,72.0,1.0,93.1,185.3,27.1,98.0,146.0,80.33333333333333,6.0,0.64,4.0,b'W',40.0,5.397605346934028e-79,b'',,600.0,True
132260.0,29.0,2.0,54.4,164.8,20.0,73.6,109.66666666666669,61.333333333333336,4.9,0.27,7.0,b'W',45.0,3.0,b'W',40.0,720.0,True
132262.0,60.0,2.0,73.5,157.6,29.6,98.3,101.33333333333331,67.33333333333333,5.3,1.75,7.0,b'W',45.0,5.397605346934028e-79,b'',,360.0,True
132267.0,80.0,2.0,75.1,171.7,25.5,89.5,152.33333333333334,58.333333333333336,5.7,4.58,2.0,b'W',30.0,5.397605346934028e-79,b'',,480.0,True
132269.0,29.0,1.0,90.7,184.8,26.6,100.0,113.33333333333331,65.33333333333333,5.1,1.38,3.0,b'W',20.0,2.0,b'W',40.0,600.0,True
132270.0,17.0,1.0,60.4,174.2,19.9,70.7,127.66666666666669,78.0,5.3,0.27,,,,,,,,True
132271.0,61.0,2.0,78.4,159.6,30.8,110.1,108.33333333333331,85.66666666666667,5.9,6.01,5.397605346934028e-79,b'',,5.397605346934028e-79,b'',,540.0,True
132272.0,67.0,1.0,85.8,176.3,27.6,96.0,122.66666666666669,75.33333333333333,5.6,0.52,3.0,b'W',120.0,3.0,b'W',60.0,600.0,True
132273.0,21.0,2.0,88.8,175.8,28.7,102.6,115.0,64.0,5.0,4.63,5.397605346934028e-79,b'',,5.397605346934028e-79,b'',,300.0,True
132277.0,68.0,2.0,66.4,168.8,23.3,89.6,150.0,97.0,5.5,1.81,2.0,b'W',45.0,1.0,b'M',30.0,720.0,True
132280.0,58.0,2.0,59.6,158.2,23.8,78.3,122.33333333333331,72.0,4.9,1.89,5.0,b'W',60.0,2.0,b'W',60.0,660.0,True
132282.0,28.0,2.0,62.2,153.5,26.4,87.3,113.66666666666669,67.66666666666667,5.1,0.73,3.0,b'W',30.0,2.0,b'M',20.0,120.0,True
132283.0,71.0,1.0,87.2,183.2,26.0,108.5,110.66666666666669,55.0,5.2,0.53,3.0,b'W',60.0,3.0,b'M',60.0,240.0,True
132284.0,76.0,2.0,74.7,161.3,28.7,105.9,147.33333333333334,75.0,6.0,0.72,1.0,b'W',90.0,3.0,b'W',240.0,9999.0,True
132286.0,26.0,1.0,100.7,176.3,32.4,110.1,121.33333333333331,81.66666666666667,5.0,2.01,2.0,b'W',90.0,2.0,b'W',90.0,360.0,True
132287.0,61.0,1.0,104.2,179.3,32.4,115.5,147.66666666666666,84.33333333333333,7.5,5.22,5.397605346934028e-79,b'',,5.397605346934028e-79,b'',,540.0,True
132288.0,78.0,1.0,70.4,174.9,23.0,89.2,149.0,66.33333333333333,6.4,2.58,1.0,b'W',30.0,1.0,b'W',30.0,180.0,True
132289.0,62.0,2.0,68.4,155.5,28.3,90.6,96.33333333333331,55.0,6.2,0.23,3.0,b'W',60.0,5.397605346934028e-79,b'',,420.0,True
132291.0,75.0,1.0,93.2,169.5,32.4,114.0,129.0,80.0,5.4,6.54,1.0,b'D',90.0,5.397605346934028e-79,b'',,480.0,True
132296.0,68.0,2.0,92.0,153.9,38.8,130.9,109.0,72.66666666666667,5.3,11.58,5.397605346934028e-79,b'',,5.397605346934028e-79,b'',,9999.0,True
132297.0,51.0,2.0,65.4,160.7,25.3,93.9,94.66666666666669,60.333333333333336,5.2,1.84,2.0,b'W',30.0,5.397605346934028e-79,b'',,240.0,True
132298.0,18.0,2.0,69.5,170.3,24.0,79.6,97.66666666666669,62.0,5.0,0.47,1.0,b'W',80.0,2.0,b'M',120.0,960.0,True
132299.0,3.0,1.0,16.7,97.6,17.5,51.4,,,,5.63,,,,,,,,True
132302.0,74.0,2.0,76.1,166.4,27.5,99.6,110.66666666666669,64.0,5.6,0.53,1.0,b'D',30.0,5.397605346934028e-79,b'',,240.0,True
132303.0,76.0,1.0,81.3,172.9,27.2,95.5,147.5,67.0,5.4,1.31,3.0,b'W',60.0,15.0,b'Y',1.0,60.0,True
132304.0,18.0,1.0,70.5,168.2,24.9,83.5,122.66666666666669,63.66666666666666,5.1,1.15,3.0,b'W',120.0,5.0,b'W',60.0,420.0,True
132307.0,15.0,1.0,79.4,167.6,28.3,102.6,117.33333333333331,84.33333333333333,4.7,0.73,,,,,,,,True
132309.0,21.0,2.0,68.9,164.4,25.5,75.2,131.33333333333334,74.0,4.9,0.46,5.397605346934028e-79,b'',,5.397605346934028e-79,b'',,300.0,True
132310.0,47.0,2.0,66.9,156.3,27.4,92.2,147.33333333333334,95.66666666666669,6.1,3.07,5.397605346934028e-79,b'',,5.397605346934028e-79,b'',,480.0,True
132311.0,51.0,1.0,69.5,174.9,22.7,,116.0,75.33333333333333,5.9,2.45,5.397605346934028e-79,b'',,5.397605346934028e-79,b'',,60.0,True
132312.0,27.0,2.0,60.2,170.5,20.7,74.5,90.33333333333331,49.66666666666666,5.0,0.18,4.0,b'W',120.0,2.0,b'W',60.0,300.0,True
132315.0,66.0,1.0,62.5,159.9,24.4,85.2,132.0,64.66666666666667,6.9,0.63,5.0,b'W',60.0,3.0,b'W',30.0,300.0,True
132316.0,21.0,2.0,67.3,164.3,24.9,89.5,119.33333333333331,85.0,5.4,5.41,2.0,b'W',30.0,5.397605346934028e-79,b'',,480.0,True
132317.0,75.0,1.0,96.6,157.2,39.1,112.8,132.0,56.66666666666666,5.2,0.98,2.0,b'W',20.0,5.397605346934028e-79,b'',,300.0,True
132318.0,55.0,2.0,88.5,161.1,34.1,111.6,137.33333333333334,95.33333333333331,5.7,13.47,1.0,b'W',60.0,6.0,b'Y',30.0,660.0,True
132321.0,19.0,1.0,71.8,179.4,22.3,77.5,115.66666666666669,57.333333333333336,4.9,1.2,2.0,b'D',60.0,2.0,b'D',120.0,480.0,True
132322.0,14.0,2.0,62.2,157.5,25.1,78.6,126.33333333333331,73.33333333333333,5.2,0.74,,,,,,,,True
132325.0,40.0,1.0,98.7,169.8,34.2,110.3,119.0,80.33333333333333,5.2,1.81,3.0,b'W',30.0,2.0,b'Y',30.0,600.0,True
132326.0,15.0,2.0,53.3,155.8,22.0,80.9,104.66666666666669,68.66666666666667,5.1,1.05,,,,,,,,True
132328.0,5.0,2.0,19.4,111.1,15.7,51.8,,,,0.71,,,,,,,,True
132329.0,17.0,1.0,65.1,167.2,23.3,86.3,121.0,70.66666666666667,4.8,3.37,,,,,,,,True
132331.0,37.0,1.0,97.8,181.0,29.9,110.2,120.66666666666669,75.0,5.4,0.53,5.397605346934028e-79,b'',,5.397605346934028e-79,b'',,120.0,True
132333.0,16.0,2.0,62.8,162.3,23.8,80.4,112.0,79.33333333333333,4.7,0.51,,,,,,,,True
132335.0,13.0,2.0,64.1,157.7,25.8,78.4,99.66666666666669,62.333333333333336,5.3,0.99,,,,,,,,True
132336.0,38.0,2.0,93.7,148.0,42.8,123.9,109.0,76.66666666666667,6.0,19.64,2.0,b'W',60.0,1.0,b'W',45.0,180.0,True
132337.0,49.0,2.0,89.3,157.3,36.1,106.7,111.66666666666669,75.66666666666667,5.6,5.31,3.0,b'W',45.0,2.0,b'W',60.0,480.0,True
132339.0,55.0,2.0,104.8,161.6,40.1,118.8,129.33333333333334,88.66666666666667,5.8,3.42,5.397605346934028e-79,b'',,5.397605346934028e-79,b'',,300.0,True
132340.0,60.0,1.0,88.7,175.0,29.0,98.3,90.66666666666669,57.0,5.1,0.6,2.0,b'W',120.0,2.0,b'W',60.0,60.0,True
132341.0,28.0,2.0,78.7,161.4,30.2,96.2,103.33333333333331,76.66666666666667,5.2,2.62,3.0,b'W',30.0,2.0,b'M',30.0,240.0,True
132342.0,61.0,2.0,75.2,159.1,29.7,94.8,112.0,73.0,6.1,3.14,3.0,b'W',60.0,5.397605346934028e-79,b'',,300.0,True
132344.0,75.0,1.0,119.7,172.3,40.3,135.0,128.33333333333334,74.0,5.6,1.23,5.0,b'W',120.0,5.397605346934028e-79,b'',,300.0,True
132347.0,3.0,1.0,15.8,104.9,14.4,49.2,,,,0.37,,,,,,,,True
132351.0,27.0,2.0,61.8,157.0,25.1,75.6,110.66666666666669,71.0,4.7,0.53,4.0,b'W',80.0,1.0,b'M',30.0,480.0,True
132352.0,42.0,2.0,86.8,167.9,30.8,96.0,102.66666666666669,64.66666666666667,5.3,0.84,3.0,b'W',45.0,5.397605346934028e-79,b'',,480.0,True
132353.0,53.0,1.0,103.2,187.1,29.5,107.0,134.66666666666666,89.33333333333333,5.4,1.22,1.0,b'W',120.0,1.0,b'W',60.0,480.0,True
132354.0,58.0,2.0,87.8,170.3,30.3,104.3,130.0,81.33333333333333,5.4,1.9,2.0,b'W',45.0,1.0,b'M',60.0,480.0,True
132355.0,14.0,1.0,77.5,189.6,21.6,82.4,99.66666666666669,50.66666666666666,5.1,0.8,,,,,,,,True
132356.0,49.0,1.0,46.4,140.6,23.5,73.8,124.33333333333331,78.66666666666667,5.6,0.6,2.0,b'W',60.0,1.0,b'W',60.0,120.0,True
132357.0,10.0,2.0,64.6,155.7,26.6,92.0,99.66666666666669,58.0,,0.64,,,,,,,,True
132358.0,40.0,2.0,64.5,160.7,25.0,94.1,129.33333333333334,84.0,7.7,0.92,4.0,b'M',60.0,2.0,b'Y',30.0,240.0,True
132359.0,24.0,1.0,86.7,184.8,25.4,89.0,121.0,68.66666666666667,5.4,0.11,5.0,b'W',60.0,1.0,b'W',20.0,180.0,True
132360.0,10.0,1.0,33.4,142.3,16.5,56.0,108.0,71.0,,0.11,,,,,,,,True
132361.0,62.0,1.0,65.5,171.0,22.4,93.9,128.66666666666666,65.33333333333333,6.6,0.11,1.0,b'W',60.0,5.397605346934028e-79,b'',,300.0,True
132363.0,80.0,2.0,50.5,153.2,21.5,82.1,154.33333333333334,77.33333333333333,5.4,0.34,1.0,b'D',20.0,5.397605346934028e-79,b'',,120.0,True
132366.0,79.0,2.0,73.7,154.1,31.0,109.7,134.66666666666666,82.33333333333333,5.9,2.05,5.397605346934028e-79,b'',,5.397605346934028e-79,b'',,360.0,True
132369.0,9.0,2.0,24.7,133.9,13.8,54.1,102.66666666666669,61.0,,0.33,,,,,,,,True
132370.0,65.0,1.0,74.1,167.7,26.3,98.0,137.0,66.66666666666667,10.3,0.65,7.0,b'W',60.0,5.397605346934028e-79,b'',,180.0,True
132375.0,64.0,1.0,79.6,182.2,24.0,95.4,114.33333333333331,75.0,5.4,1.46,6.0,b'W',60.0,4.0,b'W',60.0,480.0,True
132378.0,74.0,1.0,95.6,169.9,33.1,115.3,155.33333333333334,87.33333333333333,6.6,2.82,4.0,b'W',30.0,5.397605346934028e-79,b'',,360.0,True
132379.0,13.0,1.0,87.0,176.3,28.0,103.4,105.33333333333331,68.0,4.9,4.11,,,,,,,,True
132380.0,75.0,2.0,62.3,152.1,26.9,92.5,130.33333333333334,57.333333333333336,6.0,6.18,1.0,b'M',45.0,5.397605346934028e-79,b'',,240.0,True
132382.0,35.0,1.0,70.0,173.9,23.1,82.6,126.33333333333331,78.33333333333333,3.9,2.86,5.397605346934028e-79,b'',,5.397605346934028e-79,b'',,300.0,True
132383.0,73.0,2.0,47.7,162.3,18.1,72.9,106.33333333333331,61.333333333333336,5.5,0.34,1.0,b'D',45.0,5.397605346934028e-79,b'',,360.0,True
132384.0,3.0,1.0,,,,,,,,0.32,,,,,,,,True
132386.0,42.0,2.0,86.2,158.5,34.3,102.6,109.66666666666669,81.33333333333333,5.0,1.51,2.0,b'W',30.0,1.0,b'W',30.0,240.0,True
132389.0,70.0,2.0,84.2,153.3,35.8,108.7,135.0,85.0,5.5,6.3,5.0,b'W',10.0,5.397605346934028e-79,b'',,600.0,True
132390.0,17.0,1.0,74.0,186.4,21.3,76.7,110.0,60.0,4.8,0.68,,,,,,,,True
132391.0,35.0,1.0,72.5,179.5,22.5,86.8,107.0,61.0,5.2,0.8,2.0,b'W',120.0,1.0,b'M',120.0,480.0,True
132392.0,60.0,1.0,104.0,175.1,33.9,108.4,106.33333333333331,61.333333333333336,4.6,14.25,3.0,b'W',60.0,5.397605346934028e-79,b'',,300.0,True
132393.0,27.0,2.0,123.0,173.4,40.9,111.8,103.66666666666669,77.33333333333333,5.3,1.76,5.0,b'W',60.0,5.0,b'W',30.0,840.0,True
132394.0,16.0,2.0,55.6,171.7,18.9,74.1,96.33333333333331,59.0,5.0,0.33,,,,,,,,True
132397.0,80.0,2.0,62.8,160.7,24.3,86.5,148.33333333333334,86.0,6.1,0.85,5.0,b'W',90.0,5.397605346934028e-79,b'',,120.0,True
132398.0,31.0,1.0,73.3,172.6,24.6,84.1,112.66666666666669,72.66666666666667,5.5,0.96,2.0,b'D',30.0,2.0,b'D',20.0,30.0,True
132399.0,27.0,2.0,57.7,154.6,24.1,80.9,108.66666666666669,65.0,4.8,0.72,6.0,b'D',60.0,3.0,b'D',60.0,420.0,True
132400.0,65.0,2.0,93.3,168.5,32.9,122.9,98.0,59.0,6.5,9.17,5.397605346934028e-79,b'',,5.397605346934028e-79,b'',,240.0,True
132402.0,16.0,2.0,51.2,152.6,22.0,72.5,97.66666666666669,62.0,5.5,1.07,,,,,,,,True
132403.0,58.0,1.0,66.4,162.3,25.2,93.9,139.66666666666666,86.0,5.6,1.54,7.0,b'W',30.0,5.397605346934028e-79,b'',,240.0,True
132404.0,55.0,1.0,144.7,169.0,50.7,146.7,126.0,88.0,7.6,17.63,1.0,b'W',60.0,5.397605346934028e-79,b'',,360.0,True
132406.0,23.0,1.0,59.0,164.7,21.8,75.4,125.0,64.0,5.4,0.99,1.0,b'D',75.0,1.0,b'W',30.0,300.0,True
132407.0,32.0,2.0,75.7,163.0,28.5,94.0,101.0,72.0,4.8,1.18,1.0,b'M',30.0,5.397605346934028e-79,b'',,600.0,True
132408.0,37.0,1.0,107.6,186.4,31.0,100.5,119.33333333333331,71.0,4.7,0.46,3.0,b'W',45.0,5.397605346934028e-79,b'',,720.0,True
132410.0,51.0,1.0,96.3,168.9,33.8,106.9,117.66666666666669,84.66666666666667,6.5,4.22,5.0,b'W',20.0,2.0,b'W',20.0,240.0,True
132412.0,38.0,2.0,45.3,163.6,16.9,66.6,113.33333333333331,80.0,5.3,1.68,20.0,b'Y',120.0,9.0,b'Y',60.0,240.0,True
132416.0,31.0,1.0,89.4,170.6,30.7,94.1,123.33333333333331,70.66666666666667,5.2,3.69,6.0,b'W',60.0,2.0,b'W',45.0,600.0,True
132417.0,64.0,2.0,97.8,160.4,38.0,119.3,108.66666666666669,63.66666666666666,5.9,1.77,4.0,b'W',40.0,1.0,b'M',120.0,240.0,True
132418.0,18.0,1.0,89.9,167.9,31.9,102.4,107.0,62.333333333333336,5.1,3.8,2.0,b'W',150.0,5.397605346934028e-79,b'',,480.0,True
132419.0,36.0,2.0,92.6,168.2,32.7,,,,5.7,1.67,2.0,b'W',30.0,5.397605346934028e-79,b'',,240.0,True
132420.0,3.0,2.0,15.1,97.5,15.9,50.0,,,,0.21,,,,,,,,True
132421.0,34.0,1.0,81.7,175.1,26.6,91.3,123.0,79.0,5.7,9.34,1.0,b'D',180.0,1.0,b'D',180.0,120.0,True
132422.0,54.0,2.0,64.9,159.5,25.5,79.0,99.66666666666669,70.0,5.1,0.51,6.0,b'W',60.0,2.0,b'W',60.0,180.0,True
132425.0,55.0,2.0,102.1,172.7,34.2,112.8,121.33333333333331,89.33333333333333,5.9,2.17,3.0,b'W',60.0,5.397605346934028e-79,b'',,180.0,True
132426.0,13.0,1.0,55.5,176.9,17.7,69.6,114.33333333333331,59.66666666666666,5.4,0.16,,,,,,,,True
132429.0,32.0,1.0,78.3,175.9,25.3,84.5,106.0,61.0,5.7,1.0,4.0,b'M',120.0,4.0,b'M',60.0,720.0,True
132432.0,26.0,2.0,65.9,162.4,25.0,77.2,106.33333333333331,61.66666666666666,4.9,0.37,3.0,b'W',30.0,2.0,b'W',30.0,240.0,True
132433.0,12.0,2.0,49.4,158.3,19.7,70.5,104.0,61.333333333333336,5.4,0.54,,,,,,,,True
132434.0,80.0,2.0,59.3,155.9,24.4,90.5,123.33333333333331,51.0,6.0,0.44,5.0,b'W',60.0,2.0,b'W',120.0,720.0,True
132435.0,39.0,1.0,100.8,171.6,34.2,105.7,118.33333333333331,78.0,5.4,0.58,5.0,b'W',120.0,2.0,b'M',120.0,480.0,True
132436.0,46.0,2.0,72.8,162.3,27.6,96.8,,,5.5,0.4,5.397605346934028e-79,b'',,5.397605346934028e-79,b'',,600.0,True
132438.0,56.0,1.0,142.6,191.6,38.8,130.7,141.66666666666666,73.33333333333333,10.7,5.3,5.397605346934028e-79,b'',,5.397605346934028e-79,b'',,600.0,True
132439.0,61.0,1.0,69.8,176.6,22.4,88.8,182.66666666666663,114.66666666666669,5.9,1.41,5.0,b'D',180.0,5.397605346934028e-79,b'',,360.0,True
132440.0,37.0,1.0,83.4,164.8,30.7,95.3,,,5.2,0.74,1.0,b'M',60.0,5.397605346934028e-79,b'',,540.0,True
132441.0,8.0,1.0,40.9,140.6,20.7,,113.0,78.66666666666667,,1.17,,,,,,,,True
132442.0,29.0,1.0,76.2,177.8,24.1,87.2,107.0,58.66666666666666,5.2,2.76,5.0,b'D',20.0,4.0,b'W',60.0,480.0,True
132444.0,79.0,2.0,85.1,159.3,33.5,102.9,136.33333333333334,72.66666666666667,5.7,0.57,3.0,b'W',60.0,3.0,b'M',180.0,180.0,True
132445.0,62.0,2.0,123.2,164.2,45.7,118.1,102.0,64.33333333333333,5.3,9.23,5.0,b'W',120.0,5.0,b'W',15.0,900.0,True
132446.0,80.0,2.0,74.6,164.6,27.5,99.0,138.33333333333334,81.0,5.9,4.21,5.397605346934028e-79,b'',,5.397605346934028e-79,b'',,300.0,True
132448.0,63.0,2.0,92.0,153.7,38.9,127.5,130.33333333333334,83.66666666666667,8.3,5.13,5.397605346934028e-79,b'',,3.0,b'W',20.0,180.0,True
132450.0,29.0,1.0,94.8,183.6,28.1,104.5,111.0,78.66666666666667,5.4,1.72,4.0,b'W',120.0,4.0,b'W',120.0,420.0,True
132451.0,59.0,1.0,62.0,165.2,22.7,90.9,131.66666666666666,72.33333333333333,5.5,2.16,1.0,b'W',120.0,5.397605346934028e-79,b'',,120.0,True
132453.0,61.0,1.0,99.4,175.0,32.5,120.8,115.0,74.66666666666667,5.9,19.27,5.397605346934028e-79,b'',,5.397605346934028e-79,b'',,540.0,True
132454.0,13.0,2.0,44.0,164.2,16.3,66.1,100.33333333333331,54.66666666666666,5.3,0.28,,,,,,,,True
132456.0,28.0,1.0,74.8,179.5,23.2,83.8,118.33333333333331,66.66666666666667,5.7,0.48,2.0,b'W',90.0,3.0,b'W',90.0,600.0,True
132458.0,18.0,1.0,85.0,180.4,26.1,92.5,129.66666666666666,83.66666666666667,5.5,0.34,1.0,b'D',60.0,1.0,b'D',30.0,360.0,True
132459.0,80.0,1.0,83.1,171.0,28.4,106.1,149.33333333333334,70.33333333333333,6.7,6.39,1.0,b'D',30.0,5.397605346934028e-79,b'',,300.0,True
132461.0,19.0,1.0,67.6,172.1,22.8,74.5,114.66666666666669,68.33333333333333,5.0,1.1,5.0,b'W',45.0,5.397605346934028e-79,b'',,420.0,True
132463.0,72.0,1.0,114.9,179.5,35.7,127.4,125.33333333333331,76.66666666666667,6.1,4.17,5.397605346934028e-79,b'',,5.397605346934028e-79,b'',,180.0,True
132467.0,67.0,1.0,97.9,177.2,31.2,119.4,139.33333333333334,83.33333333333333,6.5,3.39,3.0,b'W',60.0,3.0,b'M',300.0,300.0,True
132468.0,73.0,2.0,73.4,157.8,29.5,,142.66666666666666,73.66666666666667,5.8,0.98,3.0,b'M',30.0,5.397605346934028e-79,b'',,360.0,True
132469.0,43.0,1.0,119.2,184.3,35.1,124.9,115.0,65.0,5.4,1.67,3.0,b'W',45.0,1.0,b'M',120.0,720.0,True
132471.0,58.0,2.0,93.8,164.8,34.5,114.8,126.33333333333331,74.33333333333333,6.2,7.13,15.0,b'M',60.0,5.397605346934028e-79,b'',,240.0,True
132472.0,72.0,2.0,81.7,155.9,33.6,112.1,141.0,82.0,6.5,4.15,2.0,b'W',15.0,1.0,b'W',1.0,900.0,True
132473.0,4.0,1.0,19.6,109.4,16.4,53.5,,,,1.69,,,,,,,,True
132474.0,63.0,2.0,110.6,171.6,37.6,126.4,114.0,73.66666666666667,5.8,6.62,6.0,b'W',30.0,5.397605346934028e-79,b'',,300.0,True
132475.0,17.0,1.0,67.1,184.0,19.8,75.7,105.0,65.66666666666667,4.9,0.27,,,,,,,,True
132476.0,18.0,1.0,68.6,185.6,19.9,76.7,121.66666666666669,75.33333333333333,5.1,1.05,4.0,b'W',45.0,3.0,b'W',25.0,540.0,True
132477.0,58.0,1.0,97.4,179.6,30.2,115.9,143.66666666666666,97.0,5.3,2.47,2.0,b'W',60.0,5.397605346934028e-79,b'',,240.0,True
132479.0,16.0,2.0,74.3,151.6,32.3,101.0,102.33333333333331,71.0,5.6,4.43,,,,,,,,True
132480.0,11.0,2.0,73.8,163.1,27.7,94.3,109.33333333333331,70.66666666666667,,0.36,,,,,,,,True
132481.0,60.0,1.0,69.3,169.7,24.1,94.5,102.66666666666669,58.0,5.5,0.73,5.397605346934028e-79,b'',,5.397605346934028e-79,b'',,300.0,True
132485.0,10.0,2.0,55.7,144.1,26.8,81.9,83.0,48.0,,2.26,,,,,,,,True
132486.0,51.0,2.0,124.4,171.2,42.4,118.2,113.33333333333331,79.0,5.6,2.86,2.0,b'W',30.0,2.0,b'W',15.0,600.0,True
132491.0,33.0,1.0,97.5,178.8,30.5,112.5,139.66666666666666,89.66666666666667,5.8,3.95,2.0,b'W',45.0,5.397605346934028e-79,b'',,120.0,True
132492.0,52.0,1.0,83.5,162.0,31.8,104.2,109.33333333333331,74.66666666666667,5.5,1.13,3.0,b'W',20.0,5.397605346934028e-79,b'',,420.0,True
132493.0,61.0,1.0,63.6,171.8,21.5,84.3,108.33333333333331,61.333333333333336,7.2,0.19,1.0,b'W',120.0,2.0,b'W',120.0,480.0,True
132496.0,17.0,1.0,139.7,189.7,38.8,122.2,102.66666666666669,73.0,5.4,5.29,,,,,,,,True
132499.0,70.0,1.0,86.1,173.3,28.7,99.5,141.0,70.33333333333333,4.8,2.83,2.0,b'Y',60.0,5.397605346934028e-79,b'',,300.0,True
132500.0,54.0,2.0,63.9,159.6,25.1,,129.0,82.66666666666667,5.4,2.88,7.0,b'W',60.0,4.0,b'W',60.0,240.0,True
132502.0,69.0,1.0,67.7,161.2,26.1,100.2,130.66666666666666,74.0,9.5,1.15,2.0,b'M',120.0,3.0,b'M',60.0,300.0,True
132505.0,31.0,2.0,79.8,160.8,30.9,101.6,95.66666666666669,67.0,5.0,1.95,5.0,b'W',20.0,5.397605346934028e-79,b'',,240.0,True
132507.0,80.0,2.0,63.7,162.5,24.1,85.0,95.66666666666669,56.0,6.0,19.64,5.0,b'W',90.0,3.0,b'W',10.0,240.0,True
132508.0,46.0,2.0,53.2,155.5,22.0,73.1,106.33333333333331,65.66666666666667,5.4,0.27,2.0,b'W',60.0,2.0,b'W',60.0,240.0,True
132509.0,7.0,1.0,22.5,123.6,14.7,52.1,,,,0.29,,,,,,,,True
132510.0,56.0,1.0,81.1,169.4,28.3,99.1,178.0,88.0,5.2,5.34,3.0,b'W',120.0,1.0,b'M',120.0,540.0,True
132513.0,33.0,2.0,93.3,150.5,41.2,114.6,,,6.2,5.2,5.397605346934028e-79,b'',,5.397605346934028e-79,b'',,180.0,True
132514.0,16.0,2.0,49.6,166.2,18.0,69.5,99.66666666666669,62.66666666666666,5.2,0.95,,,,,,,,True
132516.0,68.0,1.0,88.0,171.0,30.1,107.7,113.66666666666669,69.66666666666667,5.3,5.36,2.0,b'W',60.0,2.0,b'W',20.0,480.0,True
132518.0,37.0,2.0,105.9,164.0,39.4,111.0,98.0,71.33333333333333,5.3,4.28,2.0,b'W',90.0,5.397605346934028e-79,b'',,1080.0,True
132519.0,17.0,1.0,54.0,172.7,18.1,71.4,107.33333333333331,62.0,5.7,0.26,,,,,,,,True
132521.0,55.0,1.0,78.7,178.2,24.8,97.2,140.66666666666666,88.33333333333333,5.1,2.87,3.0,b'D',15.0,5.397605346934028e-79,b'',,180.0,True
132522.0,64.0,2.0,99.9,155.4,41.4,109.6,121.33333333333331,86.66666666666667,5.6,2.54,4.0,b'M',60.0,5.397605346934028e-79,b'',,360.0,True
132523.0,44.0,2.0,68.8,157.3,27.8,87.2,137.33333333333334,90.66666666666669,5.1,1.82,3.0,b'W',60.0,1.0,b'W',60.0,600.0,True
132524.0,41.0,1.0,77.7,173.7,25.8,93.2,104.0,62.0,5.0,0.71,2.0,b'W',60.0,1.0,b'M',60.0,480.0,True
132525.0,67.0,1.0,89.7,173.3,29.9,104.4,140.66666666666666,97.66666666666669,5.6,4.66,5.0,b'W',90.0,1.0,b'W',60.0,240.0,True
132526.0,23.0,2.0,80.6,170.9,27.6,84.5,99.0,59.333333333333336,5.0,0.25,4.0,b'W',75.0,2.0,b'W',30.0,480.0,True
132529.0,19.0,2.0,47.4,166.5,17.1,69.5,112.0,72.33333333333333,5.1,0.59,1.0,b'M',60.0,3.0,b'Y',45.0,540.0,True
132533.0,72.0,1.0,88.7,184.0,26.2,97.5,121.33333333333331,66.33333333333333,5.6,0.55,7.0,b'W',120.0,1.0,b'W',30.0,300.0,True
132534.0,48.0,2.0,51.4,164.4,19.0,72.6,112.0,74.66666666666667,5.3,0.42,1.0,b'D',30.0,1.0,b'D',20.0,360.0,True
132538.0,30.0,1.0,87.2,162.8,32.9,99.8,117.0,76.0,5.2,0.45,5.0,b'W',240.0,3.0,b'W',240.0,300.0,True
132539.0,70.0,1.0,95.5,164.1,35.5,119.8,113.66666666666669,70.33333333333333,5.8,4.07,5.397605346934028e-79,b'',,5.397605346934028e-79,b'',,480.0,True
132540.0,67.0,1.0,65.9,163.3,24.7,96.0,129.0,62.66666666666666,5.1,0.52,5.397605346934028e-79,b'',,20.0,b'Y',180.0,240.0,True
132541.0,12.0,1.0,53.1,148.8,24.0,86.4,113.66666666666669,72.33333333333333,5.0,0.82,,,,,,,,True
132544.0,9.0,2.0,44.3,140.8,22.3,72.6,109.33333333333331,64.33333333333333,,1.5,,,,,,,,True
132546.0,49.0,1.0,99.7,185.4,29.0,108.8,114.33333333333331,75.66666666666667,5.7,0.7,5.0,b'W',90.0,1.0,b'W',120.0,420.0,True
132547.0,64.0,1.0,86.0,171.0,29.4,99.7,143.5,68.0,5.8,1.39,3.0,b'W',90.0,2.0,b'W',90.0,240.0,True
132548.0,61.0,2.0,70.8,159.9,27.7,92.3,142.0,74.0,6.0,2.27,4.0,b'W',20.0,5.397605346934028e-79,b'',,60.0,True
132549.0,65.0,1.0,98.1,173.1,32.7,111.4,117.0,75.66666666666667,5.8,0.81,4.0,b'M',30.0,1.0,b'M',30.0,360.0,True
132550.0,62.0,2.0,54.2,154.8,22.6,85.8,126.66666666666669,85.0,5.8,1.28,5.397605346934028e-79,b'',,5.397605346934028e-79,b'',,360.0,True
132552.0,29.0,2.0,80.7,155.8,33.2,96.2,109.0,75.66666666666667,5.1,2.57,5.0,b'W',480.0,10.0,b'D',25.0,120.0,True
132553.0,35.0,2.0,62.6,164.0,23.3,77.0,116.66666666666669,66.33333333333333,5.1,1.68,5.0,b'W',60.0,2.0,b'W',30.0,300.0,True
132554.0,29.0,2.0,65.6,149.8,29.2,85.8,84.0,55.0,5.3,0.89,5.397605346934028e-79,b'',,5.397605346934028e-79,b'',,360.0,True
132555.0,72.0,2.0,44.2,156.2,18.1,75.2,104.66666666666669,64.33333333333333,11.1,0.45,1.0,b'W',10.0,5.397605346934028e-79,b'',,480.0,True
132556.0,53.0,2.0,80.3,156.4,32.8,92.2,137.66666666666666,71.0,6.2,3.91,2.0,b'W',30.0,5.397605346934028e-79,b'',,240.0,True
132558.0,60.0,1.0,84.1,169.0,29.4,111.6,140.66666666666666,85.33333333333333,5.6,12.76,1.0,b'D',30.0,1.0,b'W',30.0,180.0,True
132559.0,68.0,2.0,99.6,166.2,36.1,118.0,121.0,77.33333333333333,6.0,2.98,1.0,b'D',20.0,5.0,b'W',20.0,240.0,True
132560.0,30.0,2.0,86.4,157.5,34.8,101.9,105.66666666666669,65.33333333333333,5.4,2.61,3.0,b'W',40.0,1.0,b'W',20.0,960.0,True
132561.0,5.0,2.0,32.7,123.6,21.4,69.5,,,,0.68,,,,,,,,True
132564.0,80.0,1.0,67.5,162.4,25.6,99.0,145.66666666666666,60.0,6.0,2.49,6.0,b'W',240.0,5.397605346934028e-79,b'',,480.0,True
132566.0,67.0,1.0,83.4,179.9,25.8,104.8,,,5.6,0.63,5.0,b'W',30.0,5.397605346934028e-79,b'',,300.0,True
132567.0,55.0,1.0,65.6,174.9,21.4,83.9,113.33333333333331,67.33333333333333,5.4,3.31,1.0,b'M',10.0,5.397605346934028e-79,b'',,420.0,True
132570.0,13.0,2.0,55.8,148.9,25.2,78.2,101.0,57.0,5.4,2.54,,,,,,,,True
132571.0,77.0,2.0,100.9,162.8,38.1,110.8,122.0,75.33333333333333,6.6,5.8,10.0,b'M',30.0,5.397605346934028e-79,b'',,300.0,True
132572.0,42.0,1.0,83.4,174.8,27.3,97.6,110.66666666666669,75.66666666666667,5.4,1.14,3.0,b'W',120.0,5.397605346934028e-79,b'',,300.0,True
132576.0,44.0,1.0,104.2,171.5,35.4,114.1,129.0,87.66666666666667,5.9,8.47,1.0,b'W',45.0,5.397605346934028e-79,b'',,840.0,True
132579.0,43.0,2.0,92.6,155.0,38.5,103.3,116.66666666666669,87.33333333333333,5.0,14.7,5.397605346934028e-79,b'',,5.397605346934028e-79,b'',,720.0,True
132580.0,5.0,1.0,18.4,108.7,15.6,51.7,,,,2.9,,,,,,,,True
132582.0,9.0,1.0,70.5,148.3,32.1,100.2,100.33333333333331,71.33333333333333,,1.34,,,,,,,,True
132583.0,40.0,1.0,129.5,183.2,38.6,127.8,132.33333333333334,83.0,5.0,4.25,3.0,b'W',60.0,5.397605346934028e-79,b'',,180.0,True
132584.0,34.0,2.0,56.0,160.5,21.7,78.5,98.66666666666669,63.0,5.3,1.91,5.397605346934028e-79,b'',,5.397605346934028e-79,b'',,60.0,True
132585.0,74.0,2.0,63.9,155.0,26.6,96.2,140.33333333333334,63.66666666666666,5.8,0.33,2.0,b'D',30.0,1.0,b'W',30.0,180.0,True
132587.0,24.0,1.0,95.7,186.9,27.4,89.6,120.66666666666669,74.33333333333333,5.2,0.51,5.0,b'W',90.0,1.0,b'W',60.0,240.0,True
132588.0,9.0,2.0,35.4,136.9,18.9,67.9,94.0,62.66666666666666,,0.19,,,,,,,,True
132590.0,13.0,1.0,34.1,155.4,14.1,57.0,108.0,66.66666666666667,5.2,4.75,,,,,,,,True
132591.0,32.0,2.0,75.9,159.9,29.7,91.5,121.66666666666669,81.66666666666667,5.3,36.13,4.0,b'W',30.0,1.0,b'W',30.0,240.0,True
132592.0,8.0,2.0,24.6,122.3,16.4,57.2,93.0,58.66666666666666,,0.39,,,,,,,,True
132593.0,17.0,2.0,84.7,164.3,31.4,89.5,101.0,67.66666666666667,5.2,32.2,,,,,,,,True
132594.0,43.0,2.0,97.2,160.4,37.8,115.5,111.0,72.66666666666667,4.9,0.64,2.0,b'W',60.0,1.0,b'W',120.0,360.0,True
132596.0,62.0,2.0,69.0,159.8,27.0,100.0,123.33333333333331,72.66666666666667,6.2,6.88,5.397605346934028e-79,b'',,5.397605346934028e-79,b'',,120.0,True
132597.0,38.0,1.0,127.1,182.3,38.2,128.0,125.66666666666669,86.33333333333333,5.6,3.67,5.397605346934028e-79,b'',,2.0,b'M',120.0,720.0,True
132599.0,6.0,2.0,23.4,122.8,15.5,54.5,,,,0.32,,,,,,,,True
132600.0,13.0,1.0,43.9,161.6,16.8,65.0,107.66666666666669,60.66666666666666,5.5,0.4,,,,,,,,True
132601.0,47.0,2.0,79.3,162.4,30.1,101.6,101.33333333333331,71.33333333333333,5.8,3.02,5.397605346934028e-79,b'',,5.397605346934028e-79,b'',,540.0,True
132602.0,15.0,1.0,109.1,167.9,38.7,110.3,101.33333333333331,66.0,5.9,3.74,,,,,,,,True
132604.0,9.0,1.0,40.6,133.7,22.7,79.1,102.66666666666669,58.333333333333336,,0.3,,,,,,,,True
132610.0,43.0,2.0,51.1,152.4,22.0,70.2,111.66666666666669,69.33333333333333,5.3,0.58,7.0,b'W',60.0,1.0,b'W',120.0,120.0,True
132612.0,30.0,1.0,123.8,178.1,39.0,123.3,140.33333333333334,93.33333333333331,5.6,1.97,4.0,b'W',180.0,2.0,b'W',120.0,240.0,True
132614.0,18.0,1.0,134.1,175.4,43.6,133.8,106.0,63.66666666666666,6.0,6.74,1.0,b'D',180.0,7.0,b'W',40.0,600.0,True
132615.0,17.0,1.0,63.4,171.5,21.6,72.7,,,5.2,0.95,,,,,,,,True
132617.0,28.0,1.0,118.0,186.6,33.9,119.4,130.66666666666666,95.33333333333331,13.7,8.87,30.0,b'W',20.0,5.0,b'W',90.0,540.0,True
132618.0,67.0,1.0,97.6,177.6,30.9,105.8,128.33333333333334,74.33333333333333,5.2,4.12,1.0,b'W',120.0,5.397605346934028e-79,b'',,240.0,True
132619.0,54.0,2.0,75.1,153.6,31.8,98.5,102.0,65.0,7.4,4.84,3.0,b'W',60.0,1.0,b'W',30.0,240.0,True
132620.0,10.0,1.0,52.2,154.8,21.8,,,,,0.9,,,,,,,,True
132622.0,55.0,1.0,96.5,172.4,32.5,110.3,130.0,84.33333333333333,5.6,5.0,10.0,b'W',60.0,2.0,b'W',60.0,180.0,True
132623.0,75.0,2.0,94.3,157.8,37.9,124.5,127.0,79.0,5.9,1.07,5.397605346934028e-79,b'',,5.397605346934028e-79,b'',,420.0,True
132624.0,6.0,1.0,41.1,122.9,27.2,81.3,,,,0.29,,,,,,,,True
132625.0,61.0,1.0,120.2,187.9,34.0,126.9,99.0,57.66666666666666,11.1,4.42,1.0,b'D',60.0,5.397605346934028e-79,b'',,540.0,True
132628.0,19.0,2.0,101.4,170.4,34.9,,124.66666666666669,92.66666666666669,5.4,4.36,3.0,b'W',120.0,2.0,b'W',120.0,360.0,True
132630.0,7.0,1.0,28.2,129.6,16.8,59.0,,,,0.74,,,,,,,,True
132631.0,29.0,2.0,80.0,166.7,28.8,102.9,124.66666666666669,73.33333333333333,4.8,5.74,5.397605346934028e-79,b'',,5.397605346934028e-79,b'',,180.0,True
132632.0,23.0,2.0,60.2,161.8,23.0,80.4,125.66666666666669,93.33333333333331,5.4,1.1,2.0,b'W',30.0,5.397605346934028e-79,b'',,600.0,True
132633.0,66.0,2.0,79.9,175.3,26.0,99.4,126.0,80.0,4.8,4.37,4.0,b'W',30.0,5.397605346934028e-79,b'',,360.0,True
132635.0,71.0,1.0,69.2,177.4,22.0,92.0,114.33333333333331,59.66666666666666,5.4,0.71,5.0,b'D',15.0,2.0,b'D',5.0,240.0,True
132636.0,59.0,2.0,83.8,165.0,30.8,107.6,147.0,94.0,6.0,4.94,1.0,b'D',45.0,5.397605346934028e-79,b'',,480.0,True
132638.0,23.0,2.0,59.9,162.4,22.7,73.2,101.0,66.66666666666667,5.3,0.43,2.0,b'W',55.0,2.0,b'W',30.0,420.0,True
132639.0,22.0,1.0,99.8,176.0,32.2,110.4,117.33333333333331,81.33333333333333,4.7,1.47,4.0,b'W',45.0,2.0,b'M',45.0,960.0,True
132641.0,45.0,1.0,80.2,189.5,22.3,82.3,120.66666666666669,80.66666666666667,4.9,0.31,2.0,b'D',45.0,1.0,b'W',90.0,660.0,True
132642.0,60.0,1.0,89.8,188.4,25.3,96.0,127.33333333333331,83.33333333333333,5.3,0.9,7.0,b'W',60.0,3.0,b'W',60.0,300.0,True
132644.0,11.0,1.0,33.7,133.3,19.0,73.7,83.33333333333333,57.333333333333336,,0.81,,,,,,,,True
132645.0,31.0,2.0,85.7,160.9,33.1,109.8,111.33333333333331,82.33333333333333,5.5,3.45,7.0,b'W',30.0,4.0,b'W',30.0,180.0,True
132646.0,63.0,2.0,58.0,168.0,20.5,80.0,107.0,66.0,5.1,0.67,7.0,b'W',45.0,2.0,b'W',120.0,540.0,True
132647.0,35.0,1.0,78.4,170.1,27.1,91.1,100.66666666666669,67.0,5.3,0.72,2.0,b'W',180.0,2.0,b'M',180.0,600.0,True
132648.0,67.0,1.0,96.4,172.3,32.5,113.4,134.66666666666666,75.33333333333333,6.0,0.86,5.0,b'W',120.0,5.397605346934028e-79,b'',,480.0,True
132651.0,66.0,1.0,80.7,175.2,26.3,95.4,112.33333333333331,72.66666666666667,5.5,0.35,3.0,b'W',60.0,5.397605346934028e-79,b'',,60.0,True
132652.0,68.0,2.0,49.6,153.1,21.2,85.5,121.66666666666669,74.33333333333333,6.5,1.65,1.0,b'D',90.0,5.397605346934028e-79,b'',,300.0,True
132655.0,56.0,2.0,88.8,165.7,32.3,101.1,119.66666666666669,80.0,5.5,0.33,1.0,b'D',90.0,1.0,b'M',30.0,300.0,True
132658.0,11.0,2.0,47.9,151.5,20.9,69.4,101.33333333333331,60.0,,0.29,,,,,,,,True
132661.0,63.0,1.0,95.3,177.5,30.2,113.5,119.33333333333331,73.33333333333333,5.2,7.65,1.0,b'D',180.0,2.0,b'M',20.0,180.0,True
132662.0,25.0,1.0,95.1,186.6,27.3,100.7,117.66666666666669,85.66666666666667,5.3,2.21,2.0,b'W',30.0,1.0,b'W',20.0,720.0,True
132663.0,60.0,2.0,66.7,152.7,28.6,97.1,119.66666666666669,79.66666666666667,8.1,1.21,5.0,b'W',30.0,5.397605346934028e-79,b'',,15.0,True
132666.0,62.0,2.0,73.9,169.9,25.6,98.9,130.0,79.33333333333333,5.5,1.84,4.0,b'W',15.0,5.397605346934028e-79,b'',,360.0,True
132667.0,32.0,2.0,88.0,163.8,32.8,101.7,110.66666666666669,80.0,5.2,2.57,5.0,b'W',240.0,2.0,b'W',60.0,180.0,True
132669.0,35.0,1.0,97.8,183.9,28.9,103.3,103.66666666666669,62.0,5.2,0.84,5.0,b'W',30.0,5.397605346934028e-79,b'',,240.0,True
132671.0,38.0,2.0,,,,,,,4.9,3.58,7.0,b'W',30.0,5.397605346934028e-79,b'',,240.0,True
132672.0,69.0,2.0,67.8,158.2,27.1,94.7,94.0,62.0,6.9,1.74,2.0,b'W',60.0,5.397605346934028e-79,b'',,480.0,True
132673.0,10.0,1.0,53.4,148.0,24.4,85.3,125.33333333333331,77.33333333333333,,1.86,,,,,,,,True
132674.0,10.0,2.0,56.0,142.3,27.7,86.0,104.33333333333331,58.333333333333336,,0.65,,,,,,,,True
132675.0,24.0,2.0,78.5,166.0,28.5,99.2,104.33333333333331,74.0,4.8,3.57,5.0,b'W',60.0,3.0,b'W',45.0,360.0,True
132676.0,19.0,2.0,83.9,161.6,32.1,107.4,98.66666666666669,60.0,4.8,2.15,5.0,b'M',120.0,5.397605346934028e-79,b'',,420.0,True
132678.0,65.0,1.0,90.0,174.7,29.5,104.2,134.66666666666666,93.0,5.2,2.47,4.0,b'M',60.0,4.0,b'W',60.0,720.0,True
132679.0,53.0,2.0,62.4,159.6,24.5,85.8,118.0,72.33333333333333,5.7,1.6,7.0,b'W',30.0,5.397605346934028e-79,b'',,120.0,True
132682.0,16.0,1.0,54.7,173.2,18.2,66.1,104.33333333333331,61.333333333333336,5.3,0.2,,,,,,,,True
132683.0,70.0,1.0,97.2,172.7,32.6,119.2,164.33333333333334,83.0,5.8,0.72,5.397605346934028e-79,b'',,5.397605346934028e-79,b'',,360.0,True
132684.0,43.0,2.0,69.6,155.4,28.8,92.6,126.33333333333331,85.0,5.2,4.47,3.0,b'D',45.0,1.0,b'M',45.0,180.0,True
132685.0,9.0,2.0,32.3,136.0,17.5,60.8,88.33333333333333,52.66666666666666,,5.76,,,,,,,,True
132687.0,80.0,1.0,84.4,181.9,25.5,105.3,,,5.6,2.76,7.0,b'W',20.0,5.397605346934028e-79,b'',,360.0,True
132690.0,51.0,2.0,75.3,160.8,29.1,97.0,97.0,58.0,5.5,4.21,5.397605346934028e-79,b'',,5.397605346934028e-79,b'',,600.0,True
132691.0,39.0,2.0,65.4,165.3,23.9,85.4,111.33333333333331,68.66666666666667,5.3,0.83,1.0,b'W',45.0,1.0,b'M',30.0,240.0,True
132692.0,44.0,1.0,68.7,159.2,27.1,91.6,133.0,85.0,10.8,6.46,4.0,b'W',120.0,5.397605346934028e-79,b'',,180.0,True
132693.0,37.0,1.0,79.7,171.8,27.0,97.9,119.0,85.66666666666667,5.5,2.15,2.0,b'W',30.0,5.397605346934028e-79,b'',,120.0,True
132694.0,19.0,1.0,80.3,180.3,24.7,83.3,125.66666666666669,76.33333333333333,5.0,0.83,2.0,b'D',180.0,2.0,b'D',180.0,480.0,True
132696.0,50.0,2.0,103.7,158.7,41.2,112.4,124.0,84.0,5.4,2.39,6.0,b'Y',30.0,5.397605346934028e-79,b'',,120.0,True
132697.0,12.0,1.0,71.4,164.1,26.5,90.1,105.33333333333331,52.333333333333336,4.9,3.87,,,,,,,,True
132699.0,37.0,2.0,93.0,170.5,32.0,107.3,108.33333333333331,73.0,6.0,4.26,5.397605346934028e-79,b'',,5.397605346934028e-79,b'',,1020.0,True
132700.0,5.0,1.0,22.6,121.0,15.4,55.1,,,,0.11,,,,,,,,True
132701.0,8.0,1.0,38.1,142.6,18.7,62.9,95.0,49.0,,0.91,,,,,,,,True
132705.0,15.0,2.0,49.3,165.9,17.9,68.0,105.33333333333331,72.66666666666667,5.4,0.5,,,,,,,,True
132706.0,21.0,2.0,128.9,156.4,52.7,127.7,105.33333333333331,72.33333333333333,5.6,35.7,2.0,b'W',90.0,2.0,b'W',20.0,120.0,True
132707.0,18.0,1.0,66.4,169.4,23.1,84.3,116.0,64.33333333333333,5.1,0.86,1.0,b'W',120.0,5.397605346934028e-79,b'',,240.0,True
132708.0,11.0,1.0,88.5,152.3,38.2,118.2,97.33333333333331,70.33333333333333,,1.85,,,,,,,,True
132710.0,24.0,2.0,60.8,161.4,23.3,83.4,116.33333333333331,77.66666666666667,5.2,0.9,5.397605346934028e-79,b'',,5.0,b'W',45.0,120.0,True
132711.0,60.0,1.0,66.4,173.7,22.0,86.0,109.0,65.0,5.4,0.31,5.0,b'W',180.0,5.397605346934028e-79,b'',,180.0,True
132720.0,37.0,2.0,53.0,143.1,25.9,85.6,119.33333333333331,75.0,5.2,2.25,5.397605346934028e-79,b'',,5.397605346934028e-79,b'',,120.0,True
132721.0,33.0,1.0,103.4,169.6,35.9,120.2,125.33333333333331,77.0,5.5,1.04,1.0,b'W',60.0,1.0,b'M',120.0,600.0,True
132722.0,45.0,1.0,118.2,185.1,34.5,116.0,145.33333333333334,93.66666666666669,5.9,0.84,1.0,b'W',20.0,5.397605346934028e-79,b'',,240.0,True
132723.0,35.0,1.0,86.8,179.8,26.8,97.0,114.66666666666669,73.66666666666667,5.4,1.99,3.0,b'W',30.0,1.0,b'W',60.0,480.0,True
132724.0,13.0,2.0,107.5,163.6,40.2,115.0,99.66666666666669,62.0,5.3,3.09,,,,,,,,True
132725.0,44.0,1.0,96.4,176.2,31.1,105.6,112.0,72.33333333333333,5.5,2.09,2.0,b'W',90.0,1.0,b'W',30.0,180.0,True
132727.0,66.0,2.0,47.5,163.5,17.8,70.5,128.0,68.33333333333333,5.6,0.27,7.0,b'W',60.0,7.0,b'W',60.0,180.0,True
132728.0,58.0,2.0,110.0,169.8,38.2,123.2,111.0,64.33333333333333,5.8,2.17,2.0,b'M',300.0,5.0,b'W',60.0,480.0,True
132729.0,60.0,1.0,77.4,166.5,27.9,96.3,133.33333333333334,81.66666666666667,5.6,2.48,1.0,b'W',10.0,5.397605346934028e-79,b'',,60.0,True
132730.0,68.0,2.0,90.6,164.1,33.6,114.5,96.0,59.0,9.9,3.78,3.0,b'Y',15.0,5.397605346934028e-79,b'',,300.0,True
132731.0,8.0,1.0,34.3,132.5,19.5,65.0,108.66666666666669,63.66666666666666,,0.28,,,,,,,,True
132732.0,16.0,2.0,83.3,170.7,28.6,107.0,87.0,52.66666666666666,5.0,1.2,,,,,,,,True
132733.0,44.0,2.0,70.1,153.2,29.9,88.9,99.0,69.33333333333333,5.6,5.61,3.0,b'W',60.0,5.397605346934028e-79,b'',,240.0,True
132735.0,18.0,1.0,103.1,172.4,34.7,106.9,113.5,70.5,5.7,4.36,1.0,b'W',60.0,2.0,b'W',240.0,180.0,True
132738.0,64.0,1.0,72.6,173.1,24.2,85.8,,,5.5,1.97,7.0,b'W',720.0,4.0,b'W',180.0,120.0,True
132739.0,63.0,1.0,105.7,175.8,34.2,116.7,94.0,62.0,7.1,0.51,1.0,b'M',60.0,5.397605346934028e-79,b'',,240.0,True
132740.0,71.0,1.0,90.6,168.0,32.1,102.7,142.33333333333334,74.33333333333333,5.6,110.98,3.0,b'W',180.0,5.397605346934028e-79,b'',,180.0,True
132741.0,70.0,2.0,91.5,160.3,35.6,126.6,120.0,68.33333333333333,5.6,6.13,1.0,b'W',60.0,5.397605346934028e-79,b'',,120.0,True
132744.0,75.0,1.0,140.3,171.2,47.9,149.5,126.0,76.0,6.6,7.19,7.0,b'W',10.0,5.397605346934028e-79,b'',,300.0,True
132745.0,75.0,2.0,74.9,153.2,31.9,99.7,152.33333333333334,89.0,5.7,2.06,5.397605346934028e-79,b'',,5.397605346934028e-79,b'',,600.0,True
132746.0,71.0,2.0,73.6,154.5,30.8,94.6,129.0,84.0,5.3,2.65,5.397605346934028e-79,b'',,5.397605346934028e-79,b'',,300.0,True
132748.0,23.0,1.0,57.3,169.4,20.0,,117.0,64.0,5.4,1.08,3.0,b'W',120.0,5.397605346934028e-79,b'',,120.0,True
132749.0,35.0,2.0,74.1,163.8,27.6,93.5,97.66666666666669,67.66666666666667,5.5,8.15,5.397605346934028e-79,b'',,5.397605346934028e-79,b'',,360.0,True
132750.0,35.0,2.0,91.8,159.1,36.3,107.7,111.0,80.0,5.6,8.31,5.397605346934028e-79,b'',,5.397605346934028e-79,b'',,720.0,True
132754.0,52.0,2.0,59.1,159.6,23.2,86.5,107.0,69.0,5.3,2.2,7.0,b'W',60.0,3.0,b'W',30.0,120.0,True
132755.0,57.0,2.0,124.1,163.0,46.7,130.7,118.33333333333331,68.0,9.1,5.09,4.0,b'W',10.0,5.397605346934028e-79,b'',,360.0,True
132756.0,58.0,1.0,82.7,168.7,29.1,103.6,138.66666666666666,85.33333333333333,5.3,0.56,1.0,b'M',30.0,5.397605346934028e-79,b'',,300.0,True
132757.0,61.0,2.0,123.1,174.5,40.4,125.2,117.66666666666669,83.66666666666667,5.5,1.73,6.0,b'W',60.0,5.397605346934028e-79,b'',,600.0,True
132758.0,33.0,2.0,80.6,157.4,32.5,93.0,97.66666666666669,65.66666666666667,5.5,1.6,2.0,b'D',60.0,2.0,b'W',240.0,600.0,True
132760.0,60.0,1.0,,182.0,,92.0,232.33333333333331,117.66666666666669,7.2,3.83,2.0,b'M',60.0,1.0,b'M',60.0,480.0,True
132761.0,45.0,2.0,126.3,166.9,45.3,137.2,122.33333333333331,73.0,6.3,6.89,5.397605346934028e-79,b'',,5.397605346934028e-79,b'',,120.0,True
132762.0,61.0,2.0,73.0,155.3,30.3,104.0,118.66666666666669,87.33333333333333,4.9,3.45,5.397605346934028e-79,b'',,5.397605346934028e-79,b'',,600.0,True
132763.0,31.0,1.0,77.7,173.9,25.7,88.8,114.66666666666669,69.66666666666667,4.4,0.29,1.0,b'W',60.0,1.0,b'W',60.0,600.0,True
132764.0,4.0,1.0,21.5,113.3,16.7,55.4,,,,1.34,,,,,,,,True
132765.0,70.0,1.0,82.4,163.0,31.0,100.9,151.66666666666666,77.33333333333333,7.3,1.79,7.0,b'W',60.0,2.0,b'W',60.0,120.0,True
132766.0,5.0,1.0,19.8,112.3,15.7,52.5,,,,0.15,,,,,,,,True
132770.0,76.0,2.0,67.4,164.3,25.0,87.0,109.66666666666669,61.66666666666666,5.4,8.0,5.0,b'W',25.0,5.397605346934028e-79,b'',,300.0,True
132771.0,64.0,1.0,70.6,187.9,20.0,82.9,124.33333333333331,66.66666666666667,3.6,0.97,1.0,b'D',90.0,5.397605346934028e-79,b'',,480.0,True
132772.0,19.0,1.0,85.5,184.2,25.2,92.8,104.66666666666669,69.0,5.2,8.08,2.0,b'D',60.0,2.0,b'W',30.0,300.0,True
132773.0,6.0,1.0,24.6,125.3,15.7,57.6,,,,0.17,,,,,,,,True
132774.0,14.0,1.0,165.3,179.7,51.2,141.0,118.0,80.0,6.0,3.04,,,,,,,,True
132775.0,46.0,2.0,,,,,81.0,44.66666666666666,4.1,19.03,1.0,b'D',120.0,5.397605346934028e-79,b'',,480.0,True
132776.0,17.0,1.0,59.1,168.8,20.7,72.3,110.66666666666669,61.0,5.0,0.25,,,,,,,,True
132780.0,70.0,2.0,69.7,160.9,26.9,93.6,104.33333333333331,67.0,5.8,13.07,3.0,b'W',10.0,5.397605346934028e-79,b'',,240.0,True
132782.0,79.0,2.0,60.1,159.9,23.5,86.0,153.66666666666666,65.33333333333333,5.5,1.68,4.0,b'W',60.0,5.397605346934028e-79,b'',,300.0,True
132784.0,75.0,2.0,52.2,160.9,20.2,76.8,122.33333333333331,71.33333333333333,5.6,0.23,5.0,b'W',60.0,9999.0,b'',,120.0,True
132785.0,27.0,2.0,79.0,163.1,29.7,96.8,96.0,59.66666666666666,4.9,2.25,1.0,b'D',30.0,5.0,b'W',30.0,60.0,True
132786.0,74.0,1.0,64.7,174.4,21.3,92.1,156.66666666666666,98.33333333333331,5.7,11.79,5.397605346934028e-79,b'',,9999.0,b'',,9999.0,True
132787.0,38.0,1.0,104.3,177.8,33.0,108.9,120.33333333333331,74.33333333333333,5.5,2.49,4.0,b'W',30.0,2.0,b'W',15.0,600.0,True
132788.0,41.0,1.0,100.7,180.5,30.9,104.2,126.66666666666669,80.33333333333333,5.6,2.14,3.0,b'W',120.0,3.0,b'W',30.0,60.0,True
132791.0,61.0,1.0,122.2,189.4,34.1,114.5,154.33333333333334,69.33333333333333,6.8,1.77,5.0,b'W',25.0,2.0,b'M',15.0,240.0,True
132793.0,68.0,1.0,138.4,174.2,45.6,142.1,126.33333333333331,80.33333333333333,5.6,3.47,1.0,b'W',120.0,5.397605346934028e-79,b'',,360.0,True
132794.0,8.0,2.0,42.8,129.9,25.4,87.0,105.0,71.33333333333333,,7.8,,,,,,,,True
132795.0,62.0,2.0,72.2,159.3,28.5,101.2,134.33333333333334,78.0,7.5,2.56,5.397605346934028e-79,b'',,5.397605346934028e-79,b'',,300.0,True
132797.0,70.0,1.0,,175.6,,,113.33333333333331,43.333333333333336,6.2,9.8,1.0,b'W',240.0,5.397605346934028e-79,b'',,600.0,True
132801.0,35.0,1.0,81.8,172.8,27.4,94.2,105.66666666666669,59.333333333333336,5.9,0.55,6.0,b'W',60.0,6.0,b'W',60.0,240.0,True
132802.0,64.0,1.0,99.4,169.6,34.6,109.1,148.66666666666666,87.66666666666667,6.2,4.93,5.397605346934028e-79,b'',,5.397605346934028e-79,b'',,12.0,True
132803.0,57.0,1.0,109.4,183.2,32.6,117.8,111.0,66.0,7.2,39.26,1.0,b'M',60.0,5.397605346934028e-79,b'',,720.0,True
132804.0,70.0,2.0,91.0,164.1,33.8,113.7,104.0,66.66666666666667,5.8,6.15,5.0,b'W',45.0,2.0,b'W',60.0,720.0,True
132805.0,39.0,2.0,54.4,151.9,23.6,74.1,99.66666666666669,62.333333333333336,5.2,1.27,4.0,b'W',30.0,5.397605346934028e-79,b'',,180.0,True
132807.0,38.0,2.0,58.0,169.7,20.1,68.5,107.33333333333331,66.33333333333333,4.6,0.71,4.0,b'W',60.0,1.0,b'W',30.0,480.0,True
132808.0,73.0,1.0,75.2,172.8,25.2,95.4,167.66666666666666,86.66666666666667,6.0,2.64,5.0,b'W',30.0,5.397605346934028e-79,b'',,120.0,True
132809.0,51.0,1.0,75.4,175.7,24.4,95.2,121.33333333333331,68.0,5.3,0.63,1.0,b'W',30.0,1.0,b'M',60.0,420.0,True
132810.0,48.0,2.0,60.4,162.8,22.8,75.9,100.33333333333331,63.0,5.0,1.36,4.0,b'W',30.0,1.0,b'W',30.0,480.0,True
132813.0,8.0,1.0,42.4,140.3,21.5,69.8,105.66666666666669,66.66666666666667,,0.53,,,,,,,,True
132814.0,64.0,2.0,47.3,152.3,20.4,74.1,126.33333333333331,66.33333333333333,5.5,2.35,3.0,b'W',240.0,5.397605346934028e-79,b'',,180.0,True
132815.0,30.0,1.0,111.1,181.0,33.9,115.0,121.0,79.33333333333333,5.3,0.59,4.0,b'W',60.0,2.0,b'W',30.0,360.0,True
132817.0,54.0,2.0,60.7,162.0,23.1,82.8,103.33333333333331,63.66666666666666,4.4,0.51,4.0,b'M',30.0,5.397605346934028e-79,b'',,960.0,True
132818.0,30.0,2.0,80.7,160.2,31.4,106.2,106.33333333333331,75.33333333333333,5.9,4.23,1.0,b'W',60.0,1.0,b'W',30.0,300.0,True
132819.0,79.0,1.0,97.6,179.5,30.3,108.5,132.0,49.333333333333336,5.6,2.61,1.0,b'D',40.0,2.0,b'M',120.0,480.0,True
132820.0,73.0,1.0,101.9,179.4,31.7,111.4,150.33333333333334,89.66666666666667,6.7,2.8,5.0,b'W',90.0,2.0,b'W',9999.0,360.0,True
132821.0,17.0,2.0,72.2,164.0,26.8,85.0,127.66666666666669,66.66666666666667,5.4,3.23,,,,,,,,True
132825.0,39.0,1.0,90.9,168.5,32.0,106.6,117.66666666666669,87.33333333333333,5.4,0.85,1.0,b'D',60.0,5.397605346934028e-79,b'',,360.0,True
132827.0,68.0,1.0,133.2,177.0,42.5,141.3,119.0,73.33333333333333,5.6,3.05,2.0,b'W',30.0,5.397605346934028e-79,b'',,600.0,True
132829.0,73.0,1.0,84.7,191.5,23.1,99.5,,,4.9,1.17,2.0,b'W',60.0,5.397605346934028e-79,b'',,180.0,True
132832.0,47.0,2.0,98.9,156.2,40.5,123.1,128.0,84.66666666666667,5.8,7.93,5.397605346934028e-79,b'',,5.397605346934028e-79,b'',,480.0,True
132833.0,14.0,1.0,57.0,163.0,21.5,79.1,87.0,51.0,5.4,1.66,,,,,,,,True
132837.0,60.0,1.0,73.2,169.8,25.4,90.3,126.66666666666669,83.0,6.6,2.07,5.397605346934028e-79,b'',,5.397605346934028e-79,b'',,240.0,True
132838.0,39.0,2.0,71.4,161.8,27.3,85.2,114.33333333333331,71.0,5.1,6.02,5.397605346934028e-79,b'',,5.397605346934028e-79,b'',,120.0,True
132840.0,65.0,1.0,84.3,169.0,29.5,101.1,125.66666666666669,71.66666666666667,6.0,1.9,3.0,b'W',120.0,5.397605346934028e-79,b'',,300.0,True
132845.0,6.0,1.0,26.5,130.3,15.6,58.6,,,,0.11,,,,,,,,True
132847.0,74.0,2.0,64.8,159.7,25.4,91.3,143.0,64.66666666666667,6.5,0.32,5.0,b'W',5.0,5.397605346934028e-79,b'',,60.0,True
132848.0,74.0,2.0,73.1,157.0,29.7,100.4,124.0,82.33333333333333,5.9,18.86,5.397605346934028e-79,b'',,5.397605346934028e-79,b'',,480.0,True
132850.0,34.0,2.0,114.8,155.9,47.2,133.7,101.33333333333331,74.66666666666667,5.4,5.38,5.397605346934028e-79,b'',,5.397605346934028e-79,b'',,240.0,True
132851.0,43.0,2.0,99.3,171.7,33.7,110.6,111.33333333333331,72.66666666666667,5.8,1.51,1.0,b'W',45.0,1.0,b'M',60.0,840.0,True
132852.0,11.0,1.0,37.2,150.0,16.5,61.6,108.0,70.33333333333333,,0.34,,,,,,,,True
132853.0,16.0,1.0,73.6,172.0,24.9,82.1,120.66666666666669,77.66666666666667,5.1,0.41,,,,,,,,True
132855.0,20.0,2.0,56.0,158.9,22.2,76.4,106.66666666666669,68.0,5.0,1.04,7.0,b'W',60.0,5.397605346934028e-79,b'',,240.0,True
132862.0,31.0,1.0,69.0,171.6,23.4,83.2,117.0,68.66666666666667,4.7,0.26,2.0,b'W',45.0,1.0,b'W',60.0,600.0,True
132864.0,57.0,2.0,105.1,161.3,40.4,112.6,131.33333333333334,88.66666666666667,5.8,1.56,3.0,b'W',60.0,2.0,b'M',60.0,240.0,True
132865.0,72.0,1.0,74.6,173.2,24.9,,155.0,80.66666666666667,4.9,10.33,2.0,b'D',75.0,5.397605346934028e-79,b'',,180.0,True
132868.0,69.0,2.0,43.5,151.0,19.1,71.4,124.0,90.0,5.7,1.26,5.397605346934028e-79,b'',,5.397605346934028e-79,b'',,300.0,True
132869.0,70.0,1.0,112.9,172.9,37.8,127.9,169.33333333333334,84.33333333333333,5.0,3.04,5.397605346934028e-79,b'',,5.397605346934028e-79,b'',,720.0,True
132870.0,71.0,1.0,75.8,165.0,27.8,99.9,184.66666666666663,95.66666666666669,5.1,2.82,7.0,b'W',480.0,7.0,b'W',480.0,90.0,True
132871.0,16.0,2.0,66.4,150.6,29.3,95.8,93.33333333333331,64.33333333333333,5.4,1.21,,,,,,,,True
132872.0,26.0,2.0,90.4,160.2,35.2,111.3,103.66666666666669,66.0,5.2,5.09,5.397605346934028e-79,b'',,5.397605346934028e-79,b'',,360.0,True
132873.0,61.0,1.0,111.0,177.6,35.2,121.0,122.33333333333331,73.0,5.3,1.15,5.397605346934028e-79,b'',,5.397605346934028e-79,b'',,120.0,True
132875.0,71.0,1.0,57.2,171.3,19.5,83.6,181.0,94.0,4.9,1.95,1.0,b'W',180.0,5.397605346934028e-79,b'',,240.0,True
132876.0,32.0,1.0,71.1,187.3,20.3,83.7,110.66666666666669,59.66666666666666,4.8,0.39,2.0,b'W',60.0,2.0,b'W',60.0,720.0,True
132877.0,79.0,1.0,78.0,178.0,24.6,96.4,120.0,68.66666666666667,6.4,1.58,2.0,b'W',2.0,3.0,b'W',45.0,360.0,True
132878.0,30.0,1.0,62.6,162.8,23.6,77.1,108.0,66.0,4.2,0.23,3.0,b'W',30.0,5.0,b'Y',120.0,600.0,True
132880.0,16.0,2.0,60.8,165.5,22.2,76.5,102.33333333333331,71.66666666666667,4.8,1.56,,,,,,,,True
132881.0,65.0,2.0,106.6,160.4,41.4,121.9,101.33333333333331,59.333333333333336,5.9,0.19,5.397605346934028e-79,b'',,5.397605346934028e-79,b'',,600.0,True
132882.0,5.0,1.0,18.3,112.1,14.6,51.8,,,,0.27,,,,,,,,True
132884.0,72.0,1.0,107.7,175.3,35.0,126.5,135.33333333333334,78.66666666666667,5.9,3.77,7.0,b'W',60.0,5.397605346934028e-79,b'',,480.0,True
132885.0,61.0,1.0,113.6,171.5,38.6,133.5,184.66666666666663,115.0,5.6,5.07,4.0,b'W',180.0,5.397605346934028e-79,b'',,480.0,True
132886.0,11.0,2.0,64.2,152.5,27.6,93.7,96.66666666666669,57.333333333333336,,1.96,,,,,,,,True
132889.0,79.0,2.0,70.3,155.5,29.1,108.4,140.66666666666666,70.66666666666667,6.2,6.98,1.0,b'D',15.0,5.397605346934028e-79,b'',,600.0,True
132891.0,32.0,2.0,74.2,160.1,28.9,106.7,87.66666666666667,57.66666666666666,5.3,3.0,1.0,b'W',30.0,5.397605346934028e-79,b'',,360.0,True
132893.0,67.0,1.0,77.5,171.6,26.3,108.9,129.0,75.33333333333333,5.5,6.77,7.0,b'W',120.0,7.0,b'W',60.0,120.0,True
132895.0,64.0,1.0,79.9,166.8,28.7,101.6,133.66666666666666,81.33333333333333,5.9,1.98,2.0,b'W',120.0,5.397605346934028e-79,b'',,240.0,True
132897.0,9.0,1.0,26.8,134.8,14.7,58.7,87.33333333333333,54.66666666666666,,0.21,,,,,,,,True
132899.0,55.0,1.0,109.5,176.9,35.0,120.7,122.33333333333331,78.33333333333333,5.7,4.53,2.0,b'W',30.0,5.397605346934028e-79,b'',,480.0,True
132900.0,77.0,1.0,87.0,169.9,30.1,109.8,107.33333333333331,62.0,5.6,2.48,3.0,b'W',60.0,3.0,b'W',15.0,120.0,True
132902.0,46.0,2.0,88.1,166.5,31.8,107.5,116.33333333333331,71.66666666666667,5.3,0.31,3.0,b'W',120.0,1.0,b'W',240.0,180.0,True
132903.0,51.0,1.0,134.6,171.0,46.0,146.8,122.66666666666669,87.66666666666667,6.0,4.54,1.0,b'W',45.0,5.397605346934028e-79,b'',,420.0,True
132904.0,80.0,2.0,61.0,158.9,24.2,92.0,142.33333333333334,69.33333333333333,6.6,13.06,3.0,b'W',30.0,5.397605346934028e-79,b'',,360.0,True
132905.0,56.0,2.0,129.5,156.3,53.0,132.4,130.33333333333334,85.66666666666667,6.1,5.66,2.0,b'M',60.0,5.397605346934028e-79,b'',,300.0,True
132908.0,39.0,2.0,61.6,161.1,23.7,86.3,106.0,83.0,5.4,1.13,1.0,b'W',60.0,5.397605346934028e-79,b'',,840.0,True
132910.0,39.0,2.0,69.7,148.0,31.8,91.3,126.66666666666669,73.33333333333333,6.3,15.6,3.0,b'W',30.0,5.397605346934028e-79,b'',,720.0,True
132911.0,76.0,1.0,48.0,160.6,18.6,72.7,132.0,66.33333333333333,5.5,0.58,2.0,b'W',30.0,2.0,b'W',60.0,360.0,True
132913.0,59.0,2.0,72.0,174.6,23.6,89.8,113.0,71.0,5.7,2.05,3.0,b'W',30.0,2.0,b'W',60.0,660.0,True
132914.0,43.0,2.0,89.1,158.3,35.6,105.3,118.33333333333331,79.66666666666667,5.4,8.23,5.397605346934028e-79,b'',,5.397605346934028e-79,b'',,360.0,True
132915.0,9.0,2.0,58.4,144.3,28.0,91.5,99.0,63.66666666666666,,3.13,,,,,,,,True
132916.0,62.0,2.0,76.1,170.2,26.3,96.1,133.0,78.33333333333333,5.3,1.22,2.0,b'W',60.0,5.397605346934028e-79,b'',,180.0,True
132917.0,15.0,2.0,84.8,165.2,31.1,103.0,103.66666666666669,64.0,5.7,0.85,,,,,,,,True
132920.0,24.0,2.0,113.0,163.7,42.2,116.1,83.33333333333333,47.0,5.3,4.81,5.0,b'W',240.0,5.397605346934028e-79,b'',,360.0,True
132921.0,31.0,1.0,75.9,182.2,22.9,80.6,119.0,75.66666666666667,4.7,0.7,2.0,b'W',45.0,1.0,b'M',30.0,720.0,True
132922.0,79.0,2.0,79.7,157.0,32.3,,157.0,74.33333333333333,6.4,3.72,3.0,b'D',30.0,5.397605346934028e-79,b'',,180.0,True
132923.0,9.0,1.0,37.0,137.6,19.5,67.1,88.66666666666667,50.66666666666666,,0.21,,,,,,,,True
132924.0,80.0,1.0,64.6,175.2,21.0,95.0,154.0,61.66666666666666,5.1,0.87,5.0,b'W',60.0,3.0,b'W',90.0,360.0,True
132925.0,14.0,2.0,55.0,157.3,22.2,69.9,111.66666666666669,58.333333333333336,5.6,0.2,,,,,,,,True
132926.0,65.0,2.0,88.5,158.3,35.3,98.8,95.66666666666669,62.66666666666666,5.5,0.99,2.0,b'W',15.0,5.397605346934028e-79,b'',,720.0,True
132927.0,65.0,1.0,63.7,176.5,20.4,80.0,115.66666666666669,77.66666666666667,4.7,2.35,1.0,b'D',60.0,5.397605346934028e-79,b'',,360.0,True
132928.0,80.0,1.0,83.4,176.1,26.9,105.3,122.66666666666669,63.0,5.6,3.06,2.0,b'D',20.0,5.397605346934028e-79,b'',,840.0,True
132929.0,72.0,2.0,51.9,148.8,23.4,89.5,129.66666666666666,69.33333333333333,5.7,2.91,5.0,b'W',35.0,5.397605346934028e-79,b'',,120.0,True
132930.0,18.0,1.0,55.8,162.0,21.3,74.9,121.0,64.0,5.1,0.53,4.0,b'W',120.0,4.0,b'W',60.0,360.0,True
132931.0,37.0,1.0,98.5,175.2,32.1,102.9,126.33333333333331,80.0,4.8,1.43,2.0,b'W',60.0,1.0,b'W',60.0,300.0,True
132932.0,54.0,2.0,101.9,165.0,37.4,107.7,107.33333333333331,75.66666666666667,5.2,4.08,5.397605346934028e-79,b'',,5.397605346934028e-79,b'',,480.0,True
132934.0,71.0,1.0,71.9,154.6,30.1,103.3,128.0,66.66666666666667,5.7,1.66,2.0,b'W',30.0,3.0,b'W',30.0,60.0,True
132936.0,21.0,2.0,,,,,,,5.4,0.56,3.0,b'W',90.0,7.0,b'W',30.0,420.0,True
132937.0,80.0,2.0,68.6,163.9,25.5,98.4,145.66666666666666,68.0,6.4,1.02,7.0,b'W',45.0,5.397605346934028e-79,b'',,240.0,True
132938.0,58.0,1.0,71.3,174.3,23.5,90.1,134.66666666666666,75.0,5.9,1.75,3.0,b'W',30.0,2.0,b'W',120.0,180.0,True
132941.0,58.0,2.0,77.3,155.4,32.0,106.4,125.33333333333331,90.0,5.8,17.36,2.0,b'M',60.0,5.397605346934028e-79,b'',,180.0,True
132942.0,31.0,1.0,71.4,183.4,21.2,82.1,116.33333333333331,60.66666666666666,5.3,0.54,1.0,b'D',90.0,1.0,b'W',60.0,60.0,True
132945.0,65.0,1.0,111.0,180.4,34.1,121.2,112.0,74.0,5.0,4.11,6.0,b'W',120.0,5.397605346934028e-79,b'',,120.0,True
132947.0,29.0,1.0,79.9,182.1,24.1,87.5,128.33333333333334,77.33333333333333,5.3,0.69,5.397605346934028e-79,b'',,5.397605346934028e-79,b'',,240.0,True
132949.0,16.0,2.0,65.9,163.4,24.7,82.0,106.0,67.33333333333333,4.6,0.21,,,,,,,,True
132950.0,24.0,1.0,58.4,181.2,17.8,69.5,111.0,73.33333333333333,4.4,0.21,2.0,b'W',120.0,5.397605346934028e-79,b'',,960.0,True
132952.0,35.0,2.0,54.0,158.0,21.6,84.0,109.33333333333331,76.0,5.6,0.66,1.0,b'D',15.0,5.397605346934028e-79,b'',,120.0,True
132956.0,54.0,2.0,82.5,165.7,30.0,101.2,121.66666666666669,83.0,4.5,3.83,1.0,b'W',60.0,5.397605346934028e-79,b'',,120.0,True
132957.0,20.0,1.0,112.3,165.0,41.2,113.0,117.66666666666669,81.33333333333333,5.8,2.7,3.0,b'D',15.0,5.397605346934028e-79,b'',,1200.0,True
132958.0,70.0,2.0,84.1,161.4,32.3,106.4,118.66666666666669,76.33333333333333,5.4,0.7,5.0,b'W',20.0,5.397605346934028e-79,b'',,480.0,True
132959.0,56.0,1.0,81.7,173.7,27.1,103.0,131.0,86.0,4.8,0.9,1.0,b'W',60.0,1.0,b'W',20.0,300.0,True
132961.0,75.0,2.0,59.0,155.9,24.3,91.5,115.66666666666669,57.66666666666666,6.1,1.5,3.0,b'W',15.0,5.397605346934028e-79,b'',,600.0,True
132963.0,69.0,2.0,95.4,160.2,37.2,123.8,137.0,87.66666666666667,6.2,3.46,2.0,b'D',20.0,5.397605346934028e-79,b'',,720.0,True
132964.0,58.0,2.0,63.4,160.8,24.5,80.1,107.0,70.66666666666667,5.5,1.21,3.0,b'W',45.0,1.0,b'W',55.0,600.0,True
132965.0,64.0,2.0,71.6,161.7,27.4,103.8,117.66666666666669,63.333333333333336,5.6,1.01,1.0,b'D',30.0,3.0,b'W',30.0,360.0,True
132968.0,12.0,2.0,46.6,156.7,19.0,67.0,106.33333333333331,67.33333333333333,5.8,0.33,,,,,,,,True
132969.0,12.0,2.0,54.5,150.7,24.0,79.0,103.0,60.66666666666666,5.4,0.64,,,,,,,,True
132970.0,40.0,2.0,51.2,156.8,20.8,77.6,107.66666666666669,62.66666666666666,5.3,0.63,1.0,b'W',30.0,5.397605346934028e-79,b'',,540.0,True
132971.0,39.0,2.0,53.2,153.7,22.5,80.5,91.33333333333331,60.333333333333336,5.1,0.59,5.397605346934028e-79,b'',,5.397605346934028e-79,b'',,480.0,True
132972.0,47.0,2.0,86.8,167.3,31.0,101.7,127.0,90.33333333333331,5.7,1.3,24.0,b'Y',20.0,1.0,b'M',20.0,480.0,True
132974.0,15.0,1.0,83.0,168.7,29.2,88.5,102.33333333333331,60.333333333333336,5.1,0.47,,,,,,,,True
132977.0,58.0,2.0,60.0,160.7,23.2,87.0,131.33333333333334,74.33333333333333,5.4,0.23,7.0,b'W',60.0,3.0,b'W',10.0,720.0,True
132978.0,23.0,1.0,74.2,172.8,24.8,85.6,104.0,68.33333333333333,4.9,1.75,3.0,b'W',45.0,3.0,b'W',30.0,480.0,True
132979.0,63.0,1.0,112.2,183.1,33.5,120.5,126.33333333333331,78.33333333333333,5.8,2.24,2.0,b'W',120.0,1.0,b'W',45.0,180.0,True
132983.0,38.0,2.0,76.9,172.3,25.9,95.2,101.0,65.0,5.2,0.35,5.397605346934028e-79,b'',,5.397605346934028e-79,b'',,360.0,True
132985.0,18.0,1.0,73.8,177.1,23.5,72.4,114.0,60.333333333333336,5.8,1.83,7.0,b'W',45.0,1.0,b'W',15.0,90.0,True
132988.0,15.0,1.0,52.8,171.0,18.1,65.8,96.0,45.333333333333336,5.1,0.11,,,,,,,,True
132990.0,60.0,2.0,96.6,168.7,33.9,117.4,130.33333333333334,75.0,5.5,3.2,3.0,b'W',60.0,2.0,b'W',45.0,720.0,True
132991.0,64.0,2.0,62.9,163.4,23.6,85.5,129.33333333333334,67.66666666666667,6.1,1.59,2.0,b'W',30.0,5.397605346934028e-79,b'',,60.0,True
132992.0,74.0,2.0,109.1,157.2,44.1,118.0,105.0,62.333333333333336,6.0,17.39,5.397605346934028e-79,b'',,5.397605346934028e-79,b'',,240.0,True
132994.0,65.0,2.0,89.5,169.6,31.1,110.7,148.33333333333334,85.33333333333333,5.6,1.14,1.0,b'D',30.0,1.0,b'D',30.0,360.0,True
132995.0,66.0,2.0,71.5,160.2,27.9,110.2,105.33333333333331,58.66666666666666,6.0,42.54,5.397605346934028e-79,b'',,5.397605346934028e-79,b'',,420.0,True
132996.0,51.0,1.0,108.6,176.3,34.9,109.5,133.66666666666666,86.66666666666667,9.3,0.81,2.0,b'W',240.0,2.0,b'M',60.0,420.0,True
132998.0,66.0,1.0,61.7,161.3,23.7,87.6,132.33333333333334,63.333333333333336,5.5,0.41,5.397605346934028e-79,b'',,5.397605346934028e-79,b'',,180.0,True
133001.0,18.0,2.0,67.4,172.5,22.7,82.5,125.33333333333331,64.66666666666667,4.6,0.33,1.0,b'W',30.0,5.397605346934028e-79,b'',,360.0,True
133002.0,28.0,1.0,104.2,170.6,35.8,119.4,125.0,90.0,6.1,9.17,2.0,b'W',30.0,1.0,b'W',10.0,180.0,True
133003.0,77.0,1.0,74.6,173.5,24.8,102.5,123.0,66.33333333333333,6.0,1.21,2.0,b'D',15.0,5.397605346934028e-79,b'',,360.0,True
133007.0,17.0,2.0,59.3,173.2,19.8,74.0,127.33333333333331,76.0,4.8,0.18,,,,,,,,True
133008.0,6.0,1.0,21.9,122.3,14.6,54.3,,,,0.11,,,,,,,,True
133009.0,26.0,1.0,89.3,179.9,27.6,103.2,121.0,83.0,4.5,0.99,5.0,b'W',60.0,1.0,b'W',30.0,480.0,True
133010.0,64.0,2.0,62.1,160.4,24.1,95.0,110.66666666666669,65.33333333333333,5.5,1.94,2.0,b'W',20.0,5.397605346934028e-79,b'',,1080.0,True
133013.0,23.0,2.0,73.5,175.8,23.8,79.5,115.33333333333331,75.0,5.5,2.24,2.0,b'W',60.0,1.0,b'W',30.0,480.0,True
133014.0,18.0,2.0,118.4,166.9,42.5,122.5,92.0,63.333333333333336,5.4,6.89,3.0,b'W',60.0,7.0,b'M',60.0,300.0,True
133015.0,28.0,2.0,89.0,161.1,34.3,97.2,114.33333333333331,81.33333333333333,5.5,30.75,4.0,b'W',45.0,2.0,b'W',30.0,180.0,True
133018.0,71.0,2.0,89.5,157.1,36.3,119.3,158.66666666666666,92.66666666666669,11.3,3.01,5.0,b'W',15.0,5.397605346934028e-79,b'',,240.0,True
133019.0,64.0,2.0,78.0,168.5,27.5,99.0,137.0,74.0,5.6,3.22,7.0,b'W',15.0,3.0,b'W',10.0,20.0,True
133020.0,67.0,2.0,58.7,159.2,23.2,80.0,137.0,77.0,5.4,1.43,5.0,b'W',40.0,5.397605346934028e-79,b'',,240.0,True
133022.0,42.0,1.0,89.7,169.0,31.4,108.6,98.66666666666669,66.0,5.3,1.66,1.0,b'W',120.0,5.397605346934028e-79,b'',,300.0,True
133023.0,56.0,2.0,78.9,151.9,34.2,107.0,119.0,84.0,8.9,2.67,1.0,b'W',30.0,1.0,b'M',30.0,300.0,True
133025.0,65.0,1.0,112.4,180.2,34.6,123.8,125.33333333333331,65.33333333333333,7.1,0.8,2.0,b'W',120.0,5.397605346934028e-79,b'',,720.0,True
133026.0,4.0,1.0,18.7,105.3,16.9,50.0,,,,0.41,,,,,,,,True
133027.0,36.0,1.0,103.2,170.3,35.6,121.4,102.0,76.66666666666667,5.3,1.57,1.0,b'M',20.0,5.397605346934028e-79,b'',,720.0,True
133028.0,79.0,2.0,92.5,160.2,36.0,113.1,156.66666666666666,96.0,5.5,2.95,1.0,b'D',25.0,5.397605346934028e-79,b'',,180.0,True
133030.0,63.0,2.0,87.7,167.5,31.3,100.2,171.0,91.33333333333331,5.9,3.97,2.0,b'W',45.0,5.397605346934028e-79,b'',,360.0,True
133031.0,66.0,2.0,75.0,155.6,31.0,101.5,122.33333333333331,76.33333333333333,5.7,12.37,2.0,b'W',30.0,1.0,b'M',30.0,360.0,True
133033.0,58.0,2.0,83.3,168.5,29.3,103.6,118.66666666666669,71.33333333333333,7.0,0.63,4.0,b'W',20.0,1.0,b'W',15.0,600.0,True
133034.0,15.0,2.0,59.7,157.4,24.1,77.3,101.66666666666669,55.333333333333336,5.0,0.29,,,,,,,,True
133035.0,29.0,2.0,99.8,166.5,36.0,117.3,108.0,77.33333333333333,5.9,5.19,3.0,b'W',60.0,2.0,b'W',60.0,660.0,True
133038.0,60.0,2.0,79.4,158.6,31.6,101.5,115.66666666666669,72.33333333333333,5.9,8.52,5.0,b'W',60.0,3.0,b'W',60.0,480.0,True
133040.0,19.0,2.0,64.0,150.7,28.2,84.5,107.33333333333331,66.33333333333333,5.1,3.8,4.0,b'W',180.0,6.0,b'W',120.0,300.0,True
133041.0,42.0,2.0,105.0,170.8,36.0,105.7,92.0,52.333333333333336,5.4,5.19,6.0,b'W',300.0,4.0,b'W',120.0,120.0,True
133042.0,68.0,1.0,71.9,164.5,26.6,91.2,137.66666666666666,79.0,5.8,1.92,4.0,b'W',30.0,1.0,b'M',30.0,240.0,True
133043.0,6.0,1.0,20.0,106.6,17.6,56.5,,,,0.39,,,,,,,,True
133044.0,25.0,2.0,76.7,160.0,30.0,103.8,110.66666666666669,80.0,4.9,3.77,2.0,b'M',60.0,1.0,b'M',30.0,480.0,True
133045.0,6.0,2.0,43.2,125.6,27.4,84.4,,,,0.59,,,,,,,,True
133046.0,23.0,2.0,111.3,174.6,36.5,125.8,103.66666666666669,76.33333333333333,4.9,15.75,2.0,b'W',45.0,5.397605346934028e-79,b'',,180.0,True
133048.0,18.0,1.0,108.5,183.0,32.4,111.3,106.0,67.33333333333333,5.9,2.28,4.0,b'W',180.0,3.0,b'W',60.0,600.0,True
133049.0,75.0,2.0,62.1,154.6,26.0,97.4,150.66666666666666,85.0,5.2,1.41,1.0,b'D',15.0,5.397605346934028e-79,b'',,480.0,True
133050.0,80.0,1.0,53.9,159.9,21.1,82.0,160.66666666666666,68.33333333333333,6.4,0.87,3.0,b'W',30.0,4.0,b'W',240.0,240.0,True
133051.0,40.0,2.0,59.6,159.3,23.5,89.3,114.66666666666669,68.0,5.7,0.52,5.397605346934028e-79,b'',,5.397605346934028e-79,b'',,180.0,True
133053.0,70.0,1.0,70.2,187.4,20.0,92.1,110.33333333333331,63.333333333333336,5.6,3.08,5.397605346934028e-79,b'',,5.397605346934028e-79,b'',,480.0,True
133055.0,26.0,1.0,108.3,177.1,34.5,116.4,119.66666666666669,80.0,5.4,0.76,6.0,b'W',90.0,7.0,b'W',40.0,600.0,True
133056.0,60.0,2.0,92.6,171.2,31.6,116.3,113.66666666666669,80.0,5.6,0.87,3.0,b'D',20.0,1.0,b'M',30.0,720.0,True
133057.0,62.0,2.0,65.3,167.1,23.4,88.5,116.66666666666669,68.66666666666667,5.1,1.09,3.0,b'W',120.0,2.0,b'M',60.0,360.0,True
133058.0,38.0,2.0,61.3,169.9,21.2,75.6,103.0,64.0,5.4,0.27,9999.0,b'',,5.397605346934028e-79,b'',,240.0,True
133059.0,63.0,1.0,74.8,173.8,24.8,92.1,129.0,78.0,5.4,1.84,2.0,b'W',120.0,1.0,b'M',60.0,480.0,True
133060.0,57.0,1.0,98.9,181.1,30.2,111.7,134.0,87.33333333333333,5.4,2.05,4.0,b'W',30.0,5.397605346934028e-79,b'',,480.0,True
133065.0,59.0,1.0,79.6,162.8,30.0,104.4,122.33333333333331,73.33333333333333,5.4,0.47,3.0,b'W',60.0,3.0,b'W',60.0,360.0,True
133067.0,10.0,1.0,46.3,134.2,25.7,84.9,94.0,58.333333333333336,,4.1,,,,,,,,True
133068.0,68.0,2.0,69.4,166.4,25.1,91.2,120.33333333333331,77.66666666666667,5.6,5.58,5.397605346934028e-79,b'',,5.397605346934028e-79,b'',,600.0,True
133069.0,70.0,2.0,78.1,159.0,30.9,106.6,118.66666666666669,69.33333333333333,5.9,4.19,5.397605346934028e-79,b'',,5.397605346934028e-79,b'',,120.0,True
133071.0,67.0,2.0,75.0,156.5,30.6,92.8,109.66666666666669,73.66666666666667,5.7,0.77,2.0,b'W',60.0,5.397605346934028e-79,b'',,180.0,True
133074.0,66.0,2.0,106.4,172.2,35.9,114.7,117.33333333333331,84.66666666666667,5.9,3.73,5.397605346934028e-79,b'',,5.397605346934028e-79,b'',,600.0,True
133075.0,16.0,2.0,40.2,151.1,17.6,67.3,96.33333333333331,52.66666666666666,5.2,0.37,,,,,,,,True
133076.0,59.0,1.0,98.2,173.1,32.8,112.1,137.33333333333334,76.66666666666667,5.8,6.09,5.397605346934028e-79,b'',,5.397605346934028e-79,b'',,600.0,True
133077.0,69.0,1.0,112.2,183.5,33.3,110.5,109.33333333333331,63.66666666666666,5.4,2.85,7.0,b'W',60.0,5.397605346934028e-79,b'',,9999.0,True
133078.0,63.0,1.0,109.2,184.5,32.1,116.2,135.66666666666666,93.0,5.9,0.57,5.397605346934028e-79,b'',,9999.0,b'',,300.0,True
133079.0,14.0,1.0,47.1,167.6,16.8,63.4,97.33333333333331,56.66666666666666,5.4,0.9,,,,,,,,True
133080.0,38.0,1.0,87.4,179.9,27.0,99.2,109.66666666666669,68.0,5.7,0.38,3.0,b'W',30.0,1.0,b'W',30.0,360.0,True
133081.0,76.0,1.0,93.4,165.8,34.0,116.3,132.66666666666666,71.33333333333333,8.4,1.4,5.397605346934028e-79,b'',,5.397605346934028e-79,b'',,240.0,True
133082.0,37.0,2.0,52.6,149.7,23.5,78.1,101.33333333333331,69.33333333333333,5.2,17.44,1.0,b'W',45.0,1.0,b'M',30.0,180.0,True
133083.0,78.0,1.0,77.2,166.7,27.8,107.8,112.0,54.333333333333336,8.6,1.17,7.0,b'W',30.0,2.0,b'W',15.0,240.0,True
133084.0,63.0,1.0,,,,,147.66666666666666,88.33333333333333,4.9,0.23,5.397605346934028e-79,b'',,5.397605346934028e-79,b'',,420.0,True
133086.0,18.0,2.0,57.0,152.5,24.5,77.7,120.66666666666669,70.66666666666667,5.4,0.23,3.0,b'W',120.0,1.0,b'W',120.0,300.0,True
133089.0,39.0,2.0,58.9,162.6,22.3,80.0,110.66666666666669,68.0,5.2,1.69,7.0,b'W',30.0,1.0,b'W',20.0,120.0,True
133090.0,77.0,1.0,95.9,182.9,28.7,107.1,124.0,80.33333333333333,5.2,4.43,3.0,b'W',30.0,1.0,b'W',30.0,300.0,True
133091.0,80.0,2.0,41.1,143.6,19.9,,,,5.2,0.69,5.397605346934028e-79,b'',,5.397605346934028e-79,b'',,120.0,True
133093.0,61.0,2.0,53.3,154.2,22.4,82.5,131.0,82.33333333333333,5.4,0.62,7.0,b'W',40.0,3.0,b'W',60.0,180.0,True
133094.0,16.0,1.0,93.5,186.5,26.9,97.4,117.0,52.333333333333336,5.2,1.25,,,,,,,,True
133095.0,54.0,2.0,78.7,162.2,29.9,98.5,116.33333333333331,81.33333333333333,6.1,1.78,7.0,b'W',45.0,5.397605346934028e-79,b'',,240.0,True
133096.0,69.0,1.0,84.6,169.1,29.6,101.3,123.33333333333331,69.0,5.6,0.81,6.0,b'W',60.0,2.0,b'W',5.0,180.0,True
133097.0,80.0,2.0,87.4,164.2,32.4,119.0,106.33333333333331,64.0,8.0,8.36,5.397605346934028e-79,b'',,5.397605346934028e-79,b'',,300.0,True
133098.0,71.0,1.0,108.4,178.1,34.2,124.3,118.66666666666669,74.66666666666667,5.7,3.6,4.0,b'W',45.0,5.397605346934028e-79,b'',,480.0,True
133099.0,65.0,2.0,82.4,151.7,35.8,,130.66666666666666,79.66666666666667,6.6,1.11,5.397605346934028e-79,b'',,5.397605346934028e-79,b'',,200.0,True
133100.0,63.0,2.0,61.9,166.8,22.2,81.6,112.0,76.33333333333333,5.3,1.65,4.0,b'W',30.0,3.0,b'W',30.0,360.0,True
133101.0,45.0,1.0,175.1,179.7,54.2,171.0,115.0,84.33333333333333,5.8,76.44,6.0,b'Y',60.0,5.397605346934028e-79,b'',,780.0,True
133102.0,5.0,2.0,20.6,113.1,16.1,53.5,,,,0.49,,,,,,,,True
133104.0,62.0,2.0,106.8,161.4,41.0,119.8,155.33333333333334,87.66666666666667,5.3,5.95,5.0,b'W',30.0,1.0,b'W',20.0,240.0,True
133105.0,13.0,2.0,53.2,164.8,19.6,69.5,99.0,58.66666666666666,5.3,0.11,,,,,,,,True
133106.0,66.0,2.0,71.7,169.5,25.0,89.8,113.66666666666669,66.66666666666667,5.3,0.47,3.0,b'W',40.0,1.0,b'W',30.0,660.0,True
133108.0,45.0,1.0,121.8,176.8,39.0,129.2,114.33333333333331,75.66666666666667,5.6,6.45,3.0,b'W',30.0,2.0,b'W',30.0,840.0,True
133109.0,69.0,2.0,52.7,150.8,23.2,78.7,131.66666666666666,62.333333333333336,5.5,1.32,7.0,b'W',10.0,3.0,b'W',10.0,600.0,True
133111.0,61.0,2.0,109.3,159.7,42.9,138.5,143.66666666666666,98.0,10.3,26.12,4.0,b'W',45.0,5.397605346934028e-79,b'',,480.0,True
133112.0,37.0,1.0,97.1,179.8,30.0,96.2,109.33333333333331,74.33333333333333,4.9,0.49,1.0,b'D',180.0,1.0,b'D',60.0,240.0,True
133113.0,37.0,2.0,119.4,174.5,39.2,128.7,112.66666666666669,76.33333333333333,5.3,2.92,,b'',,5.397605346934028e-79,b'',,600.0,True
133114.0,69.0,1.0,84.5,176.5,27.1,100.2,131.33333333333334,80.0,5.5,1.13,5.397605346934028e-79,b'',,5.397605346934028e-79,b'',,720.0,True
133115.0,43.0,2.0,73.2,161.1,28.2,97.9,120.33333333333331,71.0,4.9,2.07,2.0,b'W',40.0,5.397605346934028e-79,b'',,600.0,True
133116.0,53.0,1.0,67.7,171.8,22.9,83.7,117.0,67.33333333333333,4.7,1.54,1.0,b'W',120.0,1.0,b'M',60.0,60.0,True
133117.0,12.0,2.0,39.2,141.1,19.7,67.5,99.66666666666669,70.33333333333333,4.9,0.21,,,,,,,,True
133118.0,12.0,2.0,65.7,159.7,25.8,88.6,100.66666666666669,68.0,5.4,0.68,,,,,,,,True
133123.0,80.0,1.0,86.9,173.3,28.9,110.4,148.66666666666666,93.33333333333331,5.6,1.16,5.0,b'W',25.0,5.397605346934028e-79,b'',,300.0,True
133124.0,1.0,2.0,10.0,,,,,,,0.11,,,,,,,,True
133125.0,40.0,1.0,112.0,182.5,33.6,110.0,144.33333333333334,95.33333333333331,6.0,0.99,3.0,b'W',60.0,3.0,b'W',30.0,300.0,True
133127.0,21.0,2.0,82.1,170.7,28.2,83.0,104.33333333333331,64.33333333333333,5.1,0.68,6.0,b'W',20.0,6.0,b'W',60.0,360.0,True
133129.0,80.0,2.0,76.0,150.0,33.8,98.2,150.66666666666666,87.0,5.2,0.44,5.397605346934028e-79,b'',,5.397605346934028e-79,b'',,120.0,True
133130.0,61.0,2.0,52.1,155.5,21.5,84.3,118.66666666666669,68.0,5.7,1.31,5.397605346934028e-79,b'',,5.397605346934028e-79,b'',,720.0,True
133131.0,55.0,2.0,60.0,164.2,22.3,77.9,108.0,69.33333333333333,5.6,5.14,6.0,b'W',60.0,2.0,b'W',30.0,120.0,True
133133.0,32.0,1.0,124.5,175.0,40.7,120.5,127.33333333333331,92.0,5.2,1.87,3.0,b'W',60.0,3.0,b'W',45.0,360.0,True
133134.0,28.0,1.0,96.3,179.4,29.9,110.9,115.33333333333331,75.0,5.2,0.94,1.0,b'W',60.0,2.0,b'M',60.0,960.0,True
133135.0,61.0,1.0,104.6,179.2,32.6,108.0,132.0,75.66666666666667,6.3,9.45,,b'',,5.397605346934028e-79,b'',,60.0,True
133138.0,9.0,2.0,29.5,133.8,16.5,59.5,109.33333333333331,60.333333333333336,,0.23,,,,,,,,True
133139.0,80.0,1.0,81.7,169.1,28.6,104.4,123.66666666666669,71.0,5.2,0.78,5.397605346934028e-79,b'',,5.397605346934028e-79,b'',,360.0,True
133140.0,52.0,2.0,69.7,162.7,26.3,99.0,120.33333333333331,72.66666666666667,5.4,1.24,4.0,b'W',30.0,2.0,b'W',20.0,240.0,True
133143.0,31.0,2.0,79.1,169.2,27.6,93.2,116.0,81.33333333333333,5.2,0.46,5.397605346934028e-79,b'',,5.397605346934028e-79,b'',,360.0,True
133144.0,46.0,1.0,103.4,178.7,32.4,115.3,116.0,72.0,5.2,0.62,1.0,b'W',40.0,5.0,b'W',60.0,600.0,True
133147.0,67.0,2.0,73.7,163.0,27.7,96.9,123.66666666666669,76.33333333333333,5.6,4.16,4.0,b'W',60.0,5.397605346934028e-79,b'',,120.0,True
133150.0,24.0,2.0,71.3,167.4,25.4,86.9,100.0,66.33333333333333,5.6,2.77,2.0,b'D',45.0,2.0,b'W',30.0,240.0,True
133151.0,80.0,2.0,52.7,152.1,22.8,91.4,159.0,60.0,5.6,0.52,1.0,b'W',15.0,5.397605346934028e-79,b'',,300.0,True
133152.0,17.0,1.0,67.4,168.5,23.7,78.3,113.66666666666669,64.33333333333333,5.4,0.11,,,,,,,,True
133153.0,24.0,1.0,75.7,182.8,22.7,87.7,110.33333333333331,68.66666666666667,5.2,0.23,4.0,b'W',120.0,4.0,b'W',60.0,240.0,True
133156.0,71.0,1.0,94.7,167.1,33.9,116.3,125.66666666666669,83.0,6.7,34.01,3.0,b'W',30.0,1.0,b'D',90.0,600.0,True
133159.0,63.0,2.0,68.7,161.3,26.4,88.5,108.66666666666669,67.33333333333333,6.2,0.22,6.0,b'W',60.0,5.397605346934028e-79,b'',,120.0,True
133160.0,75.0,1.0,100.2,183.4,29.8,116.8,131.33333333333334,74.0,8.2,2.88,1.0,b'W',60.0,5.397605346934028e-79,b'',,660.0,True
133161.0,51.0,2.0,65.2,162.8,24.6,94.7,116.0,67.33333333333333,5.7,1.21,5.0,b'W',15.0,5.397605346934028e-79,b'',,480.0,True
133164.0,8.0,2.0,44.4,132.2,25.4,82.8,85.0,56.0,,3.2,,,,,,,,True
133167.0,43.0,1.0,131.4,176.0,42.4,134.6,124.66666666666669,86.66666666666667,6.2,1.72,2.0,b'W',30.0,2.0,b'M',30.0,720.0,True
133169.0,48.0,2.0,66.2,164.3,24.5,86.5,112.33333333333331,72.0,5.1,0.36,7.0,b'W',90.0,2.0,b'W',20.0,300.0,True
133170.0,67.0,2.0,72.4,160.4,28.1,92.8,133.66666666666666,65.0,7.3,3.8,5.0,b'W',60.0,2.0,b'W',20.0,360.0,True
133171.0,55.0,1.0,99.0,175.4,32.2,115.0,122.0,78.66666666666667,6.2,2.11,1.0,b'W',30.0,5.397605346934028e-79,b'',,480.0,True
133172.0,60.0,1.0,114.1,189.5,31.8,126.0,109.33333333333331,61.0,6.0,3.33,5.397605346934028e-79,b'',,5.397605346934028e-79,b'',,180.0,True
133174.0,39.0,1.0,73.5,175.6,23.8,87.6,118.66666666666669,69.66666666666667,5.2,2.91,4.0,b'W',60.0,5.397605346934028e-79,b'',,120.0,True
133177.0,63.0,1.0,72.1,164.9,26.5,90.5,104.0,62.333333333333336,5.4,0.5,3.0,b'W',60.0,3.0,b'W',30.0,120.0,True
133178.0,80.0,2.0,65.6,156.2,26.9,108.3,150.66666666666666,94.66666666666669,5.7,3.57,4.0,b'W',20.0,5.397605346934028e-79,b'',,240.0,True
133179.0,45.0,1.0,86.5,174.5,28.4,97.5,108.33333333333331,64.66666666666667,5.7,0.8,1.0,b'D',15.0,3.0,b'Y',120.0,240.0,True
133180.0,11.0,1.0,53.7,146.8,24.9,83.5,108.33333333333331,64.33333333333333,,0.88,,,,,,,,True
133182.0,37.0,1.0,128.2,193.7,34.2,123.2,114.0,82.66666666666667,5.3,3.48,3.0,b'W',30.0,1.0,b'M',60.0,600.0,True
133183.0,66.0,2.0,93.0,159.5,36.6,,122.0,84.33333333333333,6.2,7.46,5.397605346934028e-79,b'',,5.397605346934028e-79,b'',,420.0,True
133184.0,56.0,1.0,90.1,179.7,27.9,110.0,139.66666666666666,101.33333333333331,5.2,0.58,5.397605346934028e-79,b'',,5.397605346934028e-79,b'',,360.0,True
133185.0,69.0,1.0,80.4,175.4,26.1,98.2,137.66666666666666,75.33333333333333,5.5,2.27,2.0,b'M',45.0,2.0,b'M',45.0,240.0,True
133188.0,80.0,2.0,75.2,155.6,31.1,118.3,199.0,83.33333333333333,6.7,5.86,7.0,b'W',6.0,5.397605346934028e-79,b'',,300.0,True
133191.0,58.0,2.0,109.9,167.2,39.3,134.0,149.66666666666666,76.0,6.9,0.22,2.0,b'W',20.0,5.397605346934028e-79,b'',,360.0,True
133192.0,68.0,2.0,72.8,163.1,27.4,96.1,127.66666666666669,70.33333333333333,7.4,1.73,5.0,b'W',300.0,5.397605346934028e-79,b'',,480.0,True
133193.0,70.0,1.0,65.1,174.4,21.4,84.1,120.66666666666669,70.66666666666667,5.2,1.79,5.397605346934028e-79,b'',,5.397605346934028e-79,b'',,300.0,True
133194.0,32.0,2.0,65.8,151.7,28.6,90.5,111.66666666666669,70.33333333333333,5.6,9.35,3.0,b'W',60.0,4.0,b'W',120.0,360.0,True
133197.0,15.0,1.0,85.8,158.5,34.2,93.6,118.33333333333331,76.0,5.4,1.77,,,,,,,,True
133198.0,19.0,2.0,74.9,165.9,27.2,84.5,96.66666666666669,68.0,5.2,0.29,5.0,b'W',20.0,5.397605346934028e-79,b'',,540.0,True
133202.0,30.0,1.0,99.8,192.4,27.0,,113.66666666666669,70.0,5.0,5.6,3.0,b'W',45.0,5.397605346934028e-79,b'',,360.0,True
133206.0,69.0,2.0,57.4,154.3,24.1,82.9,112.0,65.0,5.5,0.99,1.0,b'D',30.0,5.397605346934028e-79,b'',,360.0,True
133208.0,57.0,1.0,99.8,169.6,34.7,112.7,125.66666666666669,81.33333333333333,6.7,1.86,4.0,b'M',30.0,30.0,b'Y',30.0,300.0,True
133209.0,66.0,2.0,57.7,160.2,22.5,81.4,98.66666666666669,68.33333333333333,5.3,1.61,1.0,b'D',60.0,5.397605346934028e-79,b'',,360.0,True
133211.0,58.0,1.0,93.2,187.4,26.5,100.5,123.0,90.33333333333331,5.6,1.42,5.0,b'W',30.0,3.0,b'W',40.0,120.0,True
133212.0,58.0,2.0,61.7,171.0,21.1,81.0,118.0,72.0,5.5,0.11,1.0,b'D',180.0,3.0,b'W',5.0,60.0,True
133214.0,11.0,1.0,58.8,150.6,25.9,83.5,105.0,61.333333333333336,,1.73,,,,,,,,True
133215.0,76.0,1.0,66.1,171.6,22.4,87.5,123.0,77.0,6.0,1.06,5.0,b'W',6.0,5.397605346934028e-79,b'',,720.0,True
133216.0,51.0,2.0,98.0,165.6,35.7,110.3,143.33333333333334,102.0,6.2,1.84,5.397605346934028e-79,b'',,5.397605346934028e-79,b'',,720.0,True
133218.0,65.0,1.0,78.7,178.3,24.8,93.7,134.0,80.0,6.2,5.94,5.0,b'W',120.0,2.0,b'W',30.0,480.0,True
133221.0,74.0,1.0,96.1,176.0,31.0,117.2,138.0,66.66666666666667,5.6,2.45,1.0,b'W',30.0,5.397605346934028e-79,b'',,300.0,True
133222.0,46.0,2.0,59.0,153.3,25.1,87.8,104.66666666666669,61.0,5.6,1.83,2.0,b'D',20.0,2.0,b'W',20.0,120.0,True
133223.0,32.0,2.0,65.2,153.3,27.7,87.7,102.33333333333331,65.0,5.5,0.4,3.0,b'W',1.0,5.397605346934028e-79,b'',,120.0,True
133224.0,73.0,2.0,76.9,164.9,28.3,98.5,144.0,79.0,5.4,5.25,2.0,b'W',30.0,2.0,b'W',30.0,240.0,True
133225.0,58.0,2.0,85.5,159.8,33.5,110.0,,,7.5,10.71,5.397605346934028e-79,b'',,5.397605346934028e-79,b'',,240.0,True
133226.0,19.0,2.0,,,,,,,4.7,1.35,3.0,b'W',45.0,1.0,b'W',45.0,300.0,True
133229.0,32.0,2.0,48.7,161.4,18.7,,100.66666666666669,63.66666666666666,4.9,0.11,7.0,b'W',30.0,5.0,b'W',15.0,720.0,True
133230.0,44.0,1.0,77.4,171.9,26.2,91.0,106.33333333333331,54.66666666666666,4.7,0.54,4.0,b'W',60.0,5.0,b'W',120.0,180.0,True
133231.0,19.0,2.0,43.8,157.9,17.6,67.2,100.66666666666669,47.333333333333336,5.2,0.18,1.0,b'D',300.0,5.397605346934028e-79,b'',,360.0,True
133233.0,65.0,2.0,69.9,150.9,30.7,,139.33333333333334,78.66666666666667,5.9,0.64,5.397605346934028e-79,b'',,5.397605346934028e-79,b'',,240.0,True
133235.0,36.0,1.0,78.0,179.3,24.3,92.5,119.0,68.66666666666667,4.9,0.57,1.0,b'W',15.0,5.397605346934028e-79,b'',,360.0,True
133236.0,60.0,1.0,84.9,183.7,25.2,96.6,127.0,87.33333333333333,5.3,2.15,3.0,b'W',60.0,1.0,b'W',20.0,240.0,True
133238.0,19.0,1.0,68.0,170.6,23.4,80.7,112.33333333333331,64.33333333333333,5.4,3.08,3.0,b'W',180.0,1.0,b'W',120.0,540.0,True
133241.0,14.0,1.0,88.0,178.6,27.6,87.0,124.0,80.33333333333333,4.7,2.46,,,,,,,,True
133242.0,11.0,1.0,42.1,152.8,18.0,69.9,106.33333333333331,58.333333333333336,,2.38,,,,,,,,True
133243.0,44.0,2.0,58.9,161.3,22.6,81.7,115.0,77.66666666666667,5.6,3.01,2.0,b'W',45.0,2.0,b'W',45.0,480.0,True
133246.0,62.0,2.0,66.8,164.0,24.8,90.1,138.0,92.0,5.2,0.58,5.0,b'W',30.0,4.0,b'W',60.0,540.0,True
133249.0,41.0,1.0,86.1,183.3,25.6,83.1,103.66666666666669,64.0,5.7,7.75,5.0,b'W',1.0,5.0,b'W',60.0,480.0,True
133250.0,57.0,2.0,85.1,165.4,31.1,106.2,103.0,65.33333333333333,5.4,5.99,2.0,b'W',30.0,1.0,b'W',15.0,300.0,True
133251.0,68.0,1.0,76.0,180.2,23.4,87.4,113.33333333333331,63.66666666666666,5.6,0.26,2.0,b'D',30.0,1.0,b'M',30.0,180.0,True
133253.0,16.0,2.0,65.6,157.1,26.6,89.8,100.0,64.0,5.3,1.07,,,,,,,,True
133255.0,52.0,1.0,81.2,178.1,25.6,93.2,142.33333333333334,89.0,5.6,1.41,3.0,b'W',60.0,2.0,b'W',60.0,360.0,True
133259.0,11.0,2.0,48.7,149.2,21.9,73.3,95.33333333333331,57.0,,0.53,,,,,,,,True
133261.0,79.0,2.0,72.0,161.2,27.7,95.6,114.33333333333331,71.0,5.4,2.96,7.0,b'W',120.0,3.0,b'M',60.0,540.0,True
133262.0,21.0,2.0,63.0,167.1,22.6,79.9,123.33333333333331,63.333333333333336,5.3,1.19,4.0,b'W',30.0,1.0,b'W',60.0,480.0,True
133263.0,34.0,1.0,161.7,181.0,49.4,152.2,125.66666666666669,99.0,5.4,7.03,2.0,b'M',60.0,5.397605346934028e-79,b'',,600.0,True
133265.0,55.0,1.0,138.8,184.2,40.9,127.0,112.33333333333331,75.66666666666667,5.8,2.95,5.397605346934028e-79,b'',,5.397605346934028e-79,b'',,720.0,True
133267.0,12.0,2.0,70.7,166.6,25.5,93.8,100.33333333333331,71.0,5.2,0.68,,,,,,,,True
133268.0,17.0,1.0,56.4,159.7,22.1,76.7,105.66666666666669,65.66666666666667,5.1,0.57,,,,,,,,True
133270.0,60.0,1.0,121.9,175.2,39.7,124.8,162.66666666666666,90.66666666666669,5.9,0.71,2.0,b'M',60.0,1.0,b'M',30.0,240.0,True
133271.0,80.0,2.0,66.1,161.7,25.3,96.3,113.0,60.333333333333336,6.6,0.97,5.397605346934028e-79,b'',,5.397605346934028e-79,b'',,240.0,True
133273.0,59.0,2.0,100.5,168.3,35.5,113.9,110.66666666666669,63.333333333333336,5.7,2.67,5.397605346934028e-79,b'',,5.397605346934028e-79,b'',,600.0,True
133277.0,60.0,2.0,72.5,162.7,27.4,93.5,106.66666666666669,68.33333333333333,5.3,6.41,1.0,b'D',90.0,1.0,b'D',30.0,300.0,True
133278.0,80.0,2.0,60.9,146.8,28.3,95.8,127.33333333333331,69.33333333333333,5.7,0.74,5.397605346934028e-79,b'',,5.397605346934028e-79,b'',,600.0,True
133279.0,54.0,1.0,85.8,163.0,32.3,105.9,143.0,92.66666666666669,6.2,2.4,5.397605346934028e-79,b'',,5.397605346934028e-79,b'',,300.0,True
133282.0,13.0,1.0,46.7,162.4,17.7,66.8,96.66666666666669,59.66666666666666,5.4,0.11,,,,,,,,True
133283.0,73.0,2.0,48.6,154.1,20.5,77.0,111.33333333333331,68.33333333333333,5.9,0.34,6.0,b'W',60.0,5.397605346934028e-79,b'',,300.0,True
133284.0,36.0,2.0,130.4,168.9,45.7,126.1,132.66666666666666,94.0,7.0,37.75,2.0,b'W',45.0,1.0,b'W',30.0,120.0,True
133285.0,15.0,2.0,76.2,169.3,26.6,87.6,93.66666666666669,59.0,5.0,1.03,,,,,,,,True
133287.0,71.0,1.0,115.3,180.1,35.5,126.5,106.66666666666669,59.0,6.1,3.69,5.397605346934028e-79,b'',,5.397605346934028e-79,b'',,480.0,True
133289.0,28.0,2.0,67.5,167.3,24.1,91.1,107.33333333333331,75.33333333333333,5.4,0.59,1.0,b'D',120.0,3.0,b'W',45.0,60.0,True
133291.0,68.0,1.0,103.0,184.0,30.4,116.8,126.66666666666669,76.0,5.9,3.43,7.0,b'W',60.0,1.0,b'M',15.0,600.0,True
133293.0,68.0,1.0,101.6,170.9,34.8,124.3,120.66666666666669,66.0,5.0,1.97,1.0,b'W',60.0,5.397605346934028e-79,b'',,720.0,True
133295.0,15.0,1.0,78.6,171.5,26.7,90.3,103.66666666666669,64.33333333333333,5.8,2.67,,,,,,,,True
133298.0,42.0,2.0,59.4,158.8,23.6,76.8,117.33333333333331,84.0,4.9,1.75,3.0,b'W',60.0,1.0,b'W',60.0,180.0,True
133299.0,57.0,2.0,63.7,161.8,24.3,96.5,102.0,61.66666666666666,5.7,4.82,15.0,b'W',30.0,5.397605346934028e-79,b'',,360.0,True
133300.0,54.0,1.0,82.2,182.2,24.8,93.9,135.33333333333334,78.0,5.2,0.46,6.0,b'W',60.0,1.0,b'W',15.0,300.0,True
133302.0,66.0,2.0,58.5,164.2,21.7,86.6,124.33333333333331,73.0,5.6,1.42,5.397605346934028e-79,b'',,5.397605346934028e-79,b'',,360.0,True
133303.0,71.0,2.0,68.2,154.9,28.4,94.0,107.33333333333331,74.33333333333333,5.8,0.86,1.0,b'W',60.0,5.397605346934028e-79,b'',,600.0,True
133305.0,39.0,2.0,71.0,166.0,25.8,86.6,107.66666666666669,70.33333333333333,5.0,0.63,5.0,b'W',60.0,3.0,b'W',60.0,120.0,True
133310.0,63.0,2.0,76.8,151.3,33.5,107.7,100.0,50.0,8.5,16.25,7.0,b'W',20.0,5.397605346934028e-79,b'',,360.0,True
133311.0,40.0,1.0,56.4,168.5,19.9,76.7,108.0,67.33333333333333,5.2,0.39,5.0,b'W',30.0,3.0,b'W',30.0,360.0,True
133312.0,12.0,2.0,61.2,156.9,24.9,79.5,114.33333333333331,65.0,5.0,0.11,,,,,,,,True
133314.0,34.0,1.0,80.0,177.2,25.5,96.8,133.33333333333334,94.66666666666669,5.3,1.2,5.397605346934028e-79,b'',,5.397605346934028e-79,b'',,9999.0,True
133315.0,76.0,1.0,83.2,193.8,22.2,88.2,101.66666666666669,61.333333333333336,5.7,0.61,1.0,b'D',90.0,5.0,b'W',45.0,240.0,True
133316.0,61.0,2.0,102.3,154.3,43.0,122.3,119.0,86.0,6.5,4.77,5.397605346934028e-79,b'',,5.397605346934028e-79,b'',,360.0,True
133317.0,41.0,1.0,85.0,183.5,25.2,92.6,138.66666666666666,90.66666666666669,6.0,2.73,6.0,b'W',30.0,2.0,b'W',15.0,240.0,True
133318.0,63.0,1.0,64.7,165.1,23.7,89.5,115.0,65.33333333333333,5.3,0.52,5.397605346934028e-79,b'',,5.397605346934028e-79,b'',,360.0,True
133319.0,8.0,1.0,29.5,133.2,16.6,60.2,92.33333333333331,54.333333333333336,,0.31,,,,,,,,True
133320.0,47.0,1.0,115.7,188.0,32.7,109.6,135.33333333333334,82.0,5.0,0.59,6.0,b'W',60.0,1.0,b'W',20.0,300.0,True
133322.0,80.0,2.0,,,,,,,6.8,1.87,5.397605346934028e-79,b'',,5.397605346934028e-79,b'',,480.0,True
133324.0,63.0,2.0,55.9,156.5,22.8,81.0,115.33333333333331,64.0,6.3,0.58,5.397605346934028e-79,b'',,5.397605346934028e-79,b'',,240.0,True
133325.0,40.0,1.0,98.3,185.5,28.6,100.3,124.33333333333331,74.0,5.1,0.62,3.0,b'W',45.0,5.397605346934028e-79,b'',,360.0,True
133329.0,55.0,1.0,97.8,180.7,30.0,111.2,112.66666666666669,75.66666666666667,5.6,1.83,2.0,b'W',10.0,6.0,b'Y',2.0,480.0,True
133330.0,16.0,2.0,72.1,152.2,31.1,97.7,104.0,67.0,5.4,1.77,,,,,,,,True
133334.0,75.0,1.0,90.4,167.8,32.1,109.2,103.0,66.66666666666667,5.8,1.12,5.397605346934028e-79,b'',,5.397605346934028e-79,b'',,240.0,True
133335.0,15.0,2.0,48.2,166.1,17.5,67.3,95.0,60.0,5.6,0.54,,,,,,,,True
133336.0,63.0,2.0,98.4,156.6,40.1,113.0,128.66666666666666,61.0,5.5,2.8,2.0,b'W',30.0,2.0,b'Y',15.0,720.0,True
133337.0,49.0,2.0,65.8,151.3,28.7,88.0,123.33333333333331,81.66666666666667,5.5,2.03,5.0,b'W',20.0,2.0,b'W',30.0,240.0,True
133338.0,42.0,1.0,55.8,152.7,23.9,83.2,104.33333333333331,68.33333333333333,5.4,1.3,4.0,b'W',30.0,2.0,b'W',20.0,120.0,True
133340.0,80.0,2.0,60.3,162.6,22.8,84.0,129.66666666666666,72.0,5.9,2.62,6.0,b'W',20.0,5.397605346934028e-79,b'',,240.0,True
133341.0,9.0,2.0,27.9,138.7,14.5,55.6,86.33333333333333,50.333333333333336,,0.22,,,,,,,,True
133342.0,46.0,2.0,87.4,166.6,31.5,102.1,122.33333333333331,90.0,5.6,14.44,2.0,b'W',30.0,5.0,b'W',20.0,720.0,True
133343.0,59.0,1.0,82.0,169.2,28.6,101.9,128.0,81.0,6.3,0.34,3.0,b'W',45.0,3.0,b'W',30.0,120.0,True
133346.0,51.0,2.0,123.8,153.5,52.5,,131.0,84.33333333333333,5.8,6.43,5.397605346934028e-79,b'',,5.397605346934028e-79,b'',,300.0,True
133348.0,47.0,1.0,141.2,184.7,41.4,142.9,116.33333333333331,74.66666666666667,6.5,10.33,5.397605346934028e-79,b'',,5.397605346934028e-79,b'',,240.0,True
133350.0,67.0,1.0,74.7,171.8,25.3,99.3,126.33333333333331,72.0,5.6,0.24,5.0,b'W',30.0,1.0,b'W',20.0,300.0,True
133352.0,22.0,1.0,128.5,175.8,41.6,131.7,103.0,69.33333333333333,5.0,3.45,2.0,b'Y',120.0,2.0,b'Y',120.0,300.0,True
133353.0,15.0,2.0,44.1,156.1,18.1,67.7,96.33333333333331,62.66666666666666,5.1,0.18,,,,,,,,True
133356.0,77.0,2.0,92.6,152.7,39.7,112.6,149.66666666666666,53.0,7.5,5.18,5.397605346934028e-79,b'',,5.397605346934028e-79,b'',,180.0,True
133357.0,77.0,1.0,96.4,176.5,30.9,114.6,141.0,81.66666666666667,5.2,2.06,2.0,b'W',30.0,5.397605346934028e-79,b'',,240.0,True
133358.0,80.0,2.0,67.7,161.6,25.9,92.8,150.0,79.33333333333333,5.2,1.17,2.0,b'W',30.0,5.397605346934028e-79,b'',,480.0,True
133360.0,55.0,2.0,51.5,161.4,19.8,83.8,114.66666666666669,70.0,5.1,0.46,3.0,b'W',45.0,3.0,b'W',90.0,360.0,True
133366.0,69.0,2.0,94.7,171.5,32.2,117.6,134.66666666666666,79.0,5.5,3.54,5.0,b'W',60.0,5.397605346934028e-79,b'',,360.0,True
133368.0,17.0,1.0,71.7,171.8,24.3,81.9,120.33333333333331,63.66666666666666,5.1,4.81,,,,,,,,True
133369.0,63.0,2.0,54.1,162.6,20.5,77.2,99.0,64.33333333333333,5.9,1.04,4.0,b'M',15.0,1.0,b'W',180.0,300.0,True
133370.0,26.0,2.0,59.2,164.7,21.8,82.0,105.33333333333331,59.66666666666666,5.0,9.93,1.0,b'W',30.0,5.397605346934028e-79,b'',,600.0,True
133373.0,24.0,2.0,57.7,170.8,19.8,74.5,91.0,51.0,5.0,0.67,4.0,b'W',90.0,2.0,b'W',30.0,180.0,True
133374.0,80.0,1.0,,160.9,,,,,7.1,9.29,6.0,b'W',20.0,5.397605346934028e-79,b'',,420.0,True
133375.0,7.0,2.0,28.6,121.8,19.3,68.9,,,,0.52,,,,,,,,True
133378.0,18.0,2.0,73.2,162.3,27.8,92.5,117.66666666666669,75.66666666666667,5.0,9.45,6.0,b'W',20.0,4.0,b'W',40.0,300.0,True
133379.0,71.0,2.0,46.4,157.5,18.7,71.6,132.0,72.66666666666667,5.8,1.2,7.0,b'W',240.0,3.0,b'W',60.0,360.0,True
133380.0,69.0,2.0,64.9,152.7,27.8,99.0,142.66666666666666,76.33333333333333,5.6,0.54,5.397605346934028e-79,b'',,5.397605346934028e-79,b'',,480.0,True
133382.0,66.0,2.0,73.3,164.7,27.0,90.1,95.0,63.333333333333336,5.7,6.22,6.0,b'W',30.0,4.0,b'M',30.0,360.0,True
133383.0,13.0,2.0,60.3,164.5,22.3,75.0,95.0,47.66666666666666,5.4,0.32,,,,,,,,True
133386.0,58.0,2.0,61.5,159.4,24.2,86.8,146.66666666666666,95.0,5.4,5.7,2.0,b'W',60.0,2.0,b'W',60.0,60.0,True
133388.0,32.0,1.0,92.3,183.6,27.4,100.7,109.66666666666669,74.0,5.1,0.34,5.397605346934028e-79,b'',,5.397605346934028e-79,b'',,480.0,True
133389.0,70.0,1.0,73.8,174.4,24.3,96.0,140.33333333333334,87.33333333333333,5.3,2.78,3.0,b'W',45.0,5.397605346934028e-79,b'',,480.0,True
133390.0,49.0,2.0,106.6,166.4,38.5,114.0,119.66666666666669,76.66666666666667,5.5,3.71,5.0,b'W',45.0,5.397605346934028e-79,b'',,240.0,True
133393.0,45.0,1.0,77.9,180.2,24.0,91.0,108.66666666666669,67.33333333333333,5.6,0.72,1.0,b'M',60.0,5.397605346934028e-79,b'',,480.0,True
133395.0,57.0,2.0,83.0,164.1,30.8,103.8,108.66666666666669,65.66666666666667,5.6,5.47,2.0,b'W',20.0,5.397605346934028e-79,b'',,540.0,True
133396.0,48.0,2.0,89.3,174.0,29.5,105.2,115.33333333333331,78.66666666666667,5.3,2.0,2.0,b'W',30.0,5.397605346934028e-79,b'',,540.0,True
133398.0,18.0,1.0,79.5,169.2,27.8,92.3,104.66666666666669,56.333333333333336,5.4,3.75,2.0,b'W',90.0,2.0,b'W',30.0,240.0,True
133399.0,58.0,2.0,65.9,163.3,24.7,77.0,119.66666666666669,82.0,5.7,2.44,2.0,b'W',50.0,5.397605346934028e-79,b'',,600.0,True
133400.0,19.0,2.0,82.1,160.1,32.0,92.1,108.33333333333331,64.33333333333333,5.5,0.64,5.0,b'W',30.0,2.0,b'W',60.0,480.0,True
133401.0,59.0,1.0,94.0,176.1,30.3,102.4,122.66666666666669,90.66666666666669,5.1,0.76,3.0,b'W',60.0,2.0,b'W',60.0,360.0,True
133402.0,51.0,2.0,80.2,153.5,34.0,107.2,126.0,63.333333333333336,6.3,6.07,5.397605346934028e-79,b'',,5.397605346934028e-79,b'',,120.0,True
133403.0,9.0,2.0,29.5,132.3,16.9,59.9,96.0,59.0,,0.43,,,,,,,,True
133406.0,39.0,2.0,71.8,164.9,26.4,88.4,103.0,69.0,4.9,0.47,7.0,b'W',40.0,5.0,b'W',40.0,240.0,True
133407.0,5.0,2.0,23.1,115.1,17.4,59.4,,,,0.3,,,,,,,,True
133411.0,13.0,1.0,38.0,156.0,15.6,61.9,106.66666666666669,66.66666666666667,5.4,0.15,,,,,,,,True
133413.0,18.0,2.0,60.1,169.3,21.0,75.2,116.33333333333331,75.0,5.4,0.5,5.0,b'W',60.0,2.0,b'W',30.0,300.0,True
133414.0,45.0,2.0,153.8,175.1,50.2,147.4,123.0,83.33333333333333,5.3,4.65,2.0,b'W',15.0,5.397605346934028e-79,b'',,540.0,True
133418.0,36.0,2.0,82.3,155.1,34.2,101.3,105.33333333333331,74.33333333333333,5.2,4.31,3.0,b'W',30.0,5.397605346934028e-79,b'',,360.0,True
133421.0,29.0,2.0,72.7,156.2,29.8,106.0,112.0,66.0,4.7,5.58,5.0,b'W',90.0,1.0,b'W',120.0,240.0,True
133422.0,37.0,1.0,104.7,179.7,32.4,108.1,144.0,88.33333333333333,5.1,7.92,1.0,b'D',30.0,1.0,b'W',60.0,180.0,True
133424.0,5.0,2.0,26.4,119.0,18.6,61.2,,,,0.31,,,,,,,,True
133425.0,31.0,1.0,55.2,166.5,19.9,71.8,118.0,65.66666666666667,5.3,0.18,2.0,b'M',60.0,5.397605346934028e-79,b'',,300.0,True
133427.0,43.0,2.0,73.7,161.0,28.4,97.0,116.66666666666669,67.0,5.6,1.82,3.0,b'W',90.0,1.0,b'W',90.0,180.0,True
133428.0,71.0,2.0,80.2,149.2,36.0,119.8,121.0,64.0,10.4,56.96,5.397605346934028e-79,b'',,5.397605346934028e-79,b'',,480.0,True
133430.0,74.0,2.0,103.5,163.3,38.8,116.8,133.66666666666666,68.33333333333333,5.6,3.96,2.0,b'W',60.0,9999.0,b'',,600.0,True
133434.0,30.0,2.0,84.9,166.1,30.8,,113.0,77.66666666666667,5.4,0.98,1.0,b'W',45.0,5.397605346934028e-79,b'',,420.0,True
133438.0,32.0,1.0,94.2,183.5,28.0,98.7,112.66666666666669,70.66666666666667,5.3,2.43,5.397605346934028e-79,b'',,5.397605346934028e-79,b'',,60.0,True
133439.0,43.0,2.0,95.4,157.8,38.3,115.2,109.0,71.33333333333333,5.8,8.57,2.0,b'D',120.0,2.0,b'W',120.0,600.0,True
133440.0,43.0,1.0,78.5,176.8,25.1,84.0,135.0,82.66666666666667,5.1,0.93,4.0,b'W',90.0,4.0,b'W',90.0,180.0,True
133441.0,49.0,2.0,54.7,166.2,19.8,75.9,126.66666666666669,80.0,4.9,1.56,1.0,b'D',30.0,1.0,b'W',45.0,480.0,True
133442.0,14.0,1.0,56.4,161.6,21.6,74.4,125.0,66.0,5.6,0.45,,,,,,,,True
133444.0,17.0,2.0,48.4,163.6,18.1,66.8,100.33333333333331,70.0,5.2,0.67,,,,,,,,True
133448.0,56.0,1.0,85.2,175.5,27.7,91.9,129.66666666666666,80.33333333333333,4.9,0.47,3.0,b'D',30.0,2.0,b'W',40.0,240.0,True
133449.0,7.0,2.0,24.5,124.1,15.9,57.5,,,,0.57,,,,,,,,True
133451.0,48.0,1.0,86.5,176.0,27.9,101.5,112.33333333333331,72.33333333333333,5.6,1.99,4.0,b'W',60.0,4.0,b'W',60.0,180.0,True
133452.0,8.0,2.0,35.5,137.7,18.7,62.5,101.0,53.333333333333336,,0.92,,,,,,,,True
133453.0,43.0,1.0,109.6,179.8,33.9,109.5,138.33333333333334,85.33333333333333,5.1,1.45,4.0,b'W',60.0,4.0,b'M',60.0,360.0,True
133454.0,37.0,1.0,106.7,179.9,33.0,109.5,136.33333333333334,89.33333333333333,5.6,5.97,3.0,b'W',180.0,1.0,b'M',60.0,300.0,True
133457.0,39.0,2.0,78.6,153.4,33.4,97.6,138.0,88.0,5.6,7.93,5.0,b'W',60.0,5.397605346934028e-79,b'',,60.0,True
133459.0,77.0,1.0,80.3,164.7,29.6,106.9,133.33333333333334,72.66666666666667,5.9,1.81,1.0,b'D',60.0,5.397605346934028e-79,b'',,30.0,True
133461.0,67.0,2.0,51.0,149.8,22.7,82.5,113.66666666666669,66.33333333333333,5.1,1.19,2.0,b'M',20.0,5.397605346934028e-79,b'',,180.0,True
133465.0,68.0,2.0,67.9,152.3,29.3,93.7,154.0,73.66666666666667,5.8,1.34,5.397605346934028e-79,b'',,5.397605346934028e-79,b'',,180.0,True
133470.0,35.0,2.0,84.7,157.2,34.3,105.2,105.66666666666669,72.33333333333333,5.2,1.78,2.0,b'W',1.0,1.0,b'W',30.0,360.0,True
133471.0,9.0,2.0,39.1,129.6,23.3,74.9,93.0,56.333333333333336,,2.43,,,,,,,,True
133472.0,80.0,2.0,49.8,166.6,17.9,79.2,153.0,63.333333333333336,5.2,0.74,1.0,b'D',45.0,3.0,b'W',25.0,120.0,True
133474.0,65.0,2.0,107.6,159.6,42.2,125.8,132.66666666666666,79.0,6.0,4.9,1.0,b'M',60.0,1.0,b'M',60.0,600.0,True
133476.0,55.0,2.0,63.7,157.2,25.8,94.6,102.0,64.66666666666667,5.5,0.51,1.0,b'M',120.0,5.397605346934028e-79,b'',,360.0,True
133477.0,17.0,2.0,85.6,162.3,32.5,95.8,90.66666666666669,57.0,5.1,4.8,,,,,,,,True
133478.0,80.0,2.0,72.8,151.8,31.6,105.5,158.33333333333334,79.33333333333333,5.1,1.12,3.0,b'W',20.0,5.397605346934028e-79,b'',,240.0,True
133479.0,50.0,1.0,85.8,177.5,27.2,104.4,112.0,77.0,5.6,10.06,2.0,b'W',60.0,2.0,b'W',60.0,480.0,True
133480.0,50.0,1.0,124.0,194.5,32.8,115.2,144.66666666666666,101.0,5.7,1.23,3.0,b'W',120.0,5.397605346934028e-79,b'',,300.0,True
133481.0,29.0,1.0,90.4,172.0,30.6,96.9,118.66666666666669,78.0,5.4,2.21,2.0,b'W',30.0,4.0,b'W',60.0,480.0,True
133482.0,76.0,1.0,71.5,165.8,26.0,103.3,136.0,74.66666666666667,6.4,1.02,6.0,b'W',90.0,1.0,b'D',90.0,120.0,True
133484.0,74.0,1.0,93.7,175.4,30.5,,,,7.4,0.67,2.0,b'W',120.0,4.0,b'W',240.0,180.0,True
133486.0,19.0,1.0,63.9,167.4,22.8,84.3,122.66666666666669,67.0,5.2,1.32,2.0,b'W',60.0,2.0,b'W',60.0,360.0,True
133487.0,77.0,1.0,94.9,176.3,30.5,119.9,74.66666666666667,44.333333333333336,6.4,31.09,2.0,b'W',5.0,5.397605346934028e-79,b'',,480.0,True
133489.0,54.0,2.0,70.1,157.0,28.4,82.3,109.0,66.0,5.2,0.93,3.0,b'W',45.0,1.0,b'W',60.0,300.0,True
133490.0,64.0,1.0,88.1,188.7,24.7,93.6,135.0,75.33333333333333,5.9,5.8,7.0,b'W',120.0,1.0,b'M',180.0,240.0,True
133491.0,68.0,2.0,81.9,162.2,31.1,115.5,141.66666666666666,77.0,5.6,0.78,3.0,b'W',60.0,4.0,b'Y',180.0,360.0,True
133492.0,45.0,1.0,95.5,186.8,27.4,104.3,112.33333333333331,74.0,4.6,1.94,5.0,b'W',10.0,2.0,b'W',60.0,360.0,True
133494.0,43.0,2.0,70.0,167.4,25.0,86.6,109.33333333333331,70.0,5.5,1.04,2.0,b'M',25.0,5.397605346934028e-79,b'',,60.0,True
133496.0,25.0,1.0,76.7,175.3,25.0,87.3,100.66666666666669,67.33333333333333,5.4,0.55,1.0,b'D',90.0,2.0,b'W',45.0,300.0,True
133500.0,24.0,2.0,65.0,,,,120.33333333333331,78.33333333333333,5.1,1.02,2.0,b'W',60.0,5.397605346934028e-79,b'',,600.0,True
133501.0,6.0,1.0,17.2,113.5,13.4,51.6,,,,0.11,,,,,,,,True
133504.0,45.0,1.0,142.0,178.5,44.6,135.9,118.66666666666669,79.0,5.7,2.97,5.397605346934028e-79,b'',,5.397605346934028e-79,b'',,240.0,True
133506.0,79.0,1.0,62.8,153.2,26.8,97.2,134.66666666666666,73.66666666666667,5.6,1.55,4.0,b'D',60.0,2.0,b'D',40.0,60.0,True
133507.0,6.0,2.0,26.0,119.2,18.3,61.9,,,,0.72,,,,,,,,True
133508.0,50.0,1.0,78.9,164.5,29.2,101.1,113.0,71.0,5.9,1.95,5.0,b'W',60.0,1.0,b'W',60.0,300.0,True
133511.0,62.0,2.0,71.5,166.5,25.8,92.6,119.33333333333331,85.0,5.3,2.31,5.397605346934028e-79,b'',,5.397605346934028e-79,b'',,360.0,True
133513.0,71.0,2.0,80.6,155.5,33.3,105.7,100.66666666666669,62.66666666666666,6.3,1.94,3.0,b'W',20.0,5.397605346934028e-79,b'',,180.0,True
133515.0,52.0,1.0,80.3,184.9,23.5,89.5,129.0,80.0,5.3,0.58,2.0,b'W',60.0,2.0,b'W',60.0,300.0,True
133517.0,73.0,2.0,74.3,157.2,30.1,96.9,87.0,47.66666666666666,5.5,0.57,2.0,b'W',15.0,5.397605346934028e-79,b'',,240.0,True
133520.0,30.0,2.0,71.5,164.3,26.5,88.4,101.66666666666669,67.33333333333333,4.9,0.93,3.0,b'W',60.0,3.0,b'W',60.0,720.0,True
133522.0,80.0,1.0,,162.6,,,144.66666666666666,66.66666666666667,6.2,0.53,5.397605346934028e-79,b'',,5.397605346934028e-79,b'',,180.0,True
133523.0,14.0,2.0,24.7,131.3,14.3,,,,5.1,0.33,,,,,,,,True
133524.0,39.0,2.0,76.0,162.4,28.8,95.1,114.33333333333331,82.0,4.9,0.67,5.397605346934028e-79,b'',,5.397605346934028e-79,b'',,720.0,True
133525.0,59.0,2.0,59.4,156.2,24.3,80.4,111.33333333333331,73.66666666666667,5.5,2.49,1.0,b'W',240.0,5.397605346934028e-79,b'',,600.0,True
133526.0,58.0,2.0,64.2,154.1,27.0,91.1,129.33333333333334,77.66666666666667,5.9,5.06,3.0,b'W',300.0,5.397605346934028e-79,b'',,420.0,True
133529.0,62.0,1.0,82.8,168.7,29.1,105.2,115.33333333333331,75.33333333333333,3.8,3.07,5.0,b'W',60.0,5.0,b'W',120.0,60.0,True
133530.0,62.0,1.0,69.2,168.7,24.3,91.3,141.0,90.0,5.4,9.45,5.397605346934028e-79,b'',,5.397605346934028e-79,b'',,480.0,True
133531.0,68.0,2.0,91.4,154.8,38.1,116.6,118.33333333333331,82.66666666666667,5.3,0.92,3.0,b'M',10.0,5.397605346934028e-79,b'',,180.0,True
133532.0,63.0,1.0,102.2,177.3,32.5,117.4,89.33333333333333,55.333333333333336,10.2,0.88,3.0,b'D',30.0,1.0,b'W',30.0,1020.0,True
133533.0,56.0,1.0,108.5,179.6,33.6,120.8,134.66666666666666,89.0,5.3,1.04,5.397605346934028e-79,b'',,5.397605346934028e-79,b'',,300.0,True
133535.0,29.0,2.0,119.8,173.6,39.8,116.0,105.0,72.66666666666667,5.0,5.14,7.0,b'W',90.0,5.397605346934028e-79,b'',,240.0,True
133536.0,68.0,1.0,119.6,170.4,41.2,143.6,120.0,63.333333333333336,7.4,4.24,5.397605346934028e-79,b'',,5.397605346934028e-79,b'',,240.0,True
133537.0,50.0,2.0,82.9,163.1,31.2,99.5,106.66666666666669,75.0,5.2,1.01,5.0,b'W',60.0,3.0,b'W',60.0,360.0,True
133538.0,14.0,2.0,91.6,156.5,37.4,105.3,102.33333333333331,69.33333333333333,5.0,2.81,,,,,,,,True
133539.0,80.0,2.0,84.5,165.1,31.0,116.4,124.66666666666669,86.0,5.4,0.59,3.0,b'W',20.0,5.397605346934028e-79,b'',,240.0,True
133541.0,46.0,2.0,98.3,163.9,36.6,115.7,185.0,139.0,17.1,16.05,3.0,b'W',300.0,1.0,b'W',9999.0,480.0,True
133543.0,69.0,2.0,62.7,153.8,26.5,83.0,105.66666666666669,65.33333333333333,5.8,2.32,2.0,b'D',30.0,5.397605346934028e-79,b'',,120.0,True
133544.0,18.0,1.0,68.4,182.0,20.6,77.5,123.66666666666669,75.0,5.1,0.4,5.0,b'W',60.0,4.0,b'W',30.0,420.0,True
133545.0,80.0,2.0,83.9,154.9,35.0,111.1,129.66666666666666,61.66666666666666,5.4,3.47,2.0,b'W',60.0,5.397605346934028e-79,b'',,240.0,True
133546.0,11.0,2.0,37.1,149.9,16.5,63.0,100.0,56.333333333333336,,0.2,,,,,,,,True
133547.0,37.0,2.0,89.7,161.7,34.3,105.2,105.33333333333331,68.66666666666667,5.2,5.81,3.0,b'W',3.0,5.397605346934028e-79,b'',,540.0,True
133548.0,75.0,2.0,55.0,152.5,23.6,87.5,99.33333333333331,58.333333333333336,5.7,1.16,1.0,b'D',120.0,5.397605346934028e-79,b'',,300.0,True
133550.0,34.0,2.0,159.6,174.4,52.5,138.6,121.0,86.33333333333333,5.1,10.6,5.397605346934028e-79,b'',,5.397605346934028e-79,b'',,660.0,True
133551.0,49.0,2.0,124.2,164.8,45.7,131.0,127.0,86.66666666666667,5.9,3.62,5.397605346934028e-79,b'',,5.397605346934028e-79,b'',,300.0,True
133554.0,37.0,2.0,75.7,170.5,26.0,,94.66666666666669,54.0,5.3,0.6,2.0,b'W',45.0,5.397605346934028e-79,b'',,240.0,True
133555.0,58.0,2.0,63.1,167.1,22.6,88.2,106.0,57.66666666666666,5.8,0.97,3.0,b'W',60.0,3.0,b'W',45.0,540.0,True
133556.0,79.0,1.0,71.9,172.3,24.2,102.9,142.0,75.66666666666667,5.3,0.74,5.397605346934028e-79,b'',,5.397605346934028e-79,b'',,240.0,True
133558.0,66.0,1.0,122.6,186.4,35.3,130.5,142.66666666666666,72.0,6.9,2.9,1.0,b'W',5.0,5.397605346934028e-79,b'',,360.0,True
133559.0,38.0,1.0,109.0,181.8,33.0,113.7,127.0,82.33333333333333,10.4,2.51,2.0,b'Y',60.0,5.397605346934028e-79,b'',,360.0,True
133560.0,60.0,2.0,64.8,163.5,24.2,90.6,124.66666666666669,76.33333333333333,5.4,4.62,5.0,b'W',60.0,5.0,b'W',60.0,480.0,True
133563.0,80.0,1.0,75.6,169.4,26.3,95.6,129.33333333333334,66.33333333333333,5.5,1.55,5.0,b'W',30.0,5.397605346934028e-79,b'',,600.0,True
133565.0,19.0,1.0,71.6,180.9,21.9,75.1,118.0,69.0,5.1,0.96,1.0,b'D',120.0,1.0,b'D',120.0,240.0,True
133566.0,67.0,2.0,75.5,161.2,29.1,99.1,120.0,59.66666666666666,5.5,0.56,3.0,b'W',45.0,1.0,b'W',30.0,720.0,True
133567.0,80.0,1.0,79.3,174.2,26.1,107.3,113.0,51.333333333333336,7.0,0.8,3.0,b'W',60.0,5.397605346934028e-79,b'',,360.0,True
133569.0,69.0,2.0,91.9,154.4,38.5,118.7,106.66666666666669,63.333333333333336,5.9,2.15,1.0,b'M',30.0,1.0,b'Y',30.0,480.0,True
133570.0,29.0,1.0,106.6,176.1,34.4,113.8,109.33333333333331,73.0,4.9,3.65,4.0,b'W',90.0,2.0,b'W',60.0,300.0,True
133571.0,71.0,1.0,,170.4,,,167.0,69.0,6.1,0.78,5.397605346934028e-79,b'',,5.397605346934028e-79,b'',,960.0,True
133575.0,80.0,1.0,68.0,169.3,23.7,97.3,137.33333333333334,70.66666666666667,5.6,1.45,1.0,b'D',240.0,4.0,b'W',180.0,240.0,True
133576.0,40.0,1.0,90.3,184.8,26.4,91.9,107.0,72.33333333333333,5.3,0.65,2.0,b'W',60.0,2.0,b'W',60.0,240.0,True
133578.0,16.0,1.0,86.0,176.9,27.5,83.5,121.33333333333331,59.0,5.1,1.24,,,,,,,,True
133579.0,56.0,1.0,90.6,172.3,30.5,107.8,129.66666666666666,83.66666666666667,7.3,0.67,2.0,b'W',30.0,5.397605346934028e-79,b'',,720.0,True
133580.0,12.0,1.0,48.9,170.1,16.9,71.6,115.33333333333331,62.333333333333336,4.9,0.11,,,,,,,,True
133581.0,10.0,2.0,61.2,147.2,28.2,82.8,98.33333333333331,63.66666666666666,,0.56,,,,,,,,True
133582.0,75.0,1.0,111.9,185.5,32.5,118.5,136.66666666666666,82.33333333333333,6.3,0.91,1.0,b'D',60.0,5.397605346934028e-79,b'',,180.0,True
133583.0,64.0,2.0,72.6,156.6,29.6,99.4,114.66666666666669,72.33333333333333,6.2,3.42,5.0,b'W',60.0,2.0,b'W',60.0,300.0,True
133584.0,75.0,1.0,84.5,170.6,29.0,106.7,107.33333333333331,58.0,5.6,3.19,5.0,b'W',10.0,5.0,b'W',10.0,360.0,True
133586.0,17.0,2.0,70.3,153.5,29.8,91.0,98.66666666666669,65.0,5.3,1.36,,,,,,,,True
133588.0,38.0,1.0,86.0,184.7,25.2,92.4,114.66666666666669,74.33333333333333,5.4,1.31,1.0,b'D',45.0,3.0,b'W',60.0,420.0,True
133589.0,34.0,2.0,,,,,,,6.1,3.17,5.397605346934028e-79,b'',,5.397605346934028e-79,b'',,180.0,True
133590.0,62.0,2.0,79.0,165.9,28.7,99.7,127.33333333333331,71.33333333333333,5.5,1.03,3.0,b'W',15.0,1.0,b'W',5.0,120.0,True
133592.0,13.0,1.0,48.0,168.6,16.9,63.7,88.33333333333333,64.0,5.3,0.16,,,,,,,,True
133593.0,30.0,1.0,84.5,177.1,26.9,103.0,115.66666666666669,72.0,5.3,3.81,5.397605346934028e-79,b'',,5.397605346934028e-79,b'',,180.0,True
133595.0,12.0,2.0,63.4,160.5,24.6,76.7,102.0,60.0,5.5,0.19,,,,,,,,True
133596.0,57.0,1.0,102.1,183.4,30.4,114.8,119.0,81.33333333333333,5.7,1.14,4.0,b'W',20.0,5.0,b'W',30.0,360.0,True
133597.0,56.0,1.0,154.7,180.5,47.5,159.6,131.66666666666666,74.0,5.0,13.57,5.397605346934028e-79,b'',,5.397605346934028e-79,b'',,540.0,True
133598.0,62.0,2.0,70.3,166.6,25.3,93.0,122.33333333333331,70.33333333333333,5.3,1.85,1.0,b'W',40.0,5.397605346934028e-79,b'',,120.0,True
133602.0,69.0,1.0,78.5,182.5,23.6,100.7,113.0,64.66666666666667,8.9,5.6,7.0,b'W',30.0,5.397605346934028e-79,b'',,360.0,True
133603.0,64.0,1.0,77.8,170.0,26.9,95.9,150.0,97.66666666666669,5.6,1.77,2.0,b'W',60.0,5.397605346934028e-79,b'',,660.0,True
133607.0,5.0,1.0,22.2,117.4,16.1,55.4,,,,0.23,,,,,,,,True
133612.0,10.0,1.0,59.7,145.1,28.4,97.2,105.66666666666669,70.33333333333333,,14.45,,,,,,,,True
133613.0,39.0,2.0,98.7,171.4,33.6,129.6,111.0,81.66666666666667,7.6,3.15,3.0,b'W',120.0,5.397605346934028e-79,b'',,720.0,True
133615.0,54.0,1.0,78.0,163.6,29.1,96.0,123.66666666666669,76.66666666666667,10.3,4.9,1.0,b'D',20.0,1.0,b'D',10.0,35.0,True
133617.0,60.0,2.0,45.9,162.8,17.3,76.4,135.33333333333334,74.33333333333333,5.7,0.97,3.0,b'W',30.0,3.0,b'W',3.0,240.0,True
133620.0,14.0,1.0,88.1,168.1,31.2,95.5,100.66666666666669,62.0,5.6,1.48,,,,,,,,True
133621.0,72.0,2.0,69.5,157.5,28.0,93.0,124.0,72.33333333333333,5.0,0.62,4.0,b'W',120.0,5.397605346934028e-79,b'',,600.0,True
133622.0,54.0,1.0,148.5,175.6,48.2,143.0,124.66666666666669,68.0,5.9,12.26,5.0,b'Y',40.0,1.0,b'Y',15.0,240.0,True
133623.0,16.0,1.0,55.8,176.3,18.0,65.1,116.33333333333331,62.0,5.2,0.11,,,,,,,,True
133624.0,49.0,2.0,140.7,164.6,51.9,142.6,118.33333333333331,71.66666666666667,6.0,3.09,1.0,b'W',120.0,5.397605346934028e-79,b'',,180.0,True
133627.0,57.0,1.0,73.2,180.6,22.4,83.3,122.66666666666669,73.0,5.1,0.41,1.0,b'D',30.0,3.0,b'M',30.0,240.0,True
133628.0,53.0,1.0,84.6,171.8,28.7,96.0,126.33333333333331,82.0,5.5,0.53,3.0,b'W',30.0,1.0,b'W',20.0,9999.0,True
133630.0,40.0,1.0,73.2,182.2,22.1,91.3,123.0,78.0,5.2,0.62,7.0,b'W',60.0,1.0,b'W',240.0,120.0,True
133631.0,62.0,1.0,90.3,172.1,30.5,108.5,142.33333333333334,100.0,6.4,1.66,7.0,b'M',45.0,5.397605346934028e-79,b'',,600.0,True
133635.0,44.0,1.0,117.4,175.3,38.2,121.0,109.0,72.0,5.5,0.91,2.0,b'W',60.0,3.0,b'W',60.0,600.0,True
133637.0,54.0,2.0,74.9,167.3,26.8,91.8,133.66666666666666,76.66666666666667,4.9,5.15,4.0,b'W',45.0,4.0,b'W',30.0,420.0,True
133638.0,31.0,2.0,63.2,156.4,25.8,84.2,116.0,64.0,5.6,2.68,5.397605346934028e-79,b'',,5.397605346934028e-79,b'',,60.0,True
133640.0,30.0,2.0,57.1,157.9,22.9,76.7,96.0,64.33333333333333,4.9,0.62,5.397605346934028e-79,b'',,5.397605346934028e-79,b'',,480.0,True
133641.0,45.0,2.0,70.3,162.8,26.5,80.8,110.66666666666669,80.0,5.2,0.57,3.0,b'M',30.0,5.397605346934028e-79,b'',,240.0,True
133642.0,67.0,1.0,61.5,171.9,20.8,,110.33333333333331,61.333333333333336,5.0,2.36,2.0,b'W',5.0,5.397605346934028e-79,b'',,540.0,True
133645.0,58.0,1.0,78.0,187.1,22.3,92.0,131.66666666666666,70.66666666666667,14.1,0.82,4.0,b'W',180.0,5.397605346934028e-79,b'',,480.0,True
133646.0,21.0,2.0,73.7,171.7,25.0,88.0,119.33333333333331,72.0,5.1,4.81,3.0,b'W',40.0,1.0,b'W',40.0,480.0,True
133648.0,28.0,2.0,62.6,170.0,21.7,76.5,99.66666666666669,68.0,5.1,0.99,4.0,b'W',120.0,2.0,b'D',120.0,180.0,True
133650.0,66.0,2.0,88.9,155.9,36.6,102.0,140.0,74.66666666666667,5.3,13.42,7.0,b'W',20.0,5.397605346934028e-79,b'',,120.0,True
133656.0,3.0,1.0,15.1,102.2,14.5,46.4,,,,14.04,,,,,,,,True
133657.0,35.0,1.0,60.2,160.4,23.4,84.6,127.33333333333331,71.66666666666667,5.0,1.56,3.0,b'W',90.0,3.0,b'W',90.0,420.0,True
133658.0,10.0,1.0,36.0,144.7,17.2,63.6,102.33333333333331,52.0,,0.87,,,,,,,,True
133659.0,80.0,2.0,70.2,153.7,29.7,96.2,126.0,62.0,5.5,0.9,2.0,b'W',30.0,5.397605346934028e-79,b'',,300.0,True
133660.0,6.0,1.0,26.6,121.8,17.9,62.7,,,,0.55,,,,,,,,True
133661.0,11.0,1.0,36.1,147.6,16.6,62.2,93.33333333333331,44.0,,0.11,,,,,,,,True
133662.0,9.0,1.0,31.9,135.4,17.4,62.2,97.66666666666669,56.66666666666666,,0.24,,,,,,,,True
133664.0,67.0,1.0,101.3,170.3,34.9,108.3,134.0,92.66666666666669,5.7,2.41,5.397605346934028e-79,b'',,6.0,b'M',60.0,480.0,True
133669.0,15.0,2.0,45.3,147.4,20.8,70.2,114.66666666666669,75.0,5.9,0.46,,,,,,,,True
133671.0,8.0,1.0,42.1,136.8,22.5,72.5,103.33333333333331,55.333333333333336,,0.44,,,,,,,,True
133676.0,60.0,2.0,67.8,154.2,28.5,99.6,139.33333333333334,86.0,6.0,1.78,6.0,b'W',60.0,5.397605346934028e-79,b'',,600.0,True
133677.0,2.0,1.0,16.8,93.4,19.3,53.3,,,,14.22,,,,,,,,True
133679.0,8.0,2.0,29.1,142.8,14.3,52.5,91.33333333333331,55.66666666666666,,0.48,,,,,,,,True
133680.0,28.0,2.0,56.5,159.7,22.2,78.5,114.0,74.66666666666667,5.1,0.66,3.0,b'W',35.0,2.0,b'M',40.0,1.0,True
133681.0,35.0,1.0,85.0,175.0,27.8,98.3,124.0,74.33333333333333,5.2,0.97,2.0,b'M',10.0,5.397605346934028e-79,b'',,780.0,True
133683.0,56.0,2.0,43.0,147.2,19.8,77.0,106.66666666666669,63.333333333333336,5.1,0.15,1.0,b'D',30.0,2.0,b'W',60.0,60.0,True
133684.0,47.0,1.0,82.5,169.6,28.7,91.0,109.33333333333331,78.33333333333333,5.7,29.77,2.0,b'W',60.0,3.0,b'W',60.0,780.0,True
133685.0,16.0,2.0,107.5,176.1,34.7,114.0,109.66666666666669,74.33333333333333,5.1,1.85,,,,,,,,True
133686.0,63.0,1.0,95.8,184.0,28.3,108.7,133.0,87.66666666666667,5.5,2.87,3.0,b'W',180.0,2.0,b'W',360.0,300.0,True
133688.0,55.0,2.0,49.1,165.3,18.0,76.4,138.66666666666666,94.66666666666669,5.5,1.15,1.0,b'M',30.0,5.397605346934028e-79,b'',,180.0,True
133689.0,55.0,1.0,86.2,182.0,26.0,101.4,120.66666666666669,85.33333333333333,6.0,0.74,1.0,b'M',120.0,5.397605346934028e-79,b'',,600.0,True
133690.0,72.0,1.0,84.3,169.2,29.4,97.5,171.0,93.0,5.5,3.33,3.0,b'W',90.0,1.0,b'W',20.0,150.0,True
133692.0,64.0,1.0,75.0,170.2,25.9,94.0,115.0,72.66666666666667,5.2,0.33,2.0,b'W',20.0,1.0,b'W',10.0,180.0,True
133693.0,59.0,2.0,58.2,158.1,23.3,88.5,121.0,78.66666666666667,5.4,2.29,2.0,b'D',30.0,3.0,b'W',30.0,240.0,True
133694.0,56.0,1.0,79.3,177.1,25.3,95.0,128.0,81.33333333333333,5.3,10.84,3.0,b'M',60.0,5.397605346934028e-79,b'',,1080.0,True
133697.0,12.0,1.0,47.5,149.4,21.3,75.9,89.66666666666667,55.0,5.7,1.57,,,,,,,,True
133700.0,68.0,2.0,96.2,152.3,41.5,121.3,107.33333333333331,74.33333333333333,6.0,2.72,5.397605346934028e-79,b'',,5.397605346934028e-79,b'',,120.0,True
133701.0,4.0,2.0,20.9,111.1,16.9,54.3,,,,0.38,,,,,,,,True
133702.0,62.0,2.0,76.4,160.5,29.7,108.4,96.66666666666669,63.333333333333336,7.4,2.89,5.397605346934028e-79,b'',,5.397605346934028e-79,b'',,30.0,True
133703.0,27.0,1.0,67.3,174.7,22.1,74.0,127.33333333333331,86.33333333333333,5.8,0.48,5.397605346934028e-79,b'',,5.397605346934028e-79,b'',,120.0,True
133704.0,68.0,1.0,83.4,177.0,26.6,106.0,129.33333333333334,69.33333333333333,5.6,1.67,7.0,b'W',60.0,1.0,b'W',30.0,240.0,True
133706.0,39.0,2.0,67.7,158.7,26.9,91.0,101.33333333333331,72.0,5.9,13.94,5.397605346934028e-79,b'',,5.397605346934028e-79,b'',,60.0,True
133707.0,43.0,2.0,85.0,169.4,29.6,99.0,107.66666666666669,77.0,5.5,2.68,3.0,b'W',300.0,5.397605346934028e-79,b'',,180.0,True
133708.0,7.0,2.0,20.6,118.4,14.7,58.7,,,,1.05,,,,,,,,True
133709.0,12.0,1.0,39.0,136.7,20.9,69.5,94.66666666666669,67.0,5.2,0.35,,,,,,,,True
133712.0,19.0,2.0,82.8,169.4,28.9,89.6,123.0,92.0,5.5,5.41,5.397605346934028e-79,b'',,5.397605346934028e-79,b'',,180.0,True
133713.0,80.0,1.0,74.2,168.3,26.2,100.8,103.33333333333331,50.333333333333336,5.5,3.5,12.0,b'Y',15.0,5.397605346934028e-79,b'',,480.0,True
133714.0,10.0,2.0,50.9,142.0,25.2,89.2,95.66666666666669,57.0,,0.29,,,,,,,,True
133715.0,70.0,1.0,119.6,181.1,36.5,128.0,136.0,77.66666666666667,6.1,9.86,2.0,b'W',20.0,5.397605346934028e-79,b'',,360.0,True
133717.0,23.0,2.0,76.4,169.4,26.6,85.6,113.66666666666669,71.66666666666667,4.7,0.7,5.0,b'W',90.0,2.0,b'W',30.0,480.0,True
133718.0,40.0,1.0,91.8,174.0,30.3,106.9,122.66666666666669,82.33333333333333,5.7,2.34,1.0,b'W',60.0,5.397605346934028e-79,b'',,420.0,True
133723.0,58.0,2.0,78.4,162.0,29.9,106.3,117.66666666666669,71.33333333333333,6.0,3.46,4.0,b'W',30.0,5.397605346934028e-79,b'',,600.0,True
133725.0,60.0,2.0,81.7,163.5,30.6,107.7,127.0,95.33333333333331,5.9,2.49,2.0,b'W',30.0,5.397605346934028e-79,b'',,360.0,True
133726.0,68.0,2.0,67.8,163.6,25.3,87.6,124.66666666666669,82.66666666666667,6.3,0.61,3.0,b'W',40.0,5.397605346934028e-79,b'',,240.0,True
133727.0,19.0,1.0,77.2,177.2,24.6,84.5,110.0,55.66666666666666,4.9,0.77,1.0,b'D',90.0,1.0,b'D',10.0,300.0,True
133728.0,72.0,1.0,,,,,128.33333333333334,83.0,5.6,0.48,2.0,b'M',120.0,5.397605346934028e-79,b'',,90.0,True
133730.0,27.0,2.0,89.8,166.9,32.2,95.1,96.33333333333331,63.333333333333336,5.7,4.88,3.0,b'W',60.0,3.0,b'W',60.0,600.0,True
133731.0,31.0,1.0,86.7,177.3,27.6,100.5,115.66666666666669,70.0,4.8,0.24,4.0,b'W',60.0,1.0,b'D',60.0,50.0,True
133732.0,27.0,2.0,98.3,158.5,39.1,110.4,109.33333333333331,81.0,5.6,7.49,4.0,b'W',120.0,5.397605346934028e-79,b'',,180.0,True
133733.0,56.0,2.0,58.7,152.8,25.1,83.6,126.33333333333331,72.0,5.1,0.35,2.0,b'W',45.0,5.397605346934028e-79,b'',,600.0,True
133740.0,3.0,1.0,14.4,,,,,,,0.41,,,,,,,,True
133741.0,36.0,2.0,167.9,162.0,64.0,133.1,124.66666666666669,91.0,5.5,12.86,3.0,b'W',60.0,2.0,b'W',30.0,300.0,True
133742.0,12.0,2.0,58.7,160.1,22.9,84.0,102.0,63.66666666666666,5.4,48.97,,,,,,,,True
133748.0,65.0,1.0,107.9,180.4,33.2,108.5,126.0,75.33333333333333,5.4,0.93,6.0,b'W',60.0,6.0,b'W',90.0,120.0,True
133751.0,36.0,2.0,90.0,163.2,33.8,105.7,109.66666666666669,76.0,6.2,6.69,6.0,b'M',30.0,6.0,b'Y',30.0,600.0,True
133753.0,73.0,1.0,69.2,172.3,23.3,98.1,127.66666666666669,74.33333333333333,5.8,2.91,3.0,b'W',30.0,5.397605346934028e-79,b'',,300.0,True
133755.0,13.0,1.0,56.1,170.4,19.3,69.5,113.0,60.333333333333336,5.5,0.36,,,,,,,,True
133757.0,15.0,1.0,82.9,195.5,21.7,84.5,113.33333333333331,58.333333333333336,5.6,0.38,,,,,,,,True
133760.0,22.0,2.0,72.6,162.7,27.4,82.7,100.33333333333331,57.66666666666666,4.8,1.17,1.0,b'W',30.0,1.0,b'W',30.0,600.0,True
133761.0,14.0,1.0,52.7,174.7,17.3,69.2,97.0,55.66666666666666,5.2,0.11,,,,,,,,True
133762.0,39.0,1.0,67.5,167.4,24.1,84.1,138.33333333333334,95.66666666666669,5.1,0.57,1.0,b'W',30.0,2.0,b'M',120.0,600.0,True
133764.0,48.0,1.0,72.7,175.5,23.6,89.0,123.33333333333331,82.0,5.4,0.33,3.0,b'W',60.0,1.0,b'W',60.0,120.0,True
133765.0,19.0,2.0,52.6,152.5,22.6,70.5,119.33333333333331,65.0,5.0,1.41,2.0,b'M',60.0,5.397605346934028e-79,b'',,360.0,True
133766.0,66.0,2.0,83.5,162.7,31.5,112.0,135.33333333333334,97.33333333333331,5.6,10.68,1.0,b'D',30.0,5.397605346934028e-79,b'',,300.0,True
133767.0,12.0,1.0,62.3,166.4,22.5,84.0,115.33333333333331,59.333333333333336,5.5,0.43,,,,,,,,True
133768.0,14.0,1.0,60.4,176.1,19.5,72.5,103.66666666666669,53.0,5.5,0.21,,,,,,,,True
133769.0,31.0,2.0,63.5,149.7,28.3,96.5,108.33333333333331,74.33333333333333,5.4,0.98,2.0,b'M',60.0,5.397605346934028e-79,b'',,60.0,True
133772.0,24.0,2.0,66.8,156.5,27.3,84.0,104.0,66.33333333333333,5.1,0.31,7.0,b'W',20.0,4.0,b'W',20.0,420.0,True
133773.0,44.0,2.0,50.8,163.5,19.0,76.0,119.0,86.66666666666667,5.6,0.44,5.397605346934028e-79,b'',,5.397605346934028e-79,b'',,240.0,True
133774.0,68.0,1.0,78.1,176.2,25.2,99.3,128.66666666666666,81.66666666666667,5.2,1.12,3.0,b'W',30.0,5.397605346934028e-79,b'',,300.0,True
133775.0,19.0,1.0,68.5,171.1,23.4,81.0,112.66666666666669,65.66666666666667,5.3,0.72,1.0,b'D',120.0,1.0,b'W',30.0,300.0,True
133776.0,19.0,1.0,84.6,167.6,30.1,98.1,108.0,68.66666666666667,5.6,8.2,,b'',,5.397605346934028e-79,b'',,360.0,True
133777.0,57.0,1.0,100.6,171.2,34.3,119.5,124.0,82.33333333333333,5.7,3.31,7.0,b'W',30.0,5.397605346934028e-79,b'',,300.0,True
133778.0,31.0,1.0,82.5,167.2,29.5,105.9,106.66666666666669,80.33333333333333,5.4,4.77,5.397605346934028e-79,b'',,3.0,b'W',40.0,720.0,True
133779.0,69.0,2.0,58.4,155.9,24.0,83.1,132.0,81.0,5.5,0.9,5.397605346934028e-79,b'',,3.0,b'W',60.0,300.0,True
133780.0,70.0,2.0,64.9,163.4,24.3,86.3,116.66666666666669,75.33333333333333,5.6,0.22,7.0,b'W',30.0,5.397605346934028e-79,b'',,180.0,True
133781.0,70.0,1.0,63.3,162.7,23.9,89.6,145.66666666666666,76.0,5.2,0.42,3.0,b'W',30.0,5.397605346934028e-79,b'',,30.0,True
133782.0,39.0,1.0,70.0,169.5,24.4,86.3,110.66666666666669,72.33333333333333,5.2,1.12,4.0,b'W',60.0,4.0,b'M',60.0,300.0,True
133783.0,31.0,1.0,119.5,183.7,35.4,117.4,119.33333333333331,75.66666666666667,5.1,2.28,2.0,b'W',180.0,1.0,b'M',60.0,240.0,True
133784.0,74.0,2.0,89.2,168.1,31.6,105.2,82.0,50.66666666666666,7.4,0.58,1.0,b'W',120.0,5.397605346934028e-79,b'',,480.0,True
133786.0,71.0,2.0,99.6,165.6,36.3,114.8,109.0,80.33333333333333,5.3,12.26,2.0,b'W',30.0,5.397605346934028e-79,b'',,360.0,True
133787.0,25.0,1.0,59.5,168.8,20.9,76.6,123.33333333333331,75.33333333333333,5.5,0.11,5.397605346934028e-79,b'',,5.397605346934028e-79,b'',,420.0,True
133788.0,14.0,1.0,53.1,163.4,19.9,72.6,102.66666666666669,53.66666666666666,5.1,0.25,,,,,,,,True
133790.0,9.0,1.0,31.3,138.1,16.4,60.1,95.33333333333331,76.0,,5.16,,,,,,,,True
133791.0,40.0,2.0,111.5,168.6,39.2,111.9,109.33333333333331,81.33333333333333,5.0,1.91,2.0,b'W',60.0,2.0,b'W',25.0,240.0,True
133794.0,44.0,1.0,73.5,177.6,23.3,89.5,120.66666666666669,76.66666666666667,5.2,0.99,5.0,b'D',10.0,1.0,b'D',60.0,480.0,True
133798.0,77.0,1.0,87.4,176.8,28.0,102.3,113.0,57.0,6.3,6.06,1.0,b'W',120.0,5.397605346934028e-79,b'',,360.0,True
133799.0,73.0,2.0,112.1,158.8,44.5,129.7,118.0,74.33333333333333,7.4,5.69,5.0,b'W',15.0,5.397605346934028e-79,b'',,420.0,True
133800.0,57.0,1.0,101.5,179.8,31.4,109.2,119.33333333333331,81.66666666666667,5.7,0.88,7.0,b'W',90.0,5.397605346934028e-79,b'',,480.0,True
133801.0,74.0,2.0,83.5,156.1,34.3,112.3,124.66666666666669,67.0,5.5,1.94,2.0,b'W',40.0,5.397605346934028e-79,b'',,540.0,True
133802.0,69.0,1.0,101.9,168.1,36.1,118.5,110.0,66.0,5.4,6.34,7.0,b'W',20.0,5.397605346934028e-79,b'',,60.0,True
133805.0,15.0,1.0,70.2,179.6,21.8,75.5,116.33333333333331,65.66666666666667,5.4,1.48,,,,,,,,True
133806.0,49.0,1.0,89.1,187.4,25.4,99.7,134.0,90.33333333333331,5.4,0.98,3.0,b'W',120.0,1.0,b'W',30.0,600.0,True
133808.0,40.0,1.0,87.6,181.0,26.7,96.5,109.0,70.66666666666667,5.3,2.78,5.397605346934028e-79,b'',,5.397605346934028e-79,b'',,1020.0,True
133810.0,76.0,2.0,70.5,159.3,27.8,93.7,122.0,70.33333333333333,5.6,3.01,7.0,b'W',30.0,1.0,b'M',20.0,300.0,True
133811.0,23.0,1.0,130.3,181.5,39.6,118.4,130.33333333333334,74.0,5.2,0.83,3.0,b'W',180.0,3.0,b'W',120.0,480.0,True
133813.0,73.0,1.0,122.0,173.3,40.6,,123.0,83.0,6.7,6.79,5.397605346934028e-79,b'',,5.397605346934028e-79,b'',,240.0,True
133817.0,12.0,2.0,59.7,152.6,25.6,77.8,87.0,59.333333333333336,5.8,0.27,,,,,,,,True
133819.0,8.0,1.0,27.3,129.2,16.4,61.2,93.66666666666669,60.0,,2.23,,,,,,,,True
133821.0,60.0,1.0,93.0,176.3,29.9,111.9,103.33333333333331,77.0,5.2,1.92,4.0,b'W',60.0,2.0,b'M',60.0,480.0,True
133822.0,80.0,2.0,67.4,155.9,27.7,106.7,119.66666666666669,65.66666666666667,5.8,11.44,5.397605346934028e-79,b'',,5.397605346934028e-79,b'',,240.0,True
133824.0,8.0,1.0,34.7,128.0,21.2,69.6,94.66666666666669,59.333333333333336,,2.7,,,,,,,,True
133825.0,46.0,2.0,86.5,156.7,35.2,100.6,104.33333333333331,79.66666666666667,5.9,1.22,5.0,b'W',60.0,5.0,b'W',60.0,240.0,True
133826.0,37.0,2.0,72.9,159.6,28.6,95.8,142.66666666666666,112.33333333333331,4.6,3.86,4.0,b'W',20.0,5.0,b'W',30.0,720.0,True
133827.0,67.0,1.0,75.0,161.6,28.7,99.0,109.66666666666669,57.333333333333336,6.9,1.18,5.0,b'W',45.0,5.397605346934028e-79,b'',,480.0,True
133831.0,62.0,2.0,67.7,151.3,29.6,112.1,130.0,79.33333333333333,12.0,12.91,5.397605346934028e-79,b'',,5.397605346934028e-79,b'',,840.0,True
133835.0,21.0,2.0,114.3,162.8,43.1,119.8,124.33333333333331,89.33333333333333,4.7,1.06,2.0,b'W',60.0,5.397605346934028e-79,b'',,240.0,True
133838.0,80.0,2.0,71.4,143.4,34.7,,140.33333333333334,65.66666666666667,5.9,1.93,2.0,b'D',30.0,5.397605346934028e-79,b'',,180.0,True
133839.0,29.0,1.0,97.3,176.8,31.1,97.8,133.66666666666666,82.66666666666667,5.0,0.55,7.0,b'W',1.0,3.0,b'W',60.0,840.0,True
133841.0,66.0,2.0,98.4,158.6,39.1,117.5,105.0,67.0,5.6,4.73,2.0,b'W',60.0,5.397605346934028e-79,b'',,300.0,True
133843.0,74.0,2.0,64.5,154.5,27.0,85.0,138.0,70.0,5.5,3.04,5.0,b'W',60.0,5.397605346934028e-79,b'',,480.0,True
133846.0,54.0,1.0,96.8,171.4,32.9,112.8,154.66666666666666,95.66666666666669,5.7,0.87,1.0,b'D',30.0,1.0,b'W',60.0,240.0,True
133849.0,15.0,2.0,52.5,157.3,21.2,74.4,99.33333333333331,58.66666666666666,5.1,0.11,,,,,,,,True
133852.0,69.0,2.0,95.4,152.6,41.0,130.0,103.66666666666669,70.0,5.1,7.55,5.397605346934028e-79,b'',,5.397605346934028e-79,b'',,480.0,True
133854.0,16.0,2.0,48.7,159.2,19.2,72.3,,,5.3,0.49,,,,,,,,True
133856.0,20.0,1.0,67.4,177.1,21.5,77.5,118.66666666666669,68.0,4.9,1.11,4.0,b'W',60.0,4.0,b'W',90.0,180.0,True
133857.0,56.0,2.0,64.5,160.3,25.1,81.6,111.0,68.33333333333333,5.4,0.3,1.0,b'W',60.0,5.397605346934028e-79,b'',,120.0,True
133858.0,49.0,2.0,66.9,160.3,26.0,95.0,139.66666666666666,100.0,5.7,1.08,3.0,b'W',20.0,2.0,b'M',20.0,600.0,True
133859.0,74.0,2.0,64.9,155.9,26.7,97.3,114.66666666666669,62.66666666666666,5.7,2.62,1.0,b'W',30.0,2.0,b'M',120.0,540.0,True
133861.0,62.0,1.0,101.4,172.1,34.2,112.6,120.33333333333331,74.33333333333333,5.4,3.05,2.0,b'W',15.0,1.0,b'W',5.0,600.0,True
133862.0,35.0,2.0,77.8,160.3,30.3,88.4,86.0,60.66666666666666,5.2,2.45,5.397605346934028e-79,b'',,3.0,b'W',60.0,300.0,True
133864.0,80.0,2.0,43.7,,,79.9,110.0,64.0,5.6,0.35,2.0,b'W',40.0,5.397605346934028e-79,b'',,360.0,True
133865.0,50.0,1.0,127.3,172.3,42.9,135.3,129.33333333333334,86.33333333333333,5.4,2.64,5.397605346934028e-79,b'',,5.397605346934028e-79,b'',,480.0,True
133866.0,11.0,2.0,55.9,150.9,24.5,80.0,104.33333333333331,57.0,,1.67,,,,,,,,True
133868.0,61.0,2.0,64.7,153.0,27.6,91.7,144.33333333333334,83.33333333333333,5.2,2.2,7.0,b'W',180.0,3.0,b'W',180.0,240.0,True
133870.0,36.0,2.0,95.5,168.2,33.8,106.1,112.0,87.0,5.3,0.78,5.0,b'Y',240.0,5.397605346934028e-79,b'',,540.0,True
133874.0,37.0,2.0,62.1,164.1,23.1,81.8,96.0,59.66666666666666,4.8,1.43,3.0,b'W',30.0,5.397605346934028e-79,b'',,180.0,True
133875.0,71.0,1.0,67.4,164.6,24.9,84.0,112.0,62.0,5.2,0.45,4.0,b'W',60.0,1.0,b'D',60.0,180.0,True
133878.0,78.0,1.0,90.4,172.8,30.3,113.2,133.33333333333334,78.66666666666667,5.7,1.28,3.0,b'W',90.0,5.397605346934028e-79,b'',,360.0,True
133882.0,65.0,2.0,91.0,157.1,36.9,115.3,146.66666666666666,93.0,11.4,11.02,5.397605346934028e-79,b'',,5.397605346934028e-79,b'',,480.0,True
133883.0,72.0,1.0,121.1,176.6,38.8,129.7,116.0,72.0,5.1,3.74,3.0,b'W',180.0,5.397605346934028e-79,b'',,240.0,True
133885.0,12.0,1.0,66.8,159.9,26.1,93.2,103.0,57.66666666666666,5.4,2.14,,,,,,,,True
133886.0,10.0,2.0,33.5,143.5,16.3,63.0,87.66666666666667,51.0,,0.11,,,,,,,,True
133888.0,14.0,1.0,52.9,160.1,20.6,65.0,125.66666666666669,65.33333333333333,5.3,0.37,,,,,,,,True
133892.0,10.0,2.0,33.1,139.3,17.1,,124.33333333333331,87.66666666666667,,0.53,,,,,,,,True
133893.0,46.0,1.0,97.3,169.8,33.7,116.2,137.33333333333334,83.0,5.8,7.58,1.0,b'M',60.0,1.0,b'M',60.0,120.0,True
133894.0,43.0,1.0,101.4,191.2,27.7,104.5,127.33333333333331,79.66666666666667,5.2,4.65,1.0,b'M',60.0,1.0,b'M',60.0,480.0,True
133895.0,34.0,2.0,69.3,177.0,22.1,74.0,124.0,77.0,4.8,0.35,2.0,b'W',30.0,2.0,b'W',20.0,480.0,True
133901.0,7.0,2.0,37.3,133.6,20.9,69.6,,,,1.1,,,,,,,,True
133907.0,80.0,1.0,78.4,173.1,26.2,101.6,117.0,65.0,6.2,0.56,1.0,b'D',10.0,4.0,b'Y',30.0,360.0,True
133909.0,22.0,2.0,64.4,167.6,22.9,78.8,123.33333333333331,86.0,5.1,3.31,4.0,b'W',45.0,2.0,b'W',20.0,180.0,True
133911.0,19.0,2.0,75.6,158.8,30.0,88.4,101.66666666666669,66.0,5.0,5.03,5.0,b'W',60.0,2.0,b'W',10.0,300.0,True
133912.0,68.0,2.0,77.2,162.0,29.4,106.0,134.33333333333334,75.33333333333333,6.1,3.41,1.0,b'W',120.0,5.397605346934028e-79,b'',,480.0,True
133913.0,11.0,2.0,50.3,146.1,23.6,84.4,108.33333333333331,57.66666666666666,,1.95,,,,,,,,True
133915.0,45.0,2.0,57.5,159.5,22.6,83.5,109.33333333333331,66.66666666666667,5.5,0.52,5.397605346934028e-79,b'',,5.397605346934028e-79,b'',,120.0,True
133916.0,80.0,1.0,92.5,186.1,26.7,109.0,121.33333333333331,74.66666666666667,5.2,0.81,2.0,b'W',30.0,2.0,b'W',60.0,300.0,True
133918.0,17.0,1.0,50.2,166.6,18.1,65.2,103.33333333333331,51.333333333333336,5.3,0.44,,,,,,,,True
133919.0,44.0,1.0,105.7,185.4,30.8,114.0,113.33333333333331,81.66666666666667,4.9,1.28,5.0,b'W',20.0,5.0,b'W',20.0,300.0,True
133920.0,13.0,1.0,112.7,173.1,37.6,124.2,109.33333333333331,74.0,5.7,12.02,,,,,,,,True
133921.0,15.0,2.0,52.7,156.3,21.6,79.8,98.66666666666669,63.66666666666666,5.3,0.46,,,,,,,,True
133922.0,9.0,1.0,38.6,126.5,24.1,71.2,104.66666666666669,59.66666666666666,,0.85,,,,,,,,True
133923.0,23.0,2.0,59.5,159.2,23.5,84.5,,,5.6,1.23,2.0,b'W',45.0,5.397605346934028e-79,b'',,480.0,True
133924.0,12.0,2.0,53.2,158.7,21.1,72.2,105.0,59.0,5.2,0.31,,,,,,,,True
133925.0,18.0,2.0,49.0,155.5,20.3,,111.0,64.33333333333333,4.7,1.26,5.0,b'W',60.0,5.397605346934028e-79,b'',,480.0,True
133930.0,72.0,1.0,68.0,162.1,25.9,94.7,113.33333333333331,75.66666666666667,5.2,1.1,5.0,b'W',45.0,5.397605346934028e-79,b'',,360.0,True
133932.0,59.0,1.0,,182.9,,133.0,138.66666666666666,78.66666666666667,7.5,3.03,3.0,b'W',60.0,5.397605346934028e-79,b'',,780.0,True
133933.0,58.0,1.0,89.2,160.8,34.5,108.5,128.33333333333334,80.33333333333333,7.3,5.89,1.0,b'W',120.0,5.397605346934028e-79,b'',,120.0,True
133934.0,65.0,2.0,75.0,157.0,30.4,104.0,153.0,87.0,5.3,3.32,7.0,b'W',45.0,6.0,b'W',40.0,240.0,True
133936.0,18.0,2.0,57.0,159.9,22.3,68.2,97.66666666666669,52.66666666666666,4.9,0.39,4.0,b'W',90.0,4.0,b'W',90.0,60.0,True
133937.0,23.0,2.0,77.6,171.8,26.3,89.6,121.33333333333331,85.33333333333333,5.4,4.81,4.0,b'W',90.0,2.0,b'W',30.0,360.0,True
133938.0,23.0,2.0,63.7,165.7,23.2,84.3,80.33333333333333,52.66666666666666,6.0,0.71,1.0,b'W',60.0,5.397605346934028e-79,b'',,480.0,True
133940.0,39.0,2.0,72.1,157.3,29.1,84.2,108.0,76.33333333333333,5.2,2.31,2.0,b'W',40.0,2.0,b'W',20.0,240.0,True
133941.0,14.0,1.0,58.5,171.5,19.9,71.9,113.66666666666669,62.333333333333336,5.3,0.24,,,,,,,,True
133943.0,41.0,2.0,75.1,162.3,28.5,107.0,99.66666666666669,63.66666666666666,7.2,1.37,6.0,b'W',30.0,5.397605346934028e-79,b'',,180.0,True
133945.0,70.0,1.0,92.5,169.7,32.1,108.4,130.0,80.33333333333333,5.8,5.45,4.0,b'W',60.0,4.0,b'Y',60.0,240.0,True
133946.0,80.0,1.0,98.5,180.4,30.3,,153.0,87.0,5.3,2.44,2.0,b'D',20.0,1.0,b'W',30.0,180.0,True
133949.0,15.0,2.0,85.4,148.6,38.7,105.4,91.66666666666669,52.333333333333336,5.3,2.36,,,,,,,,True
133950.0,13.0,2.0,64.8,159.6,25.4,,111.66666666666669,67.33333333333333,5.5,3.99,,,,,,,,True
133951.0,48.0,1.0,69.8,177.2,22.2,81.3,117.33333333333331,73.0,6.4,1.06,2.0,b'W',60.0,4.0,b'W',60.0,480.0,True
133953.0,4.0,1.0,15.2,103.2,14.3,54.4,,,,0.41,,,,,,,,True
133954.0,80.0,2.0,55.3,156.8,22.5,90.6,122.33333333333331,66.66666666666667,5.5,1.02,5.397605346934028e-79,b'',,5.397605346934028e-79,b'',,360.0,True
133955.0,52.0,1.0,83.0,186.2,23.9,100.1,113.33333333333331,80.66666666666667,5.1,0.92,2.0,b'M',60.0,5.397605346934028e-79,b'',,240.0,True
133956.0,43.0,2.0,83.8,159.0,33.1,102.4,102.33333333333331,78.66666666666667,5.3,1.35,2.0,b'W',30.0,5.397605346934028e-79,b'',,300.0,True
133957.0,69.0,1.0,77.7,179.7,24.1,94.9,146.33333333333334,78.0,5.9,0.52,1.0,b'W',60.0,5.397605346934028e-79,b'',,420.0,True
133958.0,59.0,1.0,132.1,172.3,44.5,134.0,139.66666666666666,89.0,8.7,3.68,1.0,b'W',30.0,5.397605346934028e-79,b'',,420.0,True
133959.0,63.0,1.0,92.7,169.7,32.2,120.7,125.0,72.0,5.6,0.23,5.397605346934028e-79,b'',,5.397605346934028e-79,b'',,960.0,True
133960.0,73.0,1.0,64.6,171.6,21.9,92.2,144.66666666666666,64.66666666666667,7.8,0.68,1.0,b'D',60.0,1.0,b'D',30.0,240.0,True
133965.0,65.0,2.0,64.2,155.6,26.5,98.9,173.33333333333334,86.0,5.4,1.59,3.0,b'W',30.0,2.0,b'M',30.0,300.0,True
133966.0,80.0,1.0,76.3,172.9,25.5,103.7,143.66666666666666,84.66666666666667,7.3,1.45,2.0,b'W',10.0,5.397605346934028e-79,b'',,600.0,True
133970.0,18.0,1.0,63.0,181.2,19.2,76.5,117.33333333333331,58.0,5.0,0.11,5.0,b'W',30.0,5.397605346934028e-79,b'',,300.0,True
133971.0,22.0,1.0,94.4,176.9,30.2,99.1,118.66666666666669,74.66666666666667,4.6,3.13,3.0,b'W',30.0,1.0,b'W',60.0,600.0,True
133972.0,50.0,1.0,84.5,177.4,26.9,105.9,114.66666666666669,69.66666666666667,5.7,1.14,3.0,b'W',120.0,1.0,b'W',60.0,120.0,True
133975.0,17.0,1.0,56.9,173.3,18.9,72.0,105.66666666666669,69.0,5.2,0.33,,,,,,,,True
133976.0,34.0,2.0,63.7,151.3,27.8,85.9,90.66666666666669,62.66666666666666,5.2,1.29,1.0,b'W',90.0,5.397605346934028e-79,b'',,120.0,True
133978.0,30.0,1.0,79.1,176.1,25.5,92.4,98.33333333333331,61.333333333333336,5.2,0.35,4.0,b'W',120.0,2.0,b'W',40.0,180.0,True
133981.0,15.0,2.0,71.3,166.3,25.8,82.2,122.33333333333331,71.0,5.3,0.15,,,,,,,,True
133982.0,16.0,1.0,67.1,169.3,23.4,73.4,111.0,66.66666666666667,5.5,0.19,,,,,,,,True
133984.0,53.0,2.0,98.0,156.0,40.3,117.0,116.66666666666669,67.0,5.1,7.65,2.0,b'M',30.0,5.397605346934028e-79,b'',,360.0,True
133985.0,9.0,1.0,39.1,130.3,23.0,73.5,105.66666666666669,70.33333333333333,,0.64,,,,,,,,True
133986.0,53.0,1.0,84.3,182.9,25.2,102.4,106.66666666666669,69.33333333333333,5.4,0.66,2.0,b'W',60.0,1.0,b'M',30.0,540.0,True
133988.0,73.0,2.0,120.5,162.1,45.9,129.9,159.66666666666666,83.0,6.8,2.65,5.397605346934028e-79,b'',,5.397605346934028e-79,b'',,360.0,True
133992.0,47.0,2.0,64.2,162.5,24.3,83.8,111.66666666666669,80.0,5.5,1.17,4.0,b'W',45.0,5.397605346934028e-79,b'',,120.0,True
133994.0,51.0,1.0,108.8,168.7,38.2,117.4,134.66666666666666,86.66666666666667,5.1,2.85,1.0,b'W',120.0,5.397605346934028e-79,b'',,300.0,True
133995.0,43.0,1.0,63.9,169.1,22.3,89.6,101.66666666666669,52.333333333333336,5.5,0.6,1.0,b'D',240.0,2.0,b'W',180.0,240.0,True
133996.0,6.0,1.0,23.7,122.2,15.9,,,,,0.4,,,,,,,,True
133997.0,13.0,2.0,60.3,174.7,19.8,77.7,123.0,68.33333333333333,5.0,1.28,,,,,,,,True
133998.0,76.0,2.0,54.3,,,,117.0,63.333333333333336,5.1,6.05,7777.0,b'',,5.397605346934028e-79,b'',,180.0,True
133999.0,70.0,1.0,68.2,162.6,25.8,93.3,120.33333333333331,73.33333333333333,5.6,1.73,3.0,b'D',60.0,1.0,b'W',60.0,240.0,True
134002.0,29.0,2.0,45.1,155.9,18.6,67.2,110.33333333333331,76.66666666666667,5.1,0.94,1.0,b'W',60.0,5.397605346934028e-79,b'',,480.0,True
134003.0,54.0,2.0,78.1,161.7,29.9,89.0,112.66666666666669,89.0,5.8,9.48,3.0,b'W',90.0,2.0,b'M',60.0,180.0,True
134005.0,14.0,1.0,115.5,172.0,39.0,111.7,114.33333333333331,61.333333333333336,5.6,1.02,,,,,,,,True
134006.0,70.0,2.0,72.1,156.7,29.4,101.8,124.66666666666669,75.0,5.2,1.54,7.0,b'W',20.0,2.0,b'W',60.0,300.0,True
134007.0,61.0,2.0,72.1,149.3,32.3,98.8,103.66666666666669,64.0,6.2,2.06,7.0,b'W',30.0,10.0,b'D',3.0,60.0,True
134010.0,71.0,2.0,67.2,157.2,27.2,90.9,107.0,75.0,5.9,3.91,7.0,b'W',30.0,5.397605346934028e-79,b'',,660.0,True
134012.0,51.0,2.0,57.3,173.6,19.0,79.7,104.0,69.66666666666667,9.2,0.11,5.397605346934028e-79,b'',,5.397605346934028e-79,b'',,300.0,True
134013.0,63.0,1.0,61.1,152.6,26.2,95.8,137.0,77.33333333333333,6.7,6.86,1.0,b'D',240.0,5.397605346934028e-79,b'',,360.0,True
134014.0,14.0,2.0,68.5,171.0,23.4,80.8,90.0,62.0,5.2,0.39,,,,,,,,True
134019.0,51.0,1.0,68.1,154.4,28.6,96.4,161.33333333333334,91.66666666666669,6.1,1.22,2.0,b'M',30.0,1.0,b'Y',60.0,720.0,True
134021.0,58.0,2.0,117.0,178.4,36.8,122.3,116.0,80.66666666666667,6.3,7.93,3.0,b'W',30.0,5.397605346934028e-79,b'',,360.0,True
134022.0,24.0,2.0,49.6,158.5,19.7,66.0,94.66666666666669,64.0,5.2,0.11,2.0,b'D',10.0,1.0,b'W',10.0,660.0,True
134023.0,74.0,1.0,92.9,175.2,30.3,112.4,,,5.8,0.94,6.0,b'W',90.0,5.397605346934028e-79,b'',,240.0,True
134024.0,66.0,2.0,60.9,160.5,23.6,86.7,137.0,87.33333333333333,5.1,0.69,4.0,b'W',40.0,3.0,b'W',30.0,300.0,True
134025.0,65.0,2.0,72.6,160.2,28.3,106.8,144.0,84.0,5.2,0.92,1.0,b'W',30.0,5.397605346934028e-79,b'',,720.0,True
134029.0,37.0,2.0,88.1,157.1,35.7,100.5,101.33333333333331,65.66666666666667,5.5,7.41,1.0,b'W',60.0,5.397605346934028e-79,b'',,300.0,True
134033.0,18.0,1.0,80.1,174.1,26.4,88.5,121.66666666666669,77.33333333333333,5.4,0.53,,b'',,,b'',,,True
134035.0,8.0,1.0,55.8,138.7,29.0,94.1,118.33333333333331,77.0,,3.24,,,,,,,,True
134037.0,55.0,1.0,85.9,177.1,27.4,105.1,100.0,72.0,5.6,1.0,5.0,b'W',75.0,3.0,b'W',30.0,660.0,True
134038.0,13.0,1.0,56.4,173.9,18.7,73.2,,,5.3,0.24,,,,,,,,True
134039.0,63.0,2.0,62.4,163.6,23.3,85.8,138.66666666666666,95.33333333333331,5.7,1.03,5.397605346934028e-79,b'',,5.397605346934028e-79,b'',,360.0,True
134040.0,49.0,1.0,86.2,176.1,27.8,99.8,119.33333333333331,75.33333333333333,5.7,0.76,2.0,b'W',240.0,5.0,b'W',30.0,480.0,True
134042.0,80.0,1.0,126.4,178.0,39.9,137.1,130.33333333333334,76.0,5.6,3.45,2.0,b'W',300.0,5.397605346934028e-79,b'',,360.0,True
134043.0,14.0,1.0,112.4,167.4,40.1,120.8,110.33333333333331,64.66666666666667,5.3,0.78,,,,,,,,True
134044.0,62.0,1.0,82.6,165.8,30.0,105.3,135.66666666666666,79.33333333333333,6.7,0.35,5.397605346934028e-79,b'',,5.397605346934028e-79,b'',,360.0,True
134045.0,80.0,2.0,64.5,162.8,24.3,90.7,141.0,85.0,5.6,0.8,4.0,b'W',20.0,5.397605346934028e-79,b'',,240.0,True
134046.0,75.0,1.0,107.6,172.0,36.4,124.2,136.0,76.66666666666667,5.8,10.73,5.397605346934028e-79,b'',,5.397605346934028e-79,b'',,600.0,True
134047.0,30.0,1.0,77.6,186.2,22.4,81.7,113.66666666666669,66.66666666666667,5.0,0.4,3.0,b'W',60.0,2.0,b'W',60.0,600.0,True
134048.0,18.0,2.0,83.1,176.0,26.8,107.2,118.0,69.0,5.0,1.21,7.0,b'W',60.0,1.0,b'W',60.0,180.0,True
134049.0,65.0,2.0,59.3,154.6,24.8,88.6,140.0,79.33333333333333,6.2,0.64,3.0,b'W',30.0,1.0,b'W',10.0,360.0,True
134050.0,49.0,1.0,156.1,183.8,46.2,149.0,130.33333333333334,85.66666666666667,5.6,6.09,5.397605346934028e-79,b'',,5.397605346934028e-79,b'',,540.0,True
134051.0,41.0,2.0,81.8,152.7,35.1,105.2,91.66666666666669,65.33333333333333,5.3,3.58,1.0,b'D',30.0,5.397605346934028e-79,b'',,480.0,True
134052.0,77.0,2.0,,,,,,,6.9,0.37,3.0,b'D',5.0,5.397605346934028e-79,b'',,180.0,True
134053.0,18.0,1.0,71.5,172.1,24.1,77.5,110.66666666666669,70.33333333333333,5.6,0.55,6.0,b'W',240.0,4.0,b'W',120.0,300.0,True
134054.0,60.0,2.0,59.4,155.6,24.5,84.4,105.66666666666669,72.33333333333333,5.6,1.12,1.0,b'D',15.0,5.397605346934028e-79,b'',,240.0,True
134055.0,55.0,2.0,77.5,167.6,27.6,108.5,89.33333333333333,61.66666666666666,7.6,3.64,5.397605346934028e-79,b'',,5.397605346934028e-79,b'',,9999.0,True
134056.0,67.0,1.0,68.8,174.7,22.5,82.1,95.66666666666669,58.66666666666666,5.0,45.99,1.0,b'W',60.0,6.0,b'Y',240.0,30.0,True
134057.0,62.0,1.0,107.9,169.6,37.5,119.0,147.66666666666666,79.66666666666667,5.7,9.66,1.0,b'W',360.0,1.0,b'M',120.0,600.0,True
134058.0,11.0,2.0,42.8,145.9,20.1,73.1,101.33333333333331,64.33333333333333,,2.4,,,,,,,,True
134059.0,11.0,1.0,48.8,147.0,22.6,77.1,96.0,53.333333333333336,,0.24,,,,,,,,True
134062.0,76.0,1.0,110.3,180.3,33.9,120.0,140.66666666666666,72.33333333333333,7.4,2.48,5.397605346934028e-79,b'',,5.397605346934028e-79,b'',,300.0,True
134064.0,78.0,1.0,94.5,180.6,29.0,109.0,127.0,81.33333333333333,5.2,4.2,5.0,b'W',30.0,5.397605346934028e-79,b'',,540.0,True
134066.0,53.0,2.0,98.1,173.8,32.5,102.2,110.33333333333331,61.66666666666666,6.6,5.27,2.0,b'M',20.0,5.397605346934028e-79,b'',,60.0,True
134068.0,71.0,1.0,104.3,160.6,40.4,125.0,141.0,77.0,5.4,1.94,5.397605346934028e-79,b'',,5.397605346934028e-79,b'',,240.0,True
134071.0,15.0,2.0,58.0,155.0,24.1,78.4,106.66666666666669,70.0,5.8,4.53,,,,,,,,True
134072.0,18.0,2.0,50.5,151.9,21.9,67.1,101.66666666666669,61.0,5.0,0.48,1.0,b'D',120.0,3.0,b'M',60.0,240.0,True
134073.0,63.0,1.0,85.6,169.7,29.7,96.1,138.66666666666666,76.66666666666667,7.5,0.99,2.0,b'W',60.0,2.0,b'W',30.0,300.0,True
134075.0,35.0,1.0,105.4,166.7,37.9,121.6,124.66666666666669,83.66666666666667,5.4,7.66,5.0,b'W',30.0,2.0,b'M',60.0,660.0,True
134077.0,40.0,2.0,128.7,165.7,46.9,134.8,103.33333333333331,78.0,6.4,8.63,2.0,b'W',30.0,5.397605346934028e-79,b'',,600.0,True
134078.0,7.0,2.0,22.6,118.0,16.2,55.5,,,,0.38,,,,,,,,True
134079.0,75.0,1.0,92.3,174.8,30.2,112.3,135.0,74.66666666666667,6.9,1.81,7777.0,b'',,5.397605346934028e-79,b'',,180.0,True
134080.0,43.0,2.0,66.9,161.3,25.7,,,,5.4,30.34,5.397605346934028e-79,b'',,5.397605346934028e-79,b'',,600.0,True
134081.0,73.0,2.0,64.1,157.3,25.9,84.6,111.66666666666669,60.0,6.0,0.61,7.0,b'W',60.0,5.397605346934028e-79,b'',,180.0,True
134082.0,48.0,1.0,74.9,170.6,25.7,90.5,117.33333333333331,76.33333333333333,5.0,1.57,3.0,b'W',60.0,1.0,b'W',60.0,120.0,True
134083.0,71.0,2.0,57.7,156.3,23.6,81.6,147.33333333333334,75.66666666666667,5.0,0.3,2.0,b'D',60.0,3.0,b'W',30.0,420.0,True
134084.0,77.0,2.0,79.7,158.3,31.8,111.8,117.0,56.333333333333336,6.1,3.26,3.0,b'W',30.0,2.0,b'W',30.0,360.0,True
134088.0,55.0,1.0,92.7,176.9,29.6,105.8,114.66666666666669,77.66666666666667,5.7,1.31,2.0,b'W',60.0,1.0,b'W',30.0,180.0,True
134089.0,14.0,2.0,58.5,150.1,26.0,83.5,113.0,71.0,5.3,0.52,,,,,,,,True
134090.0,70.0,2.0,78.0,162.4,29.6,100.0,117.33333333333331,72.0,5.8,8.44,7.0,b'M',30.0,5.397605346934028e-79,b'',,360.0,True
134091.0,37.0,1.0,101.5,172.5,34.1,114.5,123.66666666666669,76.33333333333333,5.3,5.59,5.0,b'W',60.0,2.0,b'W',30.0,240.0,True
134092.0,78.0,2.0,65.8,161.1,25.4,91.0,118.33333333333331,63.0,5.5,2.63,2.0,b'W',60.0,5.397605346934028e-79,b'',,300.0,True
134093.0,57.0,2.0,61.4,155.3,25.5,92.0,89.66666666666667,60.0,5.4,1.43,4.0,b'W',30.0,1.0,b'W',45.0,360.0,True
134095.0,59.0,2.0,97.2,171.4,33.1,112.4,116.0,76.0,5.8,3.55,3.0,b'W',30.0,3.0,b'W',10.0,780.0,True
134096.0,59.0,1.0,58.6,175.9,18.9,74.9,127.66666666666669,70.0,13.3,0.51,3.0,b'W',60.0,1.0,b'W',15.0,120.0,True
134098.0,57.0,1.0,93.9,181.1,28.6,104.8,109.0,76.33333333333333,7.0,0.83,6.0,b'W',60.0,1.0,b'W',30.0,360.0,True
134099.0,28.0,1.0,72.0,179.9,22.2,81.1,101.0,61.66666666666666,5.3,0.54,2.0,b'W',45.0,4.0,b'W',30.0,360.0,True
134100.0,73.0,1.0,79.0,169.8,27.4,100.2,103.33333333333331,59.66666666666666,5.9,9.34,3.0,b'W',240.0,5.397605346934028e-79,b'',,240.0,True
134101.0,15.0,1.0,80.7,162.5,30.6,102.0,118.33333333333331,76.66666666666667,5.3,1.94,,,,,,,,True
134105.0,15.0,2.0,66.4,162.9,25.0,81.5,97.0,59.0,5.1,3.65,,,,,,,,True
134106.0,67.0,2.0,63.5,156.1,26.1,94.7,117.33333333333331,78.66666666666667,6.0,4.98,3.0,b'W',30.0,5.397605346934028e-79,b'',,300.0,True
134109.0,37.0,1.0,74.8,165.8,27.2,90.9,128.0,85.66666666666667,5.8,2.29,5.397605346934028e-79,b'',,5.397605346934028e-79,b'',,240.0,True
134110.0,80.0,1.0,72.4,162.1,27.6,100.1,120.66666666666669,58.333333333333336,6.4,3.43,3.0,b'W',3.0,5.397605346934028e-79,b'',,120.0,True
134111.0,14.0,1.0,57.3,165.3,21.0,69.0,113.33333333333331,66.66666666666667,5.0,0.69,,,,,,,,True
134112.0,80.0,2.0,60.9,160.0,23.8,90.2,131.0,76.0,6.4,0.2,5.397605346934028e-79,b'',,5.397605346934028e-79,b'',,60.0,True
134113.0,80.0,1.0,86.9,172.5,29.2,116.8,91.33333333333331,58.0,5.8,0.42,4.0,b'W',60.0,1.0,b'M',30.0,120.0,True
134114.0,70.0,2.0,62.6,154.7,26.2,87.0,147.0,78.33333333333333,5.5,0.69,4.0,b'D',60.0,2.0,b'M',120.0,180.0,True
134115.0,29.0,2.0,118.7,169.3,41.4,132.6,99.66666666666669,65.66666666666667,5.6,12.24,1.0,b'M',45.0,5.397605346934028e-79,b'',,600.0,True
134119.0,45.0,1.0,134.8,181.2,41.1,132.0,126.33333333333331,86.33333333333333,6.3,2.91,3.0,b'W',45.0,1.0,b'W',60.0,480.0,True
134125.0,13.0,1.0,88.7,170.4,30.5,110.2,119.66666666666669,69.66666666666667,5.0,4.43,,,,,,,,True
134129.0,80.0,2.0,75.7,161.7,29.0,88.9,100.66666666666669,67.33333333333333,5.0,13.6,4.0,b'W',50.0,5.397605346934028e-79,b'',,180.0,True
134132.0,11.0,1.0,40.4,145.9,19.0,69.5,100.33333333333331,64.66666666666667,,0.11,,,,,,,,True
134134.0,69.0,1.0,82.1,176.0,26.5,100.8,110.0,61.0,5.4,0.42,6.0,b'W',11.0,5.397605346934028e-79,b'',,360.0,True
134135.0,54.0,1.0,68.6,173.4,22.8,,125.0,75.0,5.3,2.24,5.397605346934028e-79,b'',,5.397605346934028e-79,b'',,480.0,True
134137.0,30.0,1.0,130.1,171.5,44.2,128.7,130.0,82.33333333333333,5.1,0.91,5.0,b'W',90.0,3.0,b'W',40.0,300.0,True
134141.0,70.0,2.0,52.9,157.2,21.4,83.8,157.33333333333334,80.0,6.4,1.22,5.0,b'W',45.0,5.397605346934028e-79,b'',,240.0,True
134142.0,20.0,1.0,65.0,174.5,21.3,80.0,120.0,58.66666666666666,4.8,2.25,20.0,b'M',120.0,5.397605346934028e-79,b'',,480.0,True
134144.0,70.0,1.0,80.1,172.2,27.0,,137.66666666666666,78.0,5.9,0.38,6.0,b'W',60.0,5.397605346934028e-79,b'',,240.0,True
134145.0,51.0,1.0,138.3,182.2,41.7,132.9,136.33333333333334,77.0,6.0,24.98,1.0,b'W',120.0,1.0,b'W',120.0,1320.0,True
134146.0,71.0,2.0,90.3,162.1,34.4,108.1,119.0,67.66666666666667,5.6,4.94,5.397605346934028e-79,b'',,5.397605346934028e-79,b'',,720.0,True
134147.0,68.0,1.0,81.0,165.4,29.6,102.7,137.33333333333334,73.33333333333333,5.2,0.61,3.0,b'W',30.0,2.0,b'M',60.0,420.0,True
134148.0,80.0,2.0,47.3,166.6,17.0,69.9,210.33333333333331,94.66666666666669,5.5,0.79,5.397605346934028e-79,b'',,5.397605346934028e-79,b'',,600.0,True
134149.0,19.0,2.0,82.6,165.4,30.2,105.2,114.66666666666669,80.0,5.1,14.13,5.397605346934028e-79,b'',,5.397605346934028e-79,b'',,600.0,True
134151.0,70.0,2.0,72.8,156.2,29.8,106.2,114.66666666666669,55.66666666666666,8.0,4.22,5.0,b'W',40.0,5.397605346934028e-79,b'',,240.0,True
134154.0,57.0,2.0,62.1,151.0,27.2,90.8,122.33333333333331,65.33333333333333,7.2,2.7,2.0,b'W',9999.0,5.397605346934028e-79,b'',,180.0,True
134156.0,62.0,1.0,120.1,186.4,34.6,124.6,123.33333333333331,59.333333333333336,5.7,2.63,3.0,b'W',300.0,5.397605346934028e-79,b'',,480.0,True
134161.0,80.0,1.0,76.4,173.8,25.3,104.4,142.0,86.66666666666667,6.4,1.57,3.0,b'W',10.0,5.397605346934028e-79,b'',,300.0,True
134164.0,33.0,1.0,85.4,189.0,23.9,86.8,108.33333333333331,58.0,4.8,0.21,1.0,b'D',30.0,6.0,b'W',45.0,600.0,True
134166.0,49.0,2.0,72.7,164.7,26.8,95.9,127.66666666666669,87.33333333333333,5.2,0.22,2.0,b'W',30.0,5.397605346934028e-79,b'',,600.0,True
134168.0,36.0,1.0,83.3,173.0,27.8,95.8,111.66666666666669,73.33333333333333,5.3,0.58,5.0,b'W',60.0,1.0,b'W',30.0,480.0,True
134169.0,14.0,2.0,55.3,157.1,22.4,72.2,104.33333333333331,67.66666666666667,5.2,0.6,,,,,,,,True
134171.0,59.0,2.0,42.9,151.1,18.8,78.3,85.0,59.0,5.3,0.83,5.397605346934028e-79,b'',,5.397605346934028e-79,b'',,480.0,True
134172.0,50.0,2.0,99.8,153.9,42.1,121.4,125.0,77.0,5.4,3.99,1.0,b'W',30.0,5.397605346934028e-79,b'',,240.0,True
134173.0,36.0,1.0,78.1,178.5,24.5,93.1,112.33333333333331,69.66666666666667,5.3,2.66,1.0,b'D',600.0,5.0,b'W',360.0,120.0,True
134174.0,15.0,1.0,68.4,164.2,25.4,91.6,113.66666666666669,74.0,4.7,0.62,,,,,,,,True
134176.0,25.0,1.0,95.0,189.7,26.4,85.0,117.0,65.66666666666667,4.8,2.07,5.0,b'W',60.0,5.0,b'W',45.0,480.0,True
134178.0,63.0,1.0,70.1,164.7,25.8,95.5,126.33333333333331,74.66666666666667,13.5,2.1,4.0,b'W',120.0,5.397605346934028e-79,b'',,360.0,True
134181.0,80.0,1.0,53.4,173.6,17.7,77.0,99.33333333333331,62.0,4.4,1.27,1.0,b'W',30.0,5.397605346934028e-79,b'',,120.0,True
134182.0,31.0,2.0,111.3,170.0,38.5,128.7,107.66666666666669,77.33333333333333,4.9,4.64,1.0,b'D',1.0,1.0,b'W',60.0,300.0,True
134183.0,52.0,1.0,86.0,167.8,30.5,108.4,126.0,74.66666666666667,5.3,1.75,4.0,b'W',60.0,3.0,b'W',30.0,300.0,True
134184.0,28.0,2.0,80.6,160.2,31.4,92.0,112.66666666666669,71.66666666666667,5.1,0.92,7.0,b'W',30.0,1.0,b'M',60.0,600.0,True
134186.0,16.0,2.0,48.4,158.2,19.3,70.2,103.0,67.33333333333333,4.8,0.82,,,,,,,,True
134187.0,67.0,2.0,60.1,150.0,26.7,87.6,108.33333333333331,68.33333333333333,6.1,1.85,3.0,b'W',40.0,5.397605346934028e-79,b'',,180.0,True
134188.0,71.0,2.0,98.4,159.0,38.9,119.4,111.0,64.66666666666667,5.3,3.37,5.0,b'W',90.0,1.0,b'W',60.0,240.0,True
134189.0,53.0,1.0,107.2,178.0,33.8,114.3,123.0,75.33333333333333,6.3,29.25,3.0,b'W',60.0,5.397605346934028e-79,b'',,180.0,True
134191.0,17.0,1.0,82.8,170.6,28.4,90.1,115.0,69.33333333333333,4.9,0.92,,,,,,,,True
134193.0,72.0,1.0,113.8,183.2,33.9,123.1,116.0,75.0,5.3,0.98,4.0,b'W',1.0,5.0,b'W',75.0,180.0,True
134194.0,18.0,2.0,,,,,105.66666666666669,61.333333333333336,5.0,0.22,4.0,b'W',10.0,3.0,b'W',15.0,360.0,True
134197.0,25.0,1.0,67.8,170.7,23.3,80.9,126.0,75.66666666666667,4.6,0.27,1.0,b'M',90.0,5.397605346934028e-79,b'',,600.0,True
134198.0,46.0,2.0,102.5,174.9,33.5,109.2,114.0,82.66666666666667,5.1,6.11,1.0,b'W',30.0,5.397605346934028e-79,b'',,480.0,True
134201.0,32.0,2.0,66.1,153.7,28.0,89.8,92.33333333333331,58.333333333333336,5.1,0.63,1.0,b'W',60.0,5.397605346934028e-79,b'',,480.0,True
134203.0,41.0,1.0,101.8,179.8,31.5,108.6,108.66666666666669,80.33333333333333,5.4,2.6,2.0,b'W',60.0,2.0,b'W',60.0,360.0,True
134204.0,80.0,1.0,75.1,171.3,25.6,100.8,114.33333333333331,43.66666666666666,5.7,2.86,7.0,b'D',20.0,5.397605346934028e-79,b'',,300.0,True
134206.0,42.0,2.0,67.6,163.5,25.3,91.9,118.66666666666669,80.66666666666667,4.9,1.32,5.397605346934028e-79,b'',,5.397605346934028e-79,b'',,300.0,True
134208.0,41.0,1.0,104.0,186.5,29.9,113.1,105.33333333333331,66.33333333333333,5.3,32.31,5.0,b'W',30.0,1.0,b'M',60.0,600.0,True
134209.0,58.0,1.0,75.4,179.4,23.4,89.6,146.66666666666666,91.0,5.6,0.36,5.397605346934028e-79,b'',,5.397605346934028e-79,b'',,120.0,True
134210.0,55.0,2.0,98.1,159.4,38.6,106.7,117.66666666666669,75.33333333333333,5.4,7.41,6.0,b'W',30.0,1.0,b'W',120.0,420.0,True
134211.0,62.0,1.0,123.7,178.7,38.7,123.6,127.0,77.0,5.4,11.03,5.0,b'W',30.0,2.0,b'W',30.0,600.0,True
134212.0,68.0,2.0,70.3,170.4,24.2,96.0,140.33333333333334,87.0,5.8,0.77,5.397605346934028e-79,b'',,5.397605346934028e-79,b'',,240.0,True
134215.0,27.0,2.0,82.0,175.6,26.6,84.0,105.33333333333331,62.333333333333336,4.9,1.5,4.0,b'W',30.0,2.0,b'M',60.0,420.0,True
134217.0,38.0,2.0,96.4,163.5,36.1,96.4,122.33333333333331,94.0,7.1,4.44,5.397605346934028e-79,b'',,5.397605346934028e-79,b'',,120.0,True
134218.0,14.0,2.0,97.1,170.7,33.3,98.5,102.33333333333331,66.66666666666667,4.5,0.9,,,,,,,,True
134221.0,71.0,1.0,122.7,172.7,41.1,127.7,139.66666666666666,69.66666666666667,5.8,2.14,4.0,b'M',20.0,5.397605346934028e-79,b'',,420.0,True
134222.0,44.0,1.0,92.7,179.8,28.7,105.9,119.33333333333331,85.66666666666667,4.9,1.75,2.0,b'W',30.0,1.0,b'W',30.0,720.0,True
134223.0,15.0,1.0,100.5,175.0,32.8,102.0,117.0,73.0,5.4,2.05,,,,,,,,True
134225.0,14.0,2.0,59.2,152.8,25.4,80.5,106.66666666666669,64.33333333333333,5.1,1.0,,,,,,,,True
134227.0,71.0,2.0,65.7,155.4,27.2,102.3,112.33333333333331,54.66666666666666,6.5,2.36,1.0,b'D',30.0,5.397605346934028e-79,b'',,360.0,True
134229.0,6.0,1.0,23.5,120.0,16.3,56.0,,,,0.15,,,,,,,,True
134230.0,61.0,1.0,62.6,165.8,22.8,87.0,125.33333333333331,54.66666666666666,7.6,5.4,7.0,b'W',60.0,5.397605346934028e-79,b'',,180.0,True
134231.0,26.0,1.0,96.0,180.2,29.6,107.1,128.33333333333334,77.66666666666667,5.0,7.64,2.0,b'M',60.0,1.0,b'W',20.0,720.0,True
134232.0,72.0,1.0,122.6,168.9,43.0,141.0,126.0,65.33333333333333,8.2,4.34,5.397605346934028e-79,b'',,5.397605346934028e-79,b'',,60.0,True
134233.0,12.0,2.0,48.3,155.1,20.1,73.9,113.66666666666669,65.0,5.4,0.11,,,,,,,,True
134234.0,20.0,2.0,83.6,168.2,29.5,92.0,115.33333333333331,76.66666666666667,4.7,1.23,7.0,b'W',30.0,5.397605346934028e-79,b'',,360.0,True
134235.0,44.0,2.0,72.1,155.1,30.0,93.7,95.33333333333331,65.66666666666667,5.3,1.02,1.0,b'W',30.0,2.0,b'W',30.0,360.0,True
134237.0,68.0,2.0,59.1,156.6,24.1,96.5,102.66666666666669,70.33333333333333,5.6,9.46,2.0,b'W',240.0,5.397605346934028e-79,b'',,360.0,True
134238.0,57.0,1.0,79.8,169.3,27.8,99.8,129.0,67.0,6.3,0.46,1.0,b'W',60.0,6.0,b'Y',30.0,720.0,True
134240.0,74.0,2.0,90.6,150.5,40.0,112.5,133.0,82.0,5.6,4.82,2.0,b'W',20.0,5.397605346934028e-79,b'',,180.0,True
134241.0,73.0,1.0,96.6,170.9,33.1,120.7,109.66666666666669,62.66666666666666,5.8,1.99,2.0,b'D',30.0,5.397605346934028e-79,b'',,120.0,True
134243.0,14.0,1.0,77.7,167.7,27.6,85.0,125.66666666666669,65.33333333333333,5.5,2.46,,,,,,,,True
134244.0,38.0,1.0,105.3,175.7,34.1,109.9,128.66666666666666,84.66666666666667,5.3,1.08,3.0,b'W',30.0,5.397605346934028e-79,b'',,240.0,True
134247.0,44.0,1.0,77.1,187.3,22.0,96.5,102.66666666666669,71.66666666666667,5.8,4.09,4.0,b'W',30.0,2.0,b'W',60.0,420.0,True
134249.0,44.0,2.0,84.0,171.0,28.7,102.2,97.0,66.0,5.9,0.86,2.0,b'D',4.0,2.0,b'M',15.0,240.0,True
134250.0,30.0,2.0,69.3,159.7,27.2,88.0,121.66666666666669,84.66666666666667,4.9,0.4,1.0,b'W',45.0,5.397605346934028e-79,b'',,960.0,True
134251.0,5.0,2.0,20.4,119.7,14.2,52.7,,,,0.34,,,,,,,,True
134252.0,8.0,2.0,26.0,128.6,15.7,56.1,106.0,59.333333333333336,,0.19,,,,,,,,True
134253.0,48.0,2.0,83.6,156.0,34.4,101.0,101.33333333333331,67.66666666666667,5.5,3.93,5.397605346934028e-79,b'',,5.397605346934028e-79,b'',,720.0,True
134254.0,61.0,2.0,111.3,152.8,47.7,,127.33333333333331,87.0,5.3,7.13,5.397605346934028e-79,b'',,5.397605346934028e-79,b'',,480.0,True
134255.0,64.0,1.0,85.9,185.3,25.0,96.4,138.0,76.0,5.7,0.7,2.0,b'W',240.0,1.0,b'W',120.0,180.0,True
134257.0,54.0,2.0,73.9,153.9,31.2,95.4,111.0,69.66666666666667,5.6,12.22,3.0,b'W',30.0,5.397605346934028e-79,b'',,120.0,True
134258.0,15.0,1.0,64.4,183.2,19.2,71.6,111.0,55.333333333333336,5.1,0.17,,,,,,,,True
134260.0,10.0,1.0,25.7,123.7,16.8,59.3,111.0,65.66666666666667,,0.39,,,,,,,,True
134262.0,80.0,2.0,60.6,157.8,24.3,88.7,131.33333333333334,76.0,5.2,1.04,3.0,b'D',120.0,7.0,b'W',10.0,300.0,True
134264.0,43.0,2.0,77.4,164.8,28.5,101.7,142.66666666666666,87.66666666666667,5.2,9.08,1.0,b'W',40.0,5.397605346934028e-79,b'',,240.0,True
134265.0,63.0,2.0,107.0,165.2,39.2,108.0,158.0,97.33333333333331,5.8,3.17,3.0,b'W',45.0,5.397605346934028e-79,b'',,360.0,True
134266.0,80.0,1.0,75.5,170.0,26.1,,,,5.9,2.12,3.0,b'W',10.0,5.397605346934028e-79,b'',,240.0,True
134268.0,27.0,2.0,122.4,174.5,40.2,112.5,102.33333333333331,72.33333333333333,5.2,8.77,4.0,b'W',120.0,5.397605346934028e-79,b'',,600.0,True
134269.0,13.0,2.0,73.5,158.5,29.3,87.5,105.0,63.66666666666666,5.3,0.69,,,,,,,,True
134271.0,52.0,2.0,101.1,163.7,37.7,124.6,116.33333333333331,80.66666666666667,9.1,7.22,5.397605346934028e-79,b'',,5.397605346934028e-79,b'',,480.0,True
134272.0,22.0,2.0,53.6,153.0,22.9,81.0,103.33333333333331,70.0,4.7,0.75,1.0,b'W',25.0,5.397605346934028e-79,b'',,120.0,True
134273.0,72.0,2.0,76.9,164.6,28.4,102.0,133.66666666666666,86.0,5.7,0.54,2.0,b'W',45.0,2.0,b'M',45.0,300.0,True
134279.0,5.0,1.0,23.5,122.3,15.7,53.5,,,,0.21,,,,,,,,True
134280.0,25.0,2.0,56.2,168.1,19.9,74.4,110.66666666666669,70.33333333333333,4.7,0.42,3.0,b'W',60.0,2.0,b'M',30.0,300.0,True
134281.0,61.0,1.0,80.0,171.4,27.2,104.0,120.33333333333331,73.33333333333333,5.9,0.58,5.397605346934028e-79,b'',,5.397605346934028e-79,b'',,240.0,True
134283.0,62.0,2.0,73.1,150.9,32.1,107.2,127.66666666666669,77.66666666666667,5.5,3.4,4.0,b'W',20.0,5.397605346934028e-79,b'',,240.0,True
134284.0,16.0,2.0,78.1,153.2,33.3,96.0,96.33333333333331,66.66666666666667,5.6,4.11,,,,,,,,True
134288.0,64.0,2.0,,160.4,,83.1,129.66666666666666,81.0,5.6,0.49,5.397605346934028e-79,b'',,5.397605346934028e-79,b'',,60.0,True
134292.0,61.0,2.0,58.7,153.6,24.9,91.3,172.33333333333334,96.66666666666669,5.6,0.7,1.0,b'M',30.0,1.0,b'W',60.0,240.0,True
134295.0,11.0,1.0,98.4,153.9,41.5,111.9,94.0,49.66666666666666,,0.68,,,,,,,,True
134296.0,69.0,1.0,74.5,154.2,31.3,114.7,83.66666666666667,47.66666666666666,5.0,1.99,7.0,b'W',30.0,5.397605346934028e-79,b'',,360.0,True
134297.0,31.0,2.0,68.3,160.3,26.6,85.5,92.0,58.333333333333336,4.6,0.28,5.397605346934028e-79,b'',,5.397605346934028e-79,b'',,180.0,True
134298.0,31.0,2.0,70.1,159.2,27.7,89.8,105.33333333333331,69.33333333333333,5.0,1.65,3.0,b'W',60.0,4.0,b'W',120.0,360.0,True
134301.0,37.0,1.0,75.3,181.6,22.8,89.9,117.33333333333331,70.0,5.5,2.87,1.0,b'W',45.0,5.397605346934028e-79,b'',,300.0,True
134302.0,70.0,1.0,77.7,168.0,27.5,98.9,122.66666666666669,72.66666666666667,5.9,0.36,2.0,b'W',40.0,5.397605346934028e-79,b'',,120.0,True
134303.0,61.0,2.0,89.3,157.1,36.2,120.5,122.0,82.66666666666667,5.5,9.9,5.0,b'W',25.0,5.0,b'M',20.0,360.0,True
134304.0,42.0,1.0,101.5,168.5,35.7,109.4,142.33333333333334,93.0,5.1,0.87,1.0,b'D',30.0,1.0,b'W',60.0,360.0,True
134306.0,19.0,2.0,61.2,153.2,26.1,78.8,116.66666666666669,60.0,5.2,0.6,2.0,b'W',30.0,2.0,b'W',30.0,60.0,True
134307.0,19.0,1.0,86.8,168.2,30.7,100.4,97.33333333333331,65.66666666666667,4.9,1.61,4.0,b'W',120.0,5.397605346934028e-79,b'',,360.0,True
134309.0,55.0,1.0,54.1,170.2,18.7,79.6,110.0,79.0,9.7,0.45,7.0,b'W',120.0,5.397605346934028e-79,b'',,780.0,True
134310.0,63.0,1.0,74.2,177.7,23.5,94.0,139.66666666666666,82.33333333333333,3.9,2.49,5.0,b'W',30.0,2.0,b'W',45.0,480.0,True
134311.0,74.0,2.0,85.4,159.1,33.7,109.3,117.66666666666669,78.33333333333333,5.9,0.93,5.397605346934028e-79,b'',,5.397605346934028e-79,b'',,480.0,True
134312.0,61.0,2.0,76.6,157.0,31.1,95.6,125.66666666666669,79.33333333333333,5.3,1.46,2.0,b'W',30.0,5.397605346934028e-79,b'',,300.0,True
134314.0,38.0,1.0,87.3,174.0,28.8,99.1,,,7.2,4.25,9999.0,b'',,9999.0,b'',,420.0,True
134315.0,80.0,1.0,102.7,175.5,33.3,121.3,113.33333333333331,67.0,6.6,2.23,5.397605346934028e-79,b'',,5.397605346934028e-79,b'',,600.0,True
134316.0,60.0,1.0,76.1,174.9,24.9,99.0,130.66666666666666,79.33333333333333,5.4,1.81,1.0,b'W',45.0,5.397605346934028e-79,b'',,480.0,True
134319.0,13.0,2.0,50.5,162.6,19.1,73.0,100.66666666666669,59.333333333333336,5.6,0.11,,,,,,,,True
134320.0,76.0,2.0,56.4,145.2,26.8,93.6,160.66666666666666,69.66666666666667,8.9,0.93,1.0,b'W',120.0,5.397605346934028e-79,b'',,300.0,True
134323.0,70.0,2.0,64.0,161.0,24.7,94.2,166.66666666666666,71.66666666666667,6.0,6.63,2.0,b'W',30.0,5.397605346934028e-79,b'',,180.0,True
134324.0,57.0,1.0,124.9,167.7,44.4,133.7,124.0,69.0,5.3,7.62,5.397605346934028e-79,b'',,5.397605346934028e-79,b'',,120.0,True
134325.0,7.0,2.0,31.8,141.6,15.9,61.4,,,,0.88,,,,,,,,True
134327.0,80.0,1.0,79.8,172.6,26.8,95.3,112.0,67.33333333333333,5.2,0.75,3.0,b'W',30.0,3.0,b'W',30.0,360.0,True
134329.0,62.0,1.0,60.5,159.7,23.7,87.3,147.66666666666666,86.66666666666667,13.3,0.75,4.0,b'W',60.0,9999.0,b'',,120.0,True
134330.0,20.0,1.0,112.4,175.5,36.5,117.4,144.66666666666666,97.0,6.0,3.1,3.0,b'W',30.0,1.0,b'W',15.0,240.0,True
134331.0,55.0,1.0,96.6,180.5,29.6,105.4,130.66666666666666,77.33333333333333,4.6,2.02,2.0,b'W',30.0,5.397605346934028e-79,b'',,180.0,True
134332.0,29.0,2.0,105.8,161.0,40.8,105.1,87.0,56.0,5.2,3.32,6.0,b'W',120.0,5.0,b'W',120.0,180.0,True
134333.0,12.0,1.0,57.5,160.0,22.5,81.9,111.66666666666669,70.33333333333333,5.3,1.02,,,,,,,,True
134334.0,59.0,1.0,116.3,177.2,37.0,130.0,114.66666666666669,71.0,6.0,0.97,7.0,b'W',360.0,4.0,b'W',120.0,900.0,True
134337.0,69.0,2.0,100.4,160.4,39.0,125.4,146.0,65.0,7.2,0.72,5.397605346934028e-79,b'',,5.397605346934028e-79,b'',,300.0,True
134340.0,19.0,2.0,61.3,159.1,24.2,83.0,113.33333333333331,70.33333333333333,5.3,0.63,3.0,b'W',120.0,1.0,b'W',60.0,120.0,True
134341.0,59.0,2.0,76.5,162.9,28.8,101.4,129.33333333333334,75.0,5.8,1.14,3.0,b'M',30.0,1.0,b'M',30.0,180.0,True
134342.0,64.0,2.0,,161.3,,,110.0,72.66666666666667,5.2,5.42,2.0,b'D',30.0,2.0,b'D',30.0,720.0,True
134343.0,67.0,1.0,63.8,183.4,19.0,79.4,129.0,82.66666666666667,5.6,0.72,2.0,b'W',90.0,4.0,b'W',70.0,360.0,True
134345.0,59.0,1.0,70.5,175.4,22.9,81.7,112.33333333333331,85.0,5.1,1.15,7.0,b'W',60.0,4.0,b'W',180.0,420.0,True
134346.0,13.0,1.0,53.2,160.3,20.7,62.8,98.33333333333331,56.0,5.6,0.11,,,,,,,,True
134347.0,14.0,1.0,76.4,173.3,25.4,86.9,103.33333333333331,58.333333333333336,5.2,1.0,,,,,,,,True
134349.0,10.0,1.0,32.8,140.5,16.6,55.0,95.66666666666669,54.333333333333336,,0.11,,,,,,,,True
134350.0,64.0,2.0,90.6,171.7,30.7,103.4,148.33333333333334,103.0,5.4,0.69,4.0,b'W',60.0,5.397605346934028e-79,b'',,120.0,True
134353.0,46.0,1.0,72.8,176.5,23.4,84.0,118.33333333333331,72.33333333333333,5.6,1.03,2.0,b'W',20.0,5.397605346934028e-79,b'',,300.0,True
134354.0,50.0,1.0,118.5,175.6,38.4,118.2,111.66666666666669,70.33333333333333,5.5,1.06,5.0,b'W',40.0,5.397605346934028e-79,b'',,90.0,True
134356.0,62.0,2.0,101.6,171.2,34.7,120.5,135.66666666666666,78.33333333333333,7.1,4.23,1.0,b'D',40.0,2.0,b'W',45.0,600.0,True
134357.0,15.0,2.0,31.6,150.5,14.0,57.0,89.0,62.66666666666666,5.3,0.2,,,,,,,,True
134359.0,57.0,2.0,54.5,166.2,19.7,82.5,100.66666666666669,71.66666666666667,5.3,3.92,1.0,b'W',30.0,5.397605346934028e-79,b'',,300.0,True
134362.0,37.0,2.0,75.8,162.9,28.6,96.0,113.66666666666669,84.0,5.9,6.81,5.397605346934028e-79,b'',,1.0,b'W',60.0,120.0,True
134365.0,9.0,2.0,34.7,133.2,19.6,68.9,93.33333333333331,61.333333333333336,,0.15,,,,,,,,True
134366.0,49.0,2.0,70.2,154.6,29.4,102.1,132.33333333333334,78.66666666666667,6.1,6.44,3.0,b'M',30.0,4.0,b'W',30.0,180.0,True
134369.0,80.0,1.0,76.7,171.9,26.0,106.4,148.0,68.66666666666667,6.6,0.9,4.0,b'W',120.0,5.397605346934028e-79,b'',,600.0,True
134373.0,29.0,2.0,80.4,161.7,30.7,95.5,113.33333333333331,71.33333333333333,5.0,6.26,5.397605346934028e-79,b'',,5.397605346934028e-79,b'',,120.0,True
134375.0,63.0,2.0,103.3,169.3,36.0,118.6,111.0,83.0,5.8,1.76,1.0,b'M',5.0,5.397605346934028e-79,b'',,360.0,True
134377.0,80.0,2.0,65.5,149.9,29.1,105.6,124.0,74.66666666666667,6.1,0.59,2.0,b'W',45.0,5.397605346934028e-79,b'',,360.0,True
134378.0,66.0,1.0,104.9,179.6,32.5,126.7,132.0,64.33333333333333,6.2,0.74,1.0,b'D',60.0,5.397605346934028e-79,b'',,240.0,True
134379.0,38.0,2.0,66.0,157.3,26.7,90.3,123.66666666666669,83.66666666666667,5.3,1.64,5.397605346934028e-79,b'',,5.397605346934028e-79,b'',,720.0,True
134380.0,53.0,1.0,79.3,159.0,31.4,,149.33333333333334,103.33333333333331,7.4,1.0,5.397605346934028e-79,b'',,5.397605346934028e-79,b'',,120.0,True
134381.0,75.0,1.0,76.1,176.6,24.4,97.2,142.0,94.33333333333331,4.8,0.56,7.0,b'W',45.0,2.0,b'W',120.0,300.0,True
134382.0,61.0,2.0,95.4,154.7,39.9,121.7,104.0,73.0,5.3,7.62,5.397605346934028e-79,b'',,5.397605346934028e-79,b'',,600.0,True
134383.0,71.0,2.0,82.2,156.4,33.6,106.4,139.66666666666666,77.0,5.7,1.63,1.0,b'D',45.0,5.397605346934028e-79,b'',,180.0,True
134385.0,28.0,2.0,75.6,167.4,27.0,85.1,102.0,66.33333333333333,5.2,1.14,3.0,b'W',30.0,5.397605346934028e-79,b'',,420.0,True
134388.0,65.0,2.0,64.4,162.9,24.3,85.8,147.33333333333334,80.33333333333333,4.9,1.02,4.0,b'W',120.0,1.0,b'W',60.0,240.0,True
134389.0,69.0,2.0,82.5,170.7,28.3,96.5,109.33333333333331,71.0,5.8,1.35,6.0,b'W',60.0,5.397605346934028e-79,b'',,300.0,True
134392.0,41.0,2.0,59.7,157.1,24.2,86.5,107.66666666666669,68.33333333333333,5.6,1.13,4.0,b'W',60.0,4.0,b'W',60.0,30.0,True
134394.0,50.0,2.0,107.2,164.8,39.5,,130.66666666666666,83.33333333333333,7.1,12.6,4.0,b'D',45.0,1.0,b'D',60.0,360.0,True
134397.0,10.0,1.0,68.6,162.9,25.9,92.9,105.33333333333331,67.33333333333333,,2.02,,,,,,,,True
134398.0,76.0,2.0,69.7,160.2,27.2,94.9,185.0,94.33333333333331,5.6,2.53,3.0,b'W',15.0,5.397605346934028e-79,b'',,240.0,True
134399.0,57.0,2.0,,,,,116.66666666666669,77.33333333333333,5.5,3.19,3.0,b'W',30.0,6.0,b'M',20.0,5.397605346934028e-79,True
134400.0,74.0,2.0,61.0,173.0,20.4,75.2,122.66666666666669,71.33333333333333,5.2,0.53,2.0,b'D',45.0,5.397605346934028e-79,b'',,180.0,True
134401.0,35.0,1.0,80.9,178.9,25.3,93.0,113.33333333333331,71.0,5.0,0.81,2.0,b'W',30.0,1.0,b'M',30.0,720.0,True
134402.0,15.0,1.0,66.2,174.6,21.7,75.1,107.66666666666669,58.66666666666666,4.9,0.35,,,,,,,,True
134403.0,68.0,2.0,96.4,166.0,35.0,115.8,137.33333333333334,75.0,6.1,3.88,3.0,b'W',30.0,5.397605346934028e-79,b'',,300.0,True
134404.0,52.0,2.0,67.6,154.1,28.5,86.9,105.66666666666669,74.66666666666667,5.5,2.75,3.0,b'W',60.0,1.0,b'W',30.0,420.0,True
134405.0,76.0,1.0,73.4,175.6,23.8,92.0,114.66666666666669,71.33333333333333,5.6,0.48,3.0,b'W',20.0,4.0,b'W',20.0,600.0,True
134406.0,80.0,1.0,66.7,163.8,24.9,97.8,119.33333333333331,67.0,5.5,0.57,2.0,b'W',20.0,5.397605346934028e-79,b'',,600.0,True
134407.0,52.0,2.0,69.7,156.6,28.4,96.4,109.66666666666669,70.0,5.0,1.94,2.0,b'W',45.0,1.0,b'W',30.0,300.0,True
134408.0,77.0,1.0,78.0,172.7,26.2,103.1,147.66666666666666,71.66666666666667,6.8,0.76,5.0,b'W',40.0,5.397605346934028e-79,b'',,300.0,True
134409.0,56.0,1.0,89.0,179.1,27.7,100.5,125.66666666666669,75.66666666666667,5.4,0.68,2.0,b'M',60.0,3.0,b'Y',30.0,600.0,True
134410.0,51.0,2.0,86.6,166.4,31.3,110.7,111.0,74.66666666666667,5.3,4.73,2.0,b'W',30.0,5.397605346934028e-79,b'',,720.0,True
134411.0,74.0,1.0,53.2,173.3,17.7,76.7,201.33333333333331,85.0,5.6,0.85,1.0,b'W',10.0,5.397605346934028e-79,b'',,540.0,True
134412.0,17.0,2.0,53.4,152.3,23.0,89.6,108.0,71.66666666666667,4.9,3.51,,,,,,,,True
134413.0,33.0,1.0,248.2,189.8,68.9,187.0,131.33333333333334,89.0,5.4,1.9,1.0,b'M',30.0,1.0,b'M',30.0,660.0,True
134414.0,74.0,2.0,63.7,164.2,23.6,79.7,138.66666666666666,62.0,5.5,0.8,4.0,b'W',40.0,5.397605346934028e-79,b'',,300.0,True
134417.0,78.0,2.0,90.3,154.9,37.6,117.7,103.66666666666669,70.0,5.4,1.98,1.0,b'W',15.0,5.397605346934028e-79,b'',,480.0,True
134420.0,7.0,1.0,35.6,130.1,21.0,75.6,,,,0.28,,,,,,,,True
134421.0,69.0,1.0,84.1,168.9,29.5,105.2,123.0,77.0,6.0,0.33,3.0,b'W',60.0,5.397605346934028e-79,b'',,420.0,True
134425.0,65.0,2.0,63.2,157.0,25.6,96.1,127.33333333333331,78.33333333333333,5.4,2.01,3.0,b'W',30.0,1.0,b'M',60.0,240.0,True
134427.0,50.0,2.0,59.8,165.1,21.9,82.2,151.66666666666666,93.66666666666669,5.0,1.82,7.0,b'W',60.0,1.0,b'W',60.0,540.0,True
134429.0,80.0,2.0,77.2,158.3,30.8,109.6,114.0,58.0,7.0,0.57,5.397605346934028e-79,b'',,5.397605346934028e-79,b'',,300.0,True
134430.0,33.0,1.0,87.3,177.2,27.8,99.2,109.33333333333331,73.0,5.9,1.55,4.0,b'W',90.0,3.0,b'W',90.0,300.0,True
134431.0,58.0,1.0,111.2,174.4,36.6,120.5,118.0,76.0,6.6,0.8,5.0,b'M',30.0,5.397605346934028e-79,b'',,60.0,True
134432.0,44.0,1.0,131.4,187.0,37.6,127.7,131.33333333333334,88.66666666666667,5.7,1.55,5.397605346934028e-79,b'',,5.397605346934028e-79,b'',,960.0,True
134433.0,8.0,1.0,46.3,146.9,21.5,76.0,111.33333333333331,68.0,,2.11,,,,,,,,True
134441.0,75.0,2.0,61.8,153.6,26.2,86.1,91.0,56.333333333333336,5.6,0.7,5.397605346934028e-79,b'',,5.397605346934028e-79,b'',,60.0,True
134443.0,65.0,1.0,70.6,169.9,24.5,92.4,125.0,69.0,5.9,0.15,10.0,b'M',240.0,1.0,b'M',300.0,120.0,True
134446.0,53.0,1.0,79.6,175.7,25.8,90.1,143.66666666666666,87.33333333333333,5.7,1.07,3.0,b'W',40.0,2.0,b'W',60.0,120.0,True
134450.0,58.0,2.0,123.5,166.0,44.8,,95.0,65.33333333333333,11.6,3.84,1.0,b'W',30.0,1.0,b'W',30.0,240.0,True
134452.0,57.0,1.0,112.2,183.1,33.5,123.2,123.0,78.0,5.7,6.03,5.397605346934028e-79,b'',,5.397605346934028e-79,b'',,720.0,True
134453.0,68.0,2.0,52.4,164.1,19.5,80.2,105.66666666666669,64.66666666666667,5.4,0.43,2.0,b'W',60.0,5.397605346934028e-79,b'',,180.0,True
134454.0,60.0,2.0,85.9,162.7,32.5,109.5,109.0,75.33333333333333,5.4,5.01,2.0,b'W',30.0,5.397605346934028e-79,b'',,240.0,True
134455.0,13.0,1.0,53.1,162.8,20.0,72.5,99.33333333333331,60.0,5.3,0.19,,,,,,,,True
134456.0,33.0,1.0,86.4,177.4,27.5,98.8,136.33333333333334,81.0,5.2,2.14,5.397605346934028e-79,b'',,5.397605346934028e-79,b'',,240.0,True
134457.0,43.0,2.0,73.2,172.0,24.7,,115.66666666666669,75.66666666666667,11.3,0.34,1.0,b'M',30.0,5.397605346934028e-79,b'',,120.0,True
134460.0,16.0,1.0,43.3,163.7,16.2,62.0,108.0,72.66666666666667,5.4,1.35,,,,,,,,True
134463.0,14.0,1.0,54.6,170.2,18.8,68.8,110.33333333333331,60.0,5.4,0.17,,,,,,,,True
134464.0,20.0,2.0,47.3,153.9,20.0,66.1,100.33333333333331,59.333333333333336,5.3,1.69,5.0,b'W',90.0,1.0,b'D',90.0,360.0,True
134466.0,30.0,2.0,111.3,157.2,45.0,108.3,97.66666666666669,68.33333333333333,5.4,5.83,2.0,b'W',45.0,5.397605346934028e-79,b'',,180.0,True
134467.0,65.0,2.0,65.8,167.0,23.6,82.6,131.0,73.66666666666667,5.4,1.04,3.0,b'W',30.0,5.397605346934028e-79,b'',,240.0,True
134468.0,32.0,1.0,90.7,185.1,26.5,99.6,110.66666666666669,74.66666666666667,5.4,0.24,2.0,b'W',90.0,1.0,b'W',30.0,840.0,True
134469.0,13.0,1.0,51.6,164.5,19.1,,,,5.4,0.11,,,,,,,,True
134470.0,57.0,1.0,73.2,167.6,26.1,94.4,116.0,76.33333333333333,6.8,0.31,7.0,b'W',120.0,5.397605346934028e-79,b'',,240.0,True
134472.0,35.0,1.0,86.4,172.5,29.0,98.4,116.33333333333331,76.66666666666667,5.3,3.89,3.0,b'W',120.0,2.0,b'W',60.0,240.0,True
134475.0,64.0,2.0,95.1,164.2,35.3,105.0,96.0,60.0,5.4,6.2,7.0,b'W',30.0,3.0,b'W',15.0,240.0,True
134478.0,58.0,1.0,52.4,164.8,19.3,76.8,130.66666666666666,79.66666666666667,5.4,0.77,4.0,b'W',30.0,5.397605346934028e-79,b'',,120.0,True
134479.0,55.0,1.0,79.3,169.2,27.7,104.9,105.66666666666669,67.66666666666667,8.0,7.21,1.0,b'W',20.0,5.397605346934028e-79,b'',,360.0,True
134482.0,37.0,1.0,58.3,166.8,21.0,77.5,95.66666666666669,65.33333333333333,5.1,0.56,4.0,b'W',120.0,2.0,b'W',60.0,120.0,True
134483.0,7.0,2.0,24.1,116.7,17.7,60.0,,,,1.82,,,,,,,,True
134487.0,23.0,1.0,117.1,168.7,41.1,127.4,124.0,87.0,5.4,6.95,5.397605346934028e-79,b'',,5.397605346934028e-79,b'',,600.0,True
134488.0,68.0,1.0,78.7,160.1,30.7,107.2,177.33333333333334,68.66666666666667,6.4,3.64,1.0,b'W',15.0,5.397605346934028e-79,b'',,720.0,True
134489.0,68.0,2.0,69.1,156.5,28.2,96.5,107.0,67.33333333333333,5.3,0.29,3.0,b'W',60.0,2.0,b'W',30.0,180.0,True
134490.0,44.0,1.0,69.5,172.9,23.2,90.4,109.0,71.0,5.4,0.59,1.0,b'D',40.0,1.0,b'M',30.0,600.0,True
134491.0,38.0,2.0,88.1,161.2,33.9,109.7,113.66666666666669,70.33333333333333,5.2,8.42,2.0,b'W',40.0,1.0,b'M',30.0,300.0,True
134493.0,21.0,1.0,94.6,177.5,30.0,102.4,132.66666666666666,83.66666666666667,5.3,3.72,4.0,b'W',75.0,2.0,b'W',50.0,180.0,True
134494.0,9.0,1.0,59.6,145.6,28.1,96.6,94.0,51.66666666666666,,2.49,,,,,,,,True
134495.0,38.0,1.0,67.8,166.7,24.4,89.4,113.33333333333331,72.0,5.6,0.89,2.0,b'W',30.0,1.0,b'W',30.0,720.0,True
134496.0,60.0,1.0,84.7,169.5,29.5,105.4,157.0,101.33333333333331,5.5,13.22,5.397605346934028e-79,b'',,3.0,b'W',120.0,240.0,True
134497.0,71.0,1.0,89.4,171.2,30.5,109.9,92.33333333333331,48.0,5.3,9.87,2.0,b'W',20.0,5.397605346934028e-79,b'',,540.0,True
134501.0,66.0,1.0,82.9,169.1,29.0,97.7,153.66666666666666,94.33333333333331,5.4,6.59,5.397605346934028e-79,b'',,5.397605346934028e-79,b'',,960.0,True
134502.0,80.0,1.0,92.0,182.6,27.6,115.0,136.0,78.66666666666667,6.3,6.72,5.0,b'W',90.0,5.397605346934028e-79,b'',,300.0,True
134503.0,40.0,1.0,69.2,159.9,27.1,93.2,112.33333333333331,70.66666666666667,5.2,0.2,3.0,b'W',60.0,1.0,b'W',60.0,180.0,True
134505.0,45.0,2.0,123.9,165.5,45.2,,102.0,75.66666666666667,9.1,5.77,5.397605346934028e-79,b'',,5.397605346934028e-79,b'',,120.0,True
134506.0,21.0,2.0,63.3,149.7,28.2,92.5,115.66666666666669,75.33333333333333,5.5,2.49,5.0,b'W',40.0,1.0,b'W',30.0,300.0,True
134507.0,46.0,2.0,66.8,170.1,23.1,81.3,110.33333333333331,69.0,5.6,0.6,2.0,b'W',60.0,3.0,b'W',60.0,540.0,True
134508.0,9.0,1.0,38.9,147.1,18.0,63.9,98.66666666666669,51.66666666666666,,0.35,,,,,,,,True
134511.0,34.0,2.0,111.5,168.6,39.2,113.7,120.66666666666669,74.66666666666667,6.3,16.41,1.0,b'W',30.0,5.397605346934028e-79,b'',,720.0,True
134513.0,15.0,1.0,66.1,172.7,22.2,81.3,107.0,55.66666666666666,5.3,0.78,,,,,,,,True
134514.0,37.0,2.0,98.4,168.8,34.5,108.2,106.66666666666669,77.33333333333333,5.0,8.75,7.0,b'W',15.0,1.0,b'W',30.0,60.0,True
134515.0,55.0,1.0,102.1,172.2,34.4,118.5,127.33333333333331,74.66666666666667,6.6,2.79,6.0,b'W',240.0,3.0,b'Y',180.0,120.0,True
134516.0,57.0,1.0,102.6,179.1,32.0,115.1,136.66666666666666,83.66666666666667,8.1,1.84,5.397605346934028e-79,b'',,5.397605346934028e-79,b'',,480.0,True
134517.0,79.0,1.0,102.0,181.7,30.9,118.8,118.66666666666669,69.66666666666667,5.6,1.4,1.0,b'M',60.0,5.397605346934028e-79,b'',,900.0,True
134519.0,58.0,2.0,93.3,162.3,35.4,117.7,131.0,74.66666666666667,6.0,3.83,2.0,b'W',60.0,2.0,b'M',60.0,480.0,True
134523.0,67.0,1.0,82.3,175.6,26.7,95.2,159.33333333333334,97.66666666666669,5.3,0.61,1.0,b'D',30.0,1.0,b'M',120.0,360.0,True
134526.0,13.0,1.0,92.1,164.9,33.9,112.0,108.0,67.66666666666667,5.5,1.13,,,,,,,,True
134528.0,71.0,1.0,101.3,185.8,29.3,113.3,154.33333333333334,72.0,8.7,1.14,1.0,b'M',30.0,5.397605346934028e-79,b'',,600.0,True
134529.0,70.0,1.0,104.3,173.6,34.6,122.2,112.66666666666669,76.0,5.6,2.86,5.397605346934028e-79,b'',,2.0,b'W',30.0,600.0,True
134530.0,14.0,2.0,86.5,169.5,30.1,99.3,101.0,65.66666666666667,5.5,0.95,,,,,,,,True
134531.0,42.0,2.0,64.8,152.3,27.9,88.3,113.0,67.33333333333333,7.6,4.44,5.397605346934028e-79,b'',,5.397605346934028e-79,b'',,120.0,True
134532.0,31.0,2.0,96.6,163.8,36.0,105.4,119.33333333333331,86.66666666666667,6.0,10.23,20.0,b'Y',60.0,5.397605346934028e-79,b'',,360.0,True
134533.0,47.0,2.0,71.0,166.5,25.6,82.8,,,5.0,1.74,5.397605346934028e-79,b'',,5.397605346934028e-79,b'',,240.0,True
134535.0,12.0,2.0,38.7,149.5,17.3,62.5,96.0,60.66666666666666,4.9,0.37,,,,,,,,True
134536.0,43.0,2.0,57.8,158.3,23.1,76.1,108.66666666666669,67.66666666666667,5.0,1.68,5.0,b'W',45.0,1.0,b'W',30.0,120.0,True
134537.0,36.0,1.0,91.6,170.0,31.7,112.4,110.0,76.33333333333333,5.2,5.52,4.0,b'W',300.0,1.0,b'W',60.0,120.0,True
134538.0,61.0,2.0,85.4,157.5,34.4,105.7,133.33333333333334,85.66666666666667,5.9,1.02,5.397605346934028e-79,b'',,5.397605346934028e-79,b'',,360.0,True
134541.0,31.0,1.0,123.0,170.0,42.6,138.7,132.66666666666666,92.66666666666669,5.1,1.33,2.0,b'W',60.0,5.397605346934028e-79,b'',,240.0,True
134544.0,62.0,1.0,92.0,178.2,29.0,106.3,140.66666666666666,66.66666666666667,5.7,9.64,7.0,b'W',180.0,1.0,b'W',120.0,360.0,True
134545.0,23.0,1.0,116.3,188.3,32.8,113.8,130.0,84.66666666666667,5.5,1.1,3.0,b'W',30.0,1.0,b'W',30.0,240.0,True
134546.0,17.0,1.0,54.2,167.8,19.2,63.6,106.66666666666669,58.333333333333336,5.5,0.24,,,,,,,,True
134548.0,9.0,2.0,26.1,130.0,15.4,52.8,103.0,67.0,,1.73,,,,,,,,True
134550.0,78.0,2.0,45.4,154.5,19.0,72.5,143.33333333333334,76.66666666666667,6.1,1.18,5.0,b'W',60.0,1.0,b'W',240.0,240.0,True
134551.0,37.0,2.0,57.4,156.7,23.4,82.6,122.33333333333331,83.66666666666667,4.8,1.33,1.0,b'D',60.0,3.0,b'W',60.0,240.0,True
134554.0,74.0,2.0,64.6,163.6,24.1,84.5,108.66666666666669,55.0,5.6,0.25,7.0,b'W',120.0,2.0,b'W',10.0,240.0,True
134555.0,18.0,1.0,57.7,159.5,22.7,77.5,113.33333333333331,65.33333333333333,5.4,0.32,3.0,b'W',60.0,5.397605346934028e-79,b'',,480.0,True
134556.0,10.0,1.0,37.2,142.6,18.3,68.4,86.66666666666667,47.333333333333336,,0.11,,,,,,,,True
134557.0,1.0,2.0,12.1,,,,,,,0.46,,,,,,,,True
134558.0,54.0,2.0,104.8,156.1,43.0,131.1,115.33333333333331,79.66666666666667,5.6,12.74,3.0,b'W',60.0,5.397605346934028e-79,b'',,480.0,True
134559.0,71.0,1.0,83.9,164.7,30.9,100.6,105.0,56.0,5.8,1.52,1.0,b'W',30.0,1.0,b'W',10.0,90.0,True
134560.0,13.0,2.0,46.5,159.7,18.2,68.7,119.66666666666669,54.66666666666666,4.7,0.11,,,,,,,,True
134562.0,65.0,1.0,125.9,180.7,38.6,136.8,101.66666666666669,75.66666666666667,7.2,2.81,3.0,b'W',60.0,5.397605346934028e-79,b'',,660.0,True
134563.0,60.0,1.0,71.9,168.3,25.4,100.9,142.0,67.66666666666667,4.8,1.1,1.0,b'D',30.0,5.397605346934028e-79,b'',,360.0,True
134564.0,24.0,2.0,63.3,164.8,23.3,77.9,106.0,59.66666666666666,4.9,2.71,1.0,b'D',45.0,2.0,b'W',30.0,660.0,True
134565.0,32.0,2.0,97.4,158.2,38.9,,,,6.0,4.64,5.397605346934028e-79,b'',,5.397605346934028e-79,b'',,120.0,True
134566.0,52.0,1.0,101.2,171.5,34.4,106.0,164.66666666666666,100.66666666666669,5.8,1.84,6.0,b'W',120.0,6.0,b'W',60.0,240.0,True
134570.0,36.0,1.0,84.8,178.0,26.8,95.0,128.66666666666666,80.66666666666667,5.6,0.86,2.0,b'W',60.0,3.0,b'W',45.0,240.0,True
134571.0,29.0,2.0,84.8,162.6,32.1,97.5,113.33333333333331,73.66666666666667,5.2,3.88,4.0,b'W',60.0,3.0,b'W',60.0,300.0,True
134572.0,26.0,2.0,68.6,158.4,27.3,89.0,108.0,71.0,5.1,0.33,3.0,b'W',90.0,3.0,b'W',90.0,240.0,True
134574.0,39.0,2.0,69.8,157.5,28.1,95.2,102.0,68.66666666666667,5.3,2.95,2.0,b'W',20.0,1.0,b'W',20.0,480.0,True
134580.0,28.0,2.0,81.4,160.6,31.6,93.0,102.0,71.0,5.1,6.35,1.0,b'W',30.0,3.0,b'W',60.0,600.0,True
134581.0,40.0,1.0,104.5,176.8,33.4,117.5,128.33333333333334,80.33333333333333,5.4,1.99,1.0,b'D',60.0,6.0,b'Y',10.0,180.0,True
134582.0,35.0,2.0,98.5,154.2,41.4,113.3,102.33333333333331,74.0,5.2,3.0,5.397605346934028e-79,b'',,5.397605346934028e-79,b'',,120.0,True
134583.0,77.0,2.0,71.1,154.6,29.7,,132.33333333333334,68.0,5.7,2.27,3.0,b'W',30.0,5.397605346934028e-79,b'',,300.0,True
134584.0,56.0,1.0,82.8,173.2,27.6,96.9,140.0,99.66666666666669,5.4,1.65,7.0,b'W',60.0,3.0,b'D',120.0,840.0,True
134585.0,29.0,2.0,60.2,161.2,23.2,74.6,112.33333333333331,65.0,5.4,0.66,3.0,b'M',60.0,1.0,b'M',30.0,240.0,True
134587.0,60.0,1.0,70.8,175.4,23.0,90.2,115.66666666666669,72.33333333333333,5.5,0.54,2.0,b'W',60.0,2.0,b'W',60.0,360.0,True
134588.0,1.0,1.0,13.7,,,,,,,32.18,,,,,,,,True
134589.0,5.0,1.0,20.2,114.0,15.5,53.0,,,,0.32,,,,,,,,True
134590.0,28.0,2.0,66.3,176.9,21.2,75.7,107.66666666666669,65.33333333333333,5.1,0.11,1.0,b'W',60.0,5.0,b'W',60.0,480.0,True
134591.0,20.0,2.0,70.8,164.7,26.1,81.7,102.0,64.0,5.0,0.4,5.0,b'W',60.0,2.0,b'W',45.0,240.0,True
134592.0,49.0,1.0,,177.2,,,,,6.1,35.98,5.397605346934028e-79,b'',,5.397605346934028e-79,b'',,960.0,True
134593.0,15.0,1.0,60.3,168.0,21.4,73.7,104.0,56.66666666666666,4.4,0.97,,,,,,,,True
134594.0,32.0,2.0,96.3,165.7,35.1,106.3,111.33333333333331,74.66666666666667,5.1,0.64,5.0,b'W',30.0,3.0,b'W',90.0,480.0,True
134595.0,18.0,1.0,70.8,172.1,23.9,82.6,133.33333333333334,75.0,4.7,1.18,2.0,b'W',60.0,1.0,b'M',90.0,720.0,True
134596.0,28.0,1.0,68.2,178.5,21.4,79.8,119.33333333333331,67.33333333333333,5.9,0.44,1.0,b'D',45.0,1.0,b'D',30.0,600.0,True
134598.0,40.0,2.0,45.8,154.7,19.1,78.4,108.66666666666669,73.0,5.0,0.98,5.397605346934028e-79,b'',,2.0,b'W',120.0,480.0,True
134602.0,75.0,2.0,71.4,156.4,29.2,91.4,104.66666666666669,71.33333333333333,5.7,1.36,5.397605346934028e-79,b'',,5.397605346934028e-79,b'',,180.0,True
134603.0,75.0,2.0,82.2,172.9,27.5,94.7,132.33333333333334,88.0,6.2,3.09,5.397605346934028e-79,b'',,5.397605346934028e-79,b'',,300.0,True
134604.0,49.0,1.0,106.7,174.3,35.1,118.1,118.66666666666669,73.66666666666667,5.9,3.3,1.0,b'D',60.0,5.397605346934028e-79,b'',,240.0,True
134606.0,23.0,1.0,88.3,180.1,27.2,99.3,117.66666666666669,75.33333333333333,4.9,0.79,1.0,b'W',15.0,5.397605346934028e-79,b'',,720.0,True
134607.0,59.0,1.0,99.2,184.0,29.3,106.7,146.0,78.66666666666667,5.6,2.49,2.0,b'M',60.0,1.0,b'Y',30.0,120.0,True
134609.0,14.0,2.0,53.3,163.9,19.8,72.3,113.0,68.0,5.7,0.79,,,,,,,,True
134612.0,59.0,2.0,111.5,172.5,37.5,123.0,139.0,85.33333333333333,5.7,8.0,5.397605346934028e-79,b'',,5.397605346934028e-79,b'',,240.0,True
134613.0,53.0,2.0,79.5,173.6,26.4,87.5,105.33333333333331,63.0,5.4,2.72,7.0,b'W',45.0,5.397605346934028e-79,b'',,180.0,True
134614.0,16.0,1.0,113.6,167.1,40.7,114.2,124.0,83.33333333333333,4.5,1.08,,,,,,,,True
134615.0,74.0,2.0,77.0,159.5,30.3,104.8,117.66666666666669,77.66666666666667,5.5,10.69,3.0,b'W',12.0,5.397605346934028e-79,b'',,180.0,True
134616.0,16.0,2.0,49.0,160.2,19.1,69.8,92.33333333333331,56.0,5.4,0.24,,,,,,,,True
134617.0,80.0,2.0,52.5,151.2,23.0,78.7,119.33333333333331,71.33333333333333,5.4,1.96,5.0,b'W',40.0,5.397605346934028e-79,b'',,420.0,True
134619.0,6.0,2.0,21.3,116.5,15.7,49.2,,,,0.11,,,,,,,,True
134620.0,43.0,1.0,78.4,156.8,31.9,95.8,125.0,78.0,5.1,0.6,7.0,b'W',240.0,7.0,b'W',120.0,120.0,True
134622.0,9.0,1.0,39.3,138.9,20.4,67.2,112.33333333333331,72.66666666666667,,70.98,,,,,,,,True
134623.0,60.0,2.0,130.6,158.5,52.0,135.8,145.0,93.33333333333331,5.8,7.35,3.0,b'W',15.0,5.397605346934028e-79,b'',,360.0,True
134624.0,25.0,1.0,110.7,177.9,35.0,122.8,125.0,83.33333333333333,5.5,1.86,1.0,b'D',240.0,2.0,b'W',120.0,480.0,True
134625.0,14.0,2.0,87.0,161.3,33.4,98.7,93.33333333333331,64.33333333333333,5.2,0.39,,,,,,,,True
134626.0,19.0,2.0,105.1,170.3,36.2,117.0,101.66666666666669,69.33333333333333,5.7,5.8,3.0,b'W',120.0,1.0,b'M',120.0,480.0,True
134627.0,58.0,1.0,151.3,176.6,48.5,149.2,121.33333333333331,77.0,8.0,1.26,3.0,b'M',20.0,1.0,b'M',10.0,180.0,True
134629.0,16.0,1.0,51.7,167.9,18.3,69.4,118.33333333333331,72.66666666666667,5.2,1.28,,,,,,,,True
134630.0,65.0,1.0,85.4,169.2,29.8,104.7,122.33333333333331,76.33333333333333,5.3,0.67,5.397605346934028e-79,b'',,5.397605346934028e-79,b'',,180.0,True
134631.0,50.0,1.0,110.5,184.2,32.6,111.9,123.33333333333331,84.33333333333333,6.0,3.75,1.0,b'W',30.0,5.397605346934028e-79,b'',,120.0,True
134632.0,12.0,2.0,52.1,159.8,20.4,75.8,102.66666666666669,60.66666666666666,5.3,0.16,,,,,,,,True
134633.0,39.0,1.0,106.0,172.6,35.6,115.7,118.66666666666669,89.33333333333333,4.9,8.39,4.0,b'D',45.0,3.0,b'W',40.0,180.0,True
134634.0,26.0,2.0,87.7,153.5,37.2,106.5,113.66666666666669,79.66666666666667,5.2,5.08,3.0,b'W',60.0,5.397605346934028e-79,b'',,30.0,True
134635.0,36.0,2.0,71.3,176.5,22.9,83.2,111.33333333333331,73.33333333333333,4.9,0.59,4.0,b'W',60.0,2.0,b'W',120.0,600.0,True
134637.0,55.0,1.0,94.9,172.6,31.9,104.1,132.0,81.66666666666667,5.4,2.65,3.0,b'W',180.0,2.0,b'M',360.0,480.0,True
134639.0,11.0,2.0,40.4,156.5,16.5,62.6,108.33333333333331,63.66666666666666,,0.78,,,,,,,,True
134641.0,15.0,1.0,98.9,164.1,36.7,106.4,111.0,71.66666666666667,5.5,9.51,,,,,,,,True
134645.0,66.0,2.0,69.6,161.9,26.6,97.8,123.0,80.66666666666667,5.4,1.23,5.397605346934028e-79,b'',,5.397605346934028e-79,b'',,300.0,True
134646.0,45.0,2.0,106.8,170.0,37.0,124.9,,,5.8,7.25,3.0,b'W',30.0,1.0,b'W',45.0,240.0,True
134647.0,9.0,2.0,28.4,135.7,15.4,59.5,111.66666666666669,69.66666666666667,,0.36,,,,,,,,True
134651.0,25.0,1.0,114.5,191.5,31.2,109.9,122.33333333333331,78.0,5.3,15.81,2.0,b'W',120.0,5.397605346934028e-79,b'',,660.0,True
134652.0,64.0,1.0,98.4,173.7,32.6,114.2,128.33333333333334,67.0,7.1,5.25,3.0,b'M',240.0,5.397605346934028e-79,b'',,360.0,True
134656.0,28.0,1.0,69.9,172.7,23.4,87.0,119.66666666666669,69.66666666666667,4.7,0.4,3.0,b'W',60.0,5.0,b'W',90.0,300.0,True
134657.0,67.0,1.0,77.9,178.1,24.6,85.8,139.0,67.33333333333333,6.1,1.96,6.0,b'W',60.0,5.0,b'W',60.0,180.0,True
134658.0,79.0,1.0,69.2,186.6,19.9,87.7,105.66666666666669,54.0,7.6,1.18,4.0,b'W',60.0,5.397605346934028e-79,b'',,480.0,True
134660.0,51.0,1.0,95.4,177.0,30.5,110.4,119.66666666666669,75.66666666666667,5.7,2.01,2.0,b'W',30.0,1.0,b'M',30.0,660.0,True
134661.0,8.0,2.0,34.4,139.0,17.8,60.5,94.66666666666669,64.33333333333333,,0.55,,,,,,,,True
134665.0,41.0,2.0,71.4,171.9,24.2,82.8,126.33333333333331,78.66666666666667,5.0,0.4,5.0,b'W',30.0,3.0,b'W',45.0,120.0,True
134666.0,18.0,2.0,95.8,156.9,38.9,101.0,96.33333333333331,67.33333333333333,5.4,2.36,9999.0,b'',,5.397605346934028e-79,b'',,60.0,True
134668.0,36.0,1.0,64.4,170.6,22.1,79.0,101.66666666666669,67.0,5.5,6.08,2.0,b'W',60.0,3.0,b'M',120.0,180.0,True
134669.0,4.0,2.0,22.3,105.9,19.9,54.7,,,,0.39,,,,,,,,True
134671.0,36.0,2.0,71.0,169.0,24.9,93.0,90.33333333333331,60.0,5.5,6.13,1.0,b'W',30.0,1.0,b'W',15.0,600.0,True
134672.0,51.0,1.0,64.0,175.7,20.7,81.0,114.0,75.66666666666667,5.5,0.37,1.0,b'D',45.0,3.0,b'W',60.0,180.0,True
134675.0,19.0,2.0,59.3,162.8,22.4,80.3,90.66666666666669,55.333333333333336,5.1,3.16,7.0,b'W',30.0,5.0,b'W',30.0,120.0,True
134676.0,26.0,2.0,134.9,161.6,51.7,149.3,123.66666666666669,86.0,5.9,11.26,2.0,b'W',120.0,5.397605346934028e-79,b'',,240.0,True
134677.0,64.0,2.0,81.7,168.0,28.9,101.4,123.33333333333331,81.66666666666667,5.5,0.69,2.0,b'W',60.0,5.397605346934028e-79,b'',,300.0,True
134678.0,3.0,2.0,14.9,95.3,16.4,50.9,,,,0.21,,,,,,,,True
134679.0,8.0,1.0,65.2,137.1,34.7,94.0,90.0,58.0,,11.04,,,,,,,,True
134681.0,10.0,1.0,43.3,134.5,23.9,78.1,97.66666666666669,64.33333333333333,,0.23,,,,,,,,True
134682.0,5.0,2.0,16.8,110.4,13.8,50.8,,,,0.15,,,,,,,,True
134683.0,45.0,2.0,83.1,163.4,31.1,93.2,100.66666666666669,62.0,4.8,2.45,6.0,b'W',30.0,4.0,b'W',30.0,240.0,True
134684.0,14.0,2.0,47.5,158.0,19.0,67.5,88.33333333333333,59.333333333333336,5.3,0.31,,,,,,,,True
134685.0,36.0,1.0,151.3,176.3,48.7,144.8,107.66666666666669,68.0,6.3,5.99,5.0,b'W',240.0,2.0,b'W',60.0,60.0,True
134687.0,62.0,2.0,67.0,146.1,31.4,101.2,157.0,91.66666666666669,6.1,1.95,3.0,b'W',30.0,1.0,b'W',60.0,180.0,True
134688.0,13.0,1.0,58.7,171.3,20.0,73.7,93.0,49.0,5.2,0.45,,,,,,,,True
134691.0,75.0,1.0,79.8,174.8,26.1,100.1,112.0,76.33333333333333,5.6,1.24,4.0,b'W',45.0,4.0,b'W',30.0,540.0,True
134692.0,80.0,2.0,90.3,161.6,34.6,123.8,107.66666666666669,60.66666666666666,8.6,10.5,5.397605346934028e-79,b'',,5.397605346934028e-79,b'',,180.0,True
134694.0,13.0,1.0,83.6,169.0,29.3,95.6,126.0,86.66666666666667,5.7,5.52,,,,,,,,True
134695.0,40.0,2.0,58.7,150.9,25.8,,,,4.9,0.44,4.0,b'W',60.0,3.0,b'W',30.0,120.0,True
134696.0,29.0,1.0,80.2,171.5,27.3,86.2,126.66666666666669,61.66666666666666,5.4,0.6,5.0,b'W',90.0,4.0,b'W',60.0,720.0,True
134701.0,8.0,1.0,27.8,135.1,15.2,53.3,92.66666666666669,50.66666666666666,,0.68,,,,,,,,True
134703.0,80.0,1.0,98.5,181.9,29.8,114.8,123.66666666666669,70.0,5.1,0.31,4.0,b'M',9999.0,1.0,b'M',9999.0,240.0,True
134704.0,51.0,2.0,67.7,156.4,27.7,90.0,95.66666666666669,61.333333333333336,5.5,2.63,2.0,b'W',60.0,2.0,b'W',60.0,60.0,True
134705.0,5.0,1.0,25.2,118.5,17.9,63.1,,,,0.18,,,,,,,,True
134707.0,63.0,2.0,116.5,155.0,48.5,147.8,117.33333333333331,56.66666666666666,6.5,1.04,3.0,b'D',60.0,3.0,b'W',15.0,240.0,True
134708.0,46.0,1.0,113.0,186.1,32.6,113.7,124.33333333333331,85.33333333333333,5.2,1.53,2.0,b'D',90.0,4.0,b'W',120.0,240.0,True
134709.0,6.0,1.0,20.7,116.0,15.4,53.1,,,,0.56,,,,,,,,True
134710.0,8.0,1.0,34.6,134.5,19.1,62.0,,,,0.5,,,,,,,,True
134711.0,24.0,1.0,142.5,198.1,36.3,125.8,122.33333333333331,80.0,5.0,0.93,3.0,b'W',120.0,5.397605346934028e-79,b'',,480.0,True
134712.0,68.0,2.0,78.9,166.0,28.6,98.0,127.0,88.0,5.5,1.92,3.0,b'W',40.0,5.397605346934028e-79,b'',,300.0,True
134713.0,19.0,2.0,68.0,165.7,24.8,84.5,118.0,80.33333333333333,5.1,0.59,5.397605346934028e-79,b'',,5.397605346934028e-79,b'',,240.0,True
134716.0,22.0,2.0,43.6,160.0,17.0,70.5,109.0,77.0,5.6,0.22,2.0,b'W',60.0,5.397605346934028e-79,b'',,480.0,True
134717.0,38.0,1.0,105.9,178.8,33.1,105.7,119.33333333333331,75.33333333333333,5.4,1.3,10.0,b'M',60.0,5.0,b'M',60.0,240.0,True
134718.0,10.0,2.0,42.2,131.1,24.6,80.4,98.33333333333331,59.0,,1.72,,,,,,,,True
134720.0,54.0,1.0,97.3,183.6,28.9,114.1,161.66666666666666,100.66666666666669,10.6,6.89,5.397605346934028e-79,b'',,5.397605346934028e-79,b'',,300.0,True
134721.0,47.0,2.0,76.6,162.4,29.0,92.3,123.33333333333331,79.33333333333333,6.0,4.89,5.0,b'W',60.0,5.397605346934028e-79,b'',,720.0,True
134722.0,13.0,2.0,47.1,154.6,19.7,67.6,107.33333333333331,61.66666666666666,5.3,0.32,,,,,,,,True
134723.0,70.0,2.0,81.6,159.3,32.2,105.7,116.33333333333331,77.0,5.5,5.83,3.0,b'D',60.0,5.397605346934028e-79,b'',,300.0,True
134724.0,17.0,2.0,57.8,169.8,20.0,72.1,107.0,71.0,5.3,0.27,,,,,,,,True
134725.0,76.0,1.0,85.2,171.0,29.1,116.3,115.33333333333331,73.66666666666667,5.8,0.92,1.0,b'W',45.0,5.397605346934028e-79,b'',,720.0,True
134726.0,12.0,2.0,80.5,155.0,33.5,90.0,95.66666666666669,61.333333333333336,5.3,3.43,,,,,,,,True
134727.0,52.0,2.0,79.9,156.1,32.8,106.8,104.66666666666669,79.33333333333333,6.0,0.33,5.397605346934028e-79,b'',,5.397605346934028e-79,b'',,120.0,True
134728.0,28.0,2.0,108.1,160.5,42.0,111.5,,,5.8,2.96,7.0,b'W',120.0,7.0,b'W',120.0,300.0,True
134729.0,68.0,2.0,70.2,159.0,27.8,104.2,156.0,74.66666666666667,5.6,0.47,5.0,b'W',30.0,5.397605346934028e-79,b'',,360.0,True
134730.0,26.0,2.0,63.4,160.6,24.6,82.7,106.33333333333331,68.66666666666667,5.5,6.46,1.0,b'W',30.0,1.0,b'W',30.0,240.0,True
134732.0,32.0,1.0,132.9,186.1,38.4,124.8,107.66666666666669,78.33333333333333,4.9,1.03,2.0,b'W',60.0,1.0,b'W',60.0,360.0,True
134734.0,30.0,1.0,51.5,162.4,19.5,76.7,129.33333333333334,61.66666666666666,5.2,1.69,5.0,b'W',300.0,3.0,b'W',10.0,180.0,True
134736.0,48.0,2.0,156.7,159.6,61.5,148.3,,,5.8,9.64,3.0,b'M',30.0,5.397605346934028e-79,b'',,360.0,True
134737.0,23.0,1.0,85.4,175.1,27.9,100.8,126.0,79.0,11.0,2.03,2.0,b'W',120.0,3.0,b'W',45.0,180.0,True
134738.0,2.0,1.0,13.3,85.2,18.3,49.7,,,,0.29,,,,,,,,True
134740.0,73.0,1.0,78.3,176.8,25.0,107.6,128.33333333333334,60.333333333333336,13.0,4.63,5.397605346934028e-79,b'',,5.397605346934028e-79,b'',,360.0,True
134742.0,18.0,1.0,52.8,167.0,18.9,70.4,115.66666666666669,58.66666666666666,5.3,1.96,5.0,b'W',40.0,2.0,b'W',60.0,600.0,True
134743.0,65.0,2.0,61.9,157.4,25.0,96.9,123.33333333333331,65.66666666666667,6.4,1.26,2.0,b'W',30.0,5.397605346934028e-79,b'',,480.0,True
134744.0,55.0,1.0,94.7,171.1,32.3,100.4,125.33333333333331,75.0,6.3,3.33,2.0,b'W',15.0,5.397605346934028e-79,b'',,300.0,True
134745.0,42.0,1.0,73.2,173.9,24.2,97.4,116.66666666666669,77.0,6.1,1.92,3.0,b'W',40.0,2.0,b'W',60.0,120.0,True
134746.0,44.0,2.0,67.7,148.9,30.5,88.3,113.33333333333331,79.33333333333333,5.0,0.65,2.0,b'W',20.0,2.0,b'W',15.0,300.0,True
134748.0,29.0,1.0,110.6,187.0,31.6,113.5,132.0,78.66666666666667,4.5,3.38,5.0,b'W',60.0,5.397605346934028e-79,b'',,540.0,True
134751.0,44.0,1.0,76.0,173.8,25.2,95.4,140.66666666666666,94.33333333333331,5.3,0.86,1.0,b'D',20.0,2.0,b'M',60.0,600.0,True
134752.0,10.0,1.0,47.9,140.5,24.3,76.5,108.33333333333331,60.66666666666666,,1.05,,,,,,,,True
134753.0,17.0,2.0,56.7,163.5,21.2,77.0,114.0,81.0,5.2,1.37,,,,,,,,True
134756.0,54.0,2.0,52.1,148.5,23.6,86.2,108.66666666666669,74.0,6.0,3.21,5.397605346934028e-79,b'',,5.397605346934028e-79,b'',,120.0,True
134757.0,27.0,2.0,75.5,155.5,31.2,97.4,109.33333333333331,61.66666666666666,4.8,7.77,5.397605346934028e-79,b'',,5.397605346934028e-79,b'',,360.0,True
134759.0,41.0,2.0,61.6,159.7,24.2,78.8,109.66666666666669,66.66666666666667,4.8,0.11,5.397605346934028e-79,b'',,5.397605346934028e-79,b'',,540.0,True
134760.0,62.0,1.0,87.4,181.9,26.4,99.4,122.66666666666669,71.33333333333333,5.1,1.07,2.0,b'W',30.0,3.0,b'W',40.0,360.0,True
134766.0,10.0,1.0,55.8,136.3,30.0,93.8,117.33333333333331,73.66666666666667,,1.16,,,,,,,,True
134769.0,52.0,1.0,86.0,180.1,26.5,98.7,122.66666666666669,71.66666666666667,5.5,6.4,2.0,b'W',120.0,2.0,b'W',60.0,180.0,True
134770.0,13.0,2.0,61.0,160.0,23.8,75.5,105.66666666666669,70.0,5.7,0.64,,,,,,,,True
134771.0,80.0,2.0,54.3,160.5,21.1,94.8,117.33333333333331,56.66666666666666,5.9,4.18,5.397605346934028e-79,b'',,5.397605346934028e-79,b'',,720.0,True
134772.0,16.0,2.0,54.4,168.3,19.2,72.0,100.66666666666669,60.0,5.1,0.17,,,,,,,,True
134774.0,12.0,1.0,39.4,154.4,16.5,58.5,99.33333333333331,62.66666666666666,5.5,0.16,,,,,,,,True
134776.0,72.0,2.0,63.6,155.5,26.3,93.7,139.66666666666666,83.0,5.8,1.43,5.397605346934028e-79,b'',,5.397605346934028e-79,b'',,720.0,True
134778.0,14.0,2.0,95.6,159.2,37.7,104.5,89.66666666666667,52.333333333333336,5.6,5.57,,,,,,,,True
134780.0,14.0,2.0,83.5,169.1,29.2,,104.0,69.0,5.2,2.26,,,,,,,,True
134781.0,25.0,2.0,44.1,155.5,18.2,63.7,102.0,68.33333333333333,5.0,0.16,5.0,b'W',90.0,6.0,b'Y',120.0,360.0,True
134783.0,4.0,2.0,16.2,100.7,16.0,49.6,,,,2.82,,,,,,,,True
134788.0,61.0,1.0,88.9,167.8,31.6,111.1,132.66666666666666,85.0,5.8,4.28,2.0,b'W',60.0,5.397605346934028e-79,b'',,240.0,True
134791.0,36.0,2.0,120.1,169.1,42.0,132.3,132.33333333333334,84.66666666666667,5.4,13.84,2.0,b'W',60.0,1.0,b'M',30.0,180.0,True
134793.0,49.0,1.0,75.8,180.3,23.3,86.9,114.66666666666669,63.333333333333336,5.4,0.47,3.0,b'W',30.0,4.0,b'W',45.0,600.0,True
134794.0,64.0,2.0,106.0,165.7,38.6,117.9,114.66666666666669,74.66666666666667,13.7,11.68,5.397605346934028e-79,b'',,5.397605346934028e-79,b'',,360.0,True
134796.0,32.0,1.0,,,,,,,6.0,11.69,2.0,b'D',60.0,1.0,b'D',20.0,360.0,True
134801.0,7.0,2.0,29.6,130.8,17.3,55.2,,,,0.78,,,,,,,,True
134802.0,56.0,2.0,62.7,167.0,22.5,79.6,121.0,69.66666666666667,5.6,0.47,1.0,b'D',30.0,2.0,b'M',20.0,180.0,True
134804.0,66.0,2.0,104.0,156.3,42.6,124.2,147.66666666666666,89.0,6.1,2.25,6.0,b'W',180.0,5.397605346934028e-79,b'',,300.0,True
134805.0,65.0,2.0,88.5,166.9,31.8,108.9,115.33333333333331,78.66666666666667,6.0,9.04,1.0,b'W',30.0,1.0,b'M',30.0,600.0,True
134806.0,37.0,2.0,58.7,157.9,23.5,80.1,106.0,69.66666666666667,5.7,2.46,5.397605346934028e-79,b'',,5.397605346934028e-79,b'',,720.0,True
134808.0,11.0,1.0,47.8,165.9,17.4,65.7,104.66666666666669,64.0,,0.37,,,,,,,,True
134811.0,73.0,1.0,82.8,175.3,26.9,106.5,118.33333333333331,59.66666666666666,6.2,3.26,5.397605346934028e-79,b'',,5.397605346934028e-79,b'',,60.0,True
134812.0,74.0,2.0,62.6,156.9,25.4,95.9,139.0,73.66666666666667,5.8,5.53,5.397605346934028e-79,b'',,5.397605346934028e-79,b'',,480.0,True
134813.0,79.0,1.0,68.1,175.6,22.1,89.5,123.66666666666669,63.0,4.9,1.25,1.0,b'D',20.0,5.397605346934028e-79,b'',,480.0,True
134814.0,7.0,2.0,21.0,125.6,13.3,51.6,,,,1.04,,,,,,,,True
134817.0,80.0,1.0,89.2,166.6,32.1,109.3,133.0,64.66666666666667,5.5,7.11,2.0,b'W',40.0,5.397605346934028e-79,b'',,240.0,True
134819.0,5.0,2.0,15.1,96.1,16.4,54.0,,,,7.35,,,,,,,,True
134821.0,18.0,2.0,39.6,155.6,16.4,62.7,92.0,52.0,4.8,0.37,5.397605346934028e-79,b'',,5.397605346934028e-79,b'',,240.0,True
134822.0,71.0,1.0,78.0,173.3,26.0,104.3,126.0,63.66666666666666,5.5,1.15,2.0,b'W',60.0,5.397605346934028e-79,b'',,360.0,True
134824.0,59.0,2.0,81.0,163.8,30.2,97.3,119.66666666666669,72.66666666666667,5.3,0.75,1.0,b'D',60.0,5.397605346934028e-79,b'',,600.0,True
134825.0,65.0,2.0,101.3,156.5,41.4,111.0,175.0,107.66666666666669,7.6,8.18,5.397605346934028e-79,b'',,5.397605346934028e-79,b'',,480.0,True
134826.0,50.0,2.0,56.5,158.0,22.6,85.0,131.0,80.0,5.2,0.6,5.397605346934028e-79,b'',,5.397605346934028e-79,b'',,420.0,True
134827.0,80.0,2.0,67.1,154.3,28.2,97.4,120.33333333333331,63.0,5.5,1.46,6.0,b'W',35.0,5.397605346934028e-79,b'',,360.0,True
134828.0,51.0,1.0,93.6,180.8,28.6,111.5,123.0,79.33333333333333,6.1,3.46,2.0,b'W',30.0,4.0,b'M',45.0,360.0,True
134829.0,17.0,1.0,80.4,174.5,26.4,96.9,111.0,60.333333333333336,4.7,1.03,,,,,,,,True
134831.0,21.0,2.0,83.7,172.9,28.0,97.6,105.0,69.33333333333333,5.2,3.35,5.0,b'D',60.0,5.397605346934028e-79,b'',,180.0,True
134834.0,71.0,2.0,64.2,145.8,30.2,99.0,123.66666666666669,61.66666666666666,9.5,0.8,3.0,b'M',180.0,5.397605346934028e-79,b'',,360.0,True
134836.0,49.0,1.0,71.3,170.0,24.7,94.1,140.66666666666666,85.0,4.2,1.92,1.0,b'W',120.0,2.0,b'W',120.0,300.0,True
134839.0,27.0,1.0,75.5,178.9,23.6,88.0,134.0,77.66666666666667,5.0,0.34,4.0,b'W',45.0,4.0,b'W',20.0,180.0,True
134845.0,69.0,2.0,78.1,162.9,29.4,111.9,115.66666666666669,70.33333333333333,8.2,1.78,1.0,b'M',120.0,5.397605346934028e-79,b'',,480.0,True
134847.0,63.0,2.0,,,,,115.66666666666669,56.333333333333336,5.2,10.85,5.397605346934028e-79,b'',,5.397605346934028e-79,b'',,720.0,True
134850.0,60.0,2.0,69.2,164.1,25.7,91.6,118.33333333333331,67.0,5.5,0.55,1.0,b'W',30.0,1.0,b'W',20.0,480.0,True
134851.0,47.0,2.0,73.2,161.9,27.9,91.6,98.66666666666669,61.66666666666666,5.7,4.44,3.0,b'W',60.0,1.0,b'W',20.0,600.0,True
134852.0,17.0,1.0,66.9,177.8,21.2,82.9,113.0,73.66666666666667,5.1,0.71,,,,,,,,True
134853.0,8.0,2.0,45.7,136.4,24.6,79.4,97.66666666666669,59.333333333333336,,7.86,,,,,,,,True
134856.0,32.0,2.0,84.6,163.4,31.7,107.5,100.0,67.33333333333333,5.2,1.16,1.0,b'W',180.0,5.397605346934028e-79,b'',,360.0,True
134857.0,34.0,2.0,127.6,163.2,47.9,129.3,109.0,79.33333333333333,5.2,9.08,3.0,b'W',30.0,5.397605346934028e-79,b'',,720.0,True
134858.0,32.0,1.0,110.8,186.2,32.0,110.2,122.33333333333331,82.0,5.2,2.41,7.0,b'W',30.0,2.0,b'Y',30.0,720.0,True
134859.0,40.0,2.0,75.2,159.5,29.6,92.9,116.0,82.33333333333333,5.5,3.0,7.0,b'W',45.0,5.397605346934028e-79,b'',,300.0,True
134860.0,14.0,1.0,59.3,167.8,21.1,,,,5.6,0.19,,,,,,,,True
134864.0,62.0,2.0,93.2,157.4,37.6,112.7,120.0,71.0,5.0,7.42,5.397605346934028e-79,b'',,5.397605346934028e-79,b'',,720.0,True
134870.0,33.0,1.0,64.4,184.0,19.0,73.3,123.0,80.33333333333333,5.8,0.33,3.0,b'W',30.0,2.0,b'W',30.0,120.0,True
134874.0,65.0,2.0,73.1,165.9,26.6,97.6,142.0,86.66666666666667,5.8,3.1,5.397605346934028e-79,b'',,2.0,b'M',120.0,300.0,True
134876.0,71.0,1.0,,,,,,,7.7,2.25,1.0,b'D',25.0,5.397605346934028e-79,b'',,300.0,True
134877.0,60.0,1.0,78.4,177.6,24.9,104.3,145.66666666666666,93.0,5.4,5.49,5.0,b'W',60.0,5.0,b'W',15.0,480.0,True
134878.0,40.0,1.0,99.8,180.9,30.5,105.5,127.66666666666669,85.33333333333333,5.1,1.04,4.0,b'W',60.0,2.0,b'W',30.0,600.0,True
134879.0,71.0,2.0,91.4,166.3,33.0,119.2,123.0,84.66666666666667,5.5,0.73,1.0,b'W',30.0,1.0,b'W',30.0,360.0,True
134880.0,14.0,1.0,45.3,158.3,18.1,67.2,100.33333333333331,58.0,4.9,0.2,,,,,,,,True
134882.0,1.0,2.0,11.1,,,,,,,1.74,,,,,,,,True
134883.0,18.0,1.0,49.9,176.6,16.0,69.2,113.0,73.0,5.0,0.11,3.0,b'W',60.0,2.0,b'M',60.0,360.0,True
134886.0,65.0,2.0,49.2,151.7,21.4,79.6,129.0,84.66666666666667,5.5,1.02,6.0,b'W',40.0,5.397605346934028e-79,b'',,420.0,True
134887.0,5.0,2.0,17.8,104.1,16.4,50.9,,,,0.47,,,,,,,,True
134889.0,38.0,2.0,82.1,155.1,34.1,100.9,103.66666666666669,78.0,5.1,3.94,5.0,b'W',60.0,1.0,b'W',60.0,360.0,True
134890.0,58.0,2.0,91.2,170.4,31.4,,138.0,77.66666666666667,6.8,4.38,3.0,b'W',60.0,5.397605346934028e-79,b'',,360.0,True
134891.0,80.0,1.0,67.2,164.8,24.7,87.4,112.33333333333331,63.0,6.3,0.57,3.0,b'D',15.0,5.397605346934028e-79,b'',,600.0,True
134892.0,10.0,1.0,31.9,137.5,16.9,64.4,105.33333333333331,57.66666666666666,,0.15,,,,,,,,True
134893.0,17.0,1.0,72.8,188.2,20.6,76.8,124.33333333333331,61.0,5.3,0.34,,,,,,,,True
134894.0,39.0,1.0,92.2,178.8,28.8,113.5,111.33333333333331,75.66666666666667,5.8,1.12,3.0,b'W',45.0,4.0,b'W',70.0,240.0,True
134896.0,34.0,2.0,84.3,166.0,30.6,106.6,106.0,77.0,5.6,7.99,5.397605346934028e-79,b'',,5.397605346934028e-79,b'',,600.0,True
134897.0,64.0,1.0,56.0,168.7,19.7,,169.0,95.0,5.4,0.23,5.397605346934028e-79,b'',,5.397605346934028e-79,b'',,180.0,True
134899.0,60.0,1.0,89.5,160.4,34.8,115.0,136.66666666666666,78.66666666666667,5.4,1.16,5.397605346934028e-79,b'',,5.397605346934028e-79,b'',,240.0,True
134901.0,43.0,2.0,57.3,171.1,19.6,86.7,,,5.6,0.59,2.0,b'W',60.0,5.397605346934028e-79,b'',,480.0,True
134902.0,41.0,2.0,58.1,166.3,21.0,72.8,100.0,67.33333333333333,5.4,4.03,2.0,b'W',45.0,2.0,b'W',30.0,180.0,True
134903.0,71.0,2.0,72.5,167.3,25.9,105.5,152.33333333333334,87.33333333333333,6.0,3.55,3.0,b'W',30.0,5.397605346934028e-79,b'',,600.0,True
134906.0,60.0,1.0,164.4,181.1,50.1,158.1,158.0,84.66666666666667,5.6,3.51,5.0,b'W',15.0,4.0,b'M',5.0,300.0,True
134908.0,72.0,1.0,71.6,167.7,25.5,94.2,150.33333333333334,84.0,6.2,0.49,1.0,b'D',45.0,1.0,b'M',45.0,240.0,True
134910.0,74.0,2.0,64.2,147.0,29.7,97.8,126.66666666666669,83.66666666666667,5.6,3.43,5.397605346934028e-79,b'',,5.397605346934028e-79,b'',,180.0,True
134915.0,5.0,2.0,29.6,114.7,22.5,65.8,,,,0.99,,,,,,,,True
134916.0,47.0,1.0,147.7,168.0,52.3,157.7,117.33333333333331,78.0,5.6,8.69,1.0,b'D',120.0,2.0,b'W',90.0,600.0,True
134917.0,22.0,2.0,69.7,165.5,25.4,96.1,106.66666666666669,60.66666666666666,4.8,3.23,7.0,b'W',120.0,5.397605346934028e-79,b'',,120.0,True
134918.0,72.0,1.0,72.2,156.7,29.4,98.2,113.66666666666669,66.33333333333333,6.3,1.05,3.0,b'W',60.0,5.397605346934028e-79,b'',,60.0,True
134919.0,48.0,2.0,80.0,169.9,27.7,94.9,134.66666666666666,84.0,5.0,1.28,3.0,b'W',60.0,1.0,b'W',60.0,240.0,True
134922.0,61.0,2.0,80.2,150.6,35.4,105.5,138.0,78.66666666666667,4.6,0.65,1.0,b'D',15.0,5.397605346934028e-79,b'',,240.0,True
134923.0,69.0,2.0,59.2,162.2,22.5,,96.33333333333331,58.0,5.5,0.32,2.0,b'W',30.0,2.0,b'W',30.0,60.0,True
134926.0,28.0,2.0,60.5,170.1,20.9,75.8,130.0,92.0,5.4,0.54,7.0,b'W',120.0,7.0,b'W',300.0,360.0,True
134927.0,16.0,2.0,62.1,166.3,22.5,78.3,103.0,65.66666666666667,4.9,0.63,,,,,,,,True
134928.0,70.0,2.0,74.1,163.6,27.7,104.4,133.0,79.66666666666667,4.9,0.9,3.0,b'W',60.0,1.0,b'W',120.0,240.0,True
134929.0,55.0,2.0,90.1,159.7,35.3,108.5,136.0,95.33333333333331,5.7,1.05,3.0,b'D',180.0,1.0,b'D',15.0,180.0,True
134930.0,12.0,1.0,111.1,174.3,36.6,121.3,104.0,73.66666666666667,5.3,5.19,,,,,,,,True
134933.0,11.0,2.0,48.2,158.5,19.2,72.9,99.0,56.0,,0.15,,,,,,,,True
134935.0,21.0,2.0,104.5,166.0,37.9,136.1,114.0,82.0,4.8,5.65,1.0,b'W',60.0,5.397605346934028e-79,b'',,540.0,True
134939.0,66.0,2.0,48.2,157.1,19.5,80.5,189.66666666666663,95.0,5.3,3.15,3.0,b'W',60.0,5.397605346934028e-79,b'',,480.0,True
134940.0,51.0,2.0,184.2,165.7,67.1,151.8,133.66666666666666,85.0,5.3,4.54,4.0,b'M',60.0,5.397605346934028e-79,b'',,600.0,True
134941.0,41.0,2.0,138.0,173.4,45.9,131.8,102.0,71.33333333333333,5.5,8.97,5.397605346934028e-79,b'',,5.397605346934028e-79,b'',,480.0,True
134942.0,80.0,1.0,75.7,175.8,24.5,100.7,138.66666666666666,81.0,5.8,2.48,6.0,b'W',360.0,6.0,b'W',120.0,360.0,True
134944.0,80.0,1.0,76.3,163.9,28.4,116.0,142.66666666666666,85.33333333333333,6.5,9.71,5.397605346934028e-79,b'',,5.397605346934028e-79,b'',,300.0,True
134945.0,17.0,2.0,71.5,172.0,24.2,87.5,122.66666666666669,78.0,5.0,2.37,,,,,,,,True
134946.0,65.0,1.0,81.6,171.6,27.7,102.7,116.0,69.66666666666667,6.1,6.98,3.0,b'M',30.0,5.397605346934028e-79,b'',,300.0,True
134947.0,18.0,2.0,64.0,162.9,24.1,80.5,86.33333333333333,49.0,5.8,3.04,2.0,b'W',60.0,3.0,b'M',30.0,120.0,True
134950.0,7.0,1.0,20.9,113.4,16.3,56.5,,,,0.11,,,,,,,,True
134951.0,50.0,2.0,68.2,165.2,25.0,98.5,137.33333333333334,98.33333333333331,6.2,4.21,4.0,b'D',30.0,5.397605346934028e-79,b'',,480.0,True
134953.0,62.0,2.0,66.0,161.6,25.3,98.3,110.33333333333331,76.66666666666667,6.4,0.74,8.0,b'M',45.0,5.397605346934028e-79,b'',,480.0,True
134954.0,72.0,2.0,52.9,149.7,23.6,90.0,112.0,50.0,5.5,3.87,5.397605346934028e-79,b'',,5.397605346934028e-79,b'',,420.0,True
134955.0,65.0,1.0,81.5,173.5,27.1,101.1,111.66666666666669,69.33333333333333,7.2,0.25,5.397605346934028e-79,b'',,5.397605346934028e-79,b'',,480.0,True
134960.0,10.0,1.0,49.7,147.6,22.8,73.8,95.0,59.66666666666666,,0.42,,,,,,,,True
134961.0,71.0,1.0,103.7,177.7,32.8,111.5,129.66666666666666,72.0,4.7,0.29,2.0,b'W',30.0,5.397605346934028e-79,b'',,300.0,True
134962.0,33.0,2.0,65.3,151.8,28.3,85.5,107.66666666666669,75.33333333333333,5.6,3.6,5.397605346934028e-79,b'',,5.397605346934028e-79,b'',,600.0,True
134963.0,12.0,2.0,53.9,160.6,20.9,72.7,109.33333333333331,68.0,5.8,0.48,,,,,,,,True
134964.0,68.0,2.0,105.9,167.2,37.9,122.7,121.0,70.33333333333333,7.4,14.52,12.0,b'M',20.0,5.397605346934028e-79,b'',,720.0,True
134965.0,66.0,2.0,65.1,153.1,27.8,102.9,108.0,58.333333333333336,5.5,30.32,5.397605346934028e-79,b'',,5.397605346934028e-79,b'',,360.0,True
134966.0,52.0,1.0,82.5,169.7,28.6,100.4,107.0,75.66666666666667,5.2,0.59,5.0,b'W',60.0,2.0,b'W',240.0,360.0,True
134967.0,62.0,2.0,63.5,148.9,28.6,91.6,113.0,75.33333333333333,6.1,2.16,2.0,b'W',120.0,5.397605346934028e-79,b'',,120.0,True
134968.0,10.0,1.0,41.8,146.7,19.4,66.3,99.0,51.0,,0.24,,,,,,,,True
134969.0,42.0,2.0,68.2,164.7,25.1,82.5,112.0,74.66666666666667,5.2,1.33,1.0,b'M',120.0,5.397605346934028e-79,b'',,600.0,True
134970.0,48.0,2.0,146.2,168.4,51.6,134.7,123.0,83.33333333333333,5.6,12.18,1.0,b'W',30.0,1.0,b'M',1.0,600.0,True
134971.0,68.0,1.0,89.5,177.0,28.6,109.6,105.66666666666669,73.66666666666667,7.9,3.95,5.397605346934028e-79,b'',,5.397605346934028e-79,b'',,600.0,True
134972.0,34.0,2.0,115.8,169.4,40.4,124.1,109.33333333333331,78.33333333333333,5.8,5.9,3.0,b'M',30.0,5.397605346934028e-79,b'',,720.0,True
134976.0,60.0,2.0,68.4,163.2,25.7,85.0,153.66666666666666,84.33333333333333,5.3,1.37,5.0,b'W',45.0,5.397605346934028e-79,b'',,180.0,True
134978.0,33.0,1.0,97.2,168.9,34.1,106.6,121.0,75.66666666666667,5.6,1.7,1.0,b'W',180.0,5.397605346934028e-79,b'',,120.0,True
134979.0,46.0,1.0,79.7,172.9,26.7,91.1,112.66666666666669,69.33333333333333,5.6,0.25,2.0,b'W',30.0,5.397605346934028e-79,b'',,150.0,True
134980.0,65.0,2.0,129.7,166.0,47.1,,137.0,87.66666666666667,5.6,1.46,5.397605346934028e-79,b'',,5.397605346934028e-79,b'',,840.0,True
134983.0,2.0,2.0,12.9,94.1,14.6,44.5,,,,0.2,,,,,,,,True
134985.0,68.0,1.0,67.4,159.3,26.6,98.3,149.33333333333334,82.0,5.9,2.43,6.0,b'W',60.0,6.0,b'W',6.0,180.0,True
134986.0,49.0,1.0,109.2,171.9,37.0,122.4,151.33333333333334,97.33333333333331,6.6,1.27,5.397605346934028e-79,b'',,5.397605346934028e-79,b'',,720.0,True
134987.0,18.0,1.0,60.1,176.2,19.4,76.7,112.0,68.66666666666667,4.3,0.32,2.0,b'W',120.0,2.0,b'W',45.0,360.0,True
134988.0,68.0,2.0,63.3,146.4,29.5,104.5,,,9.2,2.71,5.397605346934028e-79,b'',,5.397605346934028e-79,b'',,300.0,True
134990.0,55.0,2.0,59.2,159.2,23.4,86.5,120.0,66.66666666666667,5.7,1.24,9999.0,b'',,5.397605346934028e-79,b'',,180.0,True
134991.0,34.0,1.0,76.8,167.0,27.5,98.4,121.66666666666669,77.33333333333333,5.5,5.87,2.0,b'W',60.0,2.0,b'W',60.0,600.0,True
134992.0,63.0,2.0,102.8,167.4,36.7,121.9,129.0,89.66666666666667,5.3,3.86,7.0,b'W',30.0,5.397605346934028e-79,b'',,480.0,True
134995.0,73.0,2.0,54.7,155.9,22.5,88.6,140.33333333333334,65.66666666666667,5.2,0.65,1.0,b'W',45.0,5.397605346934028e-79,b'',,300.0,True
134998.0,60.0,2.0,66.1,158.0,26.5,86.0,119.33333333333331,72.0,5.5,0.68,3.0,b'W',45.0,1.0,b'W',45.0,420.0,True
135000.0,67.0,2.0,73.3,155.6,30.3,96.6,153.66666666666666,85.66666666666667,5.3,2.43,7.0,b'W',60.0,1.0,b'W',20.0,180.0,True
135001.0,72.0,2.0,71.7,166.7,25.8,92.0,105.66666666666669,72.33333333333333,5.3,2.25,2.0,b'W',30.0,2.0,b'W',30.0,90.0,True
135003.0,17.0,2.0,86.5,170.0,29.9,107.0,112.33333333333331,69.0,5.5,7.57,,,,,,,,True
135009.0,17.0,1.0,121.9,174.2,40.2,124.6,126.66666666666669,87.0,5.1,1.69,,,,,,,,True
135010.0,58.0,2.0,99.8,155.0,41.5,118.1,114.0,71.0,5.4,33.29,5.397605346934028e-79,b'',,5.397605346934028e-79,b'',,600.0,True
135011.0,15.0,2.0,62.5,158.5,24.9,85.1,121.33333333333331,82.33333333333333,5.0,1.73,,,,,,,,True
135013.0,26.0,1.0,85.5,175.0,27.9,97.6,117.33333333333331,65.0,5.1,0.49,1.0,b'D',90.0,2.0,b'W',30.0,90.0,True
135014.0,50.0,1.0,128.1,164.7,47.2,139.4,111.0,75.66666666666667,6.1,3.58,1.0,b'W',60.0,5.397605346934028e-79,b'',,360.0,True
135015.0,14.0,1.0,63.9,174.2,21.1,79.9,109.66666666666669,50.66666666666666,5.2,1.06,,,,,,,,True
135016.0,31.0,2.0,100.4,162.2,38.2,111.6,95.0,67.33333333333333,5.3,5.82,5.0,b'W',60.0,5.0,b'W',30.0,180.0,True
135019.0,9.0,2.0,44.4,141.9,22.1,78.4,101.33333333333331,61.333333333333336,,2.87,,,,,,,,True
135020.0,18.0,1.0,136.2,175.4,44.3,127.0,121.66666666666669,91.0,5.5,1.04,2.0,b'D',30.0,2.0,b'W',25.0,420.0,True
135021.0,35.0,1.0,95.4,167.0,34.2,104.5,,,6.4,2.21,2.0,b'W',120.0,2.0,b'W',120.0,60.0,True
135022.0,58.0,1.0,103.0,173.7,34.1,126.2,106.0,57.66666666666666,7.7,1.97,1.0,b'D',120.0,1.0,b'D',120.0,660.0,True
135023.0,64.0,2.0,53.3,149.2,23.9,86.0,118.0,84.0,6.2,3.24,5.0,b'D',20.0,1.0,b'D',5.0,60.0,True
135024.0,63.0,2.0,60.1,154.4,25.2,80.6,102.66666666666669,60.333333333333336,6.0,1.24,4.0,b'W',20.0,5.397605346934028e-79,b'',,360.0,True
135025.0,19.0,1.0,129.8,174.7,42.5,127.2,130.0,86.0,5.1,3.02,5.0,b'W',60.0,5.397605346934028e-79,b'',,360.0,True
135026.0,72.0,1.0,124.7,191.7,33.9,130.3,108.33333333333331,60.66666666666666,7.0,0.71,5.397605346934028e-79,b'',,5.397605346934028e-79,b'',,360.0,True
135027.0,78.0,2.0,57.6,165.7,21.0,89.0,125.33333333333331,69.66666666666667,5.5,1.23,1.0,b'D',30.0,5.397605346934028e-79,b'',,480.0,True
135028.0,22.0,1.0,63.2,169.9,21.9,73.3,112.0,61.66666666666666,5.3,4.77,1.0,b'W',60.0,1.0,b'W',60.0,300.0,True
135032.0,72.0,1.0,76.4,175.4,24.8,92.8,114.0,61.333333333333336,5.7,1.3,3.0,b'D',30.0,5.397605346934028e-79,b'',,420.0,True
135033.0,75.0,1.0,105.0,165.3,38.4,128.6,132.0,80.33333333333333,6.1,0.87,3.0,b'W',10.0,1.0,b'W',15.0,360.0,True
135034.0,6.0,2.0,19.8,119.0,14.0,50.9,,,,0.31,,,,,,,,True
135035.0,54.0,2.0,98.4,163.5,36.8,120.9,152.33333333333334,109.33333333333331,5.4,0.68,3.0,b'W',45.0,2.0,b'W',60.0,120.0,True
135036.0,64.0,2.0,93.0,157.5,37.5,102.3,163.33333333333334,98.66666666666669,5.6,2.4,2.0,b'W',60.0,5.397605346934028e-79,b'',,360.0,True
135037.0,41.0,2.0,82.1,155.5,34.0,,,,5.3,17.5,1.0,b'D',20.0,5.397605346934028e-79,b'',,240.0,True
135039.0,48.0,2.0,74.8,145.9,35.1,100.7,105.66666666666669,56.66666666666666,5.3,8.02,5.397605346934028e-79,b'',,5.397605346934028e-79,b'',,180.0,True
135040.0,75.0,1.0,66.5,154.8,27.8,93.7,162.0,99.0,6.0,0.65,3.0,b'D',60.0,2.0,b'W',60.0,180.0,True
135041.0,57.0,2.0,55.2,156.8,22.5,,113.66666666666669,73.33333333333333,5.2,3.6,3.0,b'W',60.0,5.397605346934028e-79,b'',,720.0,True
135042.0,30.0,1.0,124.3,166.3,44.9,131.4,116.33333333333331,82.33333333333333,5.3,6.82,5.397605346934028e-79,b'',,5.397605346934028e-79,b'',,240.0,True
135043.0,48.0,2.0,56.6,157.3,22.9,78.2,142.0,80.0,5.5,1.26,1.0,b'W',30.0,5.397605346934028e-79,b'',,840.0,True
135047.0,53.0,1.0,103.2,175.9,33.4,118.0,116.0,78.66666666666667,5.6,2.05,4.0,b'W',60.0,2.0,b'W',60.0,360.0,True
135048.0,22.0,1.0,56.6,170.4,19.5,76.3,113.33333333333331,69.33333333333333,5.4,1.18,2.0,b'W',60.0,4.0,b'W',50.0,120.0,True
135051.0,75.0,1.0,83.8,157.9,33.6,117.4,114.66666666666669,69.33333333333333,5.1,1.03,5.397605346934028e-79,b'',,5.397605346934028e-79,b'',,600.0,True
135052.0,70.0,1.0,104.4,171.9,35.3,116.8,137.33333333333334,98.0,5.1,0.91,4.0,b'W',300.0,4.0,b'M',180.0,180.0,True
135053.0,32.0,2.0,73.3,150.7,32.3,91.1,168.0,99.33333333333331,5.7,1.22,5.0,b'W',20.0,5.397605346934028e-79,b'',,80.0,True
135057.0,70.0,2.0,64.2,155.1,26.7,89.6,120.33333333333331,68.0,5.4,2.38,4.0,b'W',60.0,3.0,b'W',40.0,300.0,True
135060.0,80.0,1.0,69.9,169.5,24.3,95.4,,,5.7,1.13,5.397605346934028e-79,b'',,5.397605346934028e-79,b'',,600.0,True
135064.0,63.0,2.0,63.5,168.2,22.4,86.5,119.66666666666669,80.66666666666667,5.4,3.44,5.397605346934028e-79,b'',,5.397605346934028e-79,b'',,840.0,True
135065.0,63.0,2.0,82.7,161.1,31.9,112.0,151.0,92.33333333333331,5.6,3.26,2.0,b'D',20.0,5.397605346934028e-79,b'',,300.0,True
135066.0,80.0,2.0,77.1,155.1,32.1,110.0,142.66666666666666,76.66666666666667,6.3,1.12,7.0,b'W',20.0,7.0,b'W',60.0,120.0,True
135069.0,17.0,2.0,71.9,161.1,27.7,87.8,99.33333333333331,65.66666666666667,5.5,0.46,,,,,,,,True
135070.0,78.0,1.0,56.2,162.5,21.3,88.6,133.66666666666666,75.66666666666667,11.0,1.02,6.0,b'W',30.0,5.397605346934028e-79,b'',,360.0,True
135071.0,32.0,1.0,70.6,179.9,21.8,80.9,125.33333333333331,79.33333333333333,5.2,0.2,3.0,b'W',20.0,1.0,b'W',20.0,600.0,True
135072.0,18.0,2.0,90.5,168.1,32.0,100.5,108.0,75.0,5.3,3.21,1.0,b'M',60.0,5.397605346934028e-79,b'',,360.0,True
135074.0,67.0,1.0,93.7,184.5,27.5,114.0,123.0,78.66666666666667,6.2,4.79,1.0,b'D',20.0,5.397605346934028e-79,b'',,300.0,True
135077.0,80.0,2.0,66.8,161.8,25.5,94.7,138.33333333333334,75.33333333333333,5.3,2.63,1.0,b'W',90.0,3.0,b'W',90.0,180.0,True
135078.0,17.0,2.0,64.1,163.2,24.1,75.9,115.0,65.33333333333333,5.2,1.65,,,,,,,,True
135084.0,50.0,2.0,,,,,,,5.6,0.44,5.397605346934028e-79,b'',,4.0,b'D',15.0,60.0,True
135087.0,73.0,1.0,75.5,178.3,23.7,100.6,152.66666666666666,79.33333333333333,5.5,3.31,5.0,b'W',180.0,3.0,b'W',240.0,240.0,True
135090.0,70.0,2.0,63.2,157.4,25.5,93.1,128.0,72.66666666666667,6.1,0.97,6.0,b'W',30.0,3.0,b'W',60.0,240.0,True
135091.0,65.0,2.0,82.6,175.4,26.8,100.2,141.0,84.0,5.7,1.49,2.0,b'W',60.0,5.397605346934028e-79,b'',,120.0,True
135092.0,64.0,1.0,86.4,172.2,29.1,105.8,137.0,81.33333333333333,6.0,0.75,5.397605346934028e-79,b'',,5.397605346934028e-79,b'',,60.0,True
135093.0,62.0,2.0,56.1,166.7,20.2,75.8,114.33333333333331,74.0,5.1,0.87,7.0,b'W',30.0,3.0,b'W',30.0,300.0,True
135094.0,34.0,1.0,96.2,175.6,31.2,106.0,115.0,77.0,5.6,5.97,5.0,b'W',60.0,2.0,b'W',60.0,840.0,True
135095.0,35.0,2.0,88.3,169.7,30.7,95.3,105.0,72.66666666666667,5.2,2.49,5.397605346934028e-79,b'',,5.397605346934028e-79,b'',,120.0,True
135097.0,11.0,1.0,38.8,143.0,19.0,66.4,101.66666666666669,56.66666666666666,,0.45,,,,,,,,True
135098.0,47.0,1.0,89.9,181.8,27.2,98.6,114.0,74.0,5.1,0.29,2.0,b'W',45.0,5.397605346934028e-79,b'',,540.0,True
135099.0,2.0,2.0,11.0,79.8,17.3,44.8,,,,0.39,,,,,,,,True
135100.0,32.0,1.0,138.1,179.6,42.8,127.1,120.66666666666669,85.66666666666667,5.8,2.16,2.0,b'W',40.0,1.0,b'W',30.0,480.0,True
135101.0,35.0,2.0,51.6,161.5,19.8,69.6,96.0,60.333333333333336,5.4,0.26,4.0,b'D',40.0,5.397605346934028e-79,b'',,240.0,True
135103.0,47.0,2.0,99.5,156.2,40.8,121.6,105.33333333333331,61.66666666666666,5.1,4.08,1.0,b'W',60.0,5.397605346934028e-79,b'',,420.0,True
135108.0,23.0,2.0,59.9,162.6,22.7,71.6,116.0,74.66666666666667,4.9,0.45,2.0,b'W',90.0,1.0,b'W',60.0,300.0,True
135110.0,73.0,1.0,68.1,157.9,27.3,96.1,150.0,70.33333333333333,5.5,5.05,4.0,b'W',30.0,5.397605346934028e-79,b'',,180.0,True
135111.0,59.0,1.0,75.7,164.6,27.9,98.4,127.0,77.66666666666667,5.6,1.84,3.0,b'W',30.0,5.0,b'W',30.0,60.0,True
135112.0,77.0,1.0,78.7,170.2,27.2,104.7,137.33333333333334,83.66666666666667,5.7,42.75,5.397605346934028e-79,b'',,5.397605346934028e-79,b'',,360.0,True
135116.0,72.0,1.0,86.5,166.5,31.2,105.0,135.66666666666666,66.66666666666667,6.7,1.88,1.0,b'D',180.0,5.397605346934028e-79,b'',,60.0,True
135117.0,38.0,1.0,117.4,171.9,39.7,122.7,129.0,89.66666666666667,5.4,5.24,1.0,b'W',60.0,1.0,b'W',60.0,540.0,True
135119.0,37.0,1.0,70.9,180.4,21.8,90.6,120.33333333333331,78.66666666666667,5.6,0.73,5.0,b'M',60.0,5.0,b'M',60.0,240.0,True
135121.0,62.0,1.0,54.2,162.9,20.4,84.0,130.0,79.0,6.7,0.53,1.0,b'D',30.0,1.0,b'D',30.0,300.0,True
135124.0,14.0,2.0,54.4,156.5,22.2,72.7,107.33333333333331,58.0,5.2,2.69,,,,,,,,True
135126.0,64.0,2.0,81.4,182.2,24.5,90.1,155.66666666666666,93.33333333333331,5.9,4.05,4.0,b'D',120.0,3.0,b'W',120.0,180.0,True
135129.0,65.0,2.0,66.8,156.0,27.4,89.9,120.66666666666669,57.0,5.6,0.29,1.0,b'W',60.0,5.397605346934028e-79,b'',,240.0,True
135130.0,57.0,1.0,117.2,176.6,37.6,111.6,130.0,85.0,7.2,0.56,5.0,b'W',60.0,3.0,b'W',30.0,120.0,True
135131.0,71.0,2.0,75.0,155.5,31.0,98.0,164.0,91.33333333333331,6.7,3.16,5.397605346934028e-79,b'',,5.397605346934028e-79,b'',,480.0,True
135132.0,36.0,2.0,58.6,154.4,24.6,84.1,104.66666666666669,78.66666666666667,5.0,6.59,5.0,b'W',120.0,5.397605346934028e-79,b'',,180.0,True
135133.0,10.0,1.0,36.9,137.4,19.5,73.5,102.33333333333331,72.33333333333333,,0.55,,,,,,,,True
135134.0,66.0,2.0,66.8,149.3,30.0,99.4,122.66666666666669,59.0,5.7,0.21,5.397605346934028e-79,b'',,5.397605346934028e-79,b'',,180.0,True
135136.0,11.0,1.0,60.9,157.1,24.7,92.4,115.0,73.33333333333333,,0.44,,,,,,,,True
135137.0,32.0,1.0,88.6,181.0,27.0,108.2,91.66666666666669,58.333333333333336,4.9,0.59,2.0,b'W',180.0,1.0,b'W',30.0,360.0,True
135138.0,15.0,2.0,59.6,165.8,21.7,79.2,111.33333333333331,64.0,4.9,0.6,,,,,,,,True
135140.0,27.0,1.0,131.3,184.2,38.7,122.3,136.0,100.33333333333331,8.4,13.58,2.0,b'W',90.0,1.0,b'W',60.0,360.0,True
135141.0,49.0,2.0,66.1,169.1,23.1,,,,5.2,0.48,1.0,b'D',60.0,3.0,b'W',25.0,360.0,True
135142.0,76.0,2.0,65.0,147.5,29.9,106.1,161.33333333333334,75.0,5.9,5.21,5.397605346934028e-79,b'',,5.397605346934028e-79,b'',,240.0,True
135144.0,66.0,1.0,77.2,163.3,28.9,102.4,171.0,86.66666666666667,6.4,1.07,3.0,b'W',35.0,5.397605346934028e-79,b'',,240.0,True
135146.0,35.0,2.0,74.1,166.9,26.6,95.2,125.33333333333331,69.66666666666667,6.8,0.17,2.0,b'W',60.0,3.0,b'W',45.0,120.0,True
135148.0,49.0,1.0,81.4,173.5,27.0,101.2,125.66666666666669,86.0,5.6,0.71,5.0,b'W',20.0,5.397605346934028e-79,b'',,480.0,True
135149.0,38.0,1.0,68.1,168.9,23.9,85.2,121.66666666666669,75.0,5.5,1.73,5.397605346934028e-79,b'',,5.397605346934028e-79,b'',,300.0,True
135150.0,31.0,2.0,79.0,156.5,32.3,100.2,95.33333333333331,66.0,5.6,5.38,5.397605346934028e-79,b'',,5.397605346934028e-79,b'',,90.0,True
135152.0,21.0,1.0,109.5,173.5,36.4,116.2,119.66666666666669,88.66666666666667,4.7,1.71,2.0,b'W',90.0,3.0,b'W',120.0,300.0,True
135153.0,53.0,2.0,64.1,172.0,21.7,83.1,125.33333333333331,73.33333333333333,5.4,0.4,5.0,b'W',75.0,1.0,b'M',15.0,720.0,True
135155.0,61.0,1.0,69.4,167.0,24.9,99.6,132.66666666666666,77.33333333333333,5.8,2.43,7.0,b'W',30.0,5.397605346934028e-79,b'',,120.0,True
135156.0,14.0,2.0,64.4,165.0,23.7,,106.66666666666669,70.33333333333333,5.6,0.11,,,,,,,,True
135157.0,72.0,1.0,57.2,172.1,19.3,81.0,147.33333333333334,66.33333333333333,6.5,1.47,4.0,b'W',60.0,5.397605346934028e-79,b'',,480.0,True
135158.0,68.0,1.0,124.9,178.2,39.3,139.2,134.33333333333334,74.0,7.1,2.33,5.397605346934028e-79,b'',,5.397605346934028e-79,b'',,360.0,True
135159.0,63.0,1.0,89.4,180.1,27.6,99.4,127.33333333333331,78.33333333333333,5.1,4.93,5.0,b'W',60.0,3.0,b'W',90.0,300.0,True
135161.0,19.0,1.0,98.3,174.9,32.1,105.4,119.33333333333331,74.33333333333333,5.1,4.29,5.0,b'D',90.0,3.0,b'D',15.0,600.0,True
135162.0,2.0,2.0,13.6,90.0,16.8,50.9,,,,15.36,,,,,,,,True
135170.0,25.0,1.0,90.3,188.3,25.5,89.7,109.0,66.0,5.0,0.64,2.0,b'W',60.0,2.0,b'M',90.0,600.0,True
135172.0,62.0,1.0,103.2,191.8,28.1,109.2,119.33333333333331,79.0,5.5,2.6,2.0,b'D',35.0,6.0,b'W',45.0,480.0,True
135173.0,58.0,1.0,61.1,172.7,20.5,82.7,123.0,70.33333333333333,5.6,1.26,5.397605346934028e-79,b'',,5.397605346934028e-79,b'',,720.0,True
135174.0,36.0,2.0,72.6,170.0,25.1,90.5,157.66666666666666,98.66666666666669,5.0,0.62,3.0,b'W',120.0,2.0,b'M',180.0,240.0,True
135175.0,12.0,2.0,38.2,149.6,17.1,65.7,102.66666666666669,55.333333333333336,5.1,0.2,,,,,,,,True
135176.0,34.0,2.0,79.1,165.4,28.9,90.7,130.33333333333334,85.0,5.1,0.41,3.0,b'W',60.0,1.0,b'W',30.0,180.0,True
135177.0,39.0,1.0,105.7,173.9,35.0,114.3,119.0,93.66666666666669,6.6,0.81,2.0,b'W',45.0,2.0,b'M',60.0,300.0,True
135181.0,69.0,2.0,100.3,151.5,43.7,130.9,141.66666666666666,96.0,6.1,3.93,1.0,b'W',30.0,1.0,b'W',60.0,480.0,True
135182.0,12.0,1.0,44.4,159.6,17.4,62.6,102.33333333333331,62.0,4.8,0.11,,,,,,,,True
135183.0,68.0,2.0,58.3,153.5,24.7,95.2,121.33333333333331,55.333333333333336,5.7,1.01,2.0,b'W',120.0,5.397605346934028e-79,b'',,600.0,True
135184.0,72.0,2.0,63.6,158.4,25.3,90.4,119.33333333333331,61.0,5.4,0.37,5.397605346934028e-79,b'',,5.397605346934028e-79,b'',,300.0,True
135185.0,30.0,1.0,98.8,176.8,31.6,110.5,143.33333333333334,92.0,5.6,5.62,5.397605346934028e-79,b'',,5.397605346934028e-79,b'',,480.0,True
135187.0,37.0,2.0,141.6,161.4,54.4,122.5,115.0,70.66666666666667,5.3,6.61,3.0,b'W',30.0,5.397605346934028e-79,b'',,300.0,True
135188.0,77.0,1.0,67.3,166.9,24.2,89.6,144.33333333333334,92.0,5.3,2.31,4.0,b'D',10.0,5.397605346934028e-79,b'',,600.0,True
135189.0,67.0,2.0,67.9,153.3,28.9,96.2,121.66666666666669,83.33333333333333,5.5,0.75,2.0,b'W',60.0,2.0,b'M',60.0,420.0,True
135191.0,49.0,1.0,150.5,186.3,43.4,139.8,110.33333333333331,82.33333333333333,6.2,2.69,5.397605346934028e-79,b'',,5.397605346934028e-79,b'',,300.0,True
135192.0,52.0,1.0,92.7,173.3,30.9,111.0,101.66666666666669,65.0,5.5,1.85,5.397605346934028e-79,b'',,5.397605346934028e-79,b'',,240.0,True
135194.0,28.0,2.0,55.6,166.6,20.0,80.0,109.66666666666669,67.33333333333333,4.8,1.37,1.0,b'W',60.0,5.397605346934028e-79,b'',,720.0,True
135195.0,57.0,1.0,73.1,159.7,28.7,94.2,126.0,77.66666666666667,5.7,1.23,2.0,b'W',60.0,2.0,b'W',60.0,120.0,True
135196.0,25.0,1.0,113.6,187.2,32.4,107.5,122.0,78.0,5.3,1.4,4.0,b'W',120.0,5.397605346934028e-79,b'',,240.0,True
135197.0,75.0,2.0,68.3,154.2,28.7,96.6,182.0,100.33333333333331,5.3,3.26,1.0,b'W',60.0,5.397605346934028e-79,b'',,300.0,True
135198.0,80.0,1.0,75.8,176.4,24.4,97.6,123.0,57.333333333333336,5.8,2.55,5.397605346934028e-79,b'',,5.397605346934028e-79,b'',,9999.0,True
135199.0,59.0,2.0,94.5,157.5,38.1,100.3,110.33333333333331,70.33333333333333,5.7,9.74,1.0,b'W',60.0,1.0,b'M',30.0,240.0,True
135200.0,62.0,1.0,70.8,179.7,21.9,92.0,118.33333333333331,84.0,5.4,1.23,5.0,b'W',60.0,5.397605346934028e-79,b'',,180.0,True
135201.0,40.0,1.0,84.6,175.7,27.4,87.5,113.66666666666669,64.0,5.0,1.96,5.0,b'W',90.0,5.0,b'W',90.0,480.0,True
135203.0,48.0,2.0,88.0,166.4,31.8,105.9,106.33333333333331,66.33333333333333,5.3,3.9,5.0,b'W',180.0,5.0,b'W',120.0,180.0,True
135204.0,60.0,1.0,136.1,175.9,44.0,137.8,126.33333333333331,90.33333333333331,5.4,9.2,3.0,b'W',45.0,5.397605346934028e-79,b'',,480.0,True
135207.0,42.0,1.0,90.4,189.3,25.2,98.8,133.0,87.0,5.3,0.44,1.0,b'W',60.0,5.0,b'Y',60.0,480.0,True
135208.0,12.0,2.0,31.3,131.5,18.1,71.6,81.33333333333333,55.66666666666666,4.8,0.32,,,,,,,,True
135210.0,44.0,2.0,60.2,169.3,21.0,78.7,113.0,64.66666666666667,5.6,0.81,5.0,b'W',60.0,2.0,b'W',30.0,420.0,True
135213.0,67.0,1.0,82.0,165.6,29.9,107.8,152.66666666666666,93.66666666666669,5.2,1.27,3.0,b'W',10.0,5.397605346934028e-79,b'',,480.0,True
135216.0,47.0,2.0,96.9,160.0,37.9,121.9,102.66666666666669,80.0,5.4,7.12,5.397605346934028e-79,b'',,5.397605346934028e-79,b'',,840.0,True
135217.0,49.0,1.0,68.0,168.2,24.0,82.4,133.33333333333334,77.33333333333333,5.6,31.04,5.397605346934028e-79,b'',,5.397605346934028e-79,b'',,240.0,True
135218.0,19.0,2.0,56.7,175.0,18.5,69.1,93.0,58.0,5.2,0.2,5.397605346934028e-79,b'',,5.397605346934028e-79,b'',,120.0,True
135219.0,49.0,2.0,68.6,160.6,26.6,88.9,130.0,80.0,5.6,2.54,3.0,b'W',60.0,5.397605346934028e-79,b'',,480.0,True
135220.0,66.0,1.0,119.6,171.8,40.5,125.6,124.33333333333331,65.66666666666667,5.8,4.53,5.397605346934028e-79,b'',,5.397605346934028e-79,b'',,240.0,True
135222.0,25.0,1.0,71.3,172.2,24.0,79.8,109.0,68.0,5.2,0.34,4.0,b'W',60.0,1.0,b'W',60.0,300.0,True
135223.0,58.0,2.0,111.9,171.9,37.9,132.6,164.0,77.66666666666667,7.3,14.13,5.397605346934028e-79,b'',,5.397605346934028e-79,b'',,720.0,True
135227.0,79.0,2.0,50.5,151.4,22.0,83.0,160.0,80.33333333333333,5.6,0.64,1.0,b'W',60.0,5.397605346934028e-79,b'',,300.0,True
135231.0,9.0,1.0,32.1,144.1,15.5,64.3,114.0,55.66666666666666,,1.7,,,,,,,,True
135232.0,53.0,1.0,95.7,169.7,33.2,107.6,125.0,89.66666666666667,5.5,1.81,2.0,b'W',90.0,5.397605346934028e-79,b'',,420.0,True
135234.0,4.0,2.0,29.1,107.1,25.4,70.0,,,,0.43,,,,,,,,True
135236.0,57.0,2.0,81.7,168.7,28.7,105.4,121.33333333333331,65.66666666666667,5.3,0.98,2.0,b'W',60.0,5.397605346934028e-79,b'',,180.0,True
135238.0,55.0,2.0,116.6,155.3,48.3,139.2,132.0,91.33333333333331,5.7,10.62,5.397605346934028e-79,b'',,5.397605346934028e-79,b'',,240.0,True
135239.0,54.0,1.0,61.4,161.7,23.5,75.5,147.33333333333334,89.0,5.4,2.08,5.397605346934028e-79,b'',,3.0,b'W',30.0,180.0,True
135240.0,16.0,2.0,48.8,160.3,19.0,66.3,93.0,52.66666666666666,5.1,0.65,,,,,,,,True
135241.0,51.0,2.0,67.3,164.7,24.8,80.8,112.0,87.0,4.2,1.95,2.0,b'W',30.0,3.0,b'M',30.0,480.0,True
135244.0,21.0,1.0,57.7,172.1,19.5,70.7,120.33333333333331,66.33333333333333,4.8,2.17,5.397605346934028e-79,b'',,5.397605346934028e-79,b'',,180.0,True
135245.0,34.0,1.0,72.7,161.3,27.9,97.5,125.33333333333331,74.33333333333333,5.5,10.85,5.0,b'W',300.0,2.0,b'W',120.0,240.0,True
135246.0,41.0,1.0,222.7,179.5,69.1,,,,5.7,2.31,4.0,b'W',90.0,1.0,b'W',60.0,60.0,True
135248.0,45.0,2.0,95.8,160.0,37.4,115.4,132.0,100.0,5.7,7.01,3.0,b'W',60.0,5.397605346934028e-79,b'',,480.0,True
135249.0,18.0,2.0,71.9,153.6,30.5,93.8,113.0,67.0,5.2,1.67,7.0,b'W',20.0,5.397605346934028e-79,b'',,240.0,True
135250.0,60.0,2.0,73.5,158.7,29.2,90.5,108.0,70.66666666666667,5.6,1.45,6.0,b'W',60.0,6.0,b'W',20.0,60.0,True
135251.0,53.0,1.0,78.6,176.5,25.2,90.5,109.66666666666669,66.33333333333333,5.2,2.98,4.0,b'M',30.0,1.0,b'W',30.0,240.0,True
135255.0,61.0,1.0,116.7,175.3,38.0,135.1,113.66666666666669,67.33333333333333,6.0,6.52,2.0,b'W',15.0,5.397605346934028e-79,b'',,600.0,True
135256.0,5.0,1.0,32.1,121.3,21.8,69.3,,,,1.85,,,,,,,,True
135260.0,62.0,1.0,96.6,176.9,30.9,114.4,131.33333333333334,84.0,6.3,4.02,2.0,b'W',30.0,5.397605346934028e-79,b'',,360.0,True
135261.0,16.0,1.0,76.4,172.8,25.6,91.5,120.33333333333331,76.0,5.1,1.24,,,,,,,,True
135262.0,34.0,1.0,93.4,169.5,32.5,113.0,121.33333333333331,76.0,5.3,1.21,30.0,b'M',480.0,2.0,b'D',120.0,120.0,True
135264.0,10.0,1.0,40.3,139.2,20.8,66.9,97.0,60.66666666666666,,0.11,,,,,,,,True
135266.0,68.0,1.0,89.2,174.5,29.3,107.4,104.33333333333331,60.66666666666666,5.6,7.2,6.0,b'W',75.0,5.397605346934028e-79,b'',,480.0,True
135270.0,34.0,2.0,106.1,172.2,35.8,112.6,118.0,93.0,5.3,5.65,10.0,b'D',20.0,5.0,b'Y',30.0,240.0,True
135275.0,40.0,1.0,136.9,172.2,46.2,132.2,114.66666666666669,76.66666666666667,4.9,2.11,5.397605346934028e-79,b'',,5.397605346934028e-79,b'',,240.0,True
135276.0,10.0,1.0,77.1,148.8,34.8,100.1,91.66666666666669,60.0,,3.35,,,,,,,,True
135277.0,15.0,1.0,60.3,170.0,20.9,77.1,105.33333333333331,56.66666666666666,5.2,0.34,,,,,,,,True
135278.0,10.0,1.0,68.7,147.9,31.4,103.2,109.0,63.0,,0.97,,,,,,,,True
135280.0,7.0,1.0,24.2,123.3,15.9,53.6,,,,0.16,,,,,,,,True
135281.0,51.0,1.0,103.1,176.9,32.9,113.6,127.33333333333331,85.33333333333333,5.3,1.44,5.397605346934028e-79,b'',,5.397605346934028e-79,b'',,300.0,True
135284.0,67.0,2.0,117.8,154.5,49.4,138.3,144.66666666666666,60.0,9.3,5.53,5.397605346934028e-79,b'',,5.397605346934028e-79,b'',,900.0,True
135285.0,62.0,1.0,153.3,184.2,45.2,,131.0,53.333333333333336,4.8,0.89,5.397605346934028e-79,b'',,5.397605346934028e-79,b'',,840.0,True
135287.0,53.0,2.0,110.3,165.7,40.2,121.2,138.33333333333334,99.0,6.0,3.48,5.397605346934028e-79,b'',,5.397605346934028e-79,b'',,120.0,True
135288.0,64.0,2.0,76.5,159.4,30.1,100.2,130.0,84.0,6.6,0.29,5.397605346934028e-79,b'',,5.397605346934028e-79,b'',,420.0,True
135292.0,52.0,2.0,63.3,162.9,23.9,87.0,125.33333333333331,81.0,5.3,1.34,7.0,b'W',60.0,1.0,b'W',30.0,180.0,True
135293.0,73.0,1.0,56.6,160.4,22.0,86.2,102.0,64.0,5.8,0.39,1.0,b'D',60.0,5.397605346934028e-79,b'',,240.0,True
135295.0,48.0,2.0,81.6,156.2,33.4,97.4,109.0,76.33333333333333,5.0,0.53,3.0,b'W',20.0,5.397605346934028e-79,b'',,840.0,True
135296.0,7.0,1.0,21.5,120.1,14.9,50.6,,,,0.2,,,,,,,,True
135297.0,12.0,1.0,55.5,162.1,21.1,78.4,110.0,57.0,5.1,0.3,,,,,,,,True
135298.0,70.0,2.0,100.1,157.6,40.3,116.1,119.66666666666669,73.33333333333333,6.0,3.55,5.397605346934028e-79,b'',,5.397605346934028e-79,b'',,300.0,True
135299.0,80.0,1.0,95.4,178.9,29.8,112.8,100.66666666666669,60.0,5.6,6.22,4.0,b'W',60.0,2.0,b'W',30.0,240.0,True
135300.0,74.0,2.0,64.3,165.7,23.4,89.5,129.33333333333334,62.333333333333336,5.6,0.44,7.0,b'W',30.0,7.0,b'W',15.0,180.0,True
135302.0,63.0,2.0,75.1,160.3,29.2,108.0,118.33333333333331,76.0,6.1,5.23,5.397605346934028e-79,b'',,2.0,b'W',30.0,720.0,True
135304.0,8.0,2.0,31.2,127.0,19.3,63.2,83.5,50.5,,0.39,,,,,,,,True
135305.0,38.0,2.0,56.5,153.0,24.1,77.6,114.33333333333331,72.33333333333333,5.2,2.7,2.0,b'W',10.0,1.0,b'M',30.0,360.0,True
135306.0,53.0,1.0,156.9,180.8,48.0,133.5,113.33333333333331,80.33333333333333,5.5,2.05,2.0,b'W',30.0,6.0,b'Y',15.0,720.0,True
135307.0,5.0,1.0,17.9,105.1,16.2,53.6,,,,0.49,,,,,,,,True
135308.0,47.0,2.0,62.2,163.2,23.4,81.5,124.66666666666669,78.33333333333333,5.3,0.49,1.0,b'W',60.0,5.397605346934028e-79,b'',,540.0,True
135310.0,35.0,2.0,62.0,144.8,29.6,100.5,101.0,65.33333333333333,7.4,2.41,1.0,b'D',180.0,5.397605346934028e-79,b'',,120.0,True
135312.0,72.0,2.0,54.5,159.7,21.4,78.9,153.33333333333334,68.33333333333333,5.0,0.39,7.0,b'W',45.0,5.397605346934028e-79,b'',,660.0,True
135313.0,7.0,2.0,20.9,122.6,13.9,50.6,,,,0.11,,,,,,,,True
135314.0,62.0,2.0,55.0,160.3,21.4,78.9,108.33333333333331,69.33333333333333,5.4,1.85,6.0,b'W',40.0,5.397605346934028e-79,b'',,360.0,True
135316.0,33.0,2.0,52.2,167.2,18.7,71.3,104.66666666666669,58.333333333333336,4.9,0.22,5.0,b'W',120.0,1.0,b'W',180.0,540.0,True
135317.0,48.0,1.0,70.0,170.6,24.1,94.4,121.0,70.66666666666667,5.1,8.22,5.397605346934028e-79,b'',,5.397605346934028e-79,b'',,30.0,True
135318.0,28.0,2.0,71.5,163.0,26.9,90.5,97.0,55.333333333333336,5.7,0.22,15.0,b'M',45.0,3.0,b'W',30.0,360.0,True
135321.0,59.0,1.0,72.3,166.0,26.2,93.0,123.33333333333331,78.0,5.5,0.72,3.0,b'W',120.0,2.0,b'W',120.0,180.0,True
135324.0,52.0,1.0,78.2,177.1,24.9,93.9,109.66666666666669,66.33333333333333,5.5,4.95,5.397605346934028e-79,b'',,5.397605346934028e-79,b'',,360.0,True
135325.0,49.0,1.0,101.2,173.3,33.7,108.4,152.66666666666666,92.66666666666669,5.7,1.49,5.397605346934028e-79,b'',,5.397605346934028e-79,b'',,120.0,True
135329.0,53.0,1.0,93.9,167.3,33.5,109.4,120.66666666666669,72.33333333333333,8.6,4.22,1.0,b'W',115.0,5.397605346934028e-79,b'',,540.0,True
135330.0,51.0,2.0,135.1,163.6,50.5,127.8,,,5.2,13.32,3.0,b'W',30.0,5.397605346934028e-79,b'',,600.0,True
135332.0,31.0,1.0,87.9,180.9,26.9,98.4,125.66666666666669,72.0,5.1,0.95,7.0,b'W',120.0,1.0,b'W',60.0,60.0,True
135335.0,7.0,2.0,41.1,130.7,24.1,78.6,,,,1.79,,,,,,,,True
135336.0,34.0,1.0,104.1,183.5,30.9,109.7,124.0,76.0,5.0,3.06,3.0,b'W',60.0,2.0,b'W',60.0,480.0,True
135339.0,59.0,2.0,87.5,160.9,33.8,111.3,132.66666666666666,76.33333333333333,5.9,2.83,2.0,b'W',30.0,5.397605346934028e-79,b'',,360.0,True
135340.0,13.0,2.0,93.3,162.8,35.2,104.4,93.33333333333331,53.66666666666666,5.5,4.74,,,,,,,,True
135342.0,7.0,2.0,23.1,116.4,17.0,60.2,,,,0.52,,,,,,,,True
135343.0,78.0,2.0,86.9,160.1,33.9,122.5,183.66666666666663,91.0,6.7,17.73,5.397605346934028e-79,b'',,5.397605346934028e-79,b'',,900.0,True
135344.0,43.0,2.0,69.1,174.8,22.6,88.7,108.0,70.33333333333333,5.5,1.13,7.0,b'W',60.0,2.0,b'W',30.0,240.0,True
135345.0,14.0,2.0,57.4,160.4,22.3,77.5,104.33333333333331,60.66666666666666,5.7,0.2,,,,,,,,True
135346.0,15.0,2.0,68.8,172.9,23.0,83.5,100.33333333333331,56.333333333333336,5.2,3.66,,,,,,,,True
135347.0,61.0,1.0,113.2,180.7,34.7,122.4,116.66666666666669,66.0,6.5,0.49,3.0,b'W',40.0,5.397605346934028e-79,b'',,420.0,True
135348.0,63.0,1.0,80.5,172.4,27.1,99.5,122.0,69.33333333333333,5.6,1.0,1.0,b'W',60.0,5.397605346934028e-79,b'',,120.0,True
135350.0,78.0,1.0,82.0,169.8,28.4,102.7,135.33333333333334,63.0,5.3,0.88,7.0,b'W',30.0,2.0,b'W',15.0,240.0,True
135351.0,80.0,1.0,75.8,175.5,24.6,100.0,76.33333333333333,51.333333333333336,5.7,3.65,5.397605346934028e-79,b'',,5.397605346934028e-79,b'',,960.0,True
135352.0,16.0,1.0,67.0,182.1,20.2,70.6,109.33333333333331,69.66666666666667,5.3,0.48,,,,,,,,True
135353.0,61.0,2.0,70.4,160.4,27.4,101.0,105.66666666666669,74.33333333333333,5.3,0.17,1.0,b'D',60.0,5.397605346934028e-79,b'',,540.0,True
135356.0,40.0,2.0,53.6,150.7,23.6,,133.33333333333334,82.33333333333333,5.1,0.51,3.0,b'W',40.0,5.397605346934028e-79,b'',,480.0,True
135358.0,66.0,2.0,69.4,164.2,25.7,99.8,153.33333333333334,95.33333333333331,5.3,2.46,1.0,b'D',20.0,5.397605346934028e-79,b'',,480.0,True
135364.0,72.0,1.0,65.9,172.3,22.2,86.2,134.0,79.66666666666667,6.0,0.81,5.397605346934028e-79,b'',,5.397605346934028e-79,b'',,240.0,True
135366.0,77.0,1.0,78.5,166.1,28.5,99.8,135.33333333333334,80.66666666666667,5.2,1.82,3.0,b'W',20.0,1.0,b'W',1.0,240.0,True
135369.0,22.0,1.0,76.7,176.1,24.7,79.4,102.0,55.333333333333336,4.9,0.11,2.0,b'D',75.0,6.0,b'W',90.0,480.0,True
135370.0,6.0,1.0,24.8,123.7,16.2,55.0,,,,0.17,,,,,,,,True
135372.0,65.0,2.0,93.3,163.2,35.0,117.5,149.33333333333334,83.66666666666667,5.7,7.05,1.0,b'D',30.0,5.397605346934028e-79,b'',,120.0,True
135374.0,2.0,1.0,16.3,95.2,18.0,53.1,,,,2.88,,,,,,,,True
135375.0,38.0,2.0,107.9,170.5,37.1,116.4,111.0,82.0,5.3,5.18,2.0,b'W',30.0,1.0,b'M',20.0,420.0,True
135376.0,29.0,1.0,88.5,167.0,31.7,97.3,,,5.4,1.19,5.0,b'W',90.0,5.0,b'W',60.0,360.0,True
135381.0,23.0,1.0,65.5,187.9,18.6,76.6,132.66666666666666,80.33333333333333,5.1,0.36,5.0,b'Y',45.0,1.0,b'Y',30.0,720.0,True
135382.0,44.0,2.0,76.1,151.2,33.3,97.5,120.0,80.0,6.3,9.51,1.0,b'D',30.0,5.397605346934028e-79,b'',,480.0,True
135383.0,15.0,1.0,82.9,178.8,25.9,86.4,110.66666666666669,49.66666666666666,5.7,0.62,,,,,,,,True
135384.0,60.0,2.0,54.4,161.2,20.9,82.9,168.33333333333334,85.0,5.4,3.91,2.0,b'W',45.0,4.0,b'W',60.0,480.0,True
135385.0,56.0,1.0,,190.5,,95.1,133.0,84.0,5.9,2.22,5.397605346934028e-79,b'',,5.397605346934028e-79,b'',,360.0,True
135388.0,29.0,2.0,60.5,160.9,23.4,78.0,116.0,59.66666666666666,5.5,0.33,3.0,b'W',30.0,2.0,b'M',60.0,360.0,True
135389.0,27.0,2.0,50.8,153.4,21.6,73.6,111.0,65.66666666666667,5.2,0.17,1.0,b'W',90.0,1.0,b'W',120.0,360.0,True
135390.0,66.0,1.0,120.8,174.6,39.6,129.0,141.66666666666666,78.66666666666667,5.5,3.8,2.0,b'M',30.0,5.397605346934028e-79,b'',,360.0,True
135391.0,65.0,1.0,79.7,176.7,25.5,104.7,134.0,78.0,6.5,0.66,6.0,b'W',30.0,5.397605346934028e-79,b'',,300.0,True
135392.0,31.0,2.0,80.0,171.8,27.1,90.5,106.33333333333331,65.66666666666667,5.0,0.5,3.0,b'W',30.0,1.0,b'M',30.0,360.0,True
135395.0,42.0,1.0,109.9,181.1,33.5,109.7,124.33333333333331,74.66666666666667,5.4,4.26,3.0,b'W',120.0,3.0,b'W',25.0,240.0,True
135396.0,65.0,1.0,85.4,178.9,26.7,104.1,113.66666666666669,63.0,6.2,8.14,7.0,b'W',60.0,5.397605346934028e-79,b'',,480.0,True
135397.0,46.0,2.0,163.4,158.9,64.7,,112.0,82.33333333333333,7.7,13.59,5.397605346934028e-79,b'',,5.397605346934028e-79,b'',,840.0,True
135399.0,80.0,2.0,59.8,166.2,21.6,77.4,135.0,86.0,5.6,1.27,5.397605346934028e-79,b'',,5.397605346934028e-79,b'',,600.0,True
135401.0,39.0,1.0,95.4,165.8,34.7,112.5,168.0,105.0,4.7,7.54,5.397605346934028e-79,b'',,5.397605346934028e-79,b'',,360.0,True
135404.0,56.0,2.0,124.8,164.0,46.4,128.3,115.66666666666669,77.66666666666667,6.8,6.19,5.397605346934028e-79,b'',,5.397605346934028e-79,b'',,180.0,True
135405.0,50.0,2.0,95.7,155.2,39.7,113.1,119.66666666666669,83.0,5.3,8.76,2.0,b'W',45.0,5.397605346934028e-79,b'',,600.0,True
135406.0,38.0,1.0,70.8,170.0,24.5,88.0,121.33333333333331,70.66666666666667,5.4,1.02,3.0,b'W',120.0,5.397605346934028e-79,b'',,60.0,True
135407.0,60.0,2.0,91.2,163.2,34.2,116.3,130.66666666666666,89.0,5.5,10.6,1.0,b'W',20.0,1.0,b'M',30.0,300.0,True
135409.0,33.0,1.0,68.1,171.9,23.0,81.1,133.0,80.33333333333333,5.1,0.58,12.0,b'D',60.0,4.0,b'D',60.0,120.0,True
135411.0,80.0,2.0,41.7,139.1,21.6,79.4,193.0,84.0,5.2,3.81,1.0,b'D',60.0,5.397605346934028e-79,b'',,240.0,True
135413.0,17.0,2.0,55.2,156.9,22.4,78.7,91.66666666666669,53.333333333333336,5.2,2.42,,,,,,,,True
135414.0,29.0,1.0,72.4,166.0,26.3,89.8,108.0,83.66666666666667,5.0,1.0,2.0,b'M',30.0,1.0,b'M',30.0,900.0,True
135416.0,50.0,2.0,66.7,162.8,25.2,88.1,136.33333333333334,76.33333333333333,5.7,3.74,2.0,b'W',30.0,5.0,b'W',60.0,600.0,True
135419.0,25.0,1.0,144.9,191.6,39.5,121.8,137.0,99.33333333333331,5.7,2.94,4.0,b'W',30.0,5.397605346934028e-79,b'',,480.0,True
135420.0,3.0,1.0,15.2,101.5,14.8,49.2,,,,0.11,,,,,,,,True
135421.0,4.0,1.0,15.9,105.0,14.4,48.5,,,,0.32,,,,,,,,True
135422.0,26.0,1.0,52.8,167.4,18.8,72.2,99.33333333333331,57.333333333333336,5.6,14.02,3.0,b'W',90.0,1.0,b'W',120.0,240.0,True
135423.0,33.0,2.0,46.7,153.8,19.7,68.2,97.66666666666669,65.33333333333333,5.2,0.2,1.0,b'W',30.0,1.0,b'M',60.0,600.0,True
135424.0,7.0,2.0,23.8,123.3,15.7,52.2,,,,0.77,,,,,,,,True
135425.0,44.0,1.0,94.2,166.9,33.8,109.6,108.0,62.66666666666666,5.2,3.15,1.0,b'W',60.0,5.397605346934028e-79,b'',,240.0,True
135427.0,39.0,2.0,93.4,166.9,33.5,103.0,114.0,77.66666666666667,5.1,6.24,5.0,b'W',60.0,1.0,b'W',120.0,240.0,True
135428.0,46.0,2.0,104.9,160.8,40.6,109.4,131.66666666666666,96.0,11.0,0.73,5.397605346934028e-79,b'',,5.397605346934028e-79,b'',,480.0,True
135432.0,70.0,2.0,63.5,162.4,24.1,100.7,93.0,59.66666666666666,5.6,3.69,1.0,b'D',30.0,5.397605346934028e-79,b'',,240.0,True
135433.0,8.0,1.0,25.3,123.8,16.5,56.3,91.66666666666669,47.66666666666666,,0.11,,,,,,,,True
135434.0,7.0,2.0,28.3,126.5,17.7,61.2,,,,0.77,,,,,,,,True
135436.0,13.0,2.0,66.3,158.6,26.4,84.8,117.0,63.333333333333336,5.3,0.64,,,,,,,,True
135437.0,59.0,2.0,90.9,163.6,34.0,112.0,127.33333333333331,70.66666666666667,6.1,9.77,5.397605346934028e-79,b'',,5.397605346934028e-79,b'',,600.0,True
135439.0,23.0,1.0,82.1,177.1,26.2,98.5,112.33333333333331,63.0,5.2,3.8,2.0,b'M',90.0,5.397605346934028e-79,b'',,60.0,True
135440.0,9.0,1.0,25.6,133.5,14.4,55.8,97.66666666666669,56.333333333333336,,0.15,,,,,,,,True
135441.0,69.0,2.0,58.3,168.6,20.5,85.1,161.0,87.0,5.4,1.21,2.0,b'W',30.0,5.397605346934028e-79,b'',,300.0,True
135442.0,67.0,2.0,87.9,156.5,35.9,111.5,111.33333333333331,70.0,7.5,4.86,2.0,b'W',120.0,5.397605346934028e-79,b'',,360.0,True
135446.0,55.0,1.0,92.0,185.9,26.6,116.8,120.33333333333331,65.66666666666667,9.9,1.93,5.397605346934028e-79,b'',,5.397605346934028e-79,b'',,600.0,True
135447.0,64.0,2.0,59.7,147.0,27.6,91.7,127.66666666666669,79.66666666666667,5.6,1.85,5.397605346934028e-79,b'',,5.397605346934028e-79,b'',,120.0,True
135449.0,17.0,2.0,61.9,164.8,22.8,82.8,107.33333333333331,64.66666666666667,4.8,0.61,,,,,,,,True
135450.0,63.0,2.0,93.0,171.5,31.6,114.0,112.66666666666669,86.0,5.9,2.94,3.0,b'W',60.0,5.0,b'W',120.0,240.0,True
135452.0,80.0,1.0,90.4,178.7,28.3,100.0,126.66666666666669,77.33333333333333,5.7,2.67,4.0,b'W',40.0,1.0,b'W',20.0,300.0,True
135453.0,60.0,1.0,74.8,184.3,22.0,84.4,132.66666666666666,68.33333333333333,5.2,0.24,1.0,b'D',60.0,2.0,b'W',60.0,600.0,True
135454.0,61.0,2.0,61.1,159.8,23.9,95.0,154.33333333333334,96.0,5.5,2.83,9999.0,b'',,5.397605346934028e-79,b'',,300.0,True
135456.0,70.0,2.0,68.8,163.6,25.7,103.7,149.0,71.66666666666667,5.6,5.21,12.0,b'D',2.0,1.0,b'D',30.0,420.0,True
135458.0,30.0,1.0,60.0,180.3,18.5,70.2,109.66666666666669,62.0,,2.52,3.0,b'W',120.0,2.0,b'W',60.0,420.0,True
135459.0,41.0,2.0,64.4,156.5,26.3,84.3,149.66666666666666,96.66666666666669,5.2,0.79,5.0,b'W',60.0,1.0,b'W',45.0,120.0,True
135460.0,79.0,1.0,71.8,168.3,25.3,98.5,126.33333333333331,56.66666666666666,5.6,0.74,5.0,b'W',120.0,1.0,b'M',60.0,180.0,True
135463.0,70.0,2.0,72.2,161.8,27.6,107.8,125.66666666666669,66.0,7.3,4.13,5.0,b'M',30.0,2.0,b'M',15.0,180.0,True
135465.0,17.0,1.0,74.1,168.5,26.1,85.8,108.66666666666669,67.33333333333333,5.1,0.53,,,,,,,,True
135466.0,40.0,2.0,101.0,158.8,40.1,118.0,129.66666666666666,92.66666666666669,5.3,14.66,2.0,b'W',30.0,5.397605346934028e-79,b'',,540.0,True
135467.0,62.0,1.0,72.9,166.0,26.5,102.4,118.33333333333331,75.66666666666667,6.2,0.57,7.0,b'W',120.0,3.0,b'W',120.0,60.0,True
135468.0,3.0,2.0,14.4,99.0,14.7,49.2,,,,0.84,,,,,,,,True
135469.0,42.0,1.0,60.0,165.8,21.8,,119.66666666666669,72.33333333333333,5.7,0.24,5.0,b'W',60.0,5.0,b'W',60.0,180.0,True
135470.0,46.0,2.0,76.1,153.8,32.2,104.6,108.66666666666669,71.66666666666667,4.9,0.93,5.0,b'W',120.0,2.0,b'W',30.0,300.0,True
135473.0,35.0,1.0,109.5,184.5,32.2,110.0,123.33333333333331,71.33333333333333,5.8,1.39,3.0,b'W',30.0,1.0,b'W',60.0,180.0,True
135475.0,55.0,1.0,118.2,185.3,34.4,117.0,178.33333333333334,108.33333333333331,7.8,1.1,1.0,b'D',9999.0,5.397605346934028e-79,b'',,240.0,True
135476.0,77.0,1.0,87.2,157.9,35.0,110.9,164.66666666666666,97.33333333333331,6.4,4.14,6.0,b'W',60.0,5.397605346934028e-79,b'',,180.0,True
135477.0,80.0,1.0,73.6,169.3,25.7,97.2,128.33333333333334,61.0,5.4,4.92,2.0,b'W',30.0,5.397605346934028e-79,b'',,240.0,True
135478.0,17.0,1.0,85.1,185.4,24.8,94.5,119.0,64.66666666666667,5.0,1.33,,,,,,,,True
135479.0,77.0,2.0,75.1,167.4,26.8,98.6,114.0,85.0,5.4,0.55,2.0,b'W',60.0,5.397605346934028e-79,b'',,720.0,True
135480.0,64.0,2.0,58.6,165.4,21.4,81.0,113.66666666666669,71.33333333333333,6.9,0.28,7.0,b'W',40.0,5.397605346934028e-79,b'',,540.0,True
135484.0,37.0,2.0,90.6,165.0,33.3,96.9,103.0,73.33333333333333,5.2,0.76,5.0,b'W',45.0,2.0,b'W',30.0,360.0,True
135485.0,21.0,2.0,78.6,175.8,25.4,92.9,104.0,68.33333333333333,4.9,1.27,1.0,b'D',300.0,1.0,b'W',60.0,420.0,True
135490.0,9.0,2.0,31.7,137.7,16.7,59.6,116.66666666666669,65.33333333333333,,0.16,,,,,,,,True
135493.0,15.0,2.0,51.6,151.8,22.4,75.4,102.0,61.66666666666666,4.7,0.35,,,,,,,,True
135494.0,77.0,1.0,100.2,179.2,31.2,109.9,127.66666666666669,64.0,5.8,1.56,24.0,b'Y',60.0,12.0,b'Y',90.0,240.0,True
135496.0,32.0,1.0,76.4,167.0,27.4,88.0,117.66666666666669,74.66666666666667,5.8,3.11,3.0,b'W',1.0,1.0,b'W',120.0,300.0,True
135498.0,44.0,2.0,65.5,165.1,24.0,75.7,104.33333333333331,64.0,4.9,0.15,7.0,b'W',30.0,2.0,b'M',20.0,540.0,True
135499.0,70.0,1.0,95.7,176.0,30.9,107.7,138.66666666666666,79.33333333333333,5.6,1.29,5.0,b'W',45.0,5.397605346934028e-79,b'',,360.0,True
135500.0,33.0,1.0,63.7,162.0,24.3,77.9,111.0,59.333333333333336,5.4,1.02,5.397605346934028e-79,b'',,5.397605346934028e-79,b'',,180.0,True
135502.0,42.0,1.0,82.0,176.0,26.5,93.2,116.66666666666669,66.33333333333333,5.0,0.73,1.0,b'D',30.0,1.0,b'D',30.0,240.0,True
135503.0,58.0,2.0,56.4,152.5,24.3,86.2,153.66666666666666,93.0,5.1,1.19,1.0,b'W',60.0,5.397605346934028e-79,b'',,240.0,True
135504.0,27.0,2.0,114.3,165.8,41.6,127.1,114.33333333333331,85.0,12.0,18.17,1.0,b'W',120.0,5.397605346934028e-79,b'',,480.0,True
135505.0,29.0,1.0,58.2,168.5,20.5,79.6,122.0,81.33333333333333,5.2,0.55,1.0,b'W',60.0,5.397605346934028e-79,b'',,480.0,True
135506.0,6.0,1.0,20.4,115.0,15.4,52.6,,,,0.2,,,,,,,,True
135508.0,61.0,1.0,97.6,187.7,27.7,99.4,122.33333333333331,80.33333333333333,5.5,2.92,7.0,b'W',45.0,1.0,b'M',30.0,600.0,True
135511.0,69.0,2.0,81.0,159.1,32.0,116.8,144.66666666666666,71.66666666666667,6.6,1.12,5.397605346934028e-79,b'',,5.397605346934028e-79,b'',,120.0,True
135512.0,52.0,1.0,93.1,169.6,32.4,111.5,109.66666666666669,72.66666666666667,5.2,3.82,5.0,b'W',60.0,1.0,b'W',30.0,480.0,True
135516.0,72.0,1.0,78.9,169.2,27.6,99.1,129.0,78.0,5.0,1.87,5.0,b'W',60.0,5.397605346934028e-79,b'',,240.0,True
135517.0,59.0,2.0,65.7,158.7,26.1,101.7,164.0,55.333333333333336,5.6,16.48,6.0,b'W',30.0,5.397605346934028e-79,b'',,600.0,True
135519.0,44.0,2.0,71.6,161.8,27.3,93.2,97.66666666666669,70.0,5.8,0.84,5.0,b'W',20.0,5.397605346934028e-79,b'',,420.0,True
135521.0,64.0,2.0,85.9,173.0,28.7,108.0,138.0,63.0,6.2,8.02,6.0,b'W',60.0,6.0,b'W',15.0,300.0,True
135522.0,28.0,1.0,106.6,176.1,34.4,118.0,126.66666666666669,82.66666666666667,4.6,5.98,5.0,b'W',60.0,2.0,b'W',10.0,480.0,True
135528.0,30.0,1.0,89.1,164.0,33.1,110.4,112.66666666666669,70.33333333333333,5.6,7.57,5.397605346934028e-79,b'',,5.397605346934028e-79,b'',,360.0,True
135529.0,79.0,1.0,81.2,167.5,28.9,105.1,129.66666666666666,76.33333333333333,5.7,0.77,2.0,b'M',120.0,6.0,b'Y',120.0,180.0,True
135530.0,23.0,1.0,73.5,183.4,21.9,78.1,113.66666666666669,60.66666666666666,5.1,0.37,8.0,b'W',15.0,5.397605346934028e-79,b'',,240.0,True
135533.0,58.0,2.0,114.9,159.4,45.2,117.6,116.0,60.333333333333336,5.5,12.25,5.397605346934028e-79,b'',,5.397605346934028e-79,b'',,600.0,True
135535.0,40.0,2.0,71.5,170.0,24.7,95.9,110.0,78.66666666666667,5.0,1.35,4.0,b'W',120.0,5.0,b'Y',120.0,180.0,True
135536.0,63.0,2.0,59.0,168.7,20.7,83.1,107.0,68.0,6.0,31.58,7.0,b'W',60.0,5.397605346934028e-79,b'',,240.0,True
135537.0,41.0,1.0,115.9,190.5,31.9,119.8,135.66666666666666,94.33333333333331,11.6,3.34,2.0,b'W',60.0,2.0,b'W',60.0,600.0,True
135539.0,73.0,2.0,69.7,154.9,29.0,94.3,92.33333333333331,61.333333333333336,5.3,3.67,5.0,b'W',30.0,5.397605346934028e-79,b'',,300.0,True
135540.0,29.0,1.0,85.4,193.3,22.9,85.7,135.66666666666666,72.66666666666667,5.3,0.9,7.0,b'W',60.0,7.0,b'W',60.0,120.0,True
135541.0,68.0,1.0,87.9,173.8,29.1,106.9,165.0,100.66666666666669,5.7,30.85,7.0,b'W',240.0,5.397605346934028e-79,b'',,120.0,True
135542.0,55.0,1.0,80.7,163.1,30.3,92.9,138.0,82.33333333333333,5.6,3.54,4.0,b'W',45.0,4.0,b'W',45.0,660.0,True
135543.0,14.0,1.0,65.1,169.6,22.6,73.5,124.33333333333331,57.0,4.8,0.11,,,,,,,,True
135544.0,67.0,2.0,86.5,166.6,31.2,109.4,118.33333333333331,68.33333333333333,14.8,4.03,5.397605346934028e-79,b'',,5.397605346934028e-79,b'',,9999.0,True
135545.0,78.0,1.0,96.6,183.2,28.8,109.0,143.33333333333334,96.33333333333331,5.8,1.31,1.0,b'D',10.0,5.397605346934028e-79,b'',,600.0,True
135546.0,58.0,2.0,79.9,160.9,30.9,113.2,123.0,74.0,5.3,3.4,2.0,b'W',30.0,5.397605346934028e-79,b'',,480.0,True
135547.0,9.0,1.0,24.6,127.9,15.0,53.7,98.0,62.66666666666666,,0.15,,,,,,,,True
135548.0,44.0,2.0,61.3,159.4,24.1,,,,5.2,58.33,1.0,b'D',120.0,1.0,b'M',30.0,180.0,True
135549.0,17.0,1.0,80.1,189.6,22.3,82.9,114.0,68.0,5.2,0.19,,,,,,,,True
135550.0,39.0,1.0,64.0,162.4,24.3,96.3,121.0,80.66666666666667,4.9,1.38,5.0,b'W',40.0,2.0,b'W',15.0,240.0,True
135551.0,64.0,2.0,94.9,162.8,35.8,116.8,138.0,85.0,5.8,6.34,1.0,b'M',300.0,5.397605346934028e-79,b'',,240.0,True
135552.0,61.0,2.0,62.6,155.6,25.9,90.0,114.0,72.0,5.2,1.83,3.0,b'W',30.0,3.0,b'W',60.0,240.0,True
135555.0,32.0,2.0,84.0,151.0,36.8,115.0,126.66666666666669,95.0,7.1,9.23,2.0,b'W',45.0,5.0,b'W',30.0,210.0,True
135556.0,18.0,2.0,60.8,156.2,24.9,76.1,120.0,68.66666666666667,4.7,0.3,4.0,b'W',60.0,2.0,b'W',30.0,420.0,True
135560.0,29.0,1.0,103.9,175.5,33.7,109.2,136.66666666666666,82.0,5.6,0.35,4.0,b'W',20.0,1.0,b'M',60.0,300.0,True
135561.0,59.0,1.0,138.7,173.3,46.2,141.4,127.33333333333331,73.33333333333333,6.6,8.33,2.0,b'M',10.0,5.397605346934028e-79,b'',,360.0,True
135564.0,80.0,2.0,53.1,165.5,19.4,74.5,159.0,58.66666666666666,5.6,3.08,5.0,b'W',45.0,5.397605346934028e-79,b'',,600.0,True
135565.0,37.0,1.0,97.3,167.0,34.9,116.9,128.0,83.66666666666667,5.9,3.7,5.0,b'W',180.0,5.397605346934028e-79,b'',,180.0,True
135566.0,45.0,2.0,93.2,151.3,40.7,135.5,113.66666666666669,86.66666666666667,5.7,4.94,7.0,b'W',120.0,5.397605346934028e-79,b'',,600.0,True
135569.0,80.0,2.0,63.2,165.0,23.2,90.8,141.33333333333334,66.33333333333333,5.6,0.5,3.0,b'W',50.0,5.397605346934028e-79,b'',,240.0,True
135570.0,47.0,1.0,146.5,174.8,47.9,152.9,119.66666666666669,83.66666666666667,12.4,4.41,2.0,b'W',120.0,5.397605346934028e-79,b'',,240.0,True
135571.0,65.0,1.0,90.3,175.0,29.5,102.6,215.0,117.66666666666669,5.5,1.15,3.0,b'W',30.0,3.0,b'W',30.0,180.0,True
135573.0,70.0,2.0,73.9,159.5,29.0,98.9,130.33333333333334,72.33333333333333,5.3,1.62,5.0,b'W',60.0,5.397605346934028e-79,b'',,300.0,True
135576.0,2.0,1.0,17.8,99.8,17.9,55.0,,,,0.66,,,,,,,,True
135577.0,7.0,2.0,28.9,126.9,17.9,63.4,,,,15.35,,,,,,,,True
135581.0,41.0,1.0,85.7,182.7,25.7,98.5,109.33333333333331,70.33333333333333,6.3,0.48,3.0,b'W',60.0,5.397605346934028e-79,b'',,840.0,True
135582.0,77.0,2.0,75.4,154.4,31.6,108.1,202.33333333333331,80.33333333333333,6.7,11.05,6.0,b'Y',5.0,5.397605346934028e-79,b'',,900.0,True
135583.0,46.0,1.0,92.4,189.0,25.9,97.1,160.66666666666666,102.33333333333331,5.4,1.48,3.0,b'W',45.0,1.0,b'M',20.0,540.0,True
135584.0,24.0,2.0,55.4,160.6,21.5,73.3,101.66666666666669,65.66666666666667,5.2,0.73,3.0,b'Y',30.0,3.0,b'Y',40.0,360.0,True
135586.0,45.0,1.0,91.5,180.4,28.1,94.3,139.0,84.33333333333333,4.9,0.83,5.397605346934028e-79,b'',,5.0,b'W',120.0,120.0,True
135587.0,69.0,2.0,61.1,155.7,25.2,97.4,154.0,76.66666666666667,6.0,1.81,5.397605346934028e-79,b'',,3.0,b'W',60.0,180.0,True
135588.0,73.0,1.0,81.7,164.7,30.1,103.7,139.66666666666666,75.33333333333333,5.9,4.47,5.0,b'W',60.0,5.397605346934028e-79,b'',,240.0,True
135589.0,43.0,2.0,70.9,159.2,28.0,103.2,96.33333333333331,70.0,5.3,1.46,5.397605346934028e-79,b'',,5.397605346934028e-79,b'',,600.0,True
135591.0,53.0,1.0,113.6,176.0,36.7,126.7,126.0,79.33333333333333,5.7,3.22,1.0,b'D',30.0,3.0,b'W',60.0,480.0,True
135592.0,78.0,1.0,81.4,165.5,29.7,118.4,147.0,76.33333333333333,5.9,0.84,5.397605346934028e-79,b'',,5.397605346934028e-79,b'',,720.0,True
135593.0,80.0,1.0,72.0,168.4,25.4,99.3,140.0,67.66666666666667,4.9,3.46,2.0,b'D',60.0,1.0,b'W',60.0,180.0,True
135594.0,8.0,2.0,28.5,131.8,16.4,62.1,108.0,67.66666666666667,,1.07,,,,,,,,True
135597.0,70.0,2.0,66.5,154.7,27.8,,,,6.4,1.83,1.0,b'D',30.0,5.397605346934028e-79,b'',,300.0,True
135598.0,13.0,2.0,52.7,156.2,21.6,75.8,103.0,57.0,5.0,0.16,,,,,,,,True
135600.0,1.0,1.0,10.9,,,,,,,0.15,,,,,,,,True
135601.0,11.0,1.0,57.9,150.6,25.5,84.7,104.0,67.66666666666667,,0.25,,,,,,,,True
135602.0,36.0,1.0,109.0,183.3,32.4,112.3,120.33333333333331,74.0,5.5,3.0,20.0,b'M',30.0,5.397605346934028e-79,b'',,300.0,True
135603.0,69.0,1.0,66.2,165.2,24.3,84.0,138.33333333333334,89.0,5.2,2.53,2.0,b'W',60.0,1.0,b'M',30.0,120.0,True
135608.0,60.0,2.0,81.3,159.3,32.0,101.5,129.33333333333334,87.33333333333333,5.1,3.48,5.0,b'W',20.0,3.0,b'W',120.0,240.0,True
135609.0,41.0,2.0,44.8,155.4,18.6,68.3,106.33333333333331,66.33333333333333,5.0,0.59,1.0,b'W',20.0,3.0,b'Y',60.0,720.0,True
135610.0,69.0,2.0,123.6,191.3,33.8,125.9,133.66666666666666,73.0,5.8,9.08,8.0,b'D',15.0,2.0,b'D',25.0,180.0,True
135611.0,4.0,1.0,19.5,108.7,16.5,53.3,,,,0.11,,,,,,,,True
135615.0,78.0,2.0,67.9,157.2,27.5,94.4,136.66666666666666,62.0,6.0,9.98,3.0,b'W',30.0,5.397605346934028e-79,b'',,180.0,True
135616.0,29.0,1.0,92.7,172.9,31.0,,133.33333333333334,84.66666666666667,5.3,4.77,1.0,b'M',60.0,5.397605346934028e-79,b'',,300.0,True
135618.0,13.0,1.0,51.7,166.4,18.7,71.9,101.0,49.333333333333336,5.2,0.49,,,,,,,,True
135619.0,43.0,1.0,87.7,169.9,30.4,103.5,117.66666666666669,70.0,5.5,1.86,1.0,b'W',120.0,1.0,b'W',60.0,180.0,True
135621.0,62.0,2.0,63.2,151.5,27.5,97.8,110.66666666666669,83.33333333333333,5.4,2.9,1.0,b'D',60.0,5.397605346934028e-79,b'',,420.0,True
135622.0,65.0,1.0,109.9,180.9,33.6,123.7,103.0,63.0,5.8,5.02,4.0,b'W',90.0,2.0,b'M',90.0,240.0,True
135628.0,75.0,2.0,58.6,158.1,23.4,93.6,146.0,66.0,5.5,0.74,5.397605346934028e-79,b'',,5.397605346934028e-79,b'',,90.0,True
135630.0,11.0,1.0,68.2,156.0,28.0,97.5,105.33333333333331,62.333333333333336,,0.75,,,,,,,,True
135631.0,57.0,1.0,82.0,172.4,27.6,102.6,135.33333333333334,96.66666666666669,5.4,3.36,4.0,b'Y',30.0,5.397605346934028e-79,b'',,540.0,True
135633.0,80.0,2.0,42.9,159.1,16.9,64.6,163.33333333333334,97.0,6.0,0.68,1.0,b'Y',10.0,5.397605346934028e-79,b'',,240.0,True
135634.0,21.0,1.0,73.8,168.5,26.0,88.7,131.0,76.0,5.3,1.81,1.0,b'D',120.0,2.0,b'W',30.0,720.0,True
135637.0,41.0,2.0,185.2,157.3,74.8,,,,5.8,9.53,2.0,b'W',15.0,1.0,b'W',15.0,180.0,True
135638.0,30.0,2.0,81.4,173.7,27.0,102.2,114.0,72.66666666666667,5.1,0.94,1.0,b'D',20.0,5.397605346934028e-79,b'',,780.0,True
135639.0,70.0,2.0,52.8,154.0,22.3,80.4,107.0,67.0,5.5,0.37,2.0,b'W',30.0,1.0,b'D',60.0,150.0,True
135640.0,58.0,2.0,60.5,166.3,21.9,77.4,116.0,70.33333333333333,4.8,1.97,4.0,b'W',60.0,2.0,b'W',60.0,180.0,True
135641.0,70.0,2.0,82.4,166.9,29.6,102.2,180.33333333333331,94.66666666666669,5.8,1.28,4.0,b'W',60.0,5.397605346934028e-79,b'',,180.0,True
135643.0,56.0,2.0,58.2,146.1,27.3,90.0,111.33333333333331,49.66666666666666,5.6,1.03,3.0,b'W',60.0,2.0,b'M',60.0,480.0,True
135644.0,67.0,1.0,114.0,190.7,31.3,114.6,127.33333333333331,77.66666666666667,5.5,0.36,2.0,b'W',240.0,5.397605346934028e-79,b'',,300.0,True
135645.0,60.0,1.0,60.9,171.3,20.8,73.4,126.66666666666669,73.33333333333333,5.5,0.18,2.0,b'Y',60.0,2.0,b'Y',9999.0,480.0,True
135646.0,39.0,1.0,117.4,180.1,36.2,115.3,128.66666666666666,81.33333333333333,6.6,4.56,2.0,b'W',30.0,5.397605346934028e-79,b'',,180.0,True
135647.0,7.0,2.0,24.9,126.8,15.5,58.2,,,,0.36,,,,,,,,True
135649.0,74.0,2.0,74.2,158.9,29.4,103.4,132.66666666666666,51.66666666666666,5.9,4.45,5.0,b'W',30.0,5.397605346934028e-79,b'',,360.0,True
135650.0,57.0,2.0,116.6,150.2,51.7,133.1,136.66666666666666,86.66666666666667,7.0,3.02,2.0,b'D',30.0,2.0,b'D',10.0,30.0,True
135653.0,27.0,2.0,79.4,164.9,29.2,88.4,112.33333333333331,73.33333333333333,5.1,0.63,2.0,b'W',60.0,4.0,b'W',60.0,840.0,True
135654.0,42.0,2.0,59.3,153.7,25.1,77.5,99.66666666666669,56.0,4.7,0.24,3.0,b'W',60.0,1.0,b'W',40.0,660.0,True
135655.0,12.0,1.0,97.5,185.8,28.2,97.0,122.0,60.66666666666666,5.5,0.57,,,,,,,,True
135661.0,59.0,1.0,85.1,175.9,27.5,102.0,89.33333333333333,60.333333333333336,7.9,1.01,12.0,b'Y',180.0,6.0,b'Y',60.0,300.0,True
135663.0,62.0,2.0,66.2,154.0,27.9,82.7,129.66666666666666,79.33333333333333,5.8,1.26,5.0,b'W',45.0,5.397605346934028e-79,b'',,480.0,True
135665.0,65.0,2.0,78.7,151.7,34.2,113.2,106.66666666666669,78.33333333333333,5.1,1.79,5.397605346934028e-79,b'',,5.397605346934028e-79,b'',,180.0,True
135668.0,61.0,2.0,,,,,128.33333333333334,49.0,5.6,14.77,5.0,b'W',30.0,5.397605346934028e-79,b'',,600.0,True
135669.0,37.0,1.0,102.7,173.4,34.2,108.3,129.66666666666666,87.66666666666667,5.7,2.68,2.0,b'W',60.0,1.0,b'M',60.0,600.0,True
135670.0,6.0,1.0,22.1,122.3,14.8,50.6,,,,0.11,,,,,,,,True
135671.0,36.0,2.0,69.6,167.0,25.0,,,,5.4,3.81,2.0,b'W',60.0,1.0,b'W',30.0,120.0,True
135672.0,33.0,2.0,161.6,170.1,55.9,158.3,123.33333333333331,88.66666666666667,9.1,17.38,4.0,b'W',60.0,5.397605346934028e-79,b'',,540.0,True
135673.0,5.0,2.0,18.5,109.7,15.4,51.0,,,,4.97,,,,,,,,True
135674.0,25.0,2.0,70.1,163.6,26.2,82.0,109.66666666666669,61.333333333333336,4.9,0.96,3.0,b'W',45.0,1.0,b'M',60.0,300.0,True
135675.0,74.0,1.0,94.1,184.0,27.8,104.9,117.66666666666669,72.0,5.9,2.5,3.0,b'W',90.0,5.397605346934028e-79,b'',,480.0,True
135676.0,9.0,2.0,40.9,151.8,17.7,58.6,101.33333333333331,64.0,,0.11,,,,,,,,True
135678.0,42.0,1.0,69.0,169.2,24.1,80.6,115.0,60.66666666666666,5.7,1.16,5.0,b'W',45.0,5.0,b'W',45.0,240.0,True
135680.0,52.0,2.0,113.3,160.3,44.1,115.5,136.66666666666666,94.0,5.6,2.17,5.397605346934028e-79,b'',,5.397605346934028e-79,b'',,240.0,True
135681.0,12.0,1.0,42.2,155.3,17.5,67.2,101.66666666666669,56.0,5.2,0.27,,,,,,,,True
135682.0,64.0,2.0,67.1,161.2,25.8,93.0,145.33333333333334,96.66666666666669,5.6,0.93,10.0,b'W',110.0,5.397605346934028e-79,b'',,420.0,True
135685.0,6.0,1.0,26.1,120.4,18.0,58.3,,,,5.0,,,,,,,,True
135687.0,60.0,1.0,63.7,168.0,22.6,85.0,135.0,86.33333333333333,5.5,6.18,2.0,b'W',180.0,5.0,b'W',60.0,240.0,True
135688.0,12.0,2.0,41.7,156.0,17.1,64.4,120.66666666666669,73.0,5.5,0.16,,,,,,,,True
135689.0,3.0,1.0,13.8,95.4,15.2,46.4,,,,0.44,,,,,,,,True
135691.0,66.0,1.0,77.4,171.6,26.3,100.8,129.66666666666666,79.66666666666667,6.7,0.41,4.0,b'W',40.0,1.0,b'W',40.0,180.0,True
135692.0,63.0,1.0,71.4,161.1,27.5,97.6,126.66666666666669,79.33333333333333,5.8,0.62,4.0,b'D',10.0,1.0,b'D',5.0,240.0,True
135693.0,30.0,1.0,74.3,181.8,22.5,88.6,116.33333333333331,78.66666666666667,5.2,0.15,3.0,b'W',60.0,1.0,b'W',60.0,600.0,True
135694.0,78.0,1.0,69.4,166.4,25.1,95.2,143.0,72.0,6.0,0.52,3.0,b'W',60.0,5.397605346934028e-79,b'',,360.0,True
135695.0,51.0,2.0,67.5,169.1,23.6,83.4,139.0,87.66666666666667,5.2,5.35,5.0,b'W',30.0,1.0,b'W',30.0,480.0,True
135697.0,75.0,1.0,103.6,181.2,31.6,120.7,113.0,65.66666666666667,6.2,1.01,3.0,b'W',60.0,3.0,b'W',60.0,360.0,True
135699.0,38.0,1.0,69.0,174.8,22.6,87.2,116.33333333333331,69.66666666666667,5.9,0.6,1.0,b'M',120.0,1.0,b'Y',60.0,600.0,True
135700.0,57.0,1.0,99.4,172.7,33.3,114.8,146.33333333333334,92.66666666666669,5.1,0.22,1.0,b'W',60.0,1.0,b'M',60.0,600.0,True
135701.0,51.0,1.0,85.3,172.2,28.8,108.4,138.33333333333334,90.33333333333331,6.5,3.15,5.397605346934028e-79,b'',,5.397605346934028e-79,b'',,240.0,True
135704.0,73.0,2.0,61.0,161.6,23.4,88.2,109.66666666666669,65.66666666666667,5.3,2.1,1.0,b'D',10.0,5.397605346934028e-79,b'',,120.0,True
135706.0,50.0,2.0,124.8,171.2,42.6,132.1,120.0,79.33333333333333,5.5,12.9,5.0,b'W',120.0,5.397605346934028e-79,b'',,120.0,True
135709.0,76.0,1.0,93.8,169.1,32.8,117.5,121.33333333333331,72.0,5.8,0.99,1.0,b'M',60.0,1.0,b'M',30.0,240.0,True
135711.0,75.0,1.0,90.8,183.0,27.1,105.9,111.33333333333331,55.0,5.6,0.35,5.397605346934028e-79,b'',,5.397605346934028e-79,b'',,240.0,True
135712.0,80.0,2.0,89.4,160.7,34.6,110.7,139.0,73.66666666666667,5.7,1.81,1.0,b'W',20.0,5.397605346934028e-79,b'',,360.0,True
135713.0,68.0,1.0,114.1,186.8,32.7,122.4,119.0,64.33333333333333,7.1,13.32,5.397605346934028e-79,b'',,5.397605346934028e-79,b'',,120.0,True
135715.0,68.0,1.0,104.3,165.0,38.3,117.2,147.66666666666666,94.0,5.6,4.44,2.0,b'W',60.0,2.0,b'M',60.0,300.0,True
135716.0,80.0,1.0,63.0,158.4,25.1,95.4,167.33333333333334,80.0,6.2,1.26,1.0,b'D',120.0,5.397605346934028e-79,b'',,240.0,True
135719.0,68.0,2.0,66.5,156.8,27.0,87.0,132.33333333333334,75.33333333333333,5.4,0.86,5.0,b'W',90.0,5.397605346934028e-79,b'',,360.0,True
135720.0,48.0,2.0,113.4,166.1,41.1,120.5,140.33333333333334,98.33333333333331,5.9,4.37,5.397605346934028e-79,b'',,5.397605346934028e-79,b'',,300.0,True
135721.0,68.0,1.0,64.4,168.1,22.8,97.5,185.66666666666663,105.0,11.0,0.62,5.397605346934028e-79,b'',,5.397605346934028e-79,b'',,360.0,True
135722.0,44.0,1.0,80.7,170.4,27.8,95.8,113.0,72.33333333333333,5.4,0.71,3.0,b'W',30.0,1.0,b'M',60.0,120.0,True
135723.0,55.0,2.0,119.1,169.6,41.4,129.2,118.33333333333331,69.33333333333333,7.4,15.94,5.397605346934028e-79,b'',,5.397605346934028e-79,b'',,420.0,True
135724.0,26.0,1.0,74.1,181.1,22.6,81.8,109.66666666666669,56.66666666666666,5.1,0.58,3.0,b'W',30.0,4.0,b'W',60.0,840.0,True
135726.0,60.0,1.0,84.7,189.8,23.5,95.3,121.66666666666669,71.33333333333333,5.6,0.79,5.397605346934028e-79,b'',,5.397605346934028e-79,b'',,120.0,True
135728.0,20.0,1.0,151.1,177.6,47.9,124.4,119.66666666666669,82.0,5.3,13.07,3.0,b'W',120.0,2.0,b'W',180.0,360.0,True
135729.0,7.0,1.0,23.5,125.5,14.9,53.0,,,,0.11,,,,,,,,True
135730.0,66.0,2.0,75.5,141.3,37.8,106.1,112.66666666666669,65.0,5.9,4.38,2.0,b'W',60.0,5.397605346934028e-79,b'',,240.0,True
135731.0,32.0,1.0,143.6,179.6,44.5,129.4,125.33333333333331,90.0,5.7,10.31,1.0,b'W',90.0,5.397605346934028e-79,b'',,120.0,True
135733.0,18.0,2.0,62.9,171.7,21.3,79.3,109.66666666666669,63.66666666666666,4.7,0.41,7.0,b'M',45.0,5.397605346934028e-79,b'',,300.0,True
135734.0,59.0,2.0,104.4,167.1,37.4,113.6,156.33333333333334,111.33333333333331,7.2,1.66,3.0,b'W',30.0,5.397605346934028e-79,b'',,240.0,True
135737.0,4.0,2.0,16.3,106.7,14.3,48.9,,,,2.55,,,,,,,,True
135738.0,48.0,1.0,84.3,177.3,26.8,96.6,123.66666666666669,83.33333333333333,4.9,1.16,4.0,b'W',90.0,2.0,b'W',90.0,540.0,True
135740.0,76.0,2.0,92.0,158.6,36.6,102.2,135.0,83.0,5.4,4.0,3.0,b'W',60.0,5.397605346934028e-79,b'',,420.0,True
135741.0,60.0,1.0,114.8,175.2,37.4,125.7,156.0,88.0,5.8,8.6,5.397605346934028e-79,b'',,5.397605346934028e-79,b'',,180.0,True
135742.0,66.0,1.0,87.1,185.0,25.4,100.2,113.33333333333331,71.0,6.3,3.33,1.0,b'W',45.0,5.397605346934028e-79,b'',,120.0,True
135743.0,74.0,2.0,75.4,161.7,28.8,109.2,145.0,68.33333333333333,5.4,5.9,3.0,b'W',20.0,5.397605346934028e-79,b'',,540.0,True
135744.0,11.0,1.0,36.9,141.5,18.4,68.4,95.0,60.66666666666666,,0.8,,,,,,,,True
135745.0,51.0,2.0,126.3,158.9,50.0,141.0,116.0,80.33333333333333,5.8,4.94,5.397605346934028e-79,b'',,5.397605346934028e-79,b'',,300.0,True
135747.0,40.0,2.0,68.7,163.2,25.8,92.2,114.0,80.66666666666667,5.4,1.24,3.0,b'W',2.0,5.397605346934028e-79,b'',,480.0,True
135748.0,7.0,1.0,30.9,130.8,18.1,59.5,,,,5.77,,,,,,,,True
135753.0,24.0,2.0,93.4,160.6,36.2,95.9,,,5.6,17.66,3.0,b'W',30.0,5.397605346934028e-79,b'',,240.0,True
135755.0,9.0,2.0,34.7,133.7,19.4,65.0,105.33333333333331,69.33333333333333,,2.23,,,,,,,,True
135758.0,4.0,2.0,17.4,103.7,16.2,49.9,,,,0.59,,,,,,,,True
135760.0,11.0,2.0,38.4,152.3,16.6,61.0,102.66666666666669,59.0,,0.11,,,,,,,,True
135761.0,18.0,1.0,72.4,168.5,25.5,89.6,133.33333333333334,88.33333333333333,5.1,1.22,4.0,b'W',90.0,2.0,b'W',45.0,540.0,True
135763.0,12.0,1.0,43.0,160.3,16.7,60.7,107.33333333333331,57.66666666666666,5.5,42.42,,,,,,,,True
135766.0,41.0,2.0,57.0,153.4,24.2,83.7,99.0,67.0,5.0,1.57,5.397605346934028e-79,b'',,5.397605346934028e-79,b'',,120.0,True
135768.0,62.0,2.0,68.4,163.2,25.7,87.0,111.66666666666669,75.33333333333333,5.8,37.91,7.0,b'W',120.0,5.397605346934028e-79,b'',,5.0,True
135769.0,11.0,2.0,34.6,143.5,16.8,60.9,111.0,60.66666666666666,,0.36,,,,,,,,True
135770.0,60.0,1.0,63.7,173.3,21.2,84.9,107.33333333333331,72.33333333333333,5.0,0.7,5.397605346934028e-79,b'',,5.397605346934028e-79,b'',,480.0,True
135772.0,46.0,1.0,114.4,177.3,36.4,123.7,120.33333333333331,74.33333333333333,5.4,2.54,5.397605346934028e-79,b'',,5.397605346934028e-79,b'',,780.0,True
135776.0,71.0,1.0,61.1,173.2,20.4,85.0,106.0,63.66666666666666,6.7,0.48,2.0,b'W',60.0,3.0,b'M',120.0,120.0,True
135777.0,61.0,2.0,65.3,166.9,23.4,91.6,124.66666666666669,76.33333333333333,11.3,0.98,5.397605346934028e-79,b'',,2.0,b'M',120.0,540.0,True
135779.0,13.0,1.0,120.6,170.1,41.7,125.8,103.0,64.33333333333333,5.3,9.45,,,,,,,,True
135781.0,14.0,2.0,61.7,160.9,23.8,87.6,97.33333333333331,62.333333333333336,5.0,0.23,,,,,,,,True
135782.0,31.0,1.0,129.3,181.1,39.4,133.4,117.66666666666669,73.66666666666667,7.6,7.57,7.0,b'D',30.0,1.0,b'W',60.0,120.0,True
135783.0,59.0,1.0,115.5,196.2,30.0,117.1,128.66666666666666,73.0,5.2,2.55,2.0,b'D',60.0,5.397605346934028e-79,b'',,360.0,True
135787.0,72.0,2.0,71.8,161.2,27.6,,135.66666666666666,64.33333333333333,5.6,1.59,6.0,b'W',30.0,5.397605346934028e-79,b'',,180.0,True
135789.0,16.0,1.0,97.0,172.8,32.5,106.3,125.33333333333331,68.33333333333333,5.6,0.94,,,,,,,,True
135790.0,64.0,2.0,120.3,158.2,48.1,128.9,118.33333333333331,76.33333333333333,6.4,5.87,1.0,b'D',300.0,1.0,b'D',5.0,720.0,True
135792.0,37.0,2.0,105.8,160.1,41.3,119.5,99.0,70.66666666666667,5.5,7.45,5.397605346934028e-79,b'',,5.397605346934028e-79,b'',,240.0,True
135794.0,34.0,1.0,87.7,151.8,38.1,109.9,94.66666666666669,68.0,5.3,2.82,5.397605346934028e-79,b'',,5.397605346934028e-79,b'',,600.0,True
135797.0,65.0,2.0,73.8,166.6,26.6,97.9,121.33333333333331,70.0,5.8,1.45,3.0,b'W',240.0,2.0,b'W',30.0,360.0,True
135798.0,56.0,1.0,70.8,174.5,23.3,94.9,134.33333333333334,90.0,6.0,0.69,5.397605346934028e-79,b'',,5.397605346934028e-79,b'',,120.0,True
135801.0,71.0,1.0,82.0,171.5,27.9,111.8,116.0,68.66666666666667,5.6,2.59,3.0,b'W',60.0,2.0,b'W',25.0,300.0,True
135804.0,78.0,1.0,90.9,170.6,31.2,121.5,140.0,71.0,5.9,1.15,2.0,b'M',45.0,5.397605346934028e-79,b'',,360.0,True
135805.0,16.0,1.0,41.2,164.0,15.3,68.3,97.66666666666669,55.333333333333336,5.1,0.19,,,,,,,,True
135806.0,80.0,2.0,66.7,163.8,24.9,89.2,146.66666666666666,90.66666666666669,5.6,0.82,2.0,b'D',15.0,4.0,b'M',30.0,180.0,True
135807.0,63.0,1.0,75.9,177.3,24.1,91.5,132.33333333333334,93.0,5.1,1.24,2.0,b'D',15.0,7.0,b'W',60.0,360.0,True
135808.0,41.0,1.0,98.2,178.3,30.9,105.2,119.0,78.0,5.7,0.93,4.0,b'W',30.0,5.0,b'W',60.0,420.0,True
135809.0,45.0,1.0,86.9,166.4,31.4,104.4,115.33333333333331,77.33333333333333,5.4,6.84,2.0,b'D',60.0,5.397605346934028e-79,b'',,360.0,True
135811.0,67.0,2.0,60.1,163.4,22.5,88.6,128.0,73.33333333333333,5.3,2.11,7.0,b'W',120.0,4.0,b'W',60.0,240.0,True
135817.0,10.0,2.0,46.7,147.0,21.6,78.3,112.33333333333331,77.66666666666667,,0.3,,,,,,,,True
135819.0,17.0,1.0,65.9,180.1,20.3,71.3,104.33333333333331,56.333333333333336,4.9,0.26,,,,,,,,True
135821.0,42.0,1.0,125.4,182.0,37.9,117.6,119.66666666666669,81.0,5.5,3.14,4.0,b'W',120.0,4.0,b'W',120.0,180.0,True
135822.0,46.0,1.0,131.1,178.8,41.0,134.3,112.66666666666669,87.33333333333333,5.4,3.87,2.0,b'W',90.0,1.0,b'M',60.0,660.0,True
135823.0,77.0,2.0,55.8,149.7,24.9,78.2,141.0,81.33333333333333,5.6,2.37,2.0,b'W',30.0,5.397605346934028e-79,b'',,360.0,True
135825.0,13.0,1.0,49.6,165.1,18.2,69.8,107.0,57.333333333333336,5.6,0.37,,,,,,,,True
135826.0,68.0,2.0,87.6,159.6,34.4,108.2,121.0,75.0,5.8,3.22,2.0,b'D',60.0,3.0,b'W',30.0,540.0,True
135830.0,41.0,1.0,43.0,156.4,17.6,63.5,108.66666666666669,70.33333333333333,4.8,0.61,3.0,b'W',30.0,5.397605346934028e-79,b'',,60.0,True
135831.0,10.0,2.0,33.4,153.6,14.2,62.0,113.33333333333331,62.66666666666666,,0.11,,,,,,,,True
135832.0,50.0,1.0,75.2,165.6,27.4,92.4,104.0,70.66666666666667,5.6,2.14,2.0,b'W',60.0,5.397605346934028e-79,b'',,60.0,True
135834.0,34.0,2.0,88.7,161.9,33.8,98.4,129.0,84.66666666666667,4.6,4.65,3.0,b'W',30.0,5.397605346934028e-79,b'',,300.0,True
135839.0,62.0,2.0,91.4,154.8,38.1,113.8,112.33333333333331,73.33333333333333,5.5,4.24,4.0,b'W',60.0,4.0,b'W',60.0,480.0,True
135841.0,37.0,1.0,65.6,168.8,23.0,80.0,115.33333333333331,67.0,5.0,0.31,5.397605346934028e-79,b'',,6.0,b'W',45.0,780.0,True
135842.0,58.0,2.0,79.9,151.4,34.9,101.1,133.33333333333334,83.66666666666667,6.8,8.36,5.0,b'W',60.0,2.0,b'W',60.0,360.0,True
135844.0,32.0,2.0,48.0,161.1,18.5,78.5,110.66666666666669,77.0,5.0,0.66,3.0,b'W',30.0,5.397605346934028e-79,b'',,120.0,True
135845.0,66.0,2.0,65.7,167.4,23.4,90.4,122.33333333333331,63.0,5.7,1.7,5.0,b'D',5.0,5.397605346934028e-79,b'',,60.0,True
135846.0,61.0,1.0,51.7,165.2,18.9,77.1,152.33333333333334,88.33333333333333,5.3,4.81,5.397605346934028e-79,b'',,5.397605346934028e-79,b'',,300.0,True
135848.0,80.0,2.0,65.0,162.0,24.8,95.7,128.66666666666666,62.0,5.8,2.28,3.0,b'W',45.0,5.397605346934028e-79,b'',,240.0,True
135849.0,63.0,2.0,70.5,165.0,25.9,91.2,102.0,62.0,5.3,2.93,4.0,b'W',90.0,5.397605346934028e-79,b'',,240.0,True
135851.0,60.0,2.0,45.5,152.6,19.5,73.6,103.0,64.0,5.6,0.63,5.397605346934028e-79,b'',,3.0,b'W',60.0,600.0,True
135853.0,80.0,1.0,86.5,182.3,26.0,97.6,94.33333333333331,37.333333333333336,5.8,0.96,3.0,b'W',60.0,4.0,b'M',20.0,300.0,True
135855.0,79.0,2.0,98.7,156.0,40.6,118.0,149.0,69.33333333333333,5.7,2.06,22.0,b'W',30.0,5.397605346934028e-79,b'',,300.0,True
135858.0,70.0,2.0,60.7,162.4,23.0,87.0,109.0,62.0,4.7,3.09,1.0,b'W',15.0,5.397605346934028e-79,b'',,180.0,True
135859.0,64.0,1.0,58.2,170.8,20.0,82.5,123.0,77.0,5.7,0.9,4.0,b'W',30.0,5.397605346934028e-79,b'',,660.0,True
135865.0,80.0,1.0,74.0,173.1,24.7,95.2,116.0,73.0,5.6,0.33,4.0,b'D',30.0,5.397605346934028e-79,b'',,60.0,True
135867.0,74.0,1.0,59.2,165.5,21.6,87.7,163.0,108.66666666666669,5.6,0.77,1.0,b'W',20.0,3.0,b'W',25.0,720.0,True
135868.0,41.0,2.0,84.2,172.0,28.5,96.4,104.66666666666669,68.33333333333333,4.7,0.85,2.0,b'W',60.0,5.397605346934028e-79,b'',,420.0,True
135872.0,57.0,2.0,69.2,145.8,32.6,103.9,121.66666666666669,80.0,6.0,3.7,3.0,b'W',60.0,1.0,b'W',30.0,480.0,True
135873.0,56.0,1.0,161.3,166.2,58.4,152.7,114.66666666666669,73.33333333333333,7.1,6.92,5.397605346934028e-79,b'',,5.397605346934028e-79,b'',,1200.0,True
135874.0,14.0,1.0,57.4,175.0,18.7,69.1,105.33333333333331,51.333333333333336,4.9,0.25,,,,,,,,True
135876.0,61.0,2.0,64.4,166.2,23.3,89.2,115.0,83.66666666666667,5.5,4.06,5.0,b'W',40.0,3.0,b'W',30.0,360.0,True
135877.0,77.0,1.0,95.6,167.5,34.1,124.3,109.66666666666669,74.0,5.8,6.34,2.0,b'M',30.0,5.397605346934028e-79,b'',,540.0,True
135879.0,10.0,1.0,28.2,134.3,15.6,57.5,106.33333333333331,58.0,,0.55,,,,,,,,True
135881.0,28.0,1.0,80.0,180.4,24.6,86.5,125.66666666666669,68.0,4.6,0.29,5.397605346934028e-79,b'',,5.397605346934028e-79,b'',,150.0,True
135882.0,46.0,2.0,94.1,155.3,39.0,111.4,113.66666666666669,75.33333333333333,5.2,10.31,2.0,b'W',60.0,1.0,b'M',90.0,300.0,True
135885.0,20.0,1.0,72.2,167.8,25.6,88.5,110.33333333333331,65.33333333333333,5.2,0.49,3.0,b'W',30.0,5.397605346934028e-79,b'',,240.0,True
135886.0,30.0,2.0,84.2,162.3,32.0,103.6,100.33333333333331,60.0,5.0,5.68,5.0,b'W',45.0,3.0,b'W',25.0,30.0,True
135887.0,10.0,1.0,56.2,143.7,27.2,84.3,97.33333333333331,64.33333333333333,,0.91,,,,,,,,True
135889.0,61.0,2.0,68.5,163.6,25.6,97.5,129.66666666666666,72.66666666666667,5.8,2.29,6.0,b'Y',60.0,5.397605346934028e-79,b'',,360.0,True
135890.0,58.0,1.0,76.0,179.7,23.5,89.1,108.33333333333331,61.333333333333336,5.6,1.41,1.0,b'D',30.0,2.0,b'M',15.0,240.0,True
135891.0,37.0,1.0,86.6,173.6,28.7,98.9,119.66666666666669,85.66666666666667,5.5,1.05,5.0,b'W',480.0,2.0,b'W',60.0,180.0,True
135892.0,20.0,1.0,63.7,174.2,21.0,75.9,129.0,80.0,5.2,1.79,,b'',,,b'',,,True
135893.0,71.0,2.0,81.6,144.5,39.1,120.7,132.0,76.66666666666667,5.5,2.39,4.0,b'W',30.0,5.397605346934028e-79,b'',,420.0,True
135895.0,20.0,1.0,60.5,184.9,17.7,70.6,101.66666666666669,66.66666666666667,4.7,1.71,1.0,b'D',120.0,3.0,b'W',60.0,300.0,True
135898.0,16.0,2.0,54.5,160.0,21.3,74.0,91.33333333333331,65.33333333333333,5.2,0.57,,,,,,,,True
135900.0,61.0,2.0,118.0,160.3,45.9,127.1,133.66666666666666,82.66666666666667,6.2,30.56,7.0,b'W',30.0,5.397605346934028e-79,b'',,180.0,True
135902.0,27.0,1.0,82.1,182.7,24.6,96.3,137.33333333333334,79.33333333333333,5.3,0.66,3.0,b'W',120.0,2.0,b'W',120.0,240.0,True
135903.0,62.0,1.0,85.6,156.2,35.1,106.3,129.33333333333334,79.33333333333333,6.1,1.2,5.397605346934028e-79,b'',,5.397605346934028e-79,b'',,360.0,True
135906.0,26.0,2.0,57.5,164.5,21.2,82.8,98.33333333333331,60.66666666666666,5.3,0.43,3.0,b'W',300.0,3.0,b'W',300.0,180.0,True
135907.0,10.0,2.0,32.5,148.4,14.8,57.9,108.5,74.0,,0.33,,,,,,,,True
135908.0,63.0,2.0,67.0,164.0,24.9,95.6,117.66666666666669,84.0,5.4,1.98,1.0,b'W',60.0,5.397605346934028e-79,b'',,180.0,True
135909.0,34.0,2.0,71.2,168.5,25.1,99.5,112.33333333333331,78.33333333333333,6.4,7.06,1.0,b'W',60.0,1.0,b'W',60.0,300.0,True
135911.0,65.0,1.0,97.2,181.3,29.6,111.6,115.0,76.0,6.2,0.97,1.0,b'W',60.0,1.0,b'W',60.0,300.0,True
135914.0,63.0,2.0,96.7,167.6,34.4,115.7,113.33333333333331,77.0,5.7,5.85,1.0,b'D',120.0,5.397605346934028e-79,b'',,540.0,True
135916.0,60.0,2.0,67.6,158.2,27.0,,129.66666666666666,70.33333333333333,5.4,4.19,4.0,b'W',60.0,3.0,b'W',30.0,600.0,True
135919.0,62.0,2.0,93.1,165.6,33.9,109.6,106.33333333333331,77.0,5.9,2.37,5.397605346934028e-79,b'',,5.397605346934028e-79,b'',,90.0,True
135920.0,40.0,2.0,84.8,163.7,31.6,101.3,98.33333333333331,60.0,5.8,1.81,3.0,b'W',60.0,1.0,b'W',30.0,480.0,True
135921.0,44.0,2.0,100.4,,,,105.33333333333331,55.66666666666666,5.1,1.33,1.0,b'D',5.0,5.397605346934028e-79,b'',,120.0,True
135924.0,7.0,1.0,29.7,129.3,17.8,57.4,,,,0.11,,,,,,,,True
135927.0,40.0,1.0,109.5,186.7,31.4,114.9,110.66666666666669,66.33333333333333,5.1,1.87,3.0,b'W',180.0,5.397605346934028e-79,b'',,600.0,True
135928.0,75.0,2.0,73.2,154.7,30.6,99.1,126.33333333333331,79.66666666666667,5.6,0.15,2.0,b'W',30.0,5.397605346934028e-79,b'',,240.0,True
135929.0,73.0,2.0,70.7,164.9,26.0,101.2,131.66666666666666,68.66666666666667,7.6,0.52,1.0,b'D',30.0,5.397605346934028e-79,b'',,120.0,True
135930.0,59.0,2.0,59.9,164.1,22.2,89.4,91.0,65.0,5.5,0.71,5.0,b'W',60.0,3.0,b'W',30.0,300.0,True
135933.0,8.0,1.0,33.3,121.4,22.6,73.3,106.66666666666669,66.0,,0.47,,,,,,,,True
135937.0,26.0,1.0,81.5,169.8,28.3,98.3,118.66666666666669,75.0,5.1,1.98,7.0,b'W',60.0,5.0,b'W',50.0,180.0,True
135938.0,28.0,2.0,48.4,153.8,20.5,73.4,88.0,54.333333333333336,5.2,1.76,1.0,b'D',30.0,1.0,b'W',60.0,360.0,True
135940.0,47.0,2.0,69.4,169.1,24.3,83.9,95.66666666666669,61.0,5.1,0.35,5.397605346934028e-79,b'',,5.397605346934028e-79,b'',,480.0,True
135941.0,21.0,2.0,63.7,161.3,24.5,76.5,112.66666666666669,70.66666666666667,5.4,0.28,1.0,b'D',60.0,1.0,b'D',180.0,240.0,True
135943.0,69.0,2.0,81.6,160.3,31.8,92.0,138.0,73.33333333333333,5.3,4.21,2.0,b'W',5.0,5.397605346934028e-79,b'',,120.0,True
135945.0,48.0,2.0,72.3,166.4,26.1,93.9,141.0,89.0,5.1,0.65,3.0,b'D',20.0,6.0,b'W',45.0,360.0,True
135946.0,72.0,1.0,108.8,170.0,37.6,126.8,110.0,70.66666666666667,5.7,4.9,2.0,b'D',50.0,5.397605346934028e-79,b'',,600.0,True
135948.0,1.0,1.0,11.0,,,,,,,0.11,,,,,,,,True
135952.0,19.0,2.0,54.3,164.4,20.1,70.8,112.66666666666669,68.66666666666667,4.9,0.42,5.0,b'W',30.0,1.0,b'W',30.0,240.0,True
135953.0,60.0,2.0,66.1,149.2,29.7,105.0,137.33333333333334,83.33333333333333,6.5,1.28,5.397605346934028e-79,b'',,5.397605346934028e-79,b'',,360.0,True
135955.0,16.0,2.0,76.6,166.7,27.6,91.6,102.33333333333331,67.0,5.5,0.42,,,,,,,,True
135956.0,30.0,1.0,134.9,174.6,44.3,142.2,119.33333333333331,91.66666666666669,4.6,13.01,3.0,b'W',60.0,3.0,b'W',10.0,240.0,True
135957.0,53.0,2.0,88.4,154.1,37.2,118.2,123.33333333333331,92.33333333333331,8.1,5.52,1.0,b'W',30.0,5.397605346934028e-79,b'',,180.0,True
135959.0,76.0,2.0,54.6,159.1,21.6,80.8,128.33333333333334,77.0,5.4,3.04,1.0,b'D',180.0,5.397605346934028e-79,b'',,240.0,True
135960.0,75.0,2.0,72.4,157.3,29.3,98.8,114.33333333333331,64.66666666666667,5.6,2.15,3.0,b'W',60.0,5.397605346934028e-79,b'',,9999.0,True
135961.0,26.0,2.0,109.1,165.9,39.6,111.0,124.66666666666669,90.0,5.2,6.6,4.0,b'W',30.0,5.397605346934028e-79,b'',,240.0,True
135962.0,50.0,2.0,108.8,158.3,43.4,128.7,109.66666666666669,70.0,5.5,31.44,3.0,b'W',15.0,1.0,b'W',20.0,540.0,True
135964.0,23.0,2.0,92.9,157.6,37.4,113.5,97.66666666666669,62.333333333333336,4.8,1.55,5.397605346934028e-79,b'',,5.397605346934028e-79,b'',,360.0,True
135966.0,30.0,2.0,89.8,174.1,29.6,97.2,119.0,75.66666666666667,5.2,0.99,7.0,b'W',540.0,4.0,b'W',180.0,120.0,True
135968.0,80.0,1.0,84.7,177.5,26.9,104.0,,,6.0,1.79,1.0,b'W',20.0,5.397605346934028e-79,b'',,360.0,True
135969.0,33.0,1.0,87.5,176.1,28.2,100.4,124.66666666666669,81.0,5.4,0.95,104.0,b'Y',180.0,5.397605346934028e-79,b'',,720.0,True
135972.0,19.0,1.0,63.2,184.1,18.6,,,,5.1,0.28,5.397605346934028e-79,b'',,5.397605346934028e-79,b'',,60.0,True
135973.0,78.0,2.0,62.5,149.8,27.9,106.7,160.33333333333334,63.333333333333336,5.9,4.66,1.0,b'D',30.0,5.397605346934028e-79,b'',,300.0,True
135976.0,76.0,2.0,76.8,157.5,31.0,103.9,122.0,58.0,5.4,8.81,2.0,b'W',60.0,5.397605346934028e-79,b'',,360.0,True
135977.0,73.0,2.0,77.7,151.4,33.9,109.4,124.33333333333331,78.66666666666667,5.7,3.63,2.0,b'D',60.0,9999.0,b'',,600.0,True
135980.0,55.0,2.0,76.9,159.8,30.1,90.2,111.0,71.0,5.6,3.96,1.0,b'W',40.0,1.0,b'W',15.0,90.0,True
135982.0,60.0,2.0,101.8,169.1,35.6,125.2,111.33333333333331,71.66666666666667,5.3,1.39,3.0,b'W',45.0,5.397605346934028e-79,b'',,600.0,True
135983.0,21.0,2.0,72.8,181.9,22.0,76.9,98.33333333333331,63.333333333333336,5.1,0.74,5.0,b'W',60.0,4.0,b'W',60.0,240.0,True
135984.0,5.0,2.0,22.4,113.7,17.3,58.5,,,,0.61,,,,,,,,True
135985.0,46.0,2.0,65.5,139.4,33.7,89.2,123.33333333333331,84.66666666666667,5.7,6.28,4.0,b'W',30.0,1.0,b'W',60.0,180.0,True
135987.0,79.0,1.0,83.8,170.2,28.9,108.4,115.33333333333331,55.66666666666666,5.3,2.53,6.0,b'W',120.0,5.397605346934028e-79,b'',,180.0,True
135988.0,63.0,1.0,78.2,169.9,27.1,97.1,119.0,80.33333333333333,5.3,1.25,3.0,b'W',15.0,5.397605346934028e-79,b'',,600.0,True
135991.0,32.0,2.0,137.6,169.8,47.7,111.8,115.33333333333331,75.0,5.0,1.4,1.0,b'W',60.0,5.397605346934028e-79,b'',,300.0,True
135992.0,66.0,1.0,74.9,174.9,24.5,91.5,94.66666666666669,63.333333333333336,5.0,0.99,4.0,b'W',60.0,1.0,b'M',20.0,300.0,True
135993.0,55.0,1.0,114.7,178.8,35.9,119.2,124.33333333333331,80.66666666666667,5.7,6.04,3.0,b'W',30.0,1.0,b'W',60.0,300.0,True
135994.0,6.0,1.0,27.1,119.8,18.9,66.4,,,,3.13,,,,,,,,True
135997.0,25.0,2.0,110.7,168.6,38.9,119.4,113.33333333333331,73.66666666666667,4.9,12.34,1.0,b'W',30.0,5.397605346934028e-79,b'',,540.0,True
135998.0,23.0,1.0,84.4,182.0,25.5,96.6,124.0,76.66666666666667,5.1,1.17,5.397605346934028e-79,b'',,5.397605346934028e-79,b'',,480.0,True
135999.0,66.0,1.0,71.7,172.8,24.0,91.0,125.66666666666669,80.33333333333333,5.6,5.19,1.0,b'M',60.0,1.0,b'Y',30.0,600.0,True
136000.0,44.0,2.0,66.0,167.3,23.6,78.5,141.66666666666666,80.33333333333333,5.0,0.56,5.0,b'W',30.0,3.0,b'W',30.0,420.0,True
136001.0,28.0,2.0,47.7,156.8,19.4,,,,4.8,0.11,2.0,b'W',30.0,5.397605346934028e-79,b'',,600.0,True
136002.0,80.0,1.0,82.5,166.9,29.6,102.7,134.66666666666666,67.33333333333333,4.9,1.79,4.0,b'W',180.0,5.397605346934028e-79,b'',,180.0,True
136004.0,58.0,1.0,137.0,175.2,44.6,136.8,140.0,70.0,5.7,1.94,3.0,b'Y',60.0,5.397605346934028e-79,b'',,300.0,True
136005.0,52.0,1.0,178.3,173.5,59.2,163.2,,,6.1,5.87,5.397605346934028e-79,b'',,5.397605346934028e-79,b'',,480.0,True
136007.0,7.0,2.0,25.2,127.0,15.6,56.2,,,,0.53,,,,,,,,True
136008.0,13.0,2.0,75.7,153.0,32.3,91.2,105.0,66.0,5.4,2.69,,,,,,,,True
136012.0,73.0,1.0,61.6,177.2,19.6,86.2,158.66666666666666,81.33333333333333,6.8,5.7,5.397605346934028e-79,b'',,5.397605346934028e-79,b'',,120.0,True
136013.0,59.0,2.0,70.1,142.3,34.6,106.4,137.33333333333334,85.0,5.6,7.77,5.397605346934028e-79,b'',,5.397605346934028e-79,b'',,60.0,True
136014.0,20.0,1.0,89.7,177.1,28.6,93.4,116.66666666666669,55.66666666666666,4.6,0.74,2.0,b'W',120.0,2.0,b'W',5.0,300.0,True
136016.0,41.0,1.0,105.9,177.9,33.5,120.5,131.0,92.66666666666669,6.9,2.36,3.0,b'W',1.0,1.0,b'W',30.0,720.0,True
136017.0,8.0,1.0,41.4,132.1,23.7,73.1,98.0,66.66666666666667,,2.4,,,,,,,,True
136018.0,30.0,2.0,152.4,159.8,59.7,143.4,122.33333333333331,91.0,5.3,12.63,4.0,b'W',45.0,1.0,b'W',30.0,480.0,True
136020.0,40.0,2.0,159.4,164.2,59.1,154.5,106.66666666666669,66.0,6.6,15.91,1.0,b'W',30.0,5.397605346934028e-79,b'',,840.0,True
136025.0,42.0,2.0,64.0,163.3,24.0,84.8,110.33333333333331,81.0,5.3,0.55,5.397605346934028e-79,b'',,5.397605346934028e-79,b'',,360.0,True
136027.0,56.0,2.0,89.4,159.9,35.0,120.6,141.0,85.0,5.9,0.42,1.0,b'D',60.0,5.397605346934028e-79,b'',,60.0,True
136031.0,57.0,2.0,98.5,173.5,32.7,104.6,149.33333333333334,105.0,5.5,3.21,2.0,b'M',60.0,5.397605346934028e-79,b'',,420.0,True
136034.0,19.0,1.0,67.3,178.4,21.1,75.3,115.0,56.66666666666666,5.1,0.55,5.397605346934028e-79,b'',,5.397605346934028e-79,b'',,480.0,True
136035.0,80.0,1.0,98.7,,,117.7,109.0,66.66666666666667,5.3,0.94,5.397605346934028e-79,b'',,5.397605346934028e-79,b'',,600.0,True
136036.0,55.0,2.0,75.2,170.9,25.7,84.8,106.0,65.0,5.4,2.93,7.0,b'W',30.0,3.0,b'W',15.0,120.0,True
136039.0,36.0,2.0,73.8,154.6,30.9,96.9,115.66666666666669,70.33333333333333,6.1,5.27,5.397605346934028e-79,b'',,5.397605346934028e-79,b'',,60.0,True
136040.0,41.0,2.0,71.9,149.4,32.2,96.2,98.0,65.33333333333333,5.9,4.06,3.0,b'W',60.0,1.0,b'W',60.0,420.0,True
136042.0,44.0,1.0,76.2,171.6,25.9,93.7,120.33333333333331,80.33333333333333,5.8,2.56,2.0,b'W',120.0,2.0,b'W',120.0,360.0,True
136045.0,19.0,2.0,104.0,160.4,40.4,117.6,102.66666666666669,67.66666666666667,5.3,2.44,4.0,b'W',60.0,5.397605346934028e-79,b'',,180.0,True
136046.0,67.0,2.0,85.4,159.9,33.4,109.3,117.33333333333331,74.66666666666667,5.6,2.27,2.0,b'W',60.0,1.0,b'W',50.0,600.0,True
136047.0,80.0,1.0,88.6,167.4,31.6,110.2,144.0,61.333333333333336,5.5,2.11,5.397605346934028e-79,b'',,5.397605346934028e-79,b'',,180.0,True
136048.0,5.0,1.0,18.0,111.2,14.6,53.1,,,,0.15,,,,,,,,True
136049.0,4.0,1.0,16.0,101.6,15.5,,,,,1.2,,,,,,,,True
136050.0,25.0,2.0,62.0,157.1,25.1,,111.66666666666669,56.0,5.0,9.26,7.0,b'W',60.0,5.397605346934028e-79,b'',,240.0,True
136051.0,27.0,1.0,105.2,180.1,32.4,103.6,107.66666666666669,66.33333333333333,4.8,0.47,5.0,b'W',60.0,5.0,b'W',90.0,720.0,True
136052.0,78.0,1.0,83.4,179.2,26.0,104.1,120.0,57.333333333333336,5.0,1.39,1.0,b'D',120.0,5.397605346934028e-79,b'',,420.0,True
136053.0,79.0,2.0,63.1,153.9,26.6,88.7,130.33333333333334,81.0,6.0,1.39,3.0,b'W',25.0,5.397605346934028e-79,b'',,360.0,True
136054.0,21.0,2.0,69.7,155.2,28.9,86.8,85.66666666666667,52.333333333333336,4.8,1.98,3.0,b'M',30.0,5.397605346934028e-79,b'',,240.0,True
136055.0,15.0,2.0,53.3,154.8,22.2,83.1,101.33333333333331,66.66666666666667,5.6,0.23,,,,,,,,True
136057.0,69.0,2.0,94.0,153.1,40.1,124.7,150.0,69.66666666666667,7.6,1.97,5.397605346934028e-79,b'',,5.397605346934028e-79,b'',,180.0,True
136058.0,68.0,1.0,85.6,174.7,28.0,102.1,105.0,66.66666666666667,5.4,0.44,5.0,b'W',10.0,5.397605346934028e-79,b'',,180.0,True
136059.0,62.0,1.0,120.7,172.9,40.4,129.8,130.66666666666666,77.66666666666667,5.6,3.12,5.397605346934028e-79,b'',,1.0,b'Y',30.0,30.0,True
136060.0,46.0,1.0,97.7,180.7,29.9,106.9,113.0,72.33333333333333,5.0,2.57,4.0,b'W',30.0,4.0,b'W',10.0,600.0,True
136061.0,6.0,1.0,21.6,117.7,15.6,53.1,,,,0.88,,,,,,,,True
136062.0,21.0,2.0,52.2,158.4,20.8,73.0,112.66666666666669,63.0,5.5,0.21,2.0,b'M',60.0,2.0,b'M',60.0,720.0,True
136063.0,41.0,1.0,100.0,184.4,29.4,91.8,131.66666666666666,70.33333333333333,5.4,0.55,1.0,b'D',90.0,3.0,b'W',60.0,600.0,True
136064.0,76.0,1.0,91.1,163.9,33.9,,,,5.3,3.91,5.397605346934028e-79,b'',,5.397605346934028e-79,b'',,720.0,True
136070.0,35.0,1.0,144.0,169.1,50.4,146.6,138.66666666666666,88.0,8.3,11.53,3.0,b'W',60.0,1.0,b'W',40.0,180.0,True
136072.0,63.0,1.0,78.1,168.3,27.6,98.0,125.33333333333331,80.0,9.8,3.2,2.0,b'W',120.0,1.0,b'W',120.0,600.0,True
136073.0,70.0,2.0,76.8,150.4,34.0,105.0,130.0,82.0,5.5,4.44,2.0,b'W',120.0,5.397605346934028e-79,b'',,240.0,True
136074.0,64.0,2.0,103.0,172.6,34.6,123.4,148.33333333333334,81.33333333333333,7.3,4.54,3.0,b'W',30.0,5.397605346934028e-79,b'',,240.0,True
136075.0,55.0,1.0,96.2,184.5,28.3,108.9,,,5.6,0.62,7.0,b'W',50.0,5.397605346934028e-79,b'',,600.0,True
136076.0,12.0,2.0,58.6,164.7,21.6,76.2,105.0,64.33333333333333,5.4,0.29,,,,,,,,True
136079.0,25.0,2.0,64.1,168.2,22.7,75.0,104.33333333333331,59.0,5.5,0.29,2.0,b'W',30.0,4.0,b'W',60.0,240.0,True
136081.0,14.0,1.0,69.2,158.9,27.4,89.4,106.0,70.0,5.0,2.81,,,,,,,,True
136084.0,45.0,2.0,55.0,153.1,23.5,88.5,124.0,82.33333333333333,5.2,0.87,5.397605346934028e-79,b'',,5.397605346934028e-79,b'',,180.0,True
136086.0,15.0,1.0,70.8,174.2,23.3,78.0,113.33333333333331,59.66666666666666,5.1,0.53,,,,,,,,True
136087.0,18.0,1.0,77.5,170.6,26.6,84.0,117.0,61.333333333333336,5.3,0.35,1.0,b'D',120.0,1.0,b'D',60.0,360.0,True
136089.0,60.0,1.0,75.2,178.7,23.5,92.2,112.0,67.33333333333333,5.2,0.63,7.0,b'W',60.0,5.397605346934028e-79,b'',,720.0,True
136091.0,80.0,1.0,99.6,183.4,29.6,121.3,118.0,72.66666666666667,5.9,1.34,5.397605346934028e-79,b'',,5.397605346934028e-79,b'',,360.0,True
136092.0,27.0,2.0,69.7,160.7,27.0,93.5,120.66666666666669,83.66666666666667,5.0,51.31,2.0,b'W',30.0,1.0,b'W',60.0,300.0,True
136093.0,80.0,2.0,64.6,163.5,24.2,92.3,157.0,89.33333333333333,5.6,2.99,3.0,b'W',45.0,5.397605346934028e-79,b'',,360.0,True
136094.0,72.0,2.0,84.2,159.9,32.9,108.0,120.33333333333331,71.33333333333333,5.2,1.37,30.0,b'Y',120.0,2.0,b'Y',30.0,420.0,True
136095.0,37.0,2.0,47.5,159.5,18.7,67.3,107.33333333333331,72.66666666666667,5.1,0.19,10.0,b'Y',60.0,4.0,b'Y',10.0,480.0,True
136096.0,8.0,1.0,27.5,129.5,16.4,52.8,96.66666666666669,55.0,,0.6,,,,,,,,True
136097.0,48.0,2.0,88.0,166.0,31.9,93.0,118.0,77.66666666666667,5.0,0.69,5.397605346934028e-79,b'',,5.397605346934028e-79,b'',,180.0,True
136101.0,67.0,2.0,44.5,143.1,21.7,85.0,118.66666666666669,73.33333333333333,5.6,1.74,3.0,b'W',60.0,6.0,b'Y',30.0,1080.0,True
136105.0,11.0,2.0,88.9,163.2,33.4,102.2,101.33333333333331,67.66666666666667,,5.02,,,,,,,,True
136106.0,44.0,2.0,46.6,153.7,19.7,78.1,114.0,74.0,5.0,1.96,5.397605346934028e-79,b'',,5.397605346934028e-79,b'',,9999.0,True
136107.0,63.0,1.0,81.6,172.3,27.5,97.4,154.0,112.33333333333331,5.3,1.78,2.0,b'W',15.0,1.0,b'W',900.0,15.0,True
136108.0,16.0,1.0,55.4,175.1,18.1,69.4,117.0,80.33333333333333,5.0,0.11,,,,,,,,True
136110.0,17.0,2.0,99.7,163.6,37.3,102.2,105.33333333333331,74.0,5.2,4.3,,,,,,,,True
136111.0,71.0,2.0,90.9,158.0,36.4,113.0,122.33333333333331,76.66666666666667,4.7,1.04,5.397605346934028e-79,b'',,5.397605346934028e-79,b'',,480.0,True
136112.0,17.0,1.0,65.4,183.8,19.4,78.4,112.66666666666669,65.33333333333333,4.8,0.66,,,,,,,,True
136113.0,80.0,2.0,57.7,142.4,28.5,96.0,130.66666666666666,57.0,7.4,0.72,3.0,b'W',30.0,5.397605346934028e-79,b'',,360.0,True
136114.0,61.0,2.0,69.4,158.0,27.8,100.6,175.0,96.33333333333331,5.7,0.55,2.0,b'W',60.0,1.0,b'W',60.0,180.0,True
136115.0,20.0,2.0,68.3,151.2,29.9,92.7,105.0,69.66666666666667,5.3,1.75,2.0,b'W',60.0,5.397605346934028e-79,b'',,240.0,True
136116.0,23.0,2.0,89.7,155.0,37.3,113.3,94.33333333333331,65.0,5.1,6.18,1.0,b'D',300.0,2.0,b'W',60.0,480.0,True
136118.0,39.0,2.0,93.9,159.4,37.0,117.1,103.33333333333331,72.66666666666667,5.7,7.78,3.0,b'W',30.0,5.397605346934028e-79,b'',,120.0,True
136119.0,64.0,1.0,91.0,170.4,31.3,110.0,136.33333333333334,79.33333333333333,6.7,13.15,5.397605346934028e-79,b'',,5.397605346934028e-79,b'',,840.0,True
136120.0,54.0,1.0,76.0,173.3,25.3,80.6,129.33333333333334,74.66666666666667,5.4,0.36,3.0,b'W',60.0,4.0,b'W',60.0,15.0,True
136121.0,5.0,1.0,23.8,115.3,17.9,55.7,,,,0.47,,,,,,,,True
136123.0,62.0,2.0,67.0,167.9,23.8,89.6,118.0,71.66666666666667,5.8,0.84,5.397605346934028e-79,b'',,5.397605346934028e-79,b'',,120.0,True
136124.0,30.0,1.0,60.0,179.0,18.7,76.0,114.33333333333331,62.0,5.4,0.34,1.0,b'D',30.0,2.0,b'M',30.0,720.0,True
136125.0,42.0,1.0,95.6,171.0,32.7,113.4,118.66666666666669,72.0,3.9,3.76,2.0,b'W',60.0,5.397605346934028e-79,b'',,60.0,True
136127.0,63.0,2.0,62.7,172.1,21.2,86.9,140.33333333333334,72.33333333333333,5.1,0.82,3.0,b'W',30.0,2.0,b'W',120.0,480.0,True
136128.0,60.0,2.0,85.1,154.1,35.8,104.4,135.0,78.33333333333333,10.8,3.51,5.397605346934028e-79,b'',,5.397605346934028e-79,b'',,480.0,True
136129.0,73.0,1.0,81.3,175.2,26.5,109.1,108.33333333333331,68.0,10.6,2.95,40.0,b'W',80.0,8.0,b'D',30.0,360.0,True
136130.0,44.0,2.0,69.8,163.7,26.0,93.4,120.66666666666669,77.66666666666667,5.4,0.24,2.0,b'W',25.0,2.0,b'M',35.0,120.0,True
136132.0,59.0,2.0,106.5,165.9,38.7,119.2,105.66666666666669,68.0,5.4,8.35,3.0,b'W',60.0,5.397605346934028e-79,b'',,600.0,True
136133.0,42.0,2.0,64.0,162.7,24.2,89.5,87.66666666666667,60.0,5.4,0.33,3.0,b'W',30.0,3.0,b'W',30.0,240.0,True
136136.0,75.0,1.0,78.7,167.6,28.0,101.5,147.0,71.33333333333333,5.3,0.7,5.0,b'W',45.0,3.0,b'W',90.0,300.0,True
136137.0,17.0,1.0,117.0,182.8,35.0,117.2,129.66666666666666,70.33333333333333,4.8,3.69,,,,,,,,True
136138.0,13.0,1.0,60.6,172.7,20.3,75.0,118.33333333333331,68.66666666666667,5.1,0.24,,,,,,,,True
136139.0,53.0,2.0,93.7,163.7,35.0,95.5,126.33333333333331,86.33333333333333,5.5,14.05,2.0,b'M',180.0,1.0,b'M',60.0,540.0,True
136141.0,80.0,2.0,68.1,172.0,23.0,91.5,132.0,61.5,5.2,0.63,5.0,b'W',30.0,1.0,b'M',30.0,480.0,True
136142.0,34.0,1.0,65.5,172.2,22.1,76.5,118.66666666666669,70.0,4.9,0.33,1.0,b'M',360.0,1.0,b'W',360.0,720.0,True
136144.0,43.0,2.0,92.5,163.7,34.5,106.7,97.0,66.33333333333333,5.5,4.09,3.0,b'M',60.0,5.397605346934028e-79,b'',,900.0,True
136148.0,18.0,1.0,46.0,162.9,17.3,60.0,92.66666666666669,60.333333333333336,4.9,0.36,2.0,b'W',20.0,5.397605346934028e-79,b'',,480.0,True
136150.0,12.0,1.0,59.0,170.9,20.2,72.1,109.66666666666669,60.333333333333336,5.1,0.93,,,,,,,,True
136151.0,17.0,1.0,69.2,174.1,22.8,78.2,119.66666666666669,61.333333333333336,4.8,0.23,,,,,,,,True
136152.0,65.0,2.0,78.0,169.4,27.2,100.6,134.66666666666666,90.0,5.6,0.74,1.0,b'D',60.0,5.397605346934028e-79,b'',,180.0,True
136153.0,13.0,2.0,49.0,168.4,17.3,66.1,101.0,61.333333333333336,5.1,0.11,,,,,,,,True
136154.0,8.0,2.0,29.4,122.0,19.8,64.7,85.66666666666667,50.333333333333336,,2.16,,,,,,,,True
136155.0,68.0,1.0,73.2,167.5,26.1,104.9,,,13.3,23.3,5.397605346934028e-79,b'',,5.397605346934028e-79,b'',,240.0,True
136156.0,7.0,1.0,25.3,127.0,15.7,54.6,,,,0.33,,,,,,,,True
136159.0,7.0,2.0,20.7,115.6,15.5,51.5,,,,0.22,,,,,,,,True
136161.0,37.0,2.0,106.7,174.4,35.1,117.0,108.66666666666669,74.0,5.3,8.54,5.397605346934028e-79,b'',,5.397605346934028e-79,b'',,1080.0,True
136164.0,45.0,1.0,102.0,176.0,32.9,111.5,129.0,85.0,5.2,2.67,4.0,b'W',120.0,2.0,b'W',60.0,360.0,True
136165.0,62.0,1.0,93.7,176.7,30.0,108.0,127.66666666666669,76.66666666666667,5.3,1.8,1.0,b'M',45.0,1.0,b'M',30.0,300.0,True
136168.0,61.0,2.0,90.9,159.7,35.6,108.6,98.66666666666669,67.33333333333333,13.6,7.45,2.0,b'W',10.0,5.397605346934028e-79,b'',,300.0,True
136170.0,9.0,2.0,33.0,134.2,18.3,63.2,101.0,66.0,,0.36,,,,,,,,True
136172.0,76.0,2.0,102.1,164.0,38.0,,113.33333333333331,82.0,5.2,18.7,7.0,b'W',10.0,8.0,b'W',20.0,420.0,True
136173.0,73.0,2.0,99.5,154.3,41.8,127.8,139.66666666666666,64.0,7.3,5.7,5.397605346934028e-79,b'',,5.397605346934028e-79,b'',,480.0,True
136174.0,16.0,1.0,75.1,170.8,25.7,78.1,126.33333333333331,70.66666666666667,5.2,0.11,,,,,,,,True
136176.0,40.0,1.0,97.6,179.2,30.4,105.8,139.33333333333334,90.33333333333331,5.5,2.63,3.0,b'W',20.0,5.397605346934028e-79,b'',,240.0,True
136177.0,10.0,2.0,34.2,144.5,16.4,60.5,99.66666666666669,61.333333333333336,,0.67,,,,,,,,True
136179.0,15.0,1.0,59.1,178.3,18.6,72.0,98.33333333333331,61.333333333333336,5.1,0.42,,,,,,,,True
136182.0,80.0,1.0,97.6,174.8,31.9,124.1,131.0,78.0,7.4,0.98,4.0,b'D',60.0,3.0,b'D',60.0,270.0,True
136185.0,21.0,2.0,74.3,165.5,27.1,89.3,99.0,62.333333333333336,5.1,2.02,3.0,b'W',90.0,5.397605346934028e-79,b'',,120.0,True
136186.0,60.0,2.0,76.0,168.0,26.9,95.7,113.0,77.0,5.4,1.28,2.0,b'W',240.0,5.397605346934028e-79,b'',,240.0,True
136187.0,31.0,1.0,114.7,168.0,40.6,127.3,110.0,75.33333333333333,5.3,8.01,5.397605346934028e-79,b'',,5.397605346934028e-79,b'',,360.0,True
136188.0,49.0,1.0,52.7,170.0,18.2,73.9,117.66666666666669,69.66666666666667,5.6,1.46,7.0,b'W',60.0,5.397605346934028e-79,b'',,300.0,True
136189.0,59.0,2.0,63.8,154.0,26.9,82.9,135.33333333333334,73.66666666666667,5.0,0.54,7.0,b'W',40.0,5.397605346934028e-79,b'',,240.0,True
136190.0,68.0,2.0,53.2,161.3,20.4,75.2,107.33333333333331,61.333333333333336,5.7,0.74,2.0,b'W',60.0,5.397605346934028e-79,b'',,240.0,True
136191.0,69.0,2.0,79.0,170.6,27.1,100.8,145.0,84.66666666666667,5.7,1.24,3.0,b'W',60.0,1.0,b'W',120.0,180.0,True
136192.0,66.0,1.0,64.6,178.5,20.3,82.0,123.66666666666669,64.66666666666667,4.9,0.21,1.0,b'D',10.0,1.0,b'D',40.0,600.0,True
136193.0,72.0,2.0,75.1,159.7,29.4,107.2,130.33333333333334,88.66666666666667,6.8,0.86,4.0,b'W',60.0,2.0,b'M',60.0,60.0,True
136194.0,52.0,1.0,71.1,165.5,26.0,96.8,165.66666666666666,95.0,5.5,3.64,5.397605346934028e-79,b'',,5.397605346934028e-79,b'',,240.0,True
136196.0,8.0,1.0,31.4,139.3,16.2,60.1,101.33333333333331,55.333333333333336,,0.21,,,,,,,,True
136197.0,10.0,2.0,38.9,152.3,16.8,64.0,115.66666666666669,66.0,,0.19,,,,,,,,True
136198.0,18.0,2.0,113.6,154.2,47.8,128.1,104.0,71.66666666666667,5.9,1.09,2.0,b'W',90.0,5.397605346934028e-79,b'',,660.0,True
136200.0,76.0,2.0,65.4,156.9,26.6,102.2,144.0,66.66666666666667,5.8,2.57,1.0,b'W',10.0,5.397605346934028e-79,b'',,120.0,True
136201.0,31.0,1.0,58.7,152.6,25.2,85.9,117.33333333333331,68.66666666666667,5.5,0.46,2.0,b'W',60.0,5.397605346934028e-79,b'',,120.0,True
136202.0,7.0,2.0,29.5,119.1,20.8,66.0,,,,11.75,,,,,,,,True
136203.0,7.0,2.0,32.4,131.2,18.8,63.1,,,,0.35,,,,,,,,True
136204.0,51.0,1.0,173.1,174.3,57.0,,140.0,82.33333333333333,8.4,10.61,5.397605346934028e-79,b'',,5.397605346934028e-79,b'',,420.0,True
136205.0,25.0,1.0,93.2,184.5,27.4,95.6,111.66666666666669,50.0,4.8,1.34,4.0,b'W',60.0,3.0,b'W',60.0,180.0,True
136206.0,80.0,2.0,66.0,158.7,26.2,90.6,150.33333333333334,73.0,6.3,4.05,3.0,b'W',60.0,2.0,b'M',300.0,360.0,True
136207.0,8.0,2.0,30.4,142.3,15.0,61.4,108.0,58.0,,2.43,,,,,,,,True
136208.0,11.0,2.0,40.5,159.3,16.0,62.6,120.0,65.33333333333333,,0.49,,,,,,,,True
136210.0,58.0,2.0,101.8,161.7,38.9,110.9,105.66666666666669,75.66666666666667,5.7,11.18,5.397605346934028e-79,b'',,5.397605346934028e-79,b'',,480.0,True
136211.0,38.0,2.0,72.8,160.2,28.4,104.6,140.0,92.33333333333331,5.7,2.27,5.397605346934028e-79,b'',,5.397605346934028e-79,b'',,960.0,True
136212.0,5.0,2.0,19.3,109.1,16.2,50.8,,,,0.17,,,,,,,,True
136213.0,14.0,1.0,83.8,170.7,28.8,94.5,99.33333333333331,56.66666666666666,5.4,1.15,,,,,,,,True
136216.0,80.0,1.0,80.9,181.9,24.5,98.0,149.66666666666666,73.66666666666667,7.5,9.77,7.0,b'W',60.0,5.397605346934028e-79,b'',,120.0,True
136218.0,57.0,2.0,44.6,155.1,18.5,66.3,88.66666666666667,50.66666666666666,5.6,0.73,3.0,b'W',60.0,1.0,b'M',90.0,120.0,True
136220.0,75.0,1.0,89.2,172.8,29.9,109.4,111.33333333333331,64.66666666666667,5.1,1.24,5.0,b'W',60.0,1.0,b'W',90.0,360.0,True
136222.0,31.0,2.0,56.6,157.9,22.7,77.6,126.66666666666669,81.66666666666667,5.1,2.43,3.0,b'W',60.0,2.0,b'W',60.0,360.0,True
136223.0,40.0,1.0,120.4,183.9,35.6,117.0,128.33333333333334,87.33333333333333,5.4,4.09,5.0,b'W',120.0,5.397605346934028e-79,b'',,300.0,True
136225.0,33.0,2.0,60.7,164.6,22.4,77.8,117.0,78.33333333333333,5.1,0.24,5.397605346934028e-79,b'',,5.397605346934028e-79,b'',,300.0,True
136227.0,63.0,2.0,76.2,166.2,27.6,99.9,,,6.0,1.73,2.0,b'M',20.0,5.397605346934028e-79,b'',,180.0,True
136228.0,13.0,2.0,53.8,164.9,19.8,73.7,106.0,64.33333333333333,4.4,1.57,,,,,,,,True
136229.0,63.0,1.0,144.2,179.2,44.9,142.5,117.66666666666669,69.33333333333333,8.6,7.32,5.397605346934028e-79,b'',,5.397605346934028e-79,b'',,1020.0,True
136230.0,45.0,2.0,76.5,166.2,27.7,97.0,105.66666666666669,67.33333333333333,5.5,1.78,5.397605346934028e-79,b'',,5.397605346934028e-79,b'',,780.0,True
136231.0,39.0,2.0,86.4,158.6,34.3,99.5,84.0,60.66666666666666,5.1,3.48,6.0,b'W',30.0,5.397605346934028e-79,b'',,600.0,True
136232.0,62.0,1.0,91.3,184.7,26.8,91.9,117.0,66.33333333333333,5.2,0.56,1.0,b'D',90.0,3.0,b'W',30.0,240.0,True
136233.0,68.0,1.0,98.1,168.8,34.4,121.2,101.0,66.0,6.2,6.67,4.0,b'W',30.0,4.0,b'W',8.0,480.0,True
136236.0,11.0,2.0,66.1,174.4,21.7,84.5,110.0,63.333333333333336,,0.5,,,,,,,,True
136237.0,9.0,1.0,30.1,127.3,18.6,69.3,99.33333333333331,53.333333333333336,,2.88,,,,,,,,True
136239.0,8.0,1.0,30.1,126.7,18.8,65.1,107.66666666666669,59.0,,0.15,,,,,,,,True
136240.0,64.0,2.0,67.2,160.2,26.2,93.6,129.0,81.0,6.0,2.35,5.397605346934028e-79,b'',,5.397605346934028e-79,b'',,120.0,True
136241.0,61.0,2.0,82.0,155.4,34.0,,114.0,68.66666666666667,4.9,4.58,2.0,b'W',45.0,5.397605346934028e-79,b'',,720.0,True
136243.0,32.0,2.0,104.2,168.8,36.6,103.2,133.66666666666666,105.66666666666669,5.9,8.72,5.397605346934028e-79,b'',,5.397605346934028e-79,b'',,240.0,True
136244.0,62.0,1.0,76.0,165.5,27.7,96.0,118.33333333333331,68.33333333333333,5.2,0.51,4.0,b'W',30.0,1.0,b'M',10.0,600.0,True
136245.0,4.0,1.0,19.6,107.7,16.9,57.6,,,,0.91,,,,,,,,True
136248.0,13.0,2.0,52.3,164.2,19.4,72.2,96.0,61.0,4.8,0.23,,,,,,,,True
136249.0,37.0,2.0,120.5,165.3,44.1,143.6,122.66666666666669,85.33333333333333,5.5,2.46,3.0,b'W',60.0,1.0,b'M',60.0,480.0,True
136250.0,71.0,1.0,95.0,177.7,30.1,117.2,133.0,71.33333333333333,10.3,1.38,3.0,b'W',30.0,5.397605346934028e-79,b'',,360.0,True
136251.0,17.0,2.0,161.9,155.9,66.6,,98.0,68.0,6.2,4.4,,,,,,,,True
136252.0,58.0,1.0,102.7,181.3,31.2,115.2,115.33333333333331,77.0,5.5,7.29,5.0,b'Y',60.0,2.0,b'Y',60.0,120.0,True
136254.0,20.0,2.0,48.9,167.9,17.3,67.5,110.0,74.66666666666667,5.1,0.73,4.0,b'W',60.0,5.397605346934028e-79,b'',,240.0,True
136255.0,66.0,2.0,68.0,152.3,29.3,96.4,150.0,80.33333333333333,5.5,1.43,1.0,b'D',30.0,2.0,b'W',60.0,600.0,True
136256.0,57.0,2.0,60.8,156.4,24.9,84.0,138.33333333333334,86.0,5.8,16.17,7.0,b'W',180.0,6.0,b'W',180.0,300.0,True
136257.0,18.0,2.0,43.8,150.8,19.3,66.4,108.66666666666669,70.0,5.1,0.44,3.0,b'W',30.0,1.0,b'M',30.0,240.0,True
136259.0,4.0,2.0,15.4,99.0,15.7,49.0,,,,19.79,,,,,,,,True
136260.0,44.0,1.0,83.0,180.5,25.5,91.1,102.0,62.0,5.0,0.5,1.0,b'W',60.0,10.0,b'Y',30.0,180.0,True
136261.0,68.0,2.0,60.5,158.8,24.0,90.5,131.33333333333334,81.33333333333333,4.9,2.88,5.397605346934028e-79,b'',,5.397605346934028e-79,b'',,480.0,True
136265.0,76.0,2.0,68.5,165.5,25.0,,124.66666666666669,57.66666666666666,6.7,3.29,5.397605346934028e-79,b'',,5.397605346934028e-79,b'',,600.0,True
136266.0,42.0,2.0,76.1,151.6,33.1,100.0,116.0,84.66666666666667,5.1,7.71,2.0,b'W',40.0,5.397605346934028e-79,b'',,240.0,True
136267.0,40.0,2.0,49.0,165.3,17.9,72.1,106.33333333333331,65.66666666666667,5.0,0.28,1.0,b'M',360.0,5.397605346934028e-79,b'',,600.0,True
136268.0,48.0,1.0,81.9,169.9,28.4,99.4,114.0,70.0,5.8,1.44,6.0,b'W',75.0,3.0,b'W',35.0,180.0,True
136271.0,41.0,2.0,64.9,163.2,24.4,81.0,109.33333333333331,69.33333333333333,4.9,0.81,6.0,b'W',45.0,3.0,b'W',30.0,360.0,True
136273.0,7.0,1.0,30.4,132.7,17.3,57.5,,,,0.35,,,,,,,,True
136274.0,52.0,2.0,61.8,161.9,23.6,80.2,134.66666666666666,80.66666666666667,5.1,1.41,4.0,b'W',30.0,5.397605346934028e-79,b'',,240.0,True
136275.0,6.0,1.0,28.5,117.7,20.6,63.2,,,,0.21,,,,,,,,True
136276.0,73.0,1.0,77.4,167.6,27.6,100.0,101.0,66.0,7.1,1.28,4.0,b'W',60.0,5.397605346934028e-79,b'',,360.0,True
136278.0,38.0,2.0,111.1,171.2,37.9,115.0,139.33333333333334,106.66666666666669,5.8,11.8,3.0,b'W',60.0,5.397605346934028e-79,b'',,120.0,True
136279.0,18.0,1.0,63.1,175.8,20.4,78.9,,,5.3,1.09,1.0,b'W',20.0,5.397605346934028e-79,b'',,600.0,True
136280.0,12.0,1.0,39.6,151.4,17.3,64.1,93.66666666666669,47.333333333333336,5.1,0.15,,,,,,,,True
136281.0,66.0,1.0,70.7,171.0,24.2,97.9,116.33333333333331,71.33333333333333,5.2,0.61,2.0,b'W',60.0,2.0,b'W',30.0,360.0,True
136283.0,75.0,1.0,58.2,164.1,21.6,79.7,119.0,63.66666666666666,5.8,0.6,4.0,b'W',30.0,1.0,b'W',70.0,300.0,True
136284.0,72.0,2.0,91.1,156.8,37.1,,,,6.0,1.31,3.0,b'W',15.0,5.397605346934028e-79,b'',,300.0,True
136285.0,72.0,1.0,91.2,162.4,34.6,124.1,115.33333333333331,62.66666666666666,7.5,0.37,1.0,b'M',30.0,5.397605346934028e-79,b'',,300.0,True
136287.0,29.0,1.0,66.9,181.1,20.4,76.6,107.0,65.33333333333333,5.0,0.32,2.0,b'W',75.0,2.0,b'W',15.0,600.0,True
136289.0,74.0,1.0,85.5,175.9,27.6,106.5,112.33333333333331,53.0,6.4,0.2,3.0,b'W',30.0,5.397605346934028e-79,b'',,240.0,True
136291.0,38.0,2.0,66.6,160.7,25.8,89.0,117.0,75.33333333333333,5.0,6.18,4.0,b'W',45.0,2.0,b'W',40.0,240.0,True
136293.0,51.0,2.0,48.4,163.1,18.2,70.8,163.66666666666666,89.0,5.0,2.52,3.0,b'W',30.0,2.0,b'W',20.0,300.0,True
136294.0,52.0,2.0,99.3,162.5,37.6,120.0,137.0,92.33333333333331,5.0,1.25,1.0,b'D',20.0,5.397605346934028e-79,b'',,720.0,True
136296.0,77.0,1.0,57.5,165.8,20.9,82.4,,,5.9,7.99,4.0,b'D',30.0,5.397605346934028e-79,b'',,360.0,True
136297.0,13.0,1.0,57.1,169.1,20.0,72.8,103.66666666666669,62.66666666666666,5.1,0.38,,,,,,,,True
136298.0,80.0,2.0,41.6,157.2,16.8,72.5,144.0,61.66666666666666,5.5,0.69,5.397605346934028e-79,b'',,5.397605346934028e-79,b'',,240.0,True
136299.0,80.0,1.0,87.6,174.5,28.8,118.0,118.33333333333331,69.0,5.8,3.48,5.397605346934028e-79,b'',,5.397605346934028e-79,b'',,480.0,True
136301.0,54.0,1.0,81.7,170.8,28.0,99.7,134.33333333333334,81.0,5.7,1.91,1.0,b'D',10.0,1.0,b'W',5.0,600.0,True
136302.0,48.0,2.0,162.4,160.1,63.4,149.4,,,5.7,7.98,5.397605346934028e-79,b'',,5.397605346934028e-79,b'',,480.0,True
136305.0,20.0,2.0,58.8,166.7,21.2,81.9,97.33333333333331,65.33333333333333,5.2,0.31,5.397605346934028e-79,b'',,5.397605346934028e-79,b'',,180.0,True
136306.0,63.0,1.0,74.8,181.8,22.6,89.0,113.0,66.66666666666667,5.7,0.59,7.0,b'W',30.0,2.0,b'W',60.0,720.0,True
136307.0,55.0,2.0,67.5,156.9,27.4,89.9,116.33333333333331,76.0,5.7,3.56,7.0,b'W',45.0,7.0,b'W',30.0,300.0,True
136308.0,72.0,1.0,85.9,178.9,26.8,91.4,117.33333333333331,71.66666666666667,5.3,2.83,5.0,b'W',120.0,2.0,b'W',180.0,660.0,True
136309.0,70.0,2.0,70.5,158.9,27.9,104.0,129.0,78.33333333333333,6.1,2.48,5.0,b'W',45.0,5.397605346934028e-79,b'',,360.0,True
136312.0,38.0,2.0,61.9,165.2,22.7,82.4,107.33333333333331,62.333333333333336,5.3,1.05,5.0,b'W',60.0,3.0,b'W',60.0,120.0,True
136313.0,8.0,1.0,20.0,118.1,14.3,54.3,81.66666666666667,47.0,,1.01,,,,,,,,True
136315.0,40.0,1.0,85.4,171.6,29.0,102.0,124.33333333333331,84.33333333333333,5.8,1.92,5.397605346934028e-79,b'',,5.397605346934028e-79,b'',,420.0,True
136318.0,58.0,2.0,74.8,162.8,28.2,101.5,124.0,77.33333333333333,5.5,1.72,2.0,b'W',20.0,5.397605346934028e-79,b'',,240.0,True
136320.0,47.0,2.0,61.6,163.5,23.0,86.0,117.66666666666669,71.66666666666667,5.3,14.4,1.0,b'M',30.0,5.397605346934028e-79,b'',,540.0,True
136321.0,74.0,1.0,108.8,171.8,36.9,129.4,132.33333333333334,58.66666666666666,6.2,9.54,2.0,b'M',60.0,5.397605346934028e-79,b'',,120.0,True
136322.0,80.0,2.0,69.3,148.9,31.3,111.4,162.0,69.0,6.7,3.16,5.397605346934028e-79,b'',,5.397605346934028e-79,b'',,300.0,True
136323.0,43.0,1.0,63.8,170.3,22.0,85.2,115.33333333333331,79.0,4.8,0.9,4.0,b'W',30.0,3.0,b'M',15.0,360.0,True
136324.0,11.0,2.0,50.1,167.0,18.0,66.8,,,,0.22,,,,,,,,True
136325.0,66.0,2.0,82.8,156.4,33.8,113.5,114.66666666666669,46.0,6.3,0.79,1.0,b'D',4.0,5.397605346934028e-79,b'',,9999.0,True
136326.0,59.0,1.0,105.2,179.1,32.8,114.3,131.66666666666666,78.0,6.1,3.0,5.397605346934028e-79,b'',,5.397605346934028e-79,b'',,180.0,True
136328.0,43.0,1.0,119.0,170.7,40.8,122.0,171.66666666666666,115.0,6.3,6.28,3.0,b'W',120.0,2.0,b'W',60.0,30.0,True
136330.0,80.0,1.0,58.6,164.1,21.8,,123.33333333333331,65.33333333333333,5.6,0.69,2.0,b'M',30.0,5.397605346934028e-79,b'',,180.0,True
136332.0,39.0,2.0,75.0,170.8,25.7,93.7,101.66666666666669,73.0,5.5,0.52,5.0,b'W',60.0,3.0,b'W',60.0,360.0,True
136333.0,32.0,2.0,69.0,167.5,24.6,92.0,97.66666666666669,54.0,5.2,1.14,5.0,b'M',1.0,5.397605346934028e-79,b'',,180.0,True
136334.0,80.0,1.0,89.9,166.0,32.6,117.3,142.0,71.66666666666667,5.5,0.9,4.0,b'W',360.0,5.397605346934028e-79,b'',,480.0,True
136336.0,68.0,2.0,64.6,164.8,23.8,93.0,110.33333333333331,71.0,5.6,1.22,3.0,b'W',60.0,5.397605346934028e-79,b'',,120.0,True
136337.0,20.0,1.0,73.2,168.6,25.8,86.7,114.33333333333331,66.66666666666667,5.3,0.75,5.397605346934028e-79,b'',,5.397605346934028e-79,b'',,240.0,True
136339.0,52.0,1.0,88.6,179.6,27.5,109.7,134.66666666666666,86.66666666666667,12.9,2.05,6.0,b'W',30.0,3.0,b'W',60.0,720.0,True
136341.0,38.0,1.0,85.1,179.3,26.5,92.6,114.33333333333331,73.33333333333333,5.1,0.73,4.0,b'W',55.0,3.0,b'M',90.0,600.0,True
136345.0,32.0,1.0,73.1,178.3,23.0,89.5,139.33333333333334,92.33333333333331,5.0,0.6,2.0,b'W',30.0,1.0,b'M',15.0,360.0,True
136346.0,19.0,1.0,71.5,166.9,25.7,85.3,106.0,73.0,5.4,0.4,4.0,b'W',60.0,1.0,b'W',120.0,300.0,True
136347.0,9.0,1.0,29.5,130.4,17.3,60.3,111.0,53.0,,0.15,,,,,,,,True
136352.0,72.0,2.0,93.1,164.9,34.2,115.3,129.33333333333334,73.66666666666667,5.9,3.92,2.0,b'M',30.0,5.397605346934028e-79,b'',,540.0,True
136353.0,70.0,2.0,64.6,161.9,24.6,81.1,109.33333333333331,72.33333333333333,5.3,1.25,7.0,b'W',300.0,2.0,b'W',360.0,60.0,True
136354.0,34.0,2.0,70.7,164.5,26.1,88.6,104.0,64.0,4.8,1.77,3.0,b'W',30.0,1.0,b'W',30.0,420.0,True
136355.0,60.0,1.0,106.2,183.7,31.5,105.2,115.0,82.33333333333333,8.0,0.57,7.0,b'W',120.0,2.0,b'W',240.0,120.0,True
136360.0,31.0,1.0,75.8,182.6,22.7,87.0,115.0,58.0,5.2,1.19,5.0,b'W',30.0,1.0,b'M',60.0,840.0,True
136361.0,67.0,1.0,99.9,181.4,30.4,105.0,130.66666666666666,90.66666666666669,5.5,3.55,3.0,b'W',60.0,1.0,b'W',60.0,600.0,True
136363.0,3.0,1.0,16.7,96.7,17.9,50.0,,,,2.39,,,,,,,,True
136364.0,67.0,2.0,68.8,171.2,23.5,88.9,111.33333333333331,66.66666666666667,5.4,4.32,6.0,b'W',90.0,3.0,b'W',60.0,60.0,True
136365.0,62.0,1.0,93.8,176.6,30.1,105.6,118.33333333333331,72.33333333333333,5.4,1.39,10.0,b'W',5.0,4.0,b'M',15.0,360.0,True
136366.0,32.0,2.0,53.1,157.9,21.3,78.8,95.0,64.66666666666667,5.0,1.07,3.0,b'W',30.0,5.397605346934028e-79,b'',,600.0,True
136368.0,5.0,1.0,20.9,113.8,16.1,55.3,,,,0.29,,,,,,,,True
136369.0,27.0,2.0,77.0,170.0,26.6,93.7,,,5.3,1.45,3.0,b'W',21.0,1.0,b'W',30.0,480.0,True
136370.0,46.0,1.0,88.5,176.1,28.5,89.3,112.66666666666669,70.0,5.2,1.04,2.0,b'M',30.0,1.0,b'M',30.0,90.0,True
136373.0,36.0,1.0,104.0,172.5,35.0,110.9,106.0,68.33333333333333,5.3,0.63,5.397605346934028e-79,b'',,5.397605346934028e-79,b'',,360.0,True
136376.0,63.0,2.0,88.1,168.6,31.0,113.0,135.66666666666666,90.0,5.7,7.25,4.0,b'W',30.0,5.397605346934028e-79,b'',,600.0,True
136377.0,21.0,1.0,,,,,,,5.6,2.11,1.0,b'D',60.0,5.397605346934028e-79,b'',,120.0,True
136378.0,33.0,1.0,71.5,166.5,25.8,85.7,117.33333333333331,62.0,5.4,1.02,3.0,b'M',90.0,5.397605346934028e-79,b'',,120.0,True
136379.0,12.0,2.0,46.2,152.6,19.8,67.4,99.33333333333331,61.0,5.2,0.38,,,,,,,,True
136380.0,14.0,1.0,89.2,177.2,28.4,96.9,116.0,66.33333333333333,5.3,0.65,,,,,,,,True
136381.0,52.0,2.0,78.7,162.7,29.7,99.4,122.33333333333331,79.0,5.7,1.82,1.0,b'D',30.0,2.0,b'W',30.0,180.0,True
136382.0,13.0,1.0,39.5,158.9,15.6,62.7,111.33333333333331,62.333333333333336,5.6,0.16,,,,,,,,True
136383.0,79.0,1.0,71.5,161.5,27.4,99.1,114.33333333333331,65.66666666666667,7.3,3.33,5.0,b'W',20.0,5.397605346934028e-79,b'',,300.0,True
136384.0,33.0,2.0,118.2,177.5,37.5,130.3,156.33333333333334,109.0,5.2,1.92,1.0,b'W',45.0,4.0,b'Y',30.0,300.0,True
136385.0,63.0,1.0,92.9,181.9,28.1,112.6,138.66666666666666,62.333333333333336,5.8,4.76,2.0,b'D',120.0,2.0,b'W',60.0,360.0,True
136386.0,9.0,1.0,36.4,136.7,19.5,71.4,98.33333333333331,57.66666666666666,,0.98,,,,,,,,True
136387.0,66.0,2.0,77.6,164.2,28.8,99.0,,,5.8,3.26,2.0,b'W',90.0,4.0,b'W',60.0,540.0,True
136389.0,73.0,2.0,118.7,160.3,46.2,123.5,113.0,66.33333333333333,5.5,3.3,1.0,b'W',30.0,1.0,b'W',120.0,360.0,True
136390.0,80.0,2.0,69.5,149.0,31.3,104.8,116.0,60.66666666666666,7.3,8.34,5.397605346934028e-79,b'',,5.397605346934028e-79,b'',,600.0,True
136392.0,59.0,2.0,54.7,159.7,21.4,80.5,104.66666666666669,70.33333333333333,5.5,0.54,3.0,b'W',60.0,1.0,b'W',30.0,180.0,True
136393.0,12.0,2.0,63.0,159.4,24.8,85.3,96.66666666666669,57.66666666666666,5.5,2.0,,,,,,,,True
136396.0,14.0,1.0,53.1,164.2,19.7,70.6,116.33333333333331,67.0,5.5,0.31,,,,,,,,True
136397.0,38.0,2.0,83.9,166.7,30.2,96.1,109.0,77.0,5.4,2.27,5.397605346934028e-79,b'',,5.397605346934028e-79,b'',,180.0,True
136398.0,58.0,2.0,76.1,146.2,35.6,104.6,109.33333333333331,71.66666666666667,5.6,13.06,2.0,b'W',120.0,5.397605346934028e-79,b'',,480.0,True
136399.0,52.0,2.0,76.2,147.3,35.1,100.6,133.66666666666666,83.33333333333333,5.6,4.26,2.0,b'W',60.0,5.397605346934028e-79,b'',,360.0,True
136400.0,55.0,2.0,83.2,156.0,34.2,104.0,157.33333333333334,96.66666666666669,5.1,3.36,4.0,b'W',60.0,3.0,b'M',40.0,300.0,True
136401.0,34.0,2.0,56.6,150.8,24.9,74.0,106.0,70.0,5.1,0.77,2.0,b'W',30.0,3.0,b'W',30.0,600.0,True
136402.0,65.0,2.0,76.3,160.6,29.6,94.6,146.0,61.0,5.5,2.72,5.397605346934028e-79,b'',,6.0,b'W',60.0,240.0,True
136405.0,61.0,2.0,108.3,160.5,42.0,124.1,135.66666666666666,78.0,5.6,10.92,1.0,b'W',240.0,5.397605346934028e-79,b'',,720.0,True
136406.0,17.0,2.0,68.5,167.1,24.5,97.2,109.66666666666669,64.33333333333333,5.2,1.83,,,,,,,,True
136407.0,58.0,1.0,75.7,170.6,26.0,97.8,135.0,84.66666666666667,5.9,9.72,2.0,b'D',240.0,2.0,b'W',120.0,600.0,True
136408.0,63.0,1.0,89.8,172.5,30.2,113.1,127.66666666666669,89.33333333333333,5.8,0.84,1.0,b'W',180.0,5.397605346934028e-79,b'',,240.0,True
136409.0,18.0,2.0,88.4,170.1,30.6,98.4,114.0,72.33333333333333,5.6,0.31,3.0,b'D',30.0,5.397605346934028e-79,b'',,360.0,True
136411.0,5.0,1.0,19.1,110.6,15.6,51.5,,,,0.11,,,,,,,,True
136412.0,65.0,2.0,89.7,161.7,34.3,116.2,143.66666666666666,76.33333333333333,5.9,13.62,2.0,b'D',20.0,1.0,b'W',20.0,120.0,True
136414.0,13.0,1.0,58.6,170.3,20.2,78.3,104.33333333333331,54.66666666666666,5.2,12.91,,,,,,,,True
136415.0,52.0,1.0,75.5,164.9,27.8,102.7,105.33333333333331,66.33333333333333,6.9,1.74,2.0,b'M',90.0,5.397605346934028e-79,b'',,540.0,True
136417.0,21.0,1.0,84.7,188.9,23.7,98.9,,,5.0,0.38,5.397605346934028e-79,b'',,4.0,b'W',60.0,360.0,True
136418.0,70.0,1.0,75.3,159.3,29.7,105.4,101.66666666666669,68.33333333333333,5.6,3.04,3.0,b'W',60.0,5.397605346934028e-79,b'',,720.0,True
136421.0,25.0,1.0,94.8,169.3,33.1,108.2,113.33333333333331,74.33333333333333,5.1,3.52,3.0,b'W',30.0,3.0,b'W',30.0,300.0,True
136424.0,42.0,2.0,105.7,167.4,37.7,110.3,107.66666666666669,75.0,5.0,5.98,3.0,b'D',60.0,5.397605346934028e-79,b'',,240.0,True
136425.0,46.0,1.0,115.9,174.3,38.1,120.8,138.66666666666666,84.66666666666667,5.7,8.63,2.0,b'W',30.0,5.397605346934028e-79,b'',,360.0,True
136429.0,39.0,2.0,119.7,161.6,45.8,146.8,113.33333333333331,73.66666666666667,5.4,0.25,7.0,b'W',60.0,1.0,b'W',30.0,300.0,True
136430.0,46.0,1.0,68.8,171.0,23.5,84.4,,,5.1,0.69,2.0,b'Y',120.0,2.0,b'Y',120.0,120.0,True
136431.0,54.0,1.0,76.6,169.3,26.7,94.2,119.0,73.0,5.9,4.85,6.0,b'W',120.0,5.0,b'W',120.0,300.0,True
136432.0,15.0,2.0,59.3,168.1,21.0,73.0,113.33333333333331,68.0,5.6,5.06,,,,,,,,True
136434.0,61.0,2.0,73.3,160.2,28.6,97.3,128.33333333333334,85.33333333333333,5.6,4.69,1.0,b'D',20.0,3.0,b'W',20.0,120.0,True
136435.0,22.0,1.0,61.2,185.8,17.7,,,,5.0,0.46,2.0,b'D',30.0,1.0,b'D',20.0,840.0,True
136436.0,11.0,2.0,46.8,155.6,19.3,73.0,114.0,70.66666666666667,,0.11,,,,,,,,True
136437.0,43.0,1.0,80.8,167.5,28.8,101.1,108.33333333333331,69.66666666666667,5.8,0.96,2.0,b'M',120.0,2.0,b'M',120.0,180.0,True
136439.0,20.0,2.0,58.6,174.3,19.3,77.1,110.33333333333331,74.33333333333333,5.1,0.5,1.0,b'D',60.0,3.0,b'W',60.0,660.0,True
136440.0,80.0,2.0,56.5,160.2,22.0,78.0,115.66666666666669,69.66666666666667,5.8,0.51,1.0,b'D',45.0,5.397605346934028e-79,b'',,180.0,True
136442.0,37.0,1.0,95.9,194.6,25.3,92.9,123.0,73.66666666666667,5.3,0.35,3.0,b'W',45.0,2.0,b'W',45.0,540.0,True
136443.0,67.0,1.0,61.9,168.7,21.8,84.3,137.66666666666666,70.66666666666667,6.7,1.17,7.0,b'W',30.0,1.0,b'W',120.0,480.0,True
136444.0,61.0,1.0,84.4,170.3,29.1,101.7,135.33333333333334,83.33333333333333,5.3,0.54,3.0,b'W',40.0,5.397605346934028e-79,b'',,360.0,True
136445.0,80.0,1.0,68.0,168.1,24.1,91.6,146.0,66.0,5.6,0.71,2.0,b'D',20.0,5.397605346934028e-79,b'',,240.0,True
136448.0,80.0,2.0,104.9,169.3,36.6,121.5,135.66666666666666,66.66666666666667,7.0,8.88,1.0,b'D',45.0,5.397605346934028e-79,b'',,360.0,True
136449.0,21.0,2.0,50.7,154.3,21.3,73.7,96.66666666666669,61.333333333333336,5.0,2.37,2.0,b'M',60.0,5.397605346934028e-79,b'',,480.0,True
136452.0,36.0,2.0,63.1,154.0,26.6,87.5,98.0,71.66666666666667,5.0,0.83,2.0,b'W',60.0,2.0,b'W',60.0,720.0,True
136453.0,32.0,2.0,60.2,162.5,22.8,88.1,104.66666666666669,69.33333333333333,5.5,1.52,7.0,b'W',20.0,2.0,b'M',20.0,240.0,True
136455.0,58.0,1.0,76.9,171.7,26.1,100.6,94.33333333333331,49.0,5.5,1.6,1.0,b'D',30.0,5.397605346934028e-79,b'',,240.0,True
136457.0,68.0,2.0,64.0,161.9,24.4,81.9,102.33333333333331,65.0,5.5,0.84,4.0,b'W',60.0,3.0,b'M',60.0,180.0,True
136458.0,73.0,1.0,106.7,174.2,35.2,122.8,126.66666666666669,96.0,5.6,11.94,2.0,b'W',180.0,5.397605346934028e-79,b'',,180.0,True
136460.0,29.0,2.0,95.3,160.5,37.0,113.3,105.0,76.33333333333333,5.1,7.15,2.0,b'W',30.0,5.397605346934028e-79,b'',,480.0,True
136461.0,25.0,2.0,65.1,162.0,24.8,79.9,116.0,68.66666666666667,5.2,0.32,1.0,b'W',60.0,5.397605346934028e-79,b'',,720.0,True
136462.0,21.0,2.0,60.8,164.3,22.5,79.0,106.33333333333331,63.66666666666666,5.4,17.91,3.0,b'W',60.0,2.0,b'W',30.0,360.0,True
136463.0,15.0,1.0,107.5,180.9,32.8,117.7,110.0,73.0,5.5,1.63,,,,,,,,True
136466.0,43.0,2.0,85.5,173.1,28.5,98.7,104.33333333333331,72.33333333333333,5.6,0.84,3.0,b'W',30.0,2.0,b'W',30.0,600.0,True
136467.0,57.0,2.0,63.5,165.3,23.2,89.5,130.0,74.33333333333333,5.6,0.57,1.0,b'W',30.0,5.397605346934028e-79,b'',,180.0,True
136468.0,21.0,1.0,54.3,172.6,18.2,69.5,121.0,61.333333333333336,4.9,0.33,3.0,b'D',20.0,2.0,b'D',10.0,480.0,True
136469.0,14.0,2.0,97.4,163.1,36.6,101.7,105.0,63.0,5.4,2.4,,,,,,,,True
136473.0,60.0,1.0,69.8,167.6,24.8,89.4,106.0,70.33333333333333,5.5,0.75,5.0,b'W',30.0,5.397605346934028e-79,b'',,360.0,True
136474.0,19.0,2.0,62.5,173.7,20.7,76.0,121.0,76.0,5.0,0.52,2.0,b'W',45.0,5.397605346934028e-79,b'',,600.0,True
136475.0,80.0,2.0,58.4,147.5,26.8,93.1,157.66666666666666,72.0,6.1,5.5,1.0,b'D',10.0,5.397605346934028e-79,b'',,240.0,True
136477.0,52.0,1.0,84.4,174.9,27.6,95.9,116.0,72.0,4.9,1.0,3.0,b'W',60.0,5.397605346934028e-79,b'',,600.0,True
136478.0,59.0,1.0,112.3,166.5,40.5,124.6,143.33333333333334,64.0,12.8,3.04,1.0,b'D',60.0,5.397605346934028e-79,b'',,30.0,True
136487.0,48.0,2.0,94.2,154.0,39.7,120.3,112.66666666666669,74.0,5.8,6.15,3.0,b'M',60.0,5.397605346934028e-79,b'',,240.0,True
136489.0,41.0,1.0,88.0,190.8,24.2,95.8,117.33333333333331,78.33333333333333,5.3,0.82,1.0,b'M',20.0,5.397605346934028e-79,b'',,600.0,True
136490.0,61.0,1.0,102.3,185.7,29.7,112.3,113.33333333333331,76.0,5.3,0.79,5.397605346934028e-79,b'',,5.397605346934028e-79,b'',,660.0,True
136492.0,66.0,1.0,63.4,158.8,25.1,88.0,138.33333333333334,85.66666666666667,6.3,0.44,1.0,b'D',60.0,1.0,b'D',20.0,120.0,True
136496.0,57.0,2.0,64.1,163.3,24.0,89.6,120.66666666666669,79.0,5.2,1.35,2.0,b'W',30.0,5.397605346934028e-79,b'',,300.0,True
136498.0,2.0,1.0,11.6,81.4,17.5,45.4,,,,0.43,,,,,,,,True
136499.0,38.0,2.0,64.3,176.7,20.6,77.5,110.33333333333331,66.66666666666667,5.4,0.3,7.0,b'W',30.0,1.0,b'W',30.0,120.0,True
136502.0,23.0,1.0,94.7,183.4,28.2,102.6,109.33333333333331,64.0,5.6,4.68,2.0,b'M',60.0,1.0,b'W',60.0,60.0,True
136508.0,62.0,2.0,54.6,146.2,25.5,84.9,128.66666666666666,80.33333333333333,5.3,0.61,5.397605346934028e-79,b'',,5.397605346934028e-79,b'',,240.0,True
136509.0,28.0,2.0,173.9,172.2,58.6,143.4,107.0,71.33333333333333,6.1,8.78,3.0,b'W',60.0,5.397605346934028e-79,b'',,480.0,True
136510.0,36.0,2.0,137.6,168.5,48.5,141.3,97.33333333333331,63.0,6.4,44.2,3.0,b'W',40.0,5.397605346934028e-79,b'',,480.0,True
136512.0,71.0,2.0,59.0,155.2,24.5,88.8,123.66666666666669,67.33333333333333,5.7,3.75,7.0,b'W',50.0,5.397605346934028e-79,b'',,300.0,True
136514.0,4.0,1.0,20.5,107.4,17.8,55.3,,,,0.92,,,,,,,,True
136516.0,71.0,2.0,66.0,156.2,27.1,94.3,142.66666666666666,84.33333333333333,5.8,7.19,2.0,b'W',180.0,1.0,b'M',60.0,300.0,True
136517.0,11.0,2.0,37.8,152.3,16.3,63.0,98.33333333333331,58.0,,0.19,,,,,,,,True
136521.0,41.0,1.0,75.5,176.8,24.2,91.6,142.33333333333334,97.0,5.5,1.49,3.0,b'D',45.0,2.0,b'W',30.0,660.0,True
136522.0,20.0,2.0,54.5,164.3,20.2,68.5,108.0,67.66666666666667,5.0,0.69,2.0,b'M',60.0,1.0,b'M',30.0,420.0,True
136523.0,63.0,2.0,86.7,155.6,35.8,106.5,121.33333333333331,78.0,6.7,1.86,1.0,b'D',15.0,3.0,b'Y',20.0,780.0,True
136525.0,63.0,1.0,118.9,172.9,39.8,134.3,121.66666666666669,86.0,8.9,2.94,5.397605346934028e-79,b'',,5.397605346934028e-79,b'',,420.0,True
136527.0,71.0,2.0,79.3,148.6,35.9,101.0,134.33333333333334,72.0,5.4,1.22,2.0,b'W',45.0,2.0,b'W',45.0,300.0,True
136528.0,23.0,1.0,70.7,180.2,21.8,86.2,134.33333333333334,79.0,5.4,0.4,1.0,b'W',180.0,1.0,b'W',60.0,360.0,True
136530.0,40.0,1.0,90.6,188.2,25.6,99.5,129.33333333333334,77.0,5.0,3.09,4.0,b'W',30.0,5.0,b'W',45.0,600.0,True
136534.0,18.0,1.0,69.5,180.0,21.5,79.9,122.0,71.33333333333333,5.5,0.19,3.0,b'W',60.0,5.397605346934028e-79,b'',,360.0,True
136535.0,63.0,1.0,77.8,172.1,26.3,98.5,115.33333333333331,71.66666666666667,4.7,1.54,3.0,b'W',60.0,3.0,b'W',60.0,540.0,True
136536.0,55.0,2.0,69.0,164.9,25.4,86.0,114.66666666666669,76.0,5.8,2.3,3.0,b'W',60.0,5.397605346934028e-79,b'',,180.0,True
136537.0,27.0,1.0,98.9,163.4,37.0,111.7,117.66666666666669,71.66666666666667,5.6,6.41,2.0,b'D',60.0,3.0,b'W',120.0,90.0,True
136538.0,12.0,1.0,62.5,161.5,24.0,91.4,113.66666666666669,53.333333333333336,5.4,1.3,,,,,,,,True
136539.0,80.0,1.0,66.7,155.6,27.5,103.2,83.66666666666667,49.0,7.2,7.98,5.397605346934028e-79,b'',,5.397605346934028e-79,b'',,960.0,True
136540.0,21.0,2.0,63.5,164.8,23.4,83.5,100.66666666666669,55.0,5.4,0.22,5.0,b'Y',15.0,1.0,b'Y',10.0,180.0,True
136541.0,50.0,2.0,61.3,169.2,21.4,77.5,128.33333333333334,79.0,4.7,0.35,4.0,b'W',30.0,3.0,b'M',30.0,300.0,True
136542.0,60.0,1.0,111.8,171.4,38.1,121.9,99.0,73.33333333333333,5.8,3.92,2.0,b'W',40.0,5.397605346934028e-79,b'',,480.0,True
136546.0,80.0,2.0,76.4,159.0,30.2,105.3,197.66666666666663,108.66666666666669,5.0,0.45,3.0,b'M',30.0,5.397605346934028e-79,b'',,480.0,True
136547.0,16.0,2.0,55.6,160.2,21.7,74.0,103.0,55.0,5.4,3.67,,,,,,,,True
136549.0,44.0,2.0,70.2,166.8,25.2,94.3,113.66666666666669,76.33333333333333,4.8,3.11,2.0,b'W',30.0,2.0,b'M',30.0,240.0,True
136553.0,38.0,1.0,70.8,165.0,26.0,92.9,114.66666666666669,78.0,4.6,0.41,1.0,b'D',60.0,1.0,b'W',120.0,240.0,True
136556.0,56.0,1.0,64.9,163.7,24.2,85.1,125.0,78.0,4.7,11.98,1.0,b'W',120.0,1.0,b'W',120.0,480.0,True
136559.0,16.0,1.0,75.6,168.7,26.6,90.8,121.0,68.0,5.1,0.86,,,,,,,,True
136561.0,31.0,1.0,80.6,175.5,26.2,86.7,104.66666666666669,73.33333333333333,5.0,0.41,4.0,b'W',60.0,2.0,b'W',30.0,360.0,True
136562.0,71.0,2.0,80.7,158.8,32.0,103.7,146.66666666666666,98.0,5.3,3.1,1.0,b'D',60.0,1.0,b'D',30.0,180.0,True
136564.0,58.0,2.0,86.8,170.1,30.0,103.6,103.66666666666669,72.0,6.5,0.48,5.397605346934028e-79,b'',,5.397605346934028e-79,b'',,240.0,True
136566.0,63.0,1.0,108.3,191.0,29.7,111.4,121.0,66.33333333333333,6.9,1.97,5.397605346934028e-79,b'',,5.397605346934028e-79,b'',,420.0,True
136568.0,68.0,1.0,92.6,178.6,29.0,103.7,133.66666666666666,82.66666666666667,5.6,1.56,5.397605346934028e-79,b'',,5.397605346934028e-79,b'',,300.0,True
136571.0,63.0,1.0,88.0,185.1,25.7,95.7,117.33333333333331,57.333333333333336,5.5,0.16,6.0,b'W',90.0,5.397605346934028e-79,b'',,300.0,True
136572.0,77.0,2.0,75.0,161.0,28.9,104.3,119.0,66.66666666666667,5.4,0.88,7.0,b'W',30.0,5.397605346934028e-79,b'',,120.0,True
136573.0,57.0,2.0,74.2,179.8,23.0,94.1,127.33333333333331,85.33333333333333,5.9,0.48,4.0,b'W',20.0,1.0,b'W',15.0,180.0,True
136575.0,24.0,2.0,,,,,,,5.0,2.58,3.0,b'W',60.0,1.0,b'W',60.0,480.0,True
136576.0,61.0,2.0,113.0,165.6,41.2,116.9,119.0,64.33333333333333,7.4,17.82,2.0,b'M',120.0,5.397605346934028e-79,b'',,600.0,True
136577.0,53.0,2.0,109.3,159.7,42.9,117.0,114.33333333333331,76.0,5.5,12.84,3.0,b'W',120.0,1.0,b'W',60.0,600.0,True
136579.0,52.0,2.0,66.9,155.2,27.8,97.3,147.0,100.33333333333331,5.3,1.54,5.397605346934028e-79,b'',,5.397605346934028e-79,b'',,840.0,True
136580.0,8.0,1.0,27.0,130.8,15.8,57.7,94.33333333333331,50.66666666666666,,0.34,,,,,,,,True
136581.0,13.0,2.0,70.0,168.6,24.6,85.6,93.33333333333331,60.0,5.7,0.19,,,,,,,,True
136582.0,66.0,1.0,77.5,176.1,25.0,89.7,136.0,71.0,5.7,0.83,4.0,b'W',60.0,2.0,b'W',45.0,360.0,True
136584.0,33.0,2.0,53.0,158.8,21.0,73.0,113.33333333333331,75.33333333333333,4.9,0.37,5.0,b'W',60.0,3.0,b'W',30.0,240.0,True
136585.0,60.0,1.0,72.6,152.3,31.3,99.7,127.66666666666669,87.0,5.7,1.39,1.0,b'Y',60.0,7.0,b'Y',120.0,240.0,True
136586.0,66.0,2.0,62.7,161.9,23.9,87.2,147.66666666666666,84.0,5.5,1.11,7.0,b'W',60.0,3.0,b'W',90.0,360.0,True
136587.0,59.0,2.0,67.3,149.7,30.0,91.8,100.33333333333331,54.66666666666666,7.8,3.09,3.0,b'W',30.0,5.397605346934028e-79,b'',,180.0,True
136589.0,80.0,1.0,132.4,190.7,36.4,136.8,109.33333333333331,53.333333333333336,5.7,1.34,15.0,b'Y',10.0,5.397605346934028e-79,b'',,360.0,True
136590.0,5.0,1.0,14.0,101.9,13.5,43.5,,,,0.35,,,,,,,,True
136591.0,57.0,1.0,61.0,158.9,24.2,91.4,134.33333333333334,83.33333333333333,5.8,2.35,5.397605346934028e-79,b'',,5.397605346934028e-79,b'',,120.0,True
136592.0,71.0,1.0,91.1,168.2,32.2,113.5,129.66666666666666,76.33333333333333,5.4,0.87,4.0,b'W',60.0,5.397605346934028e-79,b'',,240.0,True
136593.0,29.0,2.0,64.2,155.8,26.4,90.7,108.33333333333331,62.66666666666666,5.1,3.96,3.0,b'W',90.0,5.397605346934028e-79,b'',,180.0,True
136594.0,11.0,1.0,35.7,150.3,15.8,57.2,113.0,65.0,,0.11,,,,,,,,True
136596.0,67.0,1.0,62.2,166.9,22.3,89.4,182.66666666666663,97.0,5.4,12.74,2.0,b'W',30.0,5.397605346934028e-79,b'',,120.0,True
136597.0,13.0,1.0,54.1,162.0,20.6,68.3,102.0,56.333333333333336,5.5,0.11,,,,,,,,True
136599.0,64.0,2.0,118.2,163.7,44.1,135.0,137.0,88.0,5.7,10.52,5.397605346934028e-79,b'',,5.397605346934028e-79,b'',,1020.0,True
136601.0,44.0,2.0,60.0,153.6,25.4,87.0,106.66666666666669,73.66666666666667,5.5,1.66,5.397605346934028e-79,b'',,5.397605346934028e-79,b'',,180.0,True
136602.0,15.0,1.0,78.5,173.3,26.1,82.5,135.0,72.66666666666667,5.1,0.24,,,,,,,,True
136603.0,59.0,2.0,74.6,155.4,30.9,102.7,131.33333333333334,72.66666666666667,5.5,3.61,3.0,b'W',60.0,5.397605346934028e-79,b'',,120.0,True
136605.0,60.0,2.0,81.7,166.6,29.4,101.3,141.66666666666666,103.0,5.1,1.31,2.0,b'W',45.0,1.0,b'M',30.0,300.0,True
136606.0,67.0,1.0,,,,,109.33333333333331,55.0,5.0,10.02,5.397605346934028e-79,b'',,5.397605346934028e-79,b'',,720.0,True
136607.0,59.0,1.0,79.5,169.7,27.6,106.2,120.66666666666669,67.33333333333333,6.6,14.47,5.0,b'W',20.0,5.397605346934028e-79,b'',,240.0,True
136608.0,39.0,1.0,137.0,186.7,39.3,128.6,128.0,95.0,5.1,6.1,3.0,b'W',30.0,3.0,b'W',45.0,540.0,True
136609.0,29.0,2.0,148.8,155.6,61.5,140.9,,,6.8,5.86,1.0,b'W',60.0,2.0,b'M',60.0,300.0,True
136610.0,20.0,1.0,58.3,173.4,19.4,71.3,150.0,94.33333333333331,5.0,0.42,2.0,b'W',120.0,1.0,b'W',60.0,120.0,True
136612.0,15.0,1.0,74.0,171.9,25.0,86.9,103.66666666666669,59.0,5.5,1.43,,,,,,,,True
136614.0,77.0,1.0,79.8,171.4,27.2,,130.0,65.0,5.8,4.12,3.0,b'W',5.0,1.0,b'W',30.0,30.0,True
136616.0,58.0,1.0,75.5,177.1,24.1,92.2,138.33333333333334,88.0,5.7,0.69,3.0,b'W',30.0,1.0,b'W',30.0,240.0,True
136617.0,16.0,1.0,51.2,155.9,21.1,77.0,104.0,58.333333333333336,4.7,0.33,,,,,,,,True
136618.0,70.0,1.0,116.4,175.7,37.7,128.3,132.66666666666666,76.66666666666667,7.3,2.91,5.397605346934028e-79,b'',,5.397605346934028e-79,b'',,420.0,True
136621.0,65.0,2.0,56.9,152.5,24.5,85.2,163.66666666666666,89.66666666666667,6.1,0.77,1.0,b'D',60.0,5.397605346934028e-79,b'',,60.0,True
136623.0,54.0,1.0,83.1,177.0,26.5,94.4,116.66666666666669,66.33333333333333,5.4,0.56,1.0,b'W',60.0,1.0,b'W',60.0,180.0,True
136625.0,28.0,2.0,108.0,169.0,37.8,113.9,,,5.4,2.66,5.0,b'W',120.0,2.0,b'W',60.0,180.0,True
136626.0,64.0,2.0,86.4,164.5,31.9,110.0,91.66666666666669,59.0,5.7,7.8,5.0,b'W',60.0,5.397605346934028e-79,b'',,240.0,True
136628.0,71.0,2.0,47.5,157.4,19.2,77.5,138.33333333333334,73.33333333333333,5.4,0.66,3.0,b'W',120.0,1.0,b'W',60.0,480.0,True
136629.0,50.0,1.0,79.9,170.7,27.4,98.0,139.0,70.33333333333333,6.6,0.27,5.0,b'W',15.0,5.397605346934028e-79,b'',,720.0,True
136631.0,80.0,2.0,47.2,146.0,22.1,85.6,179.66666666666666,60.333333333333336,6.4,3.21,5.397605346934028e-79,b'',,5.397605346934028e-79,b'',,120.0,True
136632.0,5.0,1.0,18.7,108.8,15.8,53.4,,,,2.22,,,,,,,,True
136634.0,69.0,1.0,52.9,168.5,18.6,79.0,133.66666666666666,83.66666666666667,5.7,36.15,2.0,b'Y',300.0,5.397605346934028e-79,b'',,600.0,True
136635.0,11.0,2.0,51.3,144.4,24.6,79.7,97.33333333333331,58.66666666666666,,3.31,,,,,,,,True
136636.0,54.0,2.0,64.2,167.1,23.0,87.0,100.33333333333331,67.0,5.4,1.58,1.0,b'D',30.0,3.0,b'W',60.0,240.0,True
136637.0,52.0,2.0,76.6,158.0,30.7,99.2,95.0,68.66666666666667,5.3,3.77,4.0,b'W',30.0,1.0,b'M',30.0,540.0,True
136638.0,60.0,2.0,61.7,169.2,21.6,82.4,120.0,61.66666666666666,5.3,0.45,4.0,b'W',60.0,2.0,b'W',15.0,300.0,True
136639.0,14.0,1.0,73.0,170.0,25.3,87.0,114.66666666666669,69.0,5.4,0.22,,,,,,,,True
136641.0,18.0,1.0,151.9,192.5,41.0,129.9,130.0,90.0,5.3,1.58,2.0,b'W',30.0,5.397605346934028e-79,b'',,480.0,True
136642.0,33.0,2.0,62.9,154.8,26.2,89.0,101.0,63.333333333333336,4.5,3.85,3.0,b'W',30.0,3.0,b'W',30.0,720.0,True
136643.0,45.0,2.0,74.8,157.0,30.3,94.2,110.33333333333331,66.66666666666667,5.8,3.33,5.397605346934028e-79,b'',,5.397605346934028e-79,b'',,120.0,True
136644.0,51.0,2.0,70.1,148.9,31.6,104.2,123.33333333333331,81.33333333333333,5.7,1.71,5.397605346934028e-79,b'',,5.397605346934028e-79,b'',,300.0,True
136645.0,65.0,1.0,92.0,174.0,30.4,107.0,137.0,83.33333333333333,5.9,10.48,4.0,b'W',180.0,1.0,b'W',30.0,300.0,True
136646.0,17.0,2.0,60.4,154.0,25.5,86.5,109.66666666666669,69.66666666666667,5.2,0.16,,,,,,,,True
136647.0,60.0,2.0,104.9,156.0,43.1,129.5,107.66666666666669,74.66666666666667,6.0,3.06,5.397605346934028e-79,b'',,5.397605346934028e-79,b'',,480.0,True
136649.0,43.0,1.0,63.9,164.8,23.5,77.0,132.33333333333334,83.0,5.2,1.0,1.0,b'D',60.0,2.0,b'W',60.0,180.0,True
136650.0,68.0,1.0,70.1,174.0,23.2,89.4,117.33333333333331,75.66666666666667,5.5,0.49,4.0,b'M',360.0,24.0,b'M',60.0,240.0,True
136652.0,65.0,2.0,71.8,159.0,28.4,105.4,122.33333333333331,71.66666666666667,6.3,7.25,2.0,b'W',120.0,5.397605346934028e-79,b'',,300.0,True
136655.0,72.0,1.0,68.5,167.2,24.5,93.4,119.0,58.333333333333336,5.2,2.52,4.0,b'D',45.0,5.397605346934028e-79,b'',,360.0,True
136657.0,44.0,2.0,88.4,165.7,32.2,112.8,136.66666666666666,95.66666666666669,5.5,7.55,5.0,b'W',30.0,2.0,b'W',20.0,540.0,True
136663.0,64.0,2.0,55.2,157.1,22.4,81.4,129.33333333333334,59.0,5.6,0.9,3.0,b'D',90.0,2.0,b'W',120.0,120.0,True
136664.0,61.0,1.0,137.4,176.6,44.1,142.3,130.0,63.333333333333336,6.3,14.13,5.397605346934028e-79,b'',,5.397605346934028e-79,b'',,720.0,True
136666.0,9.0,1.0,35.8,139.6,18.4,64.5,89.33333333333333,48.333333333333336,,0.37,,,,,,,,True
136667.0,36.0,2.0,71.7,166.6,25.8,88.3,117.66666666666669,80.0,5.0,106.25,5.0,b'W',60.0,3.0,b'W',60.0,360.0,True
136668.0,70.0,1.0,95.0,167.0,34.1,113.8,93.66666666666669,68.0,5.5,1.18,5.397605346934028e-79,b'',,5.397605346934028e-79,b'',,480.0,True
136670.0,19.0,2.0,74.4,158.5,29.6,99.4,116.0,68.66666666666667,5.2,3.85,5.0,b'M',60.0,5.397605346934028e-79,b'',,720.0,True
136673.0,33.0,2.0,63.4,155.2,26.3,89.0,99.0,55.333333333333336,5.6,2.2,5.397605346934028e-79,b'',,5.397605346934028e-79,b'',,30.0,True
136674.0,10.0,2.0,45.3,146.8,21.0,71.9,100.0,58.333333333333336,,0.11,,,,,,,,True
136675.0,65.0,2.0,55.1,171.6,18.7,79.6,112.33333333333331,78.0,5.2,0.88,3.0,b'W',60.0,5.397605346934028e-79,b'',,180.0,True
136677.0,71.0,1.0,89.1,165.3,32.6,113.8,139.66666666666666,67.33333333333333,6.0,1.7,2.0,b'W',120.0,5.397605346934028e-79,b'',,300.0,True
136678.0,15.0,2.0,77.8,166.2,28.2,95.2,108.33333333333331,62.333333333333336,5.9,0.71,,,,,,,,True
136679.0,73.0,1.0,76.3,164.6,28.2,104.7,135.0,75.0,5.8,0.66,4.0,b'M',30.0,1.0,b'M',120.0,180.0,True
136682.0,80.0,1.0,85.5,171.8,29.0,106.5,130.66666666666666,60.66666666666666,5.5,1.22,7.0,b'W',30.0,5.397605346934028e-79,b'',,480.0,True
136684.0,11.0,2.0,49.2,147.1,22.7,77.5,103.33333333333331,69.33333333333333,,0.17,,,,,,,,True
136685.0,43.0,2.0,98.4,164.3,36.5,109.4,108.0,71.0,5.6,5.59,5.397605346934028e-79,b'',,5.397605346934028e-79,b'',,60.0,True
136687.0,14.0,2.0,62.5,162.4,23.7,,117.0,77.0,5.2,0.28,,,,,,,,True
136688.0,27.0,2.0,62.1,172.9,20.8,77.0,108.66666666666669,65.33333333333333,4.8,0.34,2.0,b'W',30.0,2.0,b'W',45.0,360.0,True
136691.0,67.0,1.0,104.5,175.3,34.0,,124.66666666666669,70.33333333333333,7.5,8.09,4.0,b'W',60.0,5.397605346934028e-79,b'',,420.0,True
136692.0,67.0,1.0,60.3,165.6,22.0,78.5,121.33333333333331,55.66666666666666,5.3,0.6,5.0,b'W',30.0,1.0,b'D',1.0,90.0,True
136693.0,45.0,2.0,88.4,159.0,35.0,110.9,104.33333333333331,70.0,5.5,0.95,5.0,b'W',20.0,5.397605346934028e-79,b'',,180.0,True
136696.0,57.0,2.0,65.5,152.6,28.1,90.1,110.66666666666669,71.33333333333333,5.5,0.58,3.0,b'W',1.0,3.0,b'W',30.0,120.0,True
136697.0,34.0,2.0,82.1,160.1,32.0,104.2,125.0,88.33333333333333,5.4,10.86,5.0,b'W',60.0,3.0,b'W',60.0,240.0,True
136698.0,32.0,2.0,68.2,158.4,27.2,92.7,104.0,74.66666666666667,5.9,2.82,5.0,b'W',90.0,5.0,b'W',15.0,240.0,True
136699.0,49.0,2.0,100.1,160.9,38.7,115.5,105.33333333333331,74.66666666666667,6.2,8.04,5.397605346934028e-79,b'',,5.397605346934028e-79,b'',,360.0,True
136701.0,31.0,1.0,136.0,171.2,46.4,129.2,137.33333333333334,86.0,5.3,4.15,5.0,b'M',90.0,2.0,b'W',90.0,240.0,True
136702.0,68.0,1.0,64.9,156.3,26.6,100.2,130.66666666666666,67.0,4.6,11.58,1.0,b'D',30.0,5.397605346934028e-79,b'',,360.0,True
136703.0,44.0,2.0,54.5,153.4,23.2,82.9,118.0,77.66666666666667,5.8,0.35,20.0,b'W',60.0,1.0,b'D',60.0,180.0,True
136705.0,23.0,2.0,79.4,156.2,32.5,90.0,88.33333333333333,57.0,5.8,10.32,2.0,b'W',15.0,5.397605346934028e-79,b'',,1080.0,True
136707.0,43.0,2.0,72.1,157.0,29.3,97.0,107.33333333333331,78.33333333333333,5.7,5.4,5.397605346934028e-79,b'',,5.397605346934028e-79,b'',,240.0,True
136709.0,45.0,1.0,75.5,163.9,28.1,94.2,139.66666666666666,92.0,5.3,0.5,7.0,b'W',180.0,7.0,b'W',360.0,360.0,True
136713.0,73.0,2.0,54.6,161.5,20.9,71.7,128.33333333333334,70.0,5.5,1.5,10.0,b'W',120.0,5.397605346934028e-79,b'',,180.0,True
136714.0,20.0,2.0,108.6,171.1,37.1,122.0,101.66666666666669,66.33333333333333,5.8,15.19,5.0,b'M',60.0,5.0,b'M',30.0,60.0,True
136718.0,60.0,1.0,90.9,168.6,32.0,106.1,128.33333333333334,81.66666666666667,5.7,1.1,2.0,b'W',30.0,5.397605346934028e-79,b'',,720.0,True
136720.0,70.0,2.0,73.7,152.8,31.6,103.4,110.33333333333331,58.0,5.8,11.82,5.397605346934028e-79,b'',,5.397605346934028e-79,b'',,600.0,True
136723.0,62.0,1.0,121.8,179.6,37.8,123.8,133.33333333333334,84.66666666666667,5.1,0.67,1.0,b'W',30.0,5.397605346934028e-79,b'',,480.0,True
136724.0,75.0,2.0,58.1,162.5,22.0,84.4,128.33333333333334,72.33333333333333,6.0,2.43,2.0,b'D',120.0,5.397605346934028e-79,b'',,360.0,True
136727.0,57.0,1.0,,,,,,,6.1,8.48,2.0,b'M',25.0,5.397605346934028e-79,b'',,960.0,True
136728.0,55.0,2.0,55.5,151.2,24.3,92.5,101.66666666666669,58.66666666666666,5.4,1.02,5.0,b'W',180.0,5.397605346934028e-79,b'',,180.0,True
136729.0,12.0,2.0,50.2,153.6,21.3,72.7,90.0,47.66666666666666,5.9,0.17,,,,,,,,True
136730.0,62.0,1.0,83.5,174.3,27.5,97.8,111.0,75.66666666666667,7.5,1.12,2.0,b'D',36.0,2.0,b'Y',30.0,720.0,True
136731.0,31.0,2.0,55.5,151.1,24.3,83.0,88.0,56.0,5.1,3.98,2.0,b'W',45.0,1.0,b'W',60.0,480.0,True
136733.0,33.0,2.0,61.8,169.2,21.6,83.1,122.0,73.33333333333333,5.5,0.68,3.0,b'W',60.0,5.397605346934028e-79,b'',,480.0,True
136734.0,35.0,1.0,71.9,167.3,25.7,83.9,108.66666666666669,74.0,5.4,0.8,2.0,b'W',90.0,1.0,b'W',90.0,330.0,True
136735.0,80.0,2.0,69.4,160.7,26.9,95.6,137.0,70.66666666666667,6.2,2.43,3.0,b'W',20.0,5.397605346934028e-79,b'',,180.0,True
136736.0,64.0,2.0,65.8,152.4,28.3,90.9,153.0,98.33333333333331,5.8,4.32,7.0,b'D',60.0,5.397605346934028e-79,b'',,540.0,True
136737.0,1.0,2.0,11.1,,,,,,,0.29,,,,,,,,True
136739.0,67.0,2.0,57.9,153.6,24.5,90.0,138.0,72.33333333333333,5.3,2.74,2.0,b'W',60.0,2.0,b'W',12.0,420.0,True
136740.0,69.0,2.0,63.5,149.9,28.3,96.5,118.33333333333331,81.66666666666667,5.6,0.86,7.0,b'W',7.0,5.397605346934028e-79,b'',,360.0,True
136742.0,13.0,1.0,45.8,151.3,20.0,68.1,108.66666666666669,59.333333333333336,5.5,0.3,,,,,,,,True
136744.0,36.0,1.0,78.0,177.6,24.7,90.2,112.0,76.0,5.3,0.27,5.397605346934028e-79,b'',,5.0,b'W',120.0,120.0,True
136745.0,38.0,1.0,77.5,174.8,25.4,92.2,125.33333333333331,67.66666666666667,5.1,0.42,4.0,b'W',45.0,2.0,b'W',90.0,540.0,True
136747.0,37.0,2.0,87.3,165.7,31.8,106.1,110.33333333333331,73.33333333333333,5.6,6.86,3.0,b'W',30.0,5.397605346934028e-79,b'',,180.0,True
136748.0,69.0,1.0,93.9,173.2,31.3,113.2,108.66666666666669,82.33333333333333,5.8,1.16,7.0,b'W',60.0,2.0,b'M',60.0,300.0,True
136750.0,62.0,1.0,112.6,183.7,33.4,123.2,116.33333333333331,73.33333333333333,5.6,1.29,1.0,b'W',45.0,1.0,b'M',15.0,600.0,True
136752.0,73.0,1.0,96.9,177.3,30.8,109.2,143.66666666666666,79.33333333333333,5.7,2.04,5.0,b'W',300.0,5.397605346934028e-79,b'',,840.0,True
136753.0,18.0,1.0,69.5,183.7,20.6,74.8,126.0,71.0,4.8,0.4,4.0,b'W',60.0,1.0,b'W',30.0,240.0,True
136754.0,80.0,1.0,62.8,169.0,22.0,86.4,127.66666666666669,61.333333333333336,6.2,0.46,5.397605346934028e-79,b'',,5.397605346934028e-79,b'',,360.0,True
136755.0,18.0,2.0,144.8,165.4,52.9,142.0,101.66666666666669,67.66666666666667,5.7,38.9,1.0,b'M',30.0,1.0,b'M',30.0,180.0,True
136757.0,80.0,2.0,71.5,165.6,26.1,93.9,115.33333333333331,66.0,5.0,0.99,1.0,b'W',60.0,5.397605346934028e-79,b'',,120.0,True
136758.0,29.0,2.0,97.8,176.2,31.5,108.7,106.0,78.66666666666667,5.0,0.67,1.0,b'W',60.0,5.397605346934028e-79,b'',,300.0,True
136760.0,73.0,2.0,59.3,154.2,24.9,91.3,123.33333333333331,70.0,5.9,0.85,3.0,b'W',60.0,5.397605346934028e-79,b'',,240.0,True
136761.0,61.0,1.0,70.5,166.9,25.3,86.4,133.33333333333334,81.33333333333333,5.8,0.81,1.0,b'W',45.0,3.0,b'M',30.0,480.0,True
136762.0,33.0,1.0,93.9,182.8,28.1,101.2,116.0,64.66666666666667,6.2,3.05,2.0,b'W',60.0,1.0,b'W',120.0,600.0,True
136763.0,13.0,1.0,53.6,180.0,16.5,69.2,113.33333333333331,60.0,5.3,0.11,,,,,,,,True
136766.0,4.0,1.0,19.6,108.2,16.7,56.1,,,,0.11,,,,,,,,True
136769.0,7.0,2.0,24.4,124.5,15.7,54.5,,,,6.96,,,,,,,,True
136770.0,70.0,2.0,67.6,160.7,26.2,,,,5.6,1.17,5.0,b'W',30.0,5.397605346934028e-79,b'',,300.0,True
136773.0,5.0,1.0,21.5,110.2,17.7,56.0,,,,5.06,,,,,,,,True
136774.0,19.0,2.0,50.1,169.5,17.4,64.7,92.33333333333331,59.66666666666666,4.9,5.09,3.0,b'W',240.0,5.397605346934028e-79,b'',,300.0,True
136775.0,8.0,1.0,36.3,137.2,19.3,66.1,95.0,52.0,,1.47,,,,,,,,True
136776.0,67.0,1.0,101.8,162.7,38.5,120.0,94.66666666666669,67.66666666666667,6.2,8.42,2.0,b'D',120.0,2.0,b'D',30.0,300.0,True
136778.0,53.0,1.0,85.1,167.8,30.2,97.2,113.66666666666669,71.66666666666667,5.7,0.36,2.0,b'W',60.0,2.0,b'W',30.0,180.0,True
136780.0,7.0,1.0,26.5,122.3,17.7,60.3,,,,0.11,,,,,,,,True
136781.0,25.0,2.0,52.3,154.5,21.9,78.5,95.33333333333331,56.66666666666666,5.4,1.24,3.0,b'W',30.0,5.397605346934028e-79,b'',,120.0,True
136783.0,80.0,2.0,118.6,149.9,52.8,,,,6.3,1.77,5.397605346934028e-79,b'',,5.397605346934028e-79,b'',,960.0,True
136784.0,14.0,2.0,48.3,164.4,17.9,69.3,102.33333333333331,63.333333333333336,4.9,0.35,,,,,,,,True
136785.0,61.0,2.0,63.8,168.0,22.6,99.1,127.66666666666669,71.33333333333333,9.9,3.42,1.0,b'W',90.0,5.397605346934028e-79,b'',,360.0,True
136786.0,16.0,2.0,69.1,153.6,29.3,87.0,100.0,60.0,5.2,5.79,,,,,,,,True
136787.0,16.0,2.0,72.2,172.8,24.2,81.5,113.66666666666669,62.66666666666666,5.2,0.19,,,,,,,,True
136788.0,68.0,1.0,107.2,181.2,32.6,116.5,116.33333333333331,78.33333333333333,5.5,1.25,7.0,b'W',180.0,4.0,b'W',60.0,300.0,True
136791.0,64.0,2.0,60.5,168.6,21.3,75.3,145.0,70.33333333333333,5.1,1.27,6.0,b'W',60.0,3.0,b'W',20.0,180.0,True
136793.0,12.0,2.0,112.1,165.0,41.2,108.0,107.33333333333331,76.0,5.0,8.54,,,,,,,,True
136794.0,25.0,2.0,57.9,159.8,22.7,79.4,114.0,82.0,5.3,1.68,3.0,b'W',60.0,4.0,b'W',60.0,240.0,True
136797.0,30.0,2.0,65.9,155.4,27.3,83.7,112.33333333333331,65.66666666666667,5.4,0.69,4.0,b'W',60.0,5.397605346934028e-79,b'',,120.0,True
136799.0,38.0,2.0,59.1,153.2,25.2,83.4,97.66666666666669,56.333333333333336,5.2,0.37,1.0,b'D',30.0,1.0,b'W',60.0,360.0,True
136800.0,62.0,1.0,71.9,172.8,24.1,88.4,125.66666666666669,83.66666666666667,5.5,0.7,2.0,b'M',30.0,3.0,b'M',240.0,480.0,True
136801.0,64.0,2.0,73.0,153.8,30.9,102.5,139.0,85.0,4.1,0.23,5.397605346934028e-79,b'',,5.397605346934028e-79,b'',,240.0,True
136802.0,53.0,2.0,47.7,168.3,16.8,72.9,109.33333333333331,84.33333333333333,5.1,0.68,1.0,b'D',15.0,5.397605346934028e-79,b'',,660.0,True
136803.0,62.0,1.0,99.1,173.2,33.0,104.2,129.0,74.66666666666667,4.8,5.32,5.397605346934028e-79,b'',,5.397605346934028e-79,b'',,180.0,True
136807.0,2.0,1.0,12.6,86.4,16.9,46.6,,,,0.65,,,,,,,,True
136809.0,69.0,1.0,97.4,173.6,32.3,121.4,115.66666666666669,75.0,6.1,0.9,4.0,b'W',240.0,5.397605346934028e-79,b'',,600.0,True
136810.0,73.0,2.0,120.9,160.6,46.9,147.2,129.66666666666666,73.0,5.4,1.0,3.0,b'W',30.0,5.397605346934028e-79,b'',,360.0,True
136812.0,65.0,2.0,74.8,165.1,27.4,97.2,124.33333333333331,85.33333333333333,5.7,0.98,5.0,b'W',30.0,1.0,b'W',60.0,6.0,True
136814.0,56.0,2.0,107.0,153.4,45.5,137.3,118.33333333333331,71.33333333333333,11.1,3.52,5.397605346934028e-79,b'',,5.397605346934028e-79,b'',,240.0,True
136816.0,15.0,2.0,67.1,165.3,24.6,81.4,96.0,52.0,5.1,0.16,,,,,,,,True
136817.0,32.0,2.0,76.8,161.3,29.5,89.1,99.66666666666669,68.66666666666667,4.8,2.77,8.0,b'M',60.0,2.0,b'M',90.0,600.0,True
136818.0,46.0,2.0,76.1,181.6,23.1,84.0,114.33333333333331,76.33333333333333,5.4,6.94,2.0,b'D',45.0,1.0,b'W',45.0,480.0,True
136821.0,18.0,1.0,73.0,171.6,24.8,79.3,113.0,66.66666666666667,5.8,0.54,5.0,b'W',120.0,5.0,b'W',120.0,240.0,True
136822.0,34.0,2.0,129.8,165.3,47.5,127.7,112.33333333333331,79.66666666666667,6.4,8.25,3.0,b'W',30.0,1.0,b'M',45.0,780.0,True
136824.0,11.0,1.0,98.7,169.0,34.6,106.5,,,,2.3,,,,,,,,True
136826.0,64.0,2.0,98.2,160.9,37.9,124.1,117.66666666666669,80.66666666666667,5.2,7.5,2.0,b'W',45.0,5.397605346934028e-79,b'',,480.0,True
136827.0,54.0,1.0,91.5,181.1,27.9,111.4,102.33333333333331,65.33333333333333,5.9,4.99,3.0,b'W',3.0,5.397605346934028e-79,b'',,480.0,True
136828.0,60.0,2.0,96.1,152.0,41.6,130.2,116.66666666666669,84.0,5.9,2.11,1.0,b'M',15.0,1.0,b'Y',15.0,360.0,True
136829.0,76.0,2.0,76.0,160.9,29.4,105.8,154.66666666666666,70.0,6.1,1.28,5.397605346934028e-79,b'',,5.397605346934028e-79,b'',,300.0,True
136831.0,43.0,2.0,73.2,158.9,29.0,97.9,129.33333333333334,75.0,11.6,3.68,2.0,b'D',30.0,2.0,b'M',30.0,120.0,True
136832.0,72.0,1.0,107.5,180.3,33.1,125.6,114.66666666666669,48.333333333333336,7.3,4.44,5.397605346934028e-79,b'',,5.397605346934028e-79,b'',,600.0,True
136835.0,62.0,2.0,109.9,163.4,41.2,127.6,126.33333333333331,68.33333333333333,6.3,3.08,2.0,b'W',120.0,2.0,b'M',120.0,300.0,True
136836.0,71.0,2.0,65.8,170.1,22.7,87.9,117.66666666666669,55.0,5.5,0.37,1.0,b'W',45.0,5.397605346934028e-79,b'',,600.0,True
136837.0,71.0,2.0,95.6,158.7,38.0,123.0,147.66666666666666,83.33333333333333,5.8,10.82,2.0,b'W',5.0,5.397605346934028e-79,b'',,360.0,True
136838.0,68.0,1.0,94.8,191.1,26.0,97.3,112.0,69.0,5.4,1.54,3.0,b'W',60.0,2.0,b'M',300.0,360.0,True
136839.0,61.0,2.0,105.2,152.2,45.4,,140.33333333333334,68.0,6.3,3.47,5.397605346934028e-79,b'',,5.397605346934028e-79,b'',,360.0,True
136840.0,54.0,1.0,77.9,172.8,26.1,93.4,117.66666666666669,79.66666666666667,5.1,0.7,5.0,b'D',20.0,1.0,b'D',45.0,120.0,True
136842.0,15.0,1.0,67.5,168.9,23.7,86.0,108.33333333333331,61.0,5.1,0.3,,,,,,,,True
136844.0,6.0,1.0,21.0,119.4,14.7,51.4,,,,0.35,,,,,,,,True
136849.0,53.0,1.0,89.3,171.2,30.5,110.2,118.0,72.33333333333333,8.0,3.5,5.397605346934028e-79,b'',,5.397605346934028e-79,b'',,180.0,True
136850.0,18.0,1.0,61.3,161.6,23.5,82.2,106.33333333333331,53.0,5.8,5.81,3.0,b'W',60.0,4.0,b'W',90.0,240.0,True
136852.0,26.0,2.0,50.5,163.3,18.9,71.5,104.0,71.0,5.7,0.24,1.0,b'W',60.0,4.0,b'M',240.0,480.0,True
136854.0,36.0,1.0,73.6,177.4,23.4,83.1,117.33333333333331,66.66666666666667,5.4,0.31,5.397605346934028e-79,b'',,5.397605346934028e-79,b'',,120.0,True
136855.0,20.0,2.0,47.0,162.8,17.7,,,,5.3,0.15,1.0,b'W',15.0,1.0,b'W',15.0,120.0,True
136858.0,15.0,1.0,63.1,172.7,21.2,74.0,114.0,57.66666666666666,5.5,0.15,,,,,,,,True
136859.0,27.0,1.0,96.1,176.2,31.0,89.6,139.66666666666666,72.0,5.7,1.73,5.0,b'W',60.0,5.0,b'W',60.0,180.0,True
136860.0,15.0,2.0,68.7,156.4,28.1,91.2,94.0,60.0,5.1,1.12,,,,,,,,True
136861.0,15.0,1.0,44.5,155.7,18.4,64.0,123.0,82.33333333333333,5.2,8.54,,,,,,,,True
136862.0,74.0,1.0,72.2,167.7,25.7,101.8,143.33333333333334,64.66666666666667,5.8,1.63,5.397605346934028e-79,b'',,5.397605346934028e-79,b'',,360.0,True
136864.0,72.0,2.0,70.0,152.2,30.2,98.4,205.0,109.33333333333331,6.0,32.38,1.0,b'D',9999.0,5.397605346934028e-79,b'',,120.0,True
136865.0,72.0,1.0,125.1,,,141.8,120.33333333333331,69.66666666666667,8.0,9.07,5.397605346934028e-79,b'',,5.397605346934028e-79,b'',,720.0,True
136866.0,25.0,1.0,92.2,182.8,27.6,103.1,120.66666666666669,75.33333333333333,5.4,2.99,3.0,b'M',60.0,2.0,b'W',60.0,600.0,True
136867.0,17.0,1.0,59.4,181.6,18.0,65.4,130.66666666666666,78.0,5.5,0.11,,,,,,,,True
136868.0,41.0,1.0,70.9,150.1,31.5,105.5,114.0,77.0,5.5,1.22,7.0,b'W',60.0,,b'',,,True
136870.0,53.0,2.0,119.9,163.9,44.6,129.4,126.33333333333331,85.0,6.7,42.78,5.397605346934028e-79,b'',,5.397605346934028e-79,b'',,720.0,True
136871.0,5.0,1.0,20.4,116.2,15.1,54.0,,,,1.95,,,,,,,,True
136872.0,26.0,1.0,89.0,159.8,34.9,106.5,106.33333333333331,60.0,5.3,2.15,5.0,b'W',120.0,2.0,b'M',60.0,360.0,True
136874.0,46.0,2.0,92.9,166.2,33.6,100.1,114.0,75.0,5.4,6.73,2.0,b'W',30.0,3.0,b'W',60.0,180.0,True
136875.0,16.0,2.0,60.7,157.6,24.4,82.9,97.66666666666669,51.66666666666666,5.1,0.18,,,,,,,,True
136876.0,12.0,1.0,40.7,158.4,16.2,60.2,108.0,55.333333333333336,5.3,0.15,,,,,,,,True
136877.0,15.0,1.0,109.9,178.2,34.6,115.1,,,5.6,6.82,,,,,,,,True
136882.0,28.0,2.0,99.3,161.3,38.2,119.3,119.33333333333331,83.0,7.1,17.33,1.0,b'M',60.0,1.0,b'Y',30.0,600.0,True
136883.0,32.0,2.0,160.5,161.0,61.9,158.6,,,6.9,59.66,2.0,b'M',45.0,5.397605346934028e-79,b'',,720.0,True
136887.0,25.0,1.0,83.9,170.5,28.9,92.0,109.33333333333331,69.33333333333333,5.1,1.7,2.0,b'W',90.0,2.0,b'M',120.0,600.0,True
136888.0,21.0,1.0,81.2,188.1,22.9,87.0,122.66666666666669,71.66666666666667,5.2,0.42,1.0,b'W',25.0,3.0,b'W',60.0,600.0,True
136890.0,62.0,2.0,49.4,158.3,19.7,70.9,105.0,54.333333333333336,5.6,0.27,4.0,b'W',20.0,3.0,b'W',30.0,480.0,True
136891.0,31.0,1.0,115.4,196.6,29.9,105.2,119.0,71.66666666666667,4.8,6.06,3.0,b'W',120.0,1.0,b'W',180.0,300.0,True
136892.0,79.0,2.0,79.1,163.7,29.5,,129.0,95.33333333333331,7.2,1.6,5.397605346934028e-79,b'',,5.397605346934028e-79,b'',,360.0,True
136893.0,59.0,1.0,72.3,172.7,24.2,94.0,110.66666666666669,63.66666666666666,5.5,0.21,7.0,b'W',40.0,1.0,b'M',30.0,600.0,True
136897.0,70.0,1.0,106.1,171.2,36.2,133.6,139.0,78.66666666666667,7.3,5.04,4.0,b'W',60.0,5.397605346934028e-79,b'',,480.0,True
136898.0,46.0,2.0,111.6,152.6,47.9,119.2,119.66666666666669,82.0,5.7,3.04,2.0,b'W',30.0,1.0,b'M',60.0,600.0,True
136899.0,26.0,2.0,54.9,154.5,23.0,,,,5.5,0.83,7.0,b'W',60.0,4.0,b'W',90.0,240.0,True
136902.0,9.0,1.0,37.0,146.1,17.3,65.6,,,,0.28,,,,,,,,True
136906.0,53.0,2.0,56.2,157.3,22.7,79.0,116.0,77.66666666666667,5.5,0.92,4.0,b'W',60.0,1.0,b'W',60.0,120.0,True
136907.0,16.0,1.0,93.6,180.0,28.9,94.1,134.66666666666666,72.66666666666667,5.0,0.45,,,,,,,,True
136908.0,55.0,2.0,101.9,170.3,35.1,122.6,130.33333333333334,70.0,6.8,2.3,4.0,b'W',60.0,5.397605346934028e-79,b'',,1200.0,True
136909.0,15.0,2.0,50.8,152.2,21.9,75.9,92.66666666666669,59.0,5.2,0.26,,,,,,,,True
136910.0,70.0,1.0,95.0,179.7,29.4,107.0,156.0,86.33333333333333,5.1,3.84,5.397605346934028e-79,b'',,5.397605346934028e-79,b'',,600.0,True
136911.0,39.0,2.0,69.5,172.0,23.5,90.3,87.33333333333333,59.333333333333336,5.5,0.3,1.0,b'D',30.0,1.0,b'D',40.0,480.0,True
136912.0,18.0,2.0,,,,,99.33333333333331,46.66666666666666,5.1,8.08,3.0,b'Y',120.0,2.0,b'M',60.0,360.0,True
136913.0,7.0,1.0,24.9,125.1,15.9,57.0,,,,0.49,,,,,,,,True
136914.0,56.0,1.0,104.7,178.2,33.0,121.6,118.66666666666669,76.0,6.3,1.39,1.0,b'D',30.0,5.397605346934028e-79,b'',,300.0,True
136915.0,3.0,1.0,21.1,110.5,17.3,58.2,,,,0.15,,,,,,,,True
136916.0,4.0,1.0,21.7,111.3,17.5,56.0,,,,1.15,,,,,,,,True
136917.0,49.0,1.0,113.9,194.1,30.2,116.7,143.66666666666666,100.0,4.7,0.65,3.0,b'M',60.0,5.397605346934028e-79,b'',,360.0,True
136918.0,24.0,2.0,63.0,158.1,25.2,85.2,107.0,70.66666666666667,4.7,1.09,5.0,b'M',10.0,5.397605346934028e-79,b'',,360.0,True
136921.0,61.0,2.0,76.9,163.7,28.7,101.5,120.66666666666669,76.66666666666667,5.3,2.29,3.0,b'W',25.0,5.397605346934028e-79,b'',,480.0,True
136922.0,44.0,1.0,69.7,167.8,24.8,91.0,128.66666666666666,80.33333333333333,5.5,0.63,5.397605346934028e-79,b'',,3.0,b'W',75.0,540.0,True
136923.0,20.0,1.0,79.5,160.6,30.8,98.6,104.66666666666669,68.66666666666667,5.8,0.69,3.0,b'W',30.0,5.397605346934028e-79,b'',,480.0,True
136925.0,63.0,1.0,74.8,174.0,24.7,89.8,117.33333333333331,68.66666666666667,6.3,1.48,5.0,b'W',240.0,2.0,b'W',120.0,360.0,True
136927.0,19.0,1.0,72.9,183.5,21.6,81.3,112.0,62.66666666666666,5.4,0.27,4.0,b'W',90.0,4.0,b'W',45.0,540.0,True
136928.0,58.0,1.0,68.0,171.0,23.3,92.1,121.66666666666669,73.0,5.2,0.19,5.397605346934028e-79,b'',,5.397605346934028e-79,b'',,240.0,True
136929.0,47.0,2.0,86.5,163.3,32.4,108.0,114.66666666666669,72.66666666666667,5.6,0.5,5.0,b'W',30.0,3.0,b'W',30.0,480.0,True
136930.0,52.0,1.0,58.1,171.5,19.8,76.5,169.0,110.66666666666669,5.7,0.35,3.0,b'W',60.0,4.0,b'W',480.0,180.0,True
136931.0,69.0,1.0,89.5,167.0,32.1,109.9,137.33333333333334,77.0,5.8,1.14,2.0,b'W',120.0,5.397605346934028e-79,b'',,60.0,True
136932.0,17.0,2.0,81.3,172.4,27.4,97.4,112.0,81.0,5.2,5.09,,,,,,,,True
136936.0,68.0,2.0,73.5,156.3,30.1,95.9,138.33333333333334,62.333333333333336,9.3,3.75,1.0,b'W',45.0,5.397605346934028e-79,b'',,480.0,True
136938.0,53.0,2.0,82.8,170.9,28.3,104.0,121.66666666666669,75.66666666666667,7.9,10.72,3.0,b'W',60.0,1.0,b'M',60.0,420.0,True
136939.0,59.0,2.0,55.7,154.2,23.4,84.8,102.0,62.0,4.3,8.28,3.0,b'W',15.0,5.397605346934028e-79,b'',,30.0,True
136940.0,5.0,2.0,19.4,113.1,15.2,49.9,,,,0.24,,,,,,,,True
136941.0,13.0,2.0,57.4,160.5,22.3,74.4,127.0,78.33333333333333,6.0,0.15,,,,,,,,True
136942.0,43.0,1.0,91.3,182.5,27.4,96.8,124.66666666666669,71.0,7.5,3.37,1.0,b'W',30.0,5.397605346934028e-79,b'',,120.0,True
136943.0,47.0,2.0,93.6,158.4,37.3,100.1,141.0,102.0,6.5,2.29,5.397605346934028e-79,b'',,5.397605346934028e-79,b'',,120.0,True
136945.0,3.0,1.0,18.9,99.3,19.2,51.5,,,,0.75,,,,,,,,True
136946.0,67.0,1.0,76.4,170.5,26.3,93.9,122.0,74.66666666666667,6.7,7.73,4.0,b'W',15.0,5.397605346934028e-79,b'',,300.0,True
136947.0,22.0,2.0,66.7,178.1,21.0,78.7,116.33333333333331,69.66666666666667,5.2,0.66,20.0,b'Y',60.0,2.0,b'M',60.0,600.0,True
136950.0,25.0,1.0,112.9,172.2,38.1,121.9,139.66666666666666,95.33333333333331,5.0,5.27,1.0,b'W',60.0,5.397605346934028e-79,b'',,180.0,True
136951.0,80.0,2.0,46.7,159.4,18.4,76.8,104.66666666666669,48.333333333333336,5.7,0.2,1.0,b'D',30.0,5.397605346934028e-79,b'',,360.0,True
136953.0,57.0,2.0,68.4,157.0,27.7,95.0,130.66666666666666,54.66666666666666,5.2,5.72,5.397605346934028e-79,b'',,5.397605346934028e-79,b'',,360.0,True
136954.0,35.0,1.0,98.0,176.7,31.4,108.7,131.33333333333334,80.66666666666667,5.4,3.96,5.397605346934028e-79,b'',,5.397605346934028e-79,b'',,180.0,True
136956.0,62.0,2.0,58.6,163.1,22.0,92.0,108.33333333333331,68.33333333333333,5.5,2.39,1.0,b'D',120.0,3.0,b'W',60.0,360.0,True
136957.0,7.0,2.0,17.9,118.9,12.7,44.3,,,,0.15,,,,,,,,True
136959.0,70.0,2.0,84.3,160.4,32.8,111.5,151.0,74.0,5.6,3.31,4.0,b'W',60.0,5.397605346934028e-79,b'',,360.0,True
136961.0,16.0,1.0,62.7,179.3,19.5,71.6,106.0,55.333333333333336,4.9,0.2,,,,,,,,True
136963.0,32.0,1.0,121.0,179.3,37.6,133.2,106.0,79.0,5.2,3.35,5.397605346934028e-79,b'',,5.397605346934028e-79,b'',,300.0,True
136966.0,80.0,1.0,77.4,170.0,26.8,112.0,141.66666666666666,85.0,7.6,1.61,4.0,b'W',120.0,2.0,b'W',60.0,240.0,True
136967.0,9.0,1.0,52.1,152.4,22.4,75.4,114.0,63.0,,0.72,,,,,,,,True
136968.0,52.0,2.0,79.8,160.6,30.9,83.9,117.33333333333331,78.66666666666667,5.6,2.25,14.0,b'W',40.0,5.397605346934028e-79,b'',,720.0,True
136969.0,29.0,2.0,63.5,157.5,25.6,85.7,97.0,63.0,5.7,0.47,5.397605346934028e-79,b'',,5.397605346934028e-79,b'',,120.0,True
136972.0,78.0,2.0,74.3,163.7,27.7,92.2,84.66666666666667,41.333333333333336,5.7,11.75,5.397605346934028e-79,b'',,5.397605346934028e-79,b'',,180.0,True
136973.0,71.0,2.0,57.6,164.5,21.3,84.6,111.66666666666669,76.33333333333333,5.3,0.38,3.0,b'W',20.0,2.0,b'M',15.0,420.0,True
136974.0,3.0,1.0,16.2,97.5,17.0,51.4,,,,0.3,,,,,,,,True
136975.0,49.0,1.0,99.9,167.1,35.8,111.2,142.0,103.66666666666669,5.3,3.09,2.0,b'W',60.0,2.0,b'W',60.0,960.0,True
136976.0,31.0,1.0,90.7,187.8,25.7,104.3,127.0,86.33333333333333,5.2,0.4,2.0,b'M',37.0,4.0,b'M',105.0,720.0,True
136977.0,29.0,1.0,87.3,179.6,27.1,95.7,121.0,70.0,5.2,1.05,3.0,b'W',75.0,5.397605346934028e-79,b'',,360.0,True
136978.0,45.0,2.0,57.4,152.2,24.8,81.1,162.33333333333334,114.33333333333331,5.3,0.62,3.0,b'W',30.0,1.0,b'W',30.0,240.0,True
136979.0,78.0,2.0,99.6,163.3,37.3,114.7,118.66666666666669,76.0,10.4,3.06,1.0,b'M',15.0,5.397605346934028e-79,b'',,600.0,True
136980.0,62.0,1.0,86.5,175.1,28.2,104.6,138.33333333333334,83.33333333333333,5.4,1.08,4.0,b'W',45.0,1.0,b'W',45.0,480.0,True
136981.0,16.0,1.0,59.4,173.0,19.8,69.2,102.0,65.0,5.4,0.38,,,,,,,,True
136982.0,47.0,1.0,71.8,176.4,23.1,91.5,101.33333333333331,54.66666666666666,5.7,1.71,7.0,b'W',60.0,5.397605346934028e-79,b'',,600.0,True
136983.0,10.0,2.0,27.9,136.8,14.9,50.4,102.66666666666669,63.0,,0.25,,,,,,,,True
136984.0,78.0,2.0,83.0,155.5,34.3,100.4,131.66666666666666,74.33333333333333,5.9,1.41,6.0,b'W',60.0,1.0,b'W',45.0,360.0,True
136987.0,80.0,2.0,60.0,152.3,25.9,89.0,136.0,86.33333333333333,5.8,1.41,5.397605346934028e-79,b'',,5.397605346934028e-79,b'',,360.0,True
136988.0,65.0,1.0,117.9,182.9,35.2,123.4,125.33333333333331,80.0,6.1,1.92,3.0,b'W',45.0,2.0,b'W',20.0,360.0,True
136990.0,63.0,1.0,123.1,176.0,39.7,128.7,115.66666666666669,74.66666666666667,6.4,17.36,1.0,b'D',300.0,5.397605346934028e-79,b'',,600.0,True
136991.0,48.0,1.0,66.4,176.5,21.3,83.2,117.0,64.0,5.5,0.44,6.0,b'W',60.0,3.0,b'W',40.0,120.0,True
136993.0,58.0,2.0,86.4,171.0,29.5,98.0,128.33333333333334,87.33333333333333,5.0,1.95,2.0,b'W',45.0,5.397605346934028e-79,b'',,120.0,True
136994.0,50.0,2.0,65.6,162.8,24.8,89.3,134.0,78.0,5.3,5.44,4.0,b'W',60.0,5.0,b'W',60.0,180.0,True
136995.0,12.0,1.0,45.5,152.5,19.6,,109.0,56.0,5.3,0.88,,,,,,,,True
136997.0,77.0,1.0,86.6,175.1,28.2,109.0,153.0,84.66666666666667,5.7,1.75,7.0,b'W',20.0,5.397605346934028e-79,b'',,480.0,True
136998.0,77.0,2.0,65.0,164.9,23.9,87.7,100.66666666666669,54.333333333333336,5.0,0.41,3.0,b'W',60.0,1.0,b'W',60.0,240.0,True
136999.0,17.0,1.0,89.8,174.1,29.6,108.4,113.66666666666669,71.66666666666667,5.7,4.02,,,,,,,,True
137001.0,7.0,2.0,30.2,122.0,20.3,69.0,,,,1.38,,,,,,,,True
137005.0,30.0,1.0,83.6,186.7,24.0,88.2,127.33333333333331,77.0,5.5,0.26,3.0,b'W',90.0,1.0,b'W',30.0,480.0,True
137006.0,55.0,1.0,84.8,184.4,24.9,88.7,112.66666666666669,73.33333333333333,9.4,0.23,1.0,b'D',120.0,3.0,b'W',120.0,240.0,True
137007.0,77.0,2.0,98.0,160.7,37.9,122.3,146.66666666666666,79.66666666666667,6.3,1.06,3.0,b'W',20.0,5.397605346934028e-79,b'',,180.0,True
137008.0,30.0,2.0,125.8,167.2,45.0,139.5,121.5,89.5,6.1,13.48,3.0,b'W',45.0,1.0,b'W',25.0,420.0,True
137009.0,56.0,2.0,50.1,164.8,18.4,72.0,149.33333333333334,83.33333333333333,5.8,0.62,5.397605346934028e-79,b'',,4.0,b'D',180.0,9999.0,True
137010.0,68.0,2.0,61.5,152.2,26.5,81.4,123.0,82.0,5.6,3.45,3.0,b'W',60.0,5.397605346934028e-79,b'',,240.0,True
137011.0,32.0,1.0,83.3,174.9,27.2,93.0,121.0,75.33333333333333,5.7,0.17,4.0,b'W',60.0,3.0,b'W',30.0,480.0,True
137012.0,30.0,2.0,108.5,162.7,41.0,122.2,118.0,87.0,6.6,1.4,2.0,b'W',30.0,1.0,b'W',30.0,360.0,True
137013.0,80.0,2.0,66.4,150.3,29.4,102.2,137.66666666666666,70.33333333333333,5.7,1.39,3.0,b'W',60.0,5.397605346934028e-79,b'',,360.0,True
137016.0,14.0,2.0,54.1,163.9,20.1,69.9,102.33333333333331,57.0,5.2,0.32,,,,,,,,True
137017.0,69.0,1.0,79.6,170.9,27.3,106.1,147.0,78.66666666666667,5.0,6.54,1.0,b'W',40.0,5.397605346934028e-79,b'',,600.0,True
137021.0,10.0,2.0,48.8,142.7,24.0,79.9,93.0,65.0,,5.27,,,,,,,,True
137022.0,73.0,1.0,78.1,178.0,24.6,99.0,147.33333333333334,79.66666666666667,6.0,0.45,4.0,b'Y',30.0,5.397605346934028e-79,b'',,240.0,True
137023.0,27.0,2.0,47.5,156.4,19.4,75.3,111.66666666666669,70.0,,31.47,3.0,b'W',30.0,5.397605346934028e-79,b'',,240.0,True
137025.0,8.0,1.0,23.3,128.1,14.2,55.0,88.66666666666667,44.333333333333336,,0.11,,,,,,,,True
137026.0,36.0,2.0,93.6,172.9,31.3,101.5,130.0,89.33333333333333,5.3,3.79,2.0,b'W',30.0,5.397605346934028e-79,b'',,480.0,True
137027.0,44.0,2.0,106.3,163.4,39.8,112.4,,,5.1,5.42,5.397605346934028e-79,b'',,5.397605346934028e-79,b'',,240.0,True
137028.0,17.0,2.0,117.3,160.9,45.3,126.3,116.33333333333331,69.66666666666667,5.5,4.51,,,,,,,,True
137029.0,58.0,2.0,58.7,147.9,26.8,90.4,136.0,72.33333333333333,5.9,1.59,7.0,b'W',90.0,7.0,b'W',60.0,180.0,True
137030.0,7.0,2.0,42.7,139.9,21.8,73.0,,,,0.93,,,,,,,,True
137031.0,35.0,2.0,87.5,152.2,37.8,103.0,111.0,75.66666666666667,5.6,14.69,2.0,b'W',60.0,5.397605346934028e-79,b'',,600.0,True
137037.0,55.0,1.0,100.8,175.2,32.8,118.4,106.66666666666669,70.0,5.9,1.65,3.0,b'W',60.0,3.0,b'W',30.0,480.0,True
137039.0,64.0,1.0,104.7,181.7,31.7,,103.33333333333331,60.0,5.5,1.14,3.0,b'W',120.0,2.0,b'Y',180.0,600.0,True
137040.0,62.0,2.0,104.7,171.9,35.4,104.2,115.66666666666669,72.33333333333333,5.6,3.73,4.0,b'W',60.0,5.397605346934028e-79,b'',,720.0,True
137042.0,71.0,1.0,80.9,173.3,26.9,99.6,114.0,61.333333333333336,7.1,0.76,5.397605346934028e-79,b'',,5.397605346934028e-79,b'',,240.0,True
137043.0,60.0,2.0,90.2,162.8,34.0,115.8,121.0,89.33333333333333,6.0,2.19,1.0,b'W',60.0,1.0,b'W',60.0,360.0,True
137045.0,59.0,2.0,44.9,148.7,20.3,79.5,110.33333333333331,69.66666666666667,5.5,1.28,3.0,b'W',60.0,1.0,b'W',60.0,300.0,True
137046.0,65.0,2.0,60.4,151.1,26.5,89.9,113.66666666666669,63.333333333333336,5.6,1.85,6.0,b'W',45.0,1.0,b'W',45.0,300.0,True
137048.0,60.0,2.0,55.3,159.8,21.7,82.9,131.0,88.0,5.5,3.1,2.0,b'D',30.0,2.0,b'W',45.0,240.0,True
137051.0,64.0,1.0,128.8,172.7,43.2,,110.0,73.0,5.3,2.71,2.0,b'W',120.0,1.0,b'M',180.0,360.0,True
137052.0,53.0,1.0,64.4,180.4,19.8,76.5,117.33333333333331,76.33333333333333,5.4,0.23,4.0,b'W',45.0,5.397605346934028e-79,b'',,600.0,True
137055.0,68.0,1.0,125.1,177.0,39.9,139.4,125.66666666666669,76.66666666666667,6.1,3.54,4.0,b'W',180.0,5.397605346934028e-79,b'',,240.0,True
137056.0,64.0,2.0,96.8,170.0,33.5,98.4,110.66666666666669,78.33333333333333,5.8,6.56,3.0,b'W',60.0,5.397605346934028e-79,b'',,480.0,True
137057.0,32.0,2.0,64.4,155.5,26.6,89.0,104.33333333333331,75.33333333333333,5.6,0.96,1.0,b'W',60.0,5.397605346934028e-79,b'',,120.0,True
137058.0,14.0,2.0,96.6,166.8,34.7,102.2,114.66666666666669,79.33333333333333,5.2,8.86,,,,,,,,True
137060.0,52.0,2.0,90.2,147.5,41.5,117.3,102.66666666666669,73.0,6.3,4.55,1.0,b'W',60.0,5.397605346934028e-79,b'',,120.0,True
137061.0,78.0,2.0,59.9,155.1,24.9,82.5,126.66666666666669,61.0,5.9,2.31,3.0,b'W',120.0,5.397605346934028e-79,b'',,180.0,True
137065.0,66.0,2.0,52.4,165.1,19.2,77.8,112.33333333333331,76.0,5.1,0.78,5.0,b'W',30.0,5.0,b'M',20.0,360.0,True
137066.0,25.0,2.0,53.9,166.1,19.5,74.7,86.0,44.333333333333336,4.7,0.27,7.0,b'W',60.0,2.0,b'W',45.0,420.0,True
137067.0,58.0,1.0,91.6,167.8,32.5,114.6,115.66666666666669,87.66666666666667,9.1,2.32,2.0,b'W',180.0,5.397605346934028e-79,b'',,360.0,True
137068.0,50.0,2.0,60.0,152.4,25.8,91.5,143.33333333333334,77.0,5.4,1.63,3.0,b'W',60.0,5.397605346934028e-79,b'',,120.0,True
137069.0,18.0,1.0,74.5,180.6,22.8,76.7,122.0,71.0,5.1,0.95,7.0,b'W',120.0,5.0,b'W',60.0,480.0,True
137073.0,58.0,2.0,105.4,163.7,39.3,116.1,124.66666666666669,82.33333333333333,6.9,2.9,2.0,b'D',45.0,5.397605346934028e-79,b'',,600.0,True
137076.0,80.0,2.0,60.5,157.1,24.5,91.5,171.66666666666666,95.66666666666669,5.4,0.4,5.397605346934028e-79,b'',,5.397605346934028e-79,b'',,360.0,True
137077.0,80.0,1.0,93.4,154.4,39.2,,90.33333333333331,45.66666666666666,5.7,55.79,3.0,b'W',45.0,5.397605346934028e-79,b'',,480.0,True
137078.0,80.0,2.0,52.5,140.3,26.7,86.6,179.33333333333334,71.0,7.4,1.75,7.0,b'W',60.0,1.0,b'W',15.0,120.0,True
137081.0,48.0,1.0,102.8,173.2,34.3,123.3,131.0,97.66666666666669,6.7,3.49,5.397605346934028e-79,b'',,5.397605346934028e-79,b'',,480.0,True
137083.0,61.0,1.0,96.1,170.8,32.9,110.5,115.33333333333331,73.0,5.9,1.2,1.0,b'D',60.0,3.0,b'W',60.0,300.0,True
137084.0,46.0,2.0,73.7,159.5,29.0,85.1,121.33333333333331,87.0,5.1,1.3,5.397605346934028e-79,b'',,5.397605346934028e-79,b'',,480.0,True
137088.0,80.0,2.0,97.6,155.4,40.4,120.5,135.33333333333334,60.66666666666666,5.3,1.72,5.397605346934028e-79,b'',,5.397605346934028e-79,b'',,360.0,True
137090.0,23.0,2.0,78.8,163.6,29.4,100.1,94.33333333333331,64.66666666666667,4.9,1.02,3.0,b'W',120.0,5.397605346934028e-79,b'',,300.0,True
137091.0,56.0,2.0,108.5,150.2,48.1,128.6,123.0,79.0,5.7,3.94,3.0,b'W',90.0,3.0,b'W',90.0,480.0,True
137096.0,68.0,1.0,84.6,179.8,26.2,103.2,138.33333333333334,74.0,5.5,2.18,2.0,b'D',25.0,3.0,b'W',50.0,240.0,True
137099.0,1.0,1.0,11.6,,,,,,,9.96,,,,,,,,True
137100.0,77.0,1.0,97.8,172.1,33.0,119.4,126.0,85.33333333333333,5.8,5.2,4.0,b'W',240.0,2.0,b'M',120.0,360.0,True
137101.0,17.0,2.0,53.9,159.8,21.1,70.4,105.66666666666669,66.66666666666667,5.6,0.42,,,,,,,,True
137102.0,39.0,2.0,65.9,158.6,26.2,87.1,104.66666666666669,62.0,5.6,1.77,3.0,b'W',30.0,1.0,b'W',30.0,360.0,True
137103.0,45.0,1.0,121.3,184.0,35.8,123.9,136.0,86.0,6.8,1.8,2.0,b'W',60.0,1.0,b'W',60.0,480.0,True
137106.0,68.0,2.0,57.3,161.5,22.0,87.0,135.66666666666666,73.0,5.7,1.43,2.0,b'W',60.0,5.397605346934028e-79,b'',,480.0,True
137107.0,40.0,1.0,73.4,165.1,26.9,92.6,101.33333333333331,61.333333333333336,5.7,0.58,3.0,b'W',60.0,5.397605346934028e-79,b'',,660.0,True
137108.0,9.0,1.0,43.9,140.5,22.2,74.0,101.66666666666669,51.66666666666666,,0.59,,,,,,,,True
137109.0,7.0,1.0,28.7,139.2,14.8,61.0,,,,0.23,,,,,,,,True
137110.0,40.0,1.0,83.4,182.7,25.0,88.0,123.0,74.33333333333333,5.0,1.17,6.0,b'W',60.0,5.0,b'W',60.0,180.0,True
137112.0,26.0,2.0,145.4,166.3,52.6,132.5,106.0,73.33333333333333,7.0,25.05,3.0,b'W',60.0,1.0,b'W',60.0,180.0,True
137113.0,65.0,1.0,88.8,180.1,27.4,101.4,121.33333333333331,82.0,5.1,0.4,1.0,b'D',120.0,5.397605346934028e-79,b'',,180.0,True
137116.0,49.0,2.0,106.9,169.4,37.3,116.1,117.33333333333331,74.0,5.9,4.67,5.0,b'W',60.0,5.0,b'W',60.0,180.0,True
137119.0,77.0,2.0,72.3,148.6,32.7,107.8,117.33333333333331,75.0,6.0,9.37,5.397605346934028e-79,b'',,5.397605346934028e-79,b'',,180.0,True
137123.0,68.0,1.0,79.5,178.5,25.0,96.0,116.33333333333331,72.66666666666667,5.5,0.71,3.0,b'W',60.0,5.397605346934028e-79,b'',,120.0,True
137125.0,42.0,2.0,57.5,158.9,22.8,71.1,135.66666666666666,72.33333333333333,5.6,2.09,6.0,b'W',150.0,4.0,b'W',60.0,480.0,True
137126.0,68.0,1.0,100.9,174.6,33.1,110.2,131.33333333333334,72.33333333333333,4.8,0.88,5.397605346934028e-79,b'',,2.0,b'M',120.0,480.0,True
137128.0,25.0,2.0,,167.7,,,107.33333333333331,70.66666666666667,6.0,2.49,1.0,b'D',60.0,3.0,b'W',60.0,360.0,True
137130.0,16.0,1.0,69.6,183.2,20.7,74.1,120.0,72.33333333333333,5.3,0.41,,,,,,,,True
137131.0,8.0,2.0,23.0,128.9,13.8,52.3,97.33333333333331,52.66666666666666,,0.47,,,,,,,,True
137132.0,51.0,2.0,76.0,174.3,25.0,92.5,111.0,83.0,5.3,4.35,1.0,b'D',45.0,2.0,b'M',120.0,300.0,True
137133.0,52.0,2.0,63.2,166.9,22.7,81.0,97.33333333333331,68.33333333333333,5.3,0.39,3.0,b'W',60.0,1.0,b'W',120.0,840.0,True
137136.0,71.0,1.0,95.0,177.0,30.3,110.5,112.33333333333331,66.0,5.9,9.38,4.0,b'W',45.0,2.0,b'W',60.0,540.0,True
137137.0,48.0,2.0,70.6,153.7,29.9,98.9,112.33333333333331,73.0,5.4,0.94,5.397605346934028e-79,b'',,5.397605346934028e-79,b'',,300.0,True
137138.0,70.0,1.0,135.6,178.7,42.5,147.3,115.33333333333331,75.66666666666667,6.0,5.03,1.0,b'W',180.0,5.397605346934028e-79,b'',,480.0,True
137139.0,53.0,2.0,101.1,162.0,38.5,121.0,103.66666666666669,61.66666666666666,5.2,4.22,3.0,b'M',30.0,5.397605346934028e-79,b'',,240.0,True
137140.0,64.0,2.0,67.2,158.5,26.7,91.0,156.0,67.33333333333333,5.5,0.79,2.0,b'W',60.0,1.0,b'W',120.0,120.0,True
137141.0,17.0,2.0,69.1,167.4,24.7,81.4,103.66666666666669,61.333333333333336,5.2,1.62,,,,,,,,True
137142.0,71.0,1.0,71.9,174.8,23.5,89.3,197.66666666666663,125.66666666666669,5.6,0.55,1.0,b'D',120.0,4.0,b'W',60.0,240.0,True
137145.0,55.0,2.0,105.8,172.4,35.6,116.9,124.66666666666669,64.66666666666667,6.0,1.48,1.0,b'W',120.0,1.0,b'M',120.0,360.0,True
137146.0,55.0,2.0,61.5,154.6,25.7,86.2,102.66666666666669,67.66666666666667,5.1,0.31,5.397605346934028e-79,b'',,5.397605346934028e-79,b'',,300.0,True
137147.0,15.0,1.0,53.5,164.4,19.8,71.3,118.0,65.66666666666667,4.8,0.11,,,,,,,,True
137149.0,33.0,2.0,66.0,170.6,22.7,82.8,110.33333333333331,70.66666666666667,5.1,0.23,3.0,b'W',30.0,5.397605346934028e-79,b'',,600.0,True
137153.0,67.0,2.0,71.3,161.3,27.4,,123.66666666666669,66.0,5.4,0.41,1.0,b'W',30.0,5.397605346934028e-79,b'',,120.0,True
137154.0,65.0,2.0,144.4,163.7,53.9,127.5,112.66666666666669,70.66666666666667,8.5,13.25,1.0,b'W',30.0,5.397605346934028e-79,b'',,600.0,True
137155.0,22.0,1.0,,,,,121.0,76.0,4.8,5.81,5.397605346934028e-79,b'',,5.397605346934028e-79,b'',,600.0,True
137157.0,47.0,2.0,95.6,166.5,34.5,114.2,121.33333333333331,88.66666666666667,5.6,7.11,2.0,b'M',60.0,5.397605346934028e-79,b'',,720.0,True
137158.0,41.0,2.0,99.3,155.8,40.9,120.3,128.66666666666666,75.66666666666667,6.1,11.09,7.0,b'M',30.0,5.397605346934028e-79,b'',,240.0,True
137159.0,67.0,2.0,95.8,164.5,35.4,118.6,106.0,70.0,6.2,14.45,2.0,b'D',120.0,2.0,b'W',120.0,360.0,True
137160.0,46.0,2.0,62.3,157.5,25.1,74.4,103.66666666666669,63.0,4.8,0.47,1.0,b'W',30.0,1.0,b'W',45.0,180.0,True
137164.0,59.0,1.0,94.9,176.3,30.5,104.5,197.66666666666663,106.33333333333331,5.9,4.09,2.0,b'W',30.0,2.0,b'W',10.0,300.0,True
137167.0,72.0,2.0,62.1,156.2,25.5,90.8,117.66666666666669,56.66666666666666,5.6,0.72,1.0,b'W',90.0,5.397605346934028e-79,b'',,300.0,True
137168.0,80.0,2.0,,158.6,,,119.66666666666669,63.333333333333336,5.4,0.56,5.397605346934028e-79,b'',,5.397605346934028e-79,b'',,720.0,True
137170.0,65.0,1.0,97.6,180.2,30.1,107.7,121.33333333333331,77.33333333333333,5.3,0.84,5.0,b'W',180.0,1.0,b'W',60.0,540.0,True
137174.0,4.0,2.0,14.0,97.6,14.7,46.8,,,,0.6,,,,,,,,True
137175.0,68.0,2.0,88.9,153.5,37.7,109.0,145.0,69.66666666666667,6.0,4.24,5.397605346934028e-79,b'',,5.397605346934028e-79,b'',,240.0,True
137177.0,51.0,1.0,72.3,162.8,27.3,87.3,109.0,76.66666666666667,5.6,0.62,1.0,b'D',15.0,2.0,b'W',30.0,600.0,True
137180.0,77.0,2.0,69.3,147.0,32.1,110.3,176.33333333333334,93.0,5.3,1.49,5.397605346934028e-79,b'',,5.397605346934028e-79,b'',,720.0,True
137182.0,75.0,1.0,61.0,163.5,22.8,88.6,185.0,102.0,6.7,0.28,4.0,b'W',120.0,5.397605346934028e-79,b'',,360.0,True
137184.0,38.0,1.0,117.3,174.6,38.5,123.6,124.33333333333331,80.66666666666667,4.9,3.2,4.0,b'W',60.0,1.0,b'M',30.0,420.0,True
137186.0,79.0,2.0,114.2,160.2,44.5,134.5,124.66666666666669,71.0,6.2,1.25,5.397605346934028e-79,b'',,5.397605346934028e-79,b'',,600.0,True
137188.0,11.0,2.0,48.6,154.4,20.4,66.5,107.0,61.66666666666666,,0.11,,,,,,,,True
137191.0,23.0,1.0,84.2,170.4,29.0,93.7,120.0,68.33333333333333,5.2,1.85,4.0,b'W',60.0,2.0,b'W',90.0,180.0,True
137192.0,19.0,1.0,73.1,179.7,22.6,83.0,127.0,61.66666666666666,5.1,0.23,3.0,b'W',90.0,3.0,b'W',240.0,240.0,True
137193.0,32.0,2.0,59.7,158.3,23.8,86.3,94.0,58.333333333333336,5.2,0.54,2.0,b'W',5.0,5.397605346934028e-79,b'',,240.0,True
137194.0,58.0,1.0,75.6,170.8,25.9,,105.66666666666669,66.66666666666667,5.5,0.87,5.397605346934028e-79,b'',,5.397605346934028e-79,b'',,720.0,True
137195.0,69.0,1.0,112.3,189.7,31.2,121.0,112.33333333333331,60.0,8.2,1.14,5.397605346934028e-79,b'',,3.0,b'M',60.0,600.0,True
137198.0,23.0,2.0,64.7,165.1,23.7,80.9,99.33333333333331,67.33333333333333,5.4,1.73,3.0,b'W',30.0,2.0,b'W',30.0,720.0,True
137200.0,40.0,1.0,81.1,160.0,31.7,101.5,127.0,78.66666666666667,5.7,2.64,1.0,b'W',30.0,5.397605346934028e-79,b'',,180.0,True
137202.0,24.0,1.0,129.2,174.9,42.2,133.2,122.0,70.66666666666667,4.4,2.68,3.0,b'D',60.0,1.0,b'D',60.0,360.0,True
137203.0,33.0,1.0,94.6,175.1,30.9,96.1,136.33333333333334,87.66666666666667,5.7,2.21,3.0,b'W',30.0,4.0,b'W',45.0,780.0,True
137204.0,9.0,2.0,28.2,139.1,14.6,57.2,115.0,74.66666666666667,,3.37,,,,,,,,True
137206.0,68.0,2.0,67.6,155.7,27.9,99.0,109.33333333333331,44.333333333333336,8.8,5.58,5.397605346934028e-79,b'',,1.0,b'M',120.0,480.0,True
137207.0,17.0,2.0,63.3,172.3,21.3,79.8,109.66666666666669,64.33333333333333,5.0,0.26,,,,,,,,True
137208.0,54.0,2.0,61.9,150.4,27.4,92.5,118.66666666666669,74.0,5.5,3.08,5.397605346934028e-79,b'',,5.397605346934028e-79,b'',,360.0,True
137209.0,44.0,1.0,64.4,162.0,24.5,86.0,119.66666666666669,72.33333333333333,5.1,2.8,3.0,b'W',15.0,5.397605346934028e-79,b'',,180.0,True
137210.0,11.0,1.0,62.6,169.6,21.8,78.0,102.33333333333331,60.66666666666666,,2.14,,,,,,,,True
137212.0,80.0,2.0,69.5,155.7,28.7,105.7,130.0,60.0,6.0,2.03,5.397605346934028e-79,b'',,5.397605346934028e-79,b'',,180.0,True
137213.0,31.0,1.0,77.5,172.9,25.9,95.4,109.66666666666669,81.66666666666667,5.5,2.42,5.0,b'W',180.0,3.0,b'W',60.0,120.0,True
137214.0,31.0,2.0,91.9,167.9,32.6,100.9,110.66666666666669,76.0,5.3,5.41,3.0,b'W',30.0,5.397605346934028e-79,b'',,600.0,True
137215.0,56.0,2.0,87.1,155.3,36.1,115.5,114.33333333333331,71.66666666666667,5.7,5.88,1.0,b'W',60.0,2.0,b'M',60.0,30.0,True
137216.0,53.0,1.0,144.1,189.8,40.0,135.6,124.66666666666669,70.66666666666667,5.6,1.57,4.0,b'W',20.0,5.397605346934028e-79,b'',,120.0,True
137218.0,39.0,1.0,82.7,188.4,23.3,91.3,126.33333333333331,76.33333333333333,5.3,0.86,2.0,b'D',60.0,3.0,b'W',15.0,360.0,True
137220.0,64.0,1.0,77.5,183.7,23.0,88.7,151.33333333333334,97.66666666666669,5.9,0.9,1.0,b'M',30.0,5.397605346934028e-79,b'',,360.0,True
137221.0,69.0,2.0,60.5,146.8,28.1,96.4,158.0,92.0,6.3,1.79,3.0,b'W',60.0,2.0,b'W',30.0,120.0,True
137224.0,53.0,2.0,76.1,159.8,29.8,93.3,116.0,75.66666666666667,6.4,3.18,3.0,b'Y',120.0,5.397605346934028e-79,b'',,360.0,True
137227.0,15.0,2.0,53.9,162.3,20.5,73.0,103.33333333333331,58.66666666666666,5.3,6.54,,,,,,,,True
137230.0,80.0,1.0,73.9,169.3,25.8,103.3,150.33333333333334,78.0,5.2,2.13,5.397605346934028e-79,b'',,5.397605346934028e-79,b'',,600.0,True
137231.0,18.0,1.0,52.1,181.9,15.7,66.5,104.33333333333331,57.66666666666666,5.1,1.14,5.397605346934028e-79,b'',,5.397605346934028e-79,b'',,540.0,True
137232.0,61.0,1.0,65.8,167.8,23.4,88.6,172.33333333333334,103.66666666666669,5.6,3.66,7.0,b'W',30.0,5.397605346934028e-79,b'',,240.0,True
137234.0,63.0,1.0,78.6,178.1,24.8,97.2,154.66666666666666,87.0,10.0,7.25,5.397605346934028e-79,b'',,5.397605346934028e-79,b'',,480.0,True
137236.0,4.0,1.0,16.7,108.2,14.3,50.4,,,,0.11,,,,,,,,True
137237.0,19.0,2.0,76.2,174.4,25.1,73.5,111.66666666666669,66.66666666666667,5.1,1.2,1.0,b'M',120.0,5.397605346934028e-79,b'',,600.0,True
137239.0,79.0,1.0,107.9,174.1,35.6,122.4,129.66666666666666,74.66666666666667,6.1,2.07,2.0,b'M',240.0,5.397605346934028e-79,b'',,600.0,True
137240.0,23.0,1.0,73.8,174.1,24.3,86.2,127.0,70.66666666666667,4.9,1.37,3.0,b'W',90.0,5.397605346934028e-79,b'',,720.0,True
137241.0,47.0,1.0,82.9,173.5,27.5,97.6,118.33333333333331,75.66666666666667,6.2,1.83,1.0,b'W',60.0,1.0,b'M',90.0,60.0,True
137243.0,63.0,2.0,76.6,161.2,29.5,92.2,111.0,68.33333333333333,6.1,1.95,4.0,b'M',30.0,5.397605346934028e-79,b'',,300.0,True
137246.0,39.0,2.0,62.9,160.0,24.6,92.5,89.66666666666667,63.333333333333336,5.3,2.23,3.0,b'W',30.0,4.0,b'W',60.0,180.0,True
137248.0,80.0,2.0,92.0,159.9,36.0,,123.33333333333331,62.66666666666666,6.9,11.47,5.397605346934028e-79,b'',,5.397605346934028e-79,b'',,240.0,True
137249.0,42.0,2.0,65.1,164.6,24.0,86.0,100.33333333333331,68.33333333333333,5.1,1.7,5.397605346934028e-79,b'',,5.397605346934028e-79,b'',,840.0,True
137250.0,49.0,2.0,57.0,150.5,25.2,85.3,107.33333333333331,59.333333333333336,5.6,0.31,1.0,b'W',20.0,5.397605346934028e-79,b'',,180.0,True
137251.0,66.0,2.0,116.1,165.1,42.6,134.5,124.66666666666669,74.66666666666667,5.9,44.96,3.0,b'W',20.0,5.397605346934028e-79,b'',,300.0,True
137252.0,66.0,2.0,60.0,155.2,24.9,91.0,143.0,82.0,5.3,0.46,5.0,b'W',45.0,3.0,b'W',30.0,180.0,True
137253.0,31.0,1.0,101.6,185.2,29.6,97.3,118.66666666666669,72.33333333333333,4.7,0.3,7.0,b'W',1.0,5.0,b'W',90.0,420.0,True
137255.0,54.0,2.0,79.7,157.0,32.3,103.8,112.66666666666669,75.0,5.3,3.93,2.0,b'D',15.0,5.397605346934028e-79,b'',,720.0,True
137256.0,75.0,2.0,81.0,155.7,33.4,112.2,108.33333333333331,63.66666666666666,5.2,0.35,7.0,b'W',30.0,5.397605346934028e-79,b'',,420.0,True
137257.0,10.0,1.0,26.6,134.1,14.8,56.6,104.0,59.0,,0.68,,,,,,,,True
137258.0,17.0,2.0,59.0,152.6,25.3,76.7,109.0,67.0,5.3,0.55,,,,,,,,True
137259.0,15.0,2.0,54.1,165.2,19.8,74.3,104.33333333333331,61.0,4.8,0.32,,,,,,,,True
137261.0,75.0,1.0,59.9,165.1,22.0,84.1,125.66666666666669,74.33333333333333,5.3,2.0,4.0,b'W',120.0,3.0,b'D',30.0,180.0,True
137263.0,57.0,2.0,54.4,150.1,24.1,91.1,152.33333333333334,90.33333333333331,9.9,1.42,5.397605346934028e-79,b'',,5.397605346934028e-79,b'',,240.0,True
137264.0,80.0,2.0,58.8,156.7,23.9,89.0,141.66666666666666,75.0,5.2,3.32,5.397605346934028e-79,b'',,1.0,b'M',120.0,240.0,True
137268.0,48.0,1.0,122.2,179.4,38.0,123.4,153.33333333333334,88.66666666666667,5.7,1.66,5.0,b'W',360.0,1.0,b'W',180.0,120.0,True
137269.0,49.0,2.0,65.5,160.7,25.4,94.1,121.66666666666669,73.33333333333333,4.8,0.31,7.0,b'W',60.0,2.0,b'M',30.0,720.0,True
137270.0,68.0,2.0,84.5,156.0,34.7,,143.66666666666666,69.33333333333333,5.2,12.11,7.0,b'W',15.0,3.0,b'W',10.0,180.0,True
137271.0,44.0,1.0,89.9,175.1,29.3,100.0,125.33333333333331,87.66666666666667,5.0,1.05,2.0,b'M',30.0,1.0,b'M',30.0,360.0,True
137272.0,56.0,2.0,102.8,160.1,40.1,114.2,108.0,83.0,6.1,3.39,2.0,b'W',30.0,1.0,b'W',45.0,420.0,True
137273.0,55.0,1.0,78.1,184.1,23.0,89.0,101.0,69.0,5.7,40.48,1.0,b'W',240.0,5.397605346934028e-79,b'',,420.0,True
137274.0,61.0,1.0,74.4,171.8,25.2,93.7,139.0,85.66666666666667,10.3,1.46,2.0,b'W',30.0,1.0,b'D',60.0,240.0,True
137276.0,64.0,2.0,51.6,156.8,21.0,75.4,122.0,74.0,5.4,0.46,3.0,b'W',30.0,4.0,b'W',40.0,360.0,True
137279.0,30.0,2.0,62.8,168.5,22.1,74.8,102.0,63.333333333333336,5.4,0.24,1.0,b'D',20.0,5.397605346934028e-79,b'',,180.0,True
137280.0,58.0,1.0,89.2,188.1,25.2,100.2,110.33333333333331,67.0,5.6,0.84,4.0,b'W',30.0,4.0,b'W',15.0,120.0,True
137281.0,59.0,2.0,61.2,159.8,24.0,93.2,148.0,77.66666666666667,5.7,3.36,3.0,b'W',60.0,1.0,b'M',60.0,300.0,True
137282.0,48.0,1.0,133.7,173.5,44.4,123.0,132.33333333333334,95.33333333333331,6.0,5.76,5.397605346934028e-79,b'',,5.397605346934028e-79,b'',,840.0,True
137283.0,80.0,2.0,75.2,160.3,29.3,101.5,126.66666666666669,65.0,5.5,2.7,3.0,b'W',60.0,5.397605346934028e-79,b'',,480.0,True
137284.0,60.0,2.0,99.9,167.1,35.8,118.8,149.0,91.33333333333331,5.6,2.78,5.397605346934028e-79,b'',,5.397605346934028e-79,b'',,900.0,True
137286.0,65.0,2.0,42.8,147.0,19.8,77.5,141.66666666666666,88.0,5.7,4.9,4.0,b'W',120.0,5.397605346934028e-79,b'',,240.0,True
137288.0,33.0,2.0,105.3,152.0,45.6,132.8,102.33333333333331,73.0,5.1,3.3,5.397605346934028e-79,b'',,9999.0,b'',,720.0,True
137291.0,64.0,1.0,83.8,179.9,25.9,101.8,107.33333333333331,68.0,5.8,6.0,3.0,b'W',30.0,1.0,b'M',20.0,720.0,True
137293.0,61.0,2.0,61.2,158.6,24.3,86.8,127.0,73.66666666666667,5.7,2.94,7.0,b'W',60.0,5.397605346934028e-79,b'',,120.0,True
137295.0,24.0,1.0,100.1,176.0,32.3,107.0,115.0,74.66666666666667,5.2,1.26,5.397605346934028e-79,b'',,5.397605346934028e-79,b'',,600.0,True
137296.0,69.0,2.0,51.0,149.7,22.8,83.2,132.33333333333334,79.66666666666667,6.1,0.53,3.0,b'W',60.0,5.397605346934028e-79,b'',,240.0,True
137299.0,25.0,1.0,103.0,192.5,27.8,95.7,107.33333333333331,71.66666666666667,4.4,0.36,25.0,b'M',120.0,22.0,b'M',60.0,120.0,True
137300.0,34.0,1.0,103.1,174.4,33.9,112.0,115.33333333333331,83.66666666666667,5.5,2.07,5.397605346934028e-79,b'',,5.397605346934028e-79,b'',,240.0,True
137301.0,52.0,2.0,53.5,147.3,24.7,83.5,106.33333333333331,66.33333333333333,5.7,1.19,3.0,b'W',120.0,2.0,b'W',60.0,480.0,True
137302.0,57.0,2.0,92.8,166.5,33.5,102.3,150.66666666666666,97.0,5.7,2.88,5.0,b'W',60.0,2.0,b'W',60.0,720.0,True
137303.0,50.0,1.0,88.4,168.9,31.0,102.0,118.33333333333331,77.66666666666667,10.4,3.98,2.0,b'W',60.0,5.397605346934028e-79,b'',,60.0,True
137304.0,38.0,2.0,61.7,167.5,22.0,82.0,102.66666666666669,64.33333333333333,4.7,0.81,4.0,b'W',120.0,3.0,b'W',60.0,360.0,True
137305.0,27.0,2.0,49.0,154.4,20.6,72.0,98.33333333333331,61.66666666666666,4.9,1.59,3.0,b'W',60.0,5.397605346934028e-79,b'',,720.0,True
137306.0,41.0,2.0,63.5,169.5,22.1,82.8,115.33333333333331,79.66666666666667,4.9,1.4,3.0,b'W',30.0,5.397605346934028e-79,b'',,720.0,True
137308.0,70.0,1.0,98.7,170.9,33.8,116.8,122.33333333333331,76.33333333333333,5.7,2.38,3.0,b'W',30.0,2.0,b'W',30.0,480.0,True
137309.0,45.0,2.0,90.7,149.8,40.4,111.5,109.33333333333331,81.33333333333333,5.8,6.6,5.397605346934028e-79,b'',,5.397605346934028e-79,b'',,600.0,True
137310.0,69.0,1.0,115.6,171.6,39.3,132.0,120.0,68.33333333333333,6.9,33.76,1.0,b'D',180.0,5.0,b'Y',480.0,1200.0,True
137313.0,37.0,1.0,92.5,170.9,31.7,104.7,134.66666666666666,80.66666666666667,5.6,4.0,1.0,b'W',60.0,3.0,b'W',60.0,600.0,True
137314.0,67.0,1.0,93.4,180.1,28.8,110.5,117.0,80.0,5.4,0.61,1.0,b'D',30.0,1.0,b'M',30.0,180.0,True
137316.0,26.0,2.0,56.1,149.9,25.0,87.6,99.33333333333331,70.0,5.7,1.66,3.0,b'W',30.0,3.0,b'M',20.0,480.0,True
137318.0,55.0,2.0,57.8,159.6,22.7,81.5,118.33333333333331,71.66666666666667,5.3,3.9,5.397605346934028e-79,b'',,5.397605346934028e-79,b'',,60.0,True
137319.0,62.0,1.0,105.7,181.5,32.1,107.6,123.66666666666669,86.33333333333333,5.9,4.66,4.0,b'W',30.0,2.0,b'M',60.0,480.0,True
137323.0,32.0,2.0,74.5,157.9,29.9,81.0,109.0,73.0,5.2,0.5,1.0,b'D',75.0,1.0,b'D',30.0,30.0,True
137325.0,65.0,2.0,65.4,169.8,22.7,86.6,124.66666666666669,63.0,5.0,1.7,5.0,b'W',60.0,1.0,b'W',20.0,420.0,True
137329.0,74.0,1.0,86.1,167.0,30.9,111.9,146.0,98.33333333333331,5.1,2.14,3.0,b'W',240.0,2.0,b'M',120.0,300.0,True
137330.0,47.0,2.0,117.5,173.8,38.9,120.5,,,6.0,4.33,3.0,b'W',35.0,1.0,b'W',25.0,360.0,True
137331.0,70.0,1.0,91.4,177.7,28.9,106.7,120.66666666666669,60.66666666666666,5.5,0.6,4.0,b'W',60.0,1.0,b'W',60.0,240.0,True
137332.0,72.0,1.0,90.4,186.7,25.9,107.2,115.0,66.66666666666667,6.2,0.23,4.0,b'W',10.0,4.0,b'W',10.0,480.0,True
137333.0,41.0,2.0,94.0,146.2,44.0,110.1,132.33333333333334,84.0,5.7,13.13,3.0,b'W',90.0,3.0,b'W',90.0,720.0,True
137334.0,17.0,2.0,48.5,158.8,19.2,71.3,110.0,63.0,5.4,3.33,,,,,,,,True
137335.0,63.0,2.0,67.6,169.1,23.6,79.1,94.66666666666669,64.33333333333333,5.2,0.32,5.0,b'W',30.0,2.0,b'M',30.0,360.0,True
137337.0,33.0,1.0,87.7,167.5,31.3,96.1,137.33333333333334,95.33333333333331,5.0,0.68,5.0,b'W',60.0,5.397605346934028e-79,b'',,120.0,True
137339.0,49.0,1.0,71.5,173.3,23.8,84.2,118.33333333333331,75.33333333333333,5.7,1.22,4.0,b'W',60.0,2.0,b'W',120.0,360.0,True
137341.0,53.0,2.0,86.2,160.5,33.5,109.9,113.0,72.66666666666667,5.7,3.51,1.0,b'W',120.0,1.0,b'W',120.0,600.0,True
137342.0,49.0,2.0,58.9,144.6,28.2,90.1,107.33333333333331,64.0,5.7,0.83,1.0,b'D',45.0,5.397605346934028e-79,b'',,9999.0,True
137344.0,50.0,1.0,88.7,173.1,29.6,96.3,136.0,88.0,5.6,1.08,7.0,b'W',95.0,5.397605346934028e-79,b'',,240.0,True
137346.0,13.0,2.0,53.9,173.8,17.8,74.8,104.0,67.0,5.7,0.56,,,,,,,,True
137348.0,31.0,2.0,92.5,169.4,32.2,113.4,105.0,75.66666666666667,5.6,1.25,2.0,b'W',120.0,5.0,b'Y',60.0,600.0,True
137349.0,78.0,2.0,88.6,148.9,40.0,113.6,182.0,99.0,5.9,8.57,5.397605346934028e-79,b'',,5.397605346934028e-79,b'',,360.0,True
137350.0,64.0,2.0,92.1,169.7,32.0,120.5,147.0,94.33333333333331,7.5,2.14,7.0,b'W',60.0,7.0,b'W',60.0,180.0,True
137351.0,41.0,2.0,79.8,161.3,30.7,98.9,101.0,59.66666666666666,5.0,9.58,5.0,b'W',30.0,5.397605346934028e-79,b'',,15.0,True
137352.0,73.0,1.0,93.7,176.9,29.9,113.5,178.66666666666666,90.33333333333331,5.5,2.88,2.0,b'M',20.0,5.397605346934028e-79,b'',,180.0,True
137353.0,69.0,1.0,100.7,177.0,32.1,110.8,110.66666666666669,64.33333333333333,6.9,5.47,6.0,b'W',30.0,5.397605346934028e-79,b'',,180.0,True
137354.0,68.0,2.0,60.2,157.1,24.4,96.0,134.33333333333334,84.66666666666667,5.9,1.47,4.0,b'W',240.0,5.397605346934028e-79,b'',,600.0,True
137355.0,37.0,2.0,70.8,165.5,25.8,90.7,106.66666666666669,75.0,5.0,0.31,1.0,b'D',30.0,1.0,b'M',30.0,60.0,True
137360.0,41.0,2.0,,,,,,,5.3,8.1,5.397605346934028e-79,b'',,5.397605346934028e-79,b'',,180.0,True
137361.0,11.0,2.0,54.9,150.8,24.1,82.4,89.66666666666667,58.333333333333336,,0.46,,,,,,,,True
137363.0,8.0,2.0,28.3,129.6,16.8,63.9,,,,0.4,,,,,,,,True
137364.0,10.0,2.0,42.4,147.1,19.6,67.6,105.66666666666669,64.33333333333333,,0.16,,,,,,,,True
137366.0,73.0,2.0,62.6,150.6,27.6,87.6,137.66666666666666,82.33333333333333,5.8,4.05,5.397605346934028e-79,b'',,5.397605346934028e-79,b'',,480.0,True
137368.0,55.0,1.0,85.8,187.4,24.4,94.9,125.66666666666669,89.33333333333333,5.8,0.15,5.0,b'M',30.0,1.0,b'M',30.0,600.0,True
137369.0,15.0,2.0,63.2,166.9,22.7,79.4,97.33333333333331,52.66666666666666,5.7,0.35,,,,,,,,True
137370.0,73.0,1.0,75.8,172.7,25.4,101.5,141.0,74.33333333333333,6.1,1.32,5.0,b'W',60.0,5.397605346934028e-79,b'',,360.0,True
137374.0,25.0,2.0,56.8,164.7,20.9,75.8,100.33333333333331,64.0,4.9,1.49,3.0,b'W',60.0,5.397605346934028e-79,b'',,600.0,True
137375.0,60.0,2.0,79.0,166.2,28.6,100.4,127.33333333333331,67.33333333333333,6.0,0.74,5.0,b'W',60.0,2.0,b'W',45.0,120.0,True
137378.0,70.0,1.0,62.1,156.9,25.2,88.5,111.66666666666669,70.0,5.0,1.58,5.397605346934028e-79,b'',,5.397605346934028e-79,b'',,60.0,True
137379.0,66.0,1.0,98.9,171.4,33.7,113.2,140.66666666666666,67.0,8.3,2.6,1.0,b'D',120.0,5.397605346934028e-79,b'',,300.0,True
137381.0,40.0,1.0,98.2,173.1,32.8,114.3,123.33333333333331,90.0,5.3,3.17,5.0,b'W',45.0,2.0,b'M',30.0,720.0,True
137383.0,73.0,2.0,65.2,167.2,23.3,88.1,146.66666666666666,79.66666666666667,5.3,2.47,4.0,b'W',90.0,3.0,b'W',60.0,360.0,True
137386.0,56.0,1.0,106.6,175.4,34.6,113.6,132.0,79.33333333333333,5.2,1.43,2.0,b'W',45.0,1.0,b'M',45.0,360.0,True
137387.0,69.0,2.0,80.4,154.5,33.7,114.1,104.66666666666669,59.0,5.1,38.89,1.0,b'W',15.0,5.397605346934028e-79,b'',,780.0,True
137391.0,62.0,1.0,116.0,184.2,34.2,131.7,134.66666666666666,68.66666666666667,5.6,4.31,1.0,b'D',30.0,5.397605346934028e-79,b'',,300.0,True
137392.0,11.0,1.0,41.1,155.3,17.0,65.5,94.0,48.66666666666666,,0.17,,,,,,,,True
137394.0,65.0,1.0,138.3,176.0,44.6,,118.33333333333331,76.66666666666667,8.0,15.29,5.397605346934028e-79,b'',,5.397605346934028e-79,b'',,360.0,True
137396.0,43.0,1.0,88.4,169.8,30.7,103.0,146.66666666666666,87.66666666666667,5.9,1.42,2.0,b'W',60.0,5.397605346934028e-79,b'',,180.0,True
137399.0,17.0,2.0,132.5,170.9,45.4,135.2,116.33333333333331,71.66666666666667,5.2,3.98,,,,,,,,True
137400.0,67.0,1.0,67.7,175.0,22.1,87.2,150.66666666666666,80.66666666666667,5.7,0.7,2.0,b'W',60.0,1.0,b'W',30.0,420.0,True
137401.0,75.0,1.0,74.5,180.1,23.0,98.0,120.33333333333331,70.33333333333333,5.2,1.86,1.0,b'W',300.0,5.397605346934028e-79,b'',,360.0,True
137402.0,40.0,2.0,74.3,167.8,26.4,99.6,113.0,73.0,5.3,5.2,5.0,b'W',30.0,2.0,b'W',15.0,240.0,True
137403.0,80.0,1.0,75.1,162.0,28.6,99.6,126.33333333333331,66.66666666666667,5.4,1.8,7.0,b'W',65.0,5.0,b'W',10.0,420.0,True
137408.0,24.0,1.0,106.1,192.8,28.5,90.2,120.33333333333331,70.0,5.3,1.81,2.0,b'W',60.0,4.0,b'W',60.0,360.0,True
137409.0,41.0,2.0,89.0,164.3,33.0,108.8,102.0,69.0,6.6,5.3,5.0,b'W',30.0,2.0,b'W',30.0,240.0,True
137410.0,20.0,2.0,53.1,156.3,21.7,72.0,125.66666666666669,79.0,4.9,0.46,4.0,b'Y',30.0,5.397605346934028e-79,b'',,480.0,True
137411.0,31.0,2.0,72.4,163.9,27.0,92.1,134.33333333333334,90.66666666666669,5.4,2.62,3.0,b'W',60.0,1.0,b'W',30.0,60.0,True
137412.0,66.0,1.0,81.9,186.1,23.6,98.0,114.66666666666669,70.66666666666667,5.5,4.52,1.0,b'D',60.0,2.0,b'W',60.0,180.0,True
137413.0,5.0,2.0,18.3,109.4,15.3,50.5,,,,0.21,,,,,,,,True
137414.0,44.0,2.0,67.7,159.6,26.6,92.3,99.66666666666669,62.333333333333336,5.7,3.28,5.0,b'W',20.0,5.397605346934028e-79,b'',,60.0,True
137415.0,80.0,2.0,52.6,151.2,23.0,84.8,153.0,68.33333333333333,5.2,1.23,2.0,b'W',30.0,5.397605346934028e-79,b'',,720.0,True
137417.0,43.0,1.0,87.4,177.0,27.9,107.2,133.0,74.33333333333333,5.0,0.46,5.0,b'D',45.0,5.0,b'D',45.0,240.0,True
137419.0,31.0,1.0,111.8,176.9,35.7,126.0,111.33333333333331,79.66666666666667,5.4,9.52,1.0,b'D',30.0,4.0,b'W',30.0,600.0,True
137420.0,80.0,2.0,78.5,156.8,31.9,110.6,97.0,51.0,6.3,2.73,5.397605346934028e-79,b'',,5.397605346934028e-79,b'',,480.0,True
137423.0,44.0,1.0,84.1,166.8,30.2,101.9,135.33333333333334,89.0,5.0,3.31,7.0,b'W',180.0,5.397605346934028e-79,b'',,10.0,True
137424.0,28.0,1.0,127.0,181.1,38.7,124.3,111.66666666666669,73.66666666666667,5.0,0.57,5.397605346934028e-79,b'',,5.397605346934028e-79,b'',,120.0,True
137425.0,51.0,2.0,63.6,133.0,36.0,88.6,105.66666666666669,58.66666666666666,5.7,0.91,7.0,b'W',60.0,5.397605346934028e-79,b'',,420.0,True
137426.0,8.0,1.0,26.5,127.6,16.3,57.0,105.0,69.66666666666667,,0.11,,,,,,,,True
137428.0,19.0,2.0,45.8,160.7,17.7,71.4,112.33333333333331,68.33333333333333,5.3,0.27,7.0,b'W',60.0,3.0,b'W',60.0,300.0,True
137429.0,72.0,2.0,65.6,155.9,27.0,92.7,171.33333333333334,63.333333333333336,4.6,0.59,2.0,b'W',20.0,5.397605346934028e-79,b'',,600.0,True
137432.0,70.0,2.0,63.1,155.6,26.1,82.2,100.0,63.66666666666666,4.8,0.79,7.0,b'W',60.0,5.397605346934028e-79,b'',,360.0,True
137434.0,17.0,2.0,57.6,163.6,21.5,70.7,102.0,66.66666666666667,4.5,0.34,,,,,,,,True
137435.0,44.0,1.0,62.1,164.2,23.0,81.4,104.33333333333331,62.66666666666666,5.5,0.69,2.0,b'M',30.0,5.397605346934028e-79,b'',,240.0,True
137436.0,80.0,1.0,88.3,184.2,26.0,111.3,129.0,62.0,6.0,1.52,2.0,b'W',15.0,5.397605346934028e-79,b'',,480.0,True
137438.0,65.0,2.0,61.4,158.8,24.3,95.1,129.66666666666666,66.66666666666667,5.8,9.31,3.0,b'M',30.0,5.397605346934028e-79,b'',,360.0,True
137439.0,46.0,2.0,63.0,169.6,21.9,84.3,127.66666666666669,90.66666666666669,5.3,0.65,2.0,b'W',45.0,3.0,b'W',45.0,360.0,True
137440.0,50.0,2.0,75.1,149.3,33.7,103.5,86.66666666666667,61.333333333333336,5.4,0.71,1.0,b'W',40.0,5.397605346934028e-79,b'',,540.0,True
137443.0,62.0,1.0,83.9,178.7,26.3,101.3,118.0,71.33333333333333,4.8,0.84,3.0,b'W',30.0,1.0,b'M',120.0,480.0,True
137444.0,77.0,2.0,66.9,154.6,28.0,,126.66666666666669,72.66666666666667,6.1,0.63,5.397605346934028e-79,b'',,5.397605346934028e-79,b'',,480.0,True
137446.0,57.0,2.0,94.3,167.8,33.5,106.2,104.66666666666669,76.33333333333333,5.5,16.73,3.0,b'W',30.0,1.0,b'W',15.0,300.0,True
137447.0,72.0,1.0,95.9,180.6,29.4,116.1,117.33333333333331,66.33333333333333,5.6,0.38,5.0,b'W',30.0,5.397605346934028e-79,b'',,360.0,True
137448.0,80.0,1.0,80.0,170.0,27.7,102.0,125.33333333333331,67.66666666666667,5.6,1.36,5.0,b'W',60.0,5.397605346934028e-79,b'',,300.0,True
137451.0,80.0,1.0,99.6,174.7,32.6,111.1,136.66666666666666,76.0,5.6,14.2,1.0,b'W',10.0,5.397605346934028e-79,b'',,600.0,True
137452.0,9.0,2.0,29.6,134.8,16.3,61.6,92.0,50.66666666666666,,0.99,,,,,,,,True
137455.0,76.0,1.0,79.6,163.4,29.8,116.5,153.33333333333334,78.66666666666667,6.0,0.6,3.0,b'W',60.0,5.397605346934028e-79,b'',,540.0,True
137456.0,3.0,1.0,17.6,107.8,15.1,50.8,,,,0.25,,,,,,,,True
137457.0,6.0,1.0,26.0,122.3,17.4,,,,,0.15,,,,,,,,True
137459.0,6.0,2.0,22.4,119.5,15.7,57.3,,,,1.68,,,,,,,,True
137461.0,61.0,2.0,56.8,158.5,22.6,77.3,114.33333333333331,71.0,5.6,0.73,4.0,b'W',30.0,5.397605346934028e-79,b'',,240.0,True
137462.0,73.0,1.0,86.9,177.9,27.5,95.4,124.33333333333331,70.66666666666667,6.1,1.67,3.0,b'W',120.0,2.0,b'W',20.0,240.0,True
137463.0,60.0,1.0,90.4,181.3,27.5,102.3,113.33333333333331,65.66666666666667,5.4,2.09,3.0,b'W',60.0,1.0,b'W',120.0,480.0,True
137464.0,33.0,1.0,122.7,177.6,38.9,127.7,108.66666666666669,80.33333333333333,5.0,2.63,5.0,b'W',60.0,5.397605346934028e-79,b'',,180.0,True
137465.0,80.0,2.0,71.9,149.3,32.3,,,,6.2,7.55,5.397605346934028e-79,b'',,5.397605346934028e-79,b'',,600.0,True
137468.0,31.0,2.0,128.1,162.5,48.5,137.0,110.33333333333331,82.0,5.4,3.92,1.0,b'M',45.0,5.397605346934028e-79,b'',,300.0,True
137472.0,41.0,2.0,73.5,161.6,28.1,93.0,99.66666666666669,60.66666666666666,5.3,4.71,5.397605346934028e-79,b'',,5.397605346934028e-79,b'',,540.0,True
137473.0,26.0,1.0,72.6,186.7,20.8,78.2,125.33333333333331,74.33333333333333,4.8,0.27,3.0,b'W',60.0,1.0,b'W',60.0,60.0,True
137474.0,64.0,1.0,67.7,162.5,25.6,99.4,142.66666666666666,74.0,6.9,2.94,5.397605346934028e-79,b'',,5.397605346934028e-79,b'',,20.0,True
137476.0,70.0,2.0,74.7,162.8,28.2,103.3,139.66666666666666,88.66666666666667,5.7,2.33,1.0,b'D',45.0,5.397605346934028e-79,b'',,360.0,True
137477.0,39.0,1.0,66.5,169.6,23.1,93.7,106.0,62.66666666666666,5.1,2.94,1.0,b'D',30.0,1.0,b'D',30.0,180.0,True
137478.0,73.0,1.0,88.0,180.2,27.1,103.8,120.66666666666669,66.66666666666667,5.6,0.67,7.0,b'W',75.0,3.0,b'W',30.0,240.0,True
137480.0,23.0,2.0,80.4,162.6,30.4,98.4,103.33333333333331,76.33333333333333,5.3,3.71,3.0,b'W',60.0,5.397605346934028e-79,b'',,480.0,True
137481.0,58.0,1.0,90.4,186.5,26.0,107.7,211.0,74.33333333333333,5.6,1.37,3.0,b'D',15.0,2.0,b'M',30.0,60.0,True
137482.0,38.0,2.0,105.8,167.0,37.9,117.7,109.0,78.66666666666667,5.4,6.4,5.0,b'W',60.0,7.0,b'W',180.0,240.0,True
137483.0,42.0,2.0,53.2,165.0,19.5,76.0,93.0,58.66666666666666,4.8,0.92,1.0,b'W',60.0,5.397605346934028e-79,b'',,480.0,True
137485.0,9.0,1.0,42.1,144.7,20.1,70.3,95.66666666666669,55.66666666666666,,1.18,,,,,,,,True
137488.0,29.0,1.0,95.7,182.2,28.8,97.2,156.66666666666666,100.0,5.6,3.92,3.0,b'W',60.0,1.0,b'W',60.0,300.0,True
137489.0,75.0,1.0,77.0,173.9,25.5,92.3,157.33333333333334,82.66666666666667,5.5,0.4,3.0,b'W',45.0,2.0,b'W',30.0,120.0,True
137493.0,31.0,2.0,153.3,163.4,57.4,133.3,111.66666666666669,79.33333333333333,5.6,64.0,5.0,b'W',90.0,3.0,b'W',30.0,300.0,True
137495.0,68.0,2.0,109.7,162.4,41.6,119.3,124.66666666666669,65.66666666666667,5.4,6.21,2.0,b'W',30.0,1.0,b'M',40.0,480.0,True
137497.0,68.0,2.0,74.2,156.6,30.3,,118.0,79.0,4.9,1.31,2.0,b'W',20.0,5.397605346934028e-79,b'',,360.0,True
137499.0,80.0,1.0,80.1,169.2,28.0,107.1,140.33333333333334,78.33333333333333,5.6,1.2,1.0,b'D',30.0,1.0,b'M',40.0,180.0,True
137500.0,75.0,2.0,78.0,154.2,32.8,103.0,150.66666666666666,65.0,5.9,2.33,4.0,b'W',120.0,5.397605346934028e-79,b'',,480.0,True
137501.0,35.0,2.0,78.0,160.0,30.5,90.7,112.0,77.66666666666667,5.1,5.5,3.0,b'W',30.0,3.0,b'W',30.0,180.0,True
137503.0,5.0,1.0,25.1,122.6,16.7,57.5,,,,3.13,,,,,,,,True
137504.0,63.0,2.0,99.4,159.8,38.9,115.2,103.0,59.66666666666666,5.7,9.12,2.0,b'W',60.0,5.397605346934028e-79,b'',,360.0,True
137508.0,79.0,1.0,81.0,169.9,28.1,113.7,168.0,68.33333333333333,7.4,2.25,5.397605346934028e-79,b'',,5.397605346934028e-79,b'',,720.0,True
137509.0,18.0,1.0,57.0,170.2,19.7,69.9,119.0,67.33333333333333,5.2,0.46,2.0,b'D',45.0,3.0,b'D',120.0,180.0,True
137510.0,80.0,2.0,54.4,159.3,21.4,80.4,150.66666666666666,72.33333333333333,5.8,1.26,1.0,b'D',60.0,5.397605346934028e-79,b'',,120.0,True
137511.0,74.0,1.0,124.8,186.3,36.0,130.8,111.0,67.0,6.2,2.06,2.0,b'W',15.0,5.397605346934028e-79,b'',,420.0,True
137512.0,69.0,2.0,96.3,160.3,37.5,122.8,122.33333333333331,78.0,7.7,2.27,5.397605346934028e-79,b'',,5.397605346934028e-79,b'',,600.0,True
137515.0,72.0,1.0,116.8,169.7,40.6,135.5,107.33333333333331,63.66666666666666,6.5,0.32,7.0,b'W',15.0,5.397605346934028e-79,b'',,180.0,True
137517.0,51.0,2.0,63.0,164.3,23.3,82.5,97.0,57.66666666666666,5.2,1.0,3.0,b'W',60.0,5.397605346934028e-79,b'',,240.0,True
137518.0,48.0,1.0,76.2,170.6,26.2,93.3,103.66666666666669,75.0,6.0,0.16,6.0,b'W',240.0,2.0,b'W',60.0,720.0,True
137519.0,33.0,1.0,134.1,179.6,41.6,130.4,120.0,81.0,5.8,48.01,5.397605346934028e-79,b'',,5.397605346934028e-79,b'',,720.0,True
137520.0,73.0,1.0,104.3,175.0,34.1,113.2,131.33333333333334,65.66666666666667,6.0,0.96,1.0,b'D',30.0,3.0,b'D',45.0,240.0,True
137523.0,56.0,1.0,119.9,167.5,42.7,133.4,116.0,63.66666666666666,5.7,3.93,3.0,b'W',120.0,5.397605346934028e-79,b'',,120.0,True
137524.0,15.0,2.0,56.4,159.6,22.1,75.2,96.66666666666669,61.0,5.5,0.11,,,,,,,,True
137525.0,13.0,1.0,75.0,165.4,27.4,94.9,107.0,65.66666666666667,5.2,0.19,,,,,,,,True
137526.0,45.0,2.0,141.7,167.9,50.3,143.3,113.33333333333331,79.0,6.2,16.25,1.0,b'M',120.0,5.397605346934028e-79,b'',,480.0,True
137527.0,52.0,1.0,,,,,114.33333333333331,71.0,5.7,1.85,2.0,b'W',30.0,1.0,b'M',30.0,720.0,True
137528.0,57.0,1.0,117.6,171.2,40.1,142.2,169.0,113.66666666666669,10.8,10.6,5.397605346934028e-79,b'',,5.397605346934028e-79,b'',,840.0,True
137530.0,53.0,2.0,63.2,161.4,24.3,93.3,,,5.8,0.34,7.0,b'W',120.0,7.0,b'W',60.0,120.0,True
137531.0,30.0,2.0,73.2,167.5,26.1,88.9,115.33333333333331,74.0,4.7,1.13,7.0,b'W',60.0,4.0,b'W',45.0,480.0,True
137532.0,43.0,2.0,74.1,179.5,23.0,87.8,125.0,81.0,5.1,0.81,5.0,b'W',60.0,5.0,b'W',60.0,120.0,True
137534.0,48.0,1.0,93.1,178.8,29.1,99.0,131.66666666666666,85.66666666666667,5.3,2.05,5.0,b'W',45.0,2.0,b'W',120.0,360.0,True
137535.0,58.0,2.0,78.0,160.5,30.3,91.0,158.0,99.33333333333331,17.1,11.93,2.0,b'D',60.0,2.0,b'M',60.0,720.0,True
137537.0,37.0,2.0,81.9,163.7,30.6,90.4,94.33333333333331,66.66666666666667,5.3,5.2,2.0,b'W',30.0,1.0,b'W',30.0,480.0,True
137538.0,3.0,1.0,14.1,97.8,14.7,,,,,0.11,,,,,,,,True
137541.0,74.0,2.0,70.0,151.3,30.6,110.0,131.33333333333334,71.33333333333333,5.7,0.41,2.0,b'W',120.0,5.397605346934028e-79,b'',,300.0,True
137544.0,75.0,2.0,71.5,154.6,29.9,98.6,159.33333333333334,71.0,5.5,2.02,5.397605346934028e-79,b'',,5.397605346934028e-79,b'',,120.0,True
137545.0,59.0,2.0,70.1,150.6,30.9,99.5,113.66666666666669,81.33333333333333,11.0,39.71,3.0,b'W',120.0,5.397605346934028e-79,b'',,180.0,True
137546.0,8.0,2.0,45.0,134.0,25.1,76.2,90.33333333333331,61.0,,1.29,,,,,,,,True
137547.0,61.0,1.0,100.6,174.5,33.0,105.0,130.0,78.33333333333333,5.3,0.68,2.0,b'D',15.0,5.0,b'W',90.0,300.0,True
137548.0,33.0,1.0,70.5,157.8,28.3,93.4,119.66666666666669,76.66666666666667,5.1,2.59,1.0,b'W',60.0,5.397605346934028e-79,b'',,60.0,True
137550.0,56.0,1.0,96.8,179.2,30.1,106.1,115.66666666666669,61.66666666666666,5.3,4.18,3.0,b'W',180.0,1.0,b'W',45.0,240.0,True
137551.0,61.0,2.0,96.6,163.7,36.0,108.4,127.33333333333331,75.66666666666667,5.9,1.54,5.0,b'W',30.0,5.397605346934028e-79,b'',,600.0,True
137552.0,64.0,1.0,89.1,175.7,28.9,108.3,109.0,69.0,6.8,0.68,4.0,b'W',45.0,5.397605346934028e-79,b'',,360.0,True
137556.0,7.0,2.0,24.3,127.6,14.9,53.0,,,,1.18,,,,,,,,True
137557.0,19.0,2.0,,,,,,,5.0,0.4,2.0,b'W',45.0,4.0,b'W',60.0,180.0,True
137558.0,9.0,1.0,27.4,138.3,14.3,59.5,99.0,71.33333333333333,,0.16,,,,,,,,True
137559.0,38.0,2.0,113.8,173.1,38.0,124.0,113.0,81.33333333333333,5.8,3.99,1.0,b'W',15.0,5.397605346934028e-79,b'',,720.0,True
137563.0,55.0,2.0,104.9,161.4,40.3,114.7,122.0,72.66666666666667,5.4,0.66,3.0,b'W',25.0,5.397605346934028e-79,b'',,840.0,True
137564.0,51.0,1.0,111.0,181.2,33.8,120.4,131.66666666666666,82.66666666666667,5.1,0.97,5.397605346934028e-79,b'',,5.397605346934028e-79,b'',,480.0,True
137566.0,19.0,2.0,44.7,159.6,17.5,64.4,105.0,72.0,5.2,1.54,2.0,b'W',120.0,5.397605346934028e-79,b'',,480.0,True
137567.0,36.0,2.0,85.3,162.7,32.2,109.7,114.66666666666669,71.0,5.3,0.87,5.397605346934028e-79,b'',,5.397605346934028e-79,b'',,180.0,True
137568.0,24.0,1.0,76.7,185.4,22.3,84.4,111.66666666666669,68.33333333333333,5.3,0.57,2.0,b'M',1.0,5.397605346934028e-79,b'',,120.0,True
137569.0,20.0,1.0,85.3,170.2,29.4,100.0,111.66666666666669,63.0,5.2,3.01,3.0,b'W',240.0,1.0,b'M',180.0,240.0,True
137571.0,72.0,1.0,90.6,168.1,32.1,110.8,124.66666666666669,69.33333333333333,5.9,3.53,1.0,b'D',20.0,5.0,b'M',60.0,120.0,True
137573.0,44.0,2.0,71.1,160.1,27.7,96.0,115.33333333333331,84.0,5.5,10.53,2.0,b'W',10.0,5.397605346934028e-79,b'',,360.0,True
137574.0,4.0,1.0,16.8,103.0,15.8,48.9,,,,0.27,,,,,,,,True
137575.0,76.0,2.0,46.4,145.4,21.9,76.4,165.0,93.66666666666669,5.8,1.29,7.0,b'W',60.0,1.0,b'W',5.0,60.0,True
137579.0,38.0,2.0,166.7,159.9,65.2,151.2,,,5.1,4.11,5.397605346934028e-79,b'',,5.397605346934028e-79,b'',,120.0,True
137580.0,23.0,2.0,77.8,165.5,28.4,94.6,105.66666666666669,74.33333333333333,5.2,2.98,3.0,b'W',45.0,1.0,b'M',60.0,480.0,True
137581.0,39.0,1.0,83.2,181.7,25.2,93.1,122.33333333333331,67.33333333333333,5.1,0.45,1.0,b'W',45.0,3.0,b'W',35.0,540.0,True
137582.0,18.0,2.0,83.4,168.3,29.4,91.7,107.66666666666669,73.33333333333333,5.2,3.7,5.0,b'W',60.0,2.0,b'W',20.0,360.0,True
137583.0,36.0,1.0,81.4,183.6,24.1,89.6,94.33333333333331,59.333333333333336,5.4,0.34,1.0,b'W',30.0,1.0,b'W',10.0,540.0,True
137585.0,63.0,2.0,66.7,171.5,22.7,84.5,118.66666666666669,72.33333333333333,5.4,1.03,4.0,b'W',45.0,2.0,b'W',45.0,240.0,True
137588.0,13.0,2.0,58.2,157.2,23.6,77.8,113.33333333333331,77.33333333333333,5.3,0.41,,,,,,,,True
137590.0,53.0,2.0,58.1,162.2,22.1,78.4,120.33333333333331,83.0,5.8,0.61,3.0,b'W',25.0,5.0,b'W',120.0,240.0,True
137591.0,10.0,1.0,28.3,136.2,15.3,59.1,100.0,57.333333333333336,,0.3,,,,,,,,True
137592.0,50.0,2.0,68.7,165.5,25.1,,132.0,82.0,5.2,0.82,1.0,b'W',60.0,5.397605346934028e-79,b'',,120.0,True
137593.0,42.0,2.0,86.2,174.1,28.4,93.7,103.33333333333331,71.33333333333333,5.3,2.86,3.0,b'W',40.0,2.0,b'M',20.0,300.0,True
137595.0,54.0,2.0,74.2,158.9,29.4,98.9,129.66666666666666,91.66666666666669,6.0,3.73,7.0,b'W',30.0,5.397605346934028e-79,b'',,180.0,True
137596.0,12.0,1.0,69.9,157.9,28.0,94.1,100.66666666666669,59.66666666666666,4.9,6.7,,,,,,,,True
137597.0,61.0,2.0,84.1,151.5,36.6,105.0,140.0,77.33333333333333,6.2,6.63,1.0,b'W',30.0,5.397605346934028e-79,b'',,240.0,True
137598.0,71.0,1.0,68.5,168.4,24.2,94.1,159.0,92.33333333333331,5.3,6.64,3.0,b'W',70.0,3.0,b'W',70.0,480.0,True
137600.0,5.0,1.0,21.2,110.9,17.2,54.8,,,,2.65,,,,,,,,True
137602.0,80.0,1.0,57.0,163.6,21.3,80.7,124.0,54.333333333333336,5.7,0.28,1.0,b'D',20.0,5.397605346934028e-79,b'',,360.0,True
137603.0,13.0,2.0,60.4,156.3,24.7,78.6,101.0,64.33333333333333,5.2,0.53,,,,,,,,True
137607.0,32.0,2.0,98.0,170.2,33.8,98.3,119.0,79.66666666666667,7.0,4.34,5.0,b'W',45.0,5.0,b'W',60.0,60.0,True
137608.0,17.0,2.0,63.2,169.3,22.0,80.5,101.66666666666669,64.0,5.0,1.07,,,,,,,,True
137610.0,59.0,1.0,73.2,165.5,26.7,99.5,155.33333333333334,84.66666666666667,9.1,2.48,5.397605346934028e-79,b'',,5.397605346934028e-79,b'',,240.0,True
137611.0,4.0,1.0,19.6,108.1,16.8,54.1,,,,0.48,,,,,,,,True
137613.0,63.0,2.0,83.7,151.4,36.5,110.6,119.66666666666669,78.0,5.4,1.84,7.0,b'W',15.0,5.397605346934028e-79,b'',,300.0,True
137614.0,34.0,2.0,76.8,151.2,33.6,99.8,106.33333333333331,70.33333333333333,5.5,1.62,2.0,b'W',120.0,1.0,b'W',120.0,180.0,True
137615.0,21.0,2.0,76.7,163.1,28.8,93.3,104.66666666666669,63.66666666666666,4.7,5.09,5.397605346934028e-79,b'',,5.397605346934028e-79,b'',,300.0,True
137617.0,33.0,2.0,75.3,165.3,27.6,88.3,129.66666666666666,102.0,4.9,2.91,1.0,b'W',30.0,1.0,b'M',30.0,300.0,True
137619.0,64.0,2.0,88.5,160.3,34.4,117.2,124.0,83.0,6.8,1.23,5.397605346934028e-79,b'',,5.397605346934028e-79,b'',,360.0,True
137622.0,11.0,2.0,64.4,165.7,23.5,76.7,110.66666666666669,62.333333333333336,,0.85,,,,,,,,True
137623.0,66.0,1.0,97.6,170.2,33.7,112.9,120.33333333333331,68.0,8.5,0.74,5.397605346934028e-79,b'',,5.397605346934028e-79,b'',,180.0,True
137625.0,63.0,2.0,95.0,159.8,37.2,111.0,127.33333333333331,84.0,5.8,3.46,1.0,b'D',120.0,2.0,b'M',60.0,180.0,True
137626.0,31.0,2.0,103.4,157.0,41.9,116.8,95.33333333333331,71.33333333333333,4.7,17.83,2.0,b'W',30.0,5.397605346934028e-79,b'',,480.0,True
137627.0,13.0,1.0,48.2,146.0,22.6,68.7,116.0,60.66666666666666,5.1,0.66,,,,,,,,True
137629.0,35.0,2.0,107.2,156.3,43.9,115.2,104.66666666666669,79.0,5.6,9.64,5.397605346934028e-79,b'',,5.397605346934028e-79,b'',,300.0,True
137631.0,13.0,2.0,48.9,157.9,19.6,73.5,97.66666666666669,51.66666666666666,5.2,0.54,,,,,,,,True
137632.0,46.0,1.0,84.2,176.5,27.0,94.0,111.66666666666669,75.0,5.8,0.51,7.0,b'W',30.0,5.397605346934028e-79,b'',,180.0,True
137634.0,68.0,1.0,77.9,171.3,26.5,111.1,79.66666666666667,52.0,6.1,9.47,5.0,b'W',30.0,5.397605346934028e-79,b'',,600.0,True
137635.0,75.0,2.0,82.3,165.6,30.0,96.7,140.66666666666666,83.66666666666667,5.3,2.9,1.0,b'D',120.0,5.397605346934028e-79,b'',,240.0,True
137641.0,15.0,2.0,47.8,152.4,20.6,72.2,103.0,70.33333333333333,4.9,0.22,,,,,,,,True
137643.0,44.0,2.0,90.1,154.9,37.6,110.5,112.33333333333331,84.33333333333333,5.0,6.34,3.0,b'W',35.0,1.0,b'M',15.0,60.0,True
137644.0,33.0,2.0,86.1,161.2,33.1,110.3,108.0,78.66666666666667,5.2,2.21,2.0,b'D',39.0,5.397605346934028e-79,b'',,240.0,True
137649.0,34.0,2.0,59.4,158.0,23.8,84.0,119.33333333333331,82.0,5.0,0.82,4.0,b'W',120.0,1.0,b'W',60.0,360.0,True
137650.0,28.0,1.0,94.2,184.7,27.6,98.0,116.0,64.0,4.9,0.46,4.0,b'W',60.0,1.0,b'Y',30.0,120.0,True
137651.0,51.0,1.0,78.5,176.1,25.3,93.6,108.0,71.0,5.5,1.15,1.0,b'W',60.0,1.0,b'M',30.0,180.0,True
137652.0,61.0,2.0,61.6,154.8,25.7,89.0,191.0,105.66666666666669,6.0,12.79,2.0,b'D',60.0,5.397605346934028e-79,b'',,120.0,True
137653.0,19.0,2.0,66.0,152.7,28.3,86.5,93.0,57.66666666666666,5.1,2.88,5.397605346934028e-79,b'',,5.397605346934028e-79,b'',,300.0,True
137654.0,69.0,1.0,90.1,176.9,28.8,111.0,127.33333333333331,82.33333333333333,5.6,0.45,4.0,b'M',240.0,5.397605346934028e-79,b'',,300.0,True
137655.0,48.0,1.0,65.7,168.7,23.1,82.6,137.33333333333334,83.33333333333333,5.5,1.21,1.0,b'D',30.0,1.0,b'D',15.0,180.0,True
137656.0,13.0,1.0,54.4,166.9,19.5,67.7,106.33333333333331,59.0,5.2,0.63,,,,,,,,True
137659.0,78.0,2.0,60.3,166.9,21.6,92.2,143.33333333333334,57.333333333333336,5.5,0.5,1.0,b'D',60.0,2.0,b'W',60.0,240.0,True
137662.0,62.0,2.0,106.5,154.3,44.7,119.4,137.66666666666666,77.0,6.2,30.27,5.397605346934028e-79,b'',,2.0,b'W',25.0,60.0,True
137663.0,29.0,1.0,68.6,177.1,21.9,79.1,128.66666666666666,64.33333333333333,4.9,0.86,3.0,b'W',60.0,1.0,b'W',60.0,420.0,True
137664.0,69.0,1.0,78.7,174.3,25.9,101.3,106.33333333333331,55.66666666666666,5.8,1.53,1.0,b'W',30.0,5.397605346934028e-79,b'',,540.0,True
137667.0,43.0,2.0,59.2,159.6,23.2,92.0,112.33333333333331,62.0,5.1,0.23,5.397605346934028e-79,b'',,5.397605346934028e-79,b'',,180.0,True
137668.0,50.0,1.0,149.4,188.4,42.1,133.3,129.0,79.66666666666667,5.8,7.45,2.0,b'M',30.0,5.397605346934028e-79,b'',,720.0,True
137670.0,63.0,2.0,53.5,148.1,24.4,89.7,184.0,91.33333333333331,5.1,0.41,5.397605346934028e-79,b'',,5.397605346934028e-79,b'',,240.0,True
137675.0,27.0,1.0,108.2,181.2,33.0,107.6,107.0,61.333333333333336,5.1,4.88,5.0,b'W',90.0,5.397605346934028e-79,b'',,240.0,True
137676.0,43.0,2.0,121.9,162.6,46.1,121.0,115.66666666666669,77.66666666666667,5.3,4.03,4.0,b'M',30.0,2.0,b'D',30.0,120.0,True
137680.0,74.0,2.0,59.3,160.9,22.9,86.5,126.0,64.33333333333333,5.3,0.9,5.0,b'W',30.0,1.0,b'M',60.0,240.0,True
137683.0,33.0,1.0,81.9,180.5,25.1,94.5,116.66666666666669,73.66666666666667,5.3,0.43,1.0,b'W',60.0,2.0,b'M',120.0,540.0,True
137684.0,11.0,1.0,40.3,157.8,16.2,60.1,108.66666666666669,59.333333333333336,,0.11,,,,,,,,True
137686.0,38.0,2.0,93.8,164.5,34.7,113.2,118.0,83.33333333333333,6.4,15.85,4.0,b'W',60.0,5.397605346934028e-79,b'',,540.0,True
137688.0,14.0,2.0,91.8,171.7,31.1,100.7,117.66666666666669,82.0,5.3,6.33,,,,,,,,True
137690.0,57.0,1.0,60.6,159.6,23.8,85.3,114.66666666666669,69.33333333333333,5.8,0.89,5.0,b'W',30.0,5.0,b'W',30.0,60.0,True
137694.0,17.0,2.0,63.8,153.8,27.0,,,,5.2,0.8,,,,,,,,True
137695.0,78.0,2.0,78.8,157.1,31.9,108.8,143.33333333333334,79.0,6.4,2.65,1.0,b'D',30.0,5.397605346934028e-79,b'',,240.0,True
137696.0,64.0,2.0,64.0,163.3,24.0,80.7,111.66666666666669,73.66666666666667,5.6,0.33,29.0,b'M',90.0,1.0,b'M',3.0,720.0,True
137698.0,65.0,2.0,68.1,149.4,30.5,94.9,128.33333333333334,72.0,5.7,3.68,5.397605346934028e-79,b'',,5.397605346934028e-79,b'',,240.0,True
137700.0,31.0,2.0,70.5,153.7,29.8,96.0,98.66666666666669,64.33333333333333,4.4,1.33,3.0,b'W',35.0,1.0,b'W',40.0,600.0,True
137701.0,60.0,2.0,81.6,157.1,33.1,104.7,117.33333333333331,82.33333333333333,7.7,2.62,2.0,b'W',60.0,5.397605346934028e-79,b'',,300.0,True
137702.0,46.0,1.0,84.6,181.0,25.8,100.9,135.66666666666666,86.0,5.8,0.64,5.397605346934028e-79,b'',,5.397605346934028e-79,b'',,360.0,True
137703.0,51.0,1.0,112.8,176.7,36.1,119.9,130.0,91.33333333333331,7.0,0.46,2.0,b'W',20.0,5.397605346934028e-79,b'',,240.0,True
137705.0,65.0,2.0,83.5,156.4,34.1,115.0,121.66666666666669,81.0,5.7,7.96,5.0,b'W',45.0,2.0,b'W',30.0,120.0,True
137706.0,58.0,2.0,135.7,159.8,53.1,163.3,124.33333333333331,71.0,5.9,11.22,5.397605346934028e-79,b'',,5.397605346934028e-79,b'',,720.0,True
137711.0,78.0,2.0,56.7,160.6,22.0,79.9,106.66666666666669,57.333333333333336,5.6,4.14,1.0,b'W',30.0,5.397605346934028e-79,b'',,240.0,True
137713.0,40.0,2.0,107.5,164.5,39.7,116.6,111.33333333333331,77.0,5.6,2.69,1.0,b'D',20.0,1.0,b'W',30.0,360.0,True
137715.0,8.0,1.0,28.5,132.9,16.1,57.5,97.33333333333331,49.0,,0.53,,,,,,,,True
137716.0,67.0,1.0,76.4,167.6,27.2,,122.0,59.333333333333336,7.6,0.85,5.397605346934028e-79,b'',,5.397605346934028e-79,b'',,1080.0,True
137718.0,60.0,2.0,79.6,162.0,30.3,96.9,112.33333333333331,82.0,5.3,2.59,4.0,b'D',15.0,5.397605346934028e-79,b'',,600.0,True
137721.0,78.0,2.0,66.2,163.5,24.8,97.5,151.66666666666666,68.66666666666667,4.4,1.04,5.397605346934028e-79,b'',,5.397605346934028e-79,b'',,360.0,True
137722.0,33.0,2.0,80.2,174.3,26.4,87.6,105.0,77.66666666666667,5.0,0.79,5.0,b'W',60.0,3.0,b'W',45.0,240.0,True
137723.0,60.0,2.0,52.4,162.9,19.7,76.0,117.66666666666669,61.0,5.5,3.74,5.0,b'W',30.0,2.0,b'W',60.0,300.0,True
137724.0,3.0,1.0,16.2,93.5,18.5,52.7,,,,0.15,,,,,,,,True
137725.0,44.0,2.0,53.8,159.9,21.0,77.1,94.66666666666669,61.333333333333336,5.3,1.15,3.0,b'W',60.0,5.397605346934028e-79,b'',,360.0,True
137726.0,57.0,2.0,105.9,155.2,44.0,104.9,140.0,90.66666666666669,8.2,13.8,5.397605346934028e-79,b'',,5.397605346934028e-79,b'',,4.0,True
137729.0,68.0,2.0,90.1,159.8,35.3,117.2,115.66666666666669,56.0,6.0,2.41,5.397605346934028e-79,b'',,5.397605346934028e-79,b'',,300.0,True
137730.0,34.0,2.0,105.5,172.9,35.3,125.4,120.66666666666669,84.33333333333333,5.4,12.44,3.0,b'W',90.0,5.397605346934028e-79,b'',,480.0,True
137736.0,66.0,1.0,129.5,175.0,42.3,134.4,122.0,78.66666666666667,6.6,0.46,1.0,b'W',30.0,5.397605346934028e-79,b'',,720.0,True
137737.0,73.0,2.0,84.2,175.8,27.2,99.5,120.66666666666669,73.33333333333333,5.4,1.07,5.397605346934028e-79,b'',,5.397605346934028e-79,b'',,720.0,True
137738.0,67.0,1.0,74.9,175.3,24.4,99.3,155.33333333333334,87.66666666666667,5.7,1.11,5.397605346934028e-79,b'',,5.397605346934028e-79,b'',,720.0,True
137740.0,28.0,2.0,91.7,159.5,36.0,114.6,114.33333333333331,82.66666666666667,5.4,8.47,5.397605346934028e-79,b'',,5.397605346934028e-79,b'',,660.0,True
137742.0,55.0,1.0,52.1,169.3,18.2,82.9,97.66666666666669,64.0,7.7,1.8,5.397605346934028e-79,b'',,5.397605346934028e-79,b'',,240.0,True
137743.0,8.0,1.0,28.0,127.3,17.3,60.7,91.0,49.66666666666666,,0.15,,,,,,,,True
137744.0,13.0,1.0,46.5,149.9,20.7,73.6,95.66666666666669,63.66666666666666,5.5,0.11,,,,,,,,True
137745.0,80.0,1.0,71.0,162.5,26.9,90.0,172.0,90.0,4.6,1.28,5.0,b'W',30.0,4.0,b'W',9999.0,120.0,True
137747.0,65.0,2.0,87.5,162.4,33.2,114.3,102.66666666666669,64.33333333333333,8.5,2.24,15.0,b'M',120.0,1.0,b'M',120.0,180.0,True
137748.0,42.0,2.0,120.6,163.0,45.4,130.7,102.33333333333331,70.66666666666667,5.4,16.28,1.0,b'M',60.0,5.397605346934028e-79,b'',,420.0,True
137749.0,19.0,2.0,43.9,153.5,18.6,65.5,93.33333333333331,55.66666666666666,5.6,3.18,3.0,b'W',60.0,2.0,b'M',30.0,360.0,True
137751.0,14.0,1.0,61.5,173.3,20.5,73.3,125.0,70.66666666666667,5.0,0.7,,,,,,,,True
137752.0,61.0,2.0,77.3,150.4,34.2,110.2,105.66666666666669,69.33333333333333,5.7,81.9,5.0,b'W',120.0,5.397605346934028e-79,b'',,120.0,True
137756.0,51.0,1.0,73.4,163.4,27.5,100.4,111.0,69.33333333333333,5.8,1.23,2.0,b'W',30.0,1.0,b'W',90.0,720.0,True
137757.0,23.0,2.0,51.7,160.5,20.1,71.6,97.33333333333331,64.66666666666667,4.9,0.88,4.0,b'W',60.0,2.0,b'W',30.0,120.0,True
137760.0,20.0,1.0,117.6,175.8,38.1,122.6,108.0,67.0,5.2,16.22,2.0,b'W',240.0,5.397605346934028e-79,b'',,360.0,True
137764.0,7.0,1.0,29.5,122.8,19.6,65.7,,,,17.32,,,,,,,,True
137765.0,43.0,1.0,138.0,192.7,37.2,122.8,119.66666666666669,87.33333333333333,7.1,10.0,3.0,b'W',240.0,5.397605346934028e-79,b'',,240.0,True
137767.0,18.0,1.0,66.0,161.0,25.5,86.0,121.33333333333331,74.33333333333333,5.0,3.04,1.0,b'D',60.0,2.0,b'W',30.0,300.0,True
137768.0,44.0,1.0,124.8,180.4,38.3,129.0,100.66666666666669,65.66666666666667,5.4,8.06,1.0,b'W',30.0,6.0,b'Y',60.0,600.0,True
137771.0,78.0,2.0,67.7,164.7,25.0,91.0,90.0,50.66666666666666,5.3,1.36,5.397605346934028e-79,b'',,5.397605346934028e-79,b'',,360.0,True
137772.0,9.0,1.0,23.1,124.3,15.0,55.9,95.66666666666669,61.66666666666666,,0.45,,,,,,,,True
137774.0,48.0,1.0,94.8,176.7,30.4,99.3,109.66666666666669,60.0,5.7,1.32,3.0,b'W',45.0,4.0,b'W',60.0,180.0,True
137777.0,43.0,2.0,74.5,160.8,28.8,86.4,125.33333333333331,87.33333333333333,5.5,1.6,5.397605346934028e-79,b'',,5.397605346934028e-79,b'',,480.0,True
137781.0,44.0,1.0,71.8,155.3,29.8,94.0,115.66666666666669,74.0,5.9,1.5,4.0,b'W',120.0,5.397605346934028e-79,b'',,240.0,True
137784.0,27.0,1.0,74.4,169.7,25.8,82.5,114.0,64.0,5.0,0.58,3.0,b'W',30.0,2.0,b'W',30.0,720.0,True
137785.0,10.0,2.0,39.6,142.7,19.4,71.8,103.0,50.333333333333336,,0.59,,,,,,,,True
137787.0,44.0,1.0,73.5,167.5,26.2,92.2,123.66666666666669,82.0,5.5,2.14,7.0,b'W',180.0,2.0,b'W',120.0,360.0,True
137788.0,79.0,2.0,54.1,149.5,24.2,84.3,118.66666666666669,64.33333333333333,6.2,0.7,7.0,b'W',60.0,5.397605346934028e-79,b'',,180.0,True
137789.0,67.0,1.0,129.5,181.1,39.5,134.3,191.33333333333331,104.0,5.3,1.59,4.0,b'W',120.0,2.0,b'W',180.0,480.0,True
137790.0,66.0,2.0,98.2,151.4,42.8,125.0,111.0,65.0,8.5,7.75,2.0,b'W',15.0,5.397605346934028e-79,b'',,120.0,True
137791.0,55.0,1.0,81.6,173.3,27.2,97.9,123.66666666666669,73.0,5.5,8.01,2.0,b'W',45.0,5.397605346934028e-79,b'',,240.0,True
137793.0,67.0,1.0,91.5,169.0,32.0,105.6,131.0,81.0,5.6,5.5,5.0,b'W',40.0,5.0,b'W',45.0,360.0,True
137794.0,80.0,1.0,75.5,166.8,27.1,93.7,157.0,66.0,5.7,1.46,7.0,b'W',480.0,7.0,b'W',300.0,240.0,True
137795.0,3.0,2.0,16.4,104.0,15.2,49.8,,,,0.41,,,,,,,,True
137796.0,10.0,1.0,39.4,128.9,23.7,76.3,105.33333333333331,68.33333333333333,,1.05,,,,,,,,True
137797.0,15.0,1.0,62.6,173.1,20.9,76.5,116.33333333333331,68.0,5.7,0.3,,,,,,,,True
137798.0,72.0,1.0,136.0,177.7,43.1,132.9,121.66666666666669,64.0,6.1,0.56,2.0,b'W',45.0,2.0,b'W',120.0,480.0,True
137799.0,66.0,2.0,89.2,155.4,36.9,111.8,118.66666666666669,66.0,6.0,42.62,5.397605346934028e-79,b'',,5.397605346934028e-79,b'',,600.0,True
137800.0,34.0,1.0,82.6,172.9,27.6,99.5,118.33333333333331,79.33333333333333,5.8,0.98,6.0,b'W',60.0,4.0,b'W',30.0,300.0,True
137801.0,68.0,1.0,84.8,169.2,29.6,111.4,139.33333333333334,90.0,6.6,7.47,3.0,b'W',30.0,2.0,b'W',10.0,360.0,True
137803.0,51.0,2.0,61.7,166.9,22.1,82.0,95.33333333333331,63.0,5.6,0.24,2.0,b'W',45.0,1.0,b'W',45.0,660.0,True
137804.0,49.0,2.0,87.2,161.4,33.5,109.4,106.66666666666669,64.0,5.4,5.04,2.0,b'W',120.0,5.397605346934028e-79,b'',,60.0,True
137805.0,8.0,2.0,30.6,137.3,16.2,,99.33333333333331,59.333333333333336,,0.21,,,,,,,,True
137806.0,16.0,1.0,79.5,175.6,25.8,84.0,111.33333333333331,55.333333333333336,5.1,0.62,,,,,,,,True
137808.0,66.0,2.0,47.4,160.8,18.3,70.2,103.33333333333331,60.66666666666666,5.8,1.32,3.0,b'W',40.0,5.397605346934028e-79,b'',,300.0,True
137809.0,32.0,2.0,60.1,161.9,22.9,78.4,103.0,77.0,5.4,0.87,2.0,b'D',60.0,1.0,b'W',60.0,240.0,True
137810.0,43.0,2.0,101.2,160.4,39.3,118.1,121.0,88.0,6.0,4.21,1.0,b'W',40.0,1.0,b'M',25.0,180.0,True
137811.0,12.0,2.0,36.2,154.2,15.2,57.0,,,5.6,0.11,,,,,,,,True
137812.0,33.0,2.0,91.1,169.0,31.9,107.9,108.33333333333331,73.33333333333333,5.3,2.81,1.0,b'W',60.0,1.0,b'W',60.0,480.0,True
137814.0,38.0,2.0,85.2,151.7,37.0,99.3,111.66666666666669,71.33333333333333,5.3,3.05,7.0,b'W',60.0,7.0,b'W',60.0,240.0,True
137815.0,48.0,2.0,93.4,158.1,37.4,121.8,158.0,116.33333333333331,5.9,1.52,5.397605346934028e-79,b'',,5.397605346934028e-79,b'',,120.0,True
137816.0,46.0,1.0,91.5,181.5,27.8,100.5,113.33333333333331,79.66666666666667,5.5,1.4,3.0,b'W',30.0,5.0,b'M',20.0,480.0,True
137817.0,80.0,2.0,83.2,159.3,32.8,107.7,114.33333333333331,56.333333333333336,6.6,0.29,1.0,b'W',30.0,5.397605346934028e-79,b'',,90.0,True
137818.0,46.0,2.0,63.6,171.6,21.6,85.9,112.0,68.0,5.0,0.74,3.0,b'W',30.0,5.397605346934028e-79,b'',,180.0,True
137822.0,72.0,1.0,98.2,174.9,32.1,116.0,129.66666666666666,73.33333333333333,6.0,3.42,5.397605346934028e-79,b'',,5.397605346934028e-79,b'',,360.0,True
137823.0,69.0,2.0,81.2,149.1,36.5,115.9,103.66666666666669,76.0,5.9,6.66,3.0,b'W',60.0,5.397605346934028e-79,b'',,300.0,True
137824.0,23.0,2.0,97.9,158.5,39.0,124.1,88.33333333333333,56.333333333333336,5.3,7.06,2.0,b'M',30.0,1.0,b'M',10.0,300.0,True
137829.0,40.0,2.0,73.6,159.2,29.0,101.1,102.66666666666669,76.33333333333333,5.1,6.05,5.0,b'W',30.0,1.0,b'W',1.0,360.0,True
137831.0,64.0,2.0,64.4,160.2,25.1,81.2,132.66666666666666,84.66666666666667,5.5,0.84,2.0,b'W',45.0,2.0,b'W',15.0,360.0,True
137832.0,67.0,2.0,79.8,168.1,28.2,104.5,105.66666666666669,60.333333333333336,5.3,2.49,5.0,b'W',45.0,5.397605346934028e-79,b'',,600.0,True
137833.0,17.0,2.0,109.8,178.4,34.5,122.3,102.66666666666669,68.0,5.0,6.25,,,,,,,,True
137834.0,61.0,1.0,87.7,178.3,27.6,107.0,156.0,88.66666666666667,5.7,3.69,5.397605346934028e-79,b'',,5.397605346934028e-79,b'',,120.0,True
137838.0,29.0,1.0,164.7,184.3,48.5,148.0,106.66666666666669,67.0,6.2,104.21,5.397605346934028e-79,b'',,5.397605346934028e-79,b'',,60.0,True
137840.0,40.0,2.0,95.4,157.2,38.6,119.5,156.33333333333334,102.66666666666669,9.3,6.86,4.0,b'W',60.0,1.0,b'W',60.0,180.0,True
137841.0,80.0,2.0,83.3,162.5,31.5,111.7,112.0,71.0,5.5,4.05,5.397605346934028e-79,b'',,5.397605346934028e-79,b'',,360.0,True
137843.0,21.0,1.0,81.0,180.0,25.0,85.5,111.33333333333331,61.333333333333336,4.8,0.54,5.0,b'W',150.0,5.0,b'W',75.0,660.0,True
137844.0,79.0,1.0,82.4,164.9,30.3,112.3,149.33333333333334,62.0,7.1,3.9,5.397605346934028e-79,b'',,3.0,b'W',45.0,360.0,True
137845.0,49.0,2.0,99.3,168.4,35.0,111.4,106.0,74.66666666666667,5.3,1.43,5.397605346934028e-79,b'',,5.397605346934028e-79,b'',,180.0,True
137846.0,47.0,1.0,121.7,177.7,38.5,123.3,120.66666666666669,79.0,6.3,3.86,5.0,b'M',60.0,5.397605346934028e-79,b'',,1200.0,True
137848.0,18.0,2.0,66.9,172.2,22.6,70.9,122.0,64.33333333333333,5.0,0.33,3.0,b'W',60.0,3.0,b'W',105.0,300.0,True
137849.0,24.0,1.0,64.3,179.5,20.0,79.8,111.33333333333331,63.66666666666666,4.9,0.41,1.0,b'W',60.0,5.397605346934028e-79,b'',,240.0,True
137850.0,66.0,2.0,61.4,158.3,24.5,91.1,135.0,86.0,5.5,2.31,5.397605346934028e-79,b'',,5.397605346934028e-79,b'',,360.0,True
137851.0,33.0,2.0,61.1,168.7,21.5,85.2,93.0,48.66666666666666,4.9,0.7,7.0,b'D',30.0,5.397605346934028e-79,b'',,240.0,True
137852.0,75.0,2.0,74.0,156.8,30.1,99.1,124.0,73.0,6.2,3.48,2.0,b'W',30.0,5.397605346934028e-79,b'',,300.0,True
137853.0,57.0,2.0,61.3,150.5,27.1,86.7,155.0,90.33333333333331,5.8,2.61,3.0,b'W',60.0,5.397605346934028e-79,b'',,360.0,True
137856.0,18.0,2.0,46.3,150.3,20.5,65.6,102.0,58.333333333333336,5.3,0.37,2.0,b'W',60.0,1.0,b'W',60.0,600.0,True
137858.0,54.0,2.0,92.3,161.9,35.2,116.0,98.33333333333331,69.33333333333333,5.6,4.57,5.397605346934028e-79,b'',,5.397605346934028e-79,b'',,600.0,True
137860.0,67.0,2.0,71.4,159.7,28.0,83.0,120.66666666666669,74.0,6.0,0.69,4.0,b'W',35.0,2.0,b'M',30.0,300.0,True
137861.0,12.0,2.0,48.4,158.5,19.3,66.9,93.66666666666669,55.0,5.7,0.7,,,,,,,,True
137862.0,36.0,1.0,88.6,174.4,29.1,101.6,128.66666666666666,78.66666666666667,5.2,0.75,2.0,b'W',45.0,5.0,b'W',60.0,840.0,True
137863.0,75.0,2.0,79.2,162.2,30.1,110.5,105.0,57.333333333333336,5.5,3.5,5.397605346934028e-79,b'',,5.397605346934028e-79,b'',,720.0,True
137865.0,32.0,1.0,83.7,178.6,26.2,91.4,106.0,66.66666666666667,5.4,1.99,5.397605346934028e-79,b'',,5.397605346934028e-79,b'',,30.0,True
137867.0,15.0,2.0,48.2,151.4,21.0,70.2,94.66666666666669,61.0,5.1,0.11,,,,,,,,True
137868.0,6.0,2.0,19.9,111.8,15.9,53.8,,,,3.46,,,,,,,,True
137869.0,18.0,2.0,59.0,151.1,25.8,80.8,96.0,58.66666666666666,4.9,2.38,2.0,b'W',60.0,2.0,b'Y',60.0,420.0,True
137870.0,46.0,1.0,77.4,170.9,26.5,88.5,119.33333333333331,79.33333333333333,5.6,1.04,3.0,b'W',120.0,3.0,b'W',60.0,480.0,True
137871.0,20.0,2.0,77.2,171.0,26.4,90.7,101.0,60.333333333333336,5.4,0.72,4.0,b'W',120.0,5.397605346934028e-79,b'',,240.0,True
137873.0,73.0,2.0,72.1,158.8,28.6,90.5,134.0,81.0,5.8,0.57,2.0,b'D',30.0,4.0,b'W',60.0,180.0,True
137874.0,14.0,1.0,71.2,180.0,22.0,82.7,101.33333333333331,61.333333333333336,5.3,0.76,,,,,,,,True
137875.0,80.0,1.0,75.6,167.0,27.1,,123.66666666666669,74.33333333333333,6.0,0.39,3.0,b'W',120.0,5.397605346934028e-79,b'',,720.0,True
137876.0,80.0,2.0,79.1,162.3,30.0,107.7,169.0,80.33333333333333,5.7,1.49,5.397605346934028e-79,b'',,5.397605346934028e-79,b'',,600.0,True
137877.0,30.0,1.0,62.7,176.0,20.2,72.8,112.33333333333331,71.33333333333333,5.1,0.89,3.0,b'M',120.0,2.0,b'M',180.0,240.0,True
137879.0,54.0,2.0,78.2,173.3,26.0,102.1,120.66666666666669,87.33333333333333,5.3,0.42,5.0,b'W',90.0,1.0,b'W',30.0,360.0,True
137881.0,63.0,2.0,106.5,172.7,35.7,118.9,122.0,82.66666666666667,5.5,3.02,5.397605346934028e-79,b'',,5.397605346934028e-79,b'',,180.0,True
137882.0,62.0,1.0,99.0,174.3,32.6,113.0,123.33333333333331,72.66666666666667,5.3,0.7,5.0,b'W',120.0,1.0,b'W',150.0,300.0,True
137883.0,74.0,2.0,90.8,160.9,35.1,120.2,121.0,71.33333333333333,7.7,2.84,1.0,b'D',20.0,5.397605346934028e-79,b'',,300.0,True
137884.0,60.0,1.0,89.5,175.9,28.9,,114.0,74.33333333333333,5.5,0.58,7.0,b'W',45.0,4.0,b'W',60.0,180.0,True
137885.0,74.0,1.0,55.9,154.7,23.4,86.0,162.66666666666666,91.33333333333331,5.4,1.29,3.0,b'W',60.0,2.0,b'M',60.0,300.0,True
137886.0,67.0,2.0,47.7,153.7,20.2,73.2,171.33333333333334,73.66666666666667,5.2,0.27,1.0,b'W',45.0,5.397605346934028e-79,b'',,240.0,True
137887.0,8.0,1.0,27.5,130.8,16.1,58.7,100.66666666666669,51.66666666666666,,0.41,,,,,,,,True
137888.0,45.0,1.0,98.3,175.2,32.0,117.3,133.33333333333334,85.0,6.0,3.57,5.397605346934028e-79,b'',,5.397605346934028e-79,b'',,240.0,True
137889.0,34.0,2.0,113.2,157.4,45.7,133.8,,,5.5,8.44,4.0,b'W',20.0,5.397605346934028e-79,b'',,300.0,True
137890.0,44.0,2.0,57.6,160.9,22.2,84.7,99.33333333333331,71.0,5.4,1.87,1.0,b'D',45.0,3.0,b'D',30.0,360.0,True
137891.0,29.0,2.0,94.5,169.1,33.0,98.8,112.33333333333331,75.33333333333333,5.0,4.1,1.0,b'W',120.0,1.0,b'W',60.0,240.0,True
137892.0,51.0,2.0,69.5,165.1,25.5,94.3,111.0,65.33333333333333,5.4,3.2,5.397605346934028e-79,b'',,5.397605346934028e-79,b'',,120.0,True
137893.0,60.0,1.0,115.7,189.3,32.3,117.3,140.33333333333334,92.33333333333331,5.3,6.87,2.0,b'W',180.0,2.0,b'W',60.0,240.0,True
137894.0,72.0,1.0,92.7,175.6,30.1,111.1,129.66666666666666,79.66666666666667,5.5,1.04,3.0,b'W',30.0,1.0,b'W',30.0,360.0,True
137895.0,35.0,1.0,83.3,187.1,23.8,85.3,111.66666666666669,67.33333333333333,5.1,0.61,5.0,b'W',60.0,3.0,b'W',45.0,540.0,True
137900.0,40.0,2.0,77.7,157.3,31.4,94.8,118.0,77.66666666666667,5.7,1.02,2.0,b'W',90.0,2.0,b'W',90.0,300.0,True
137901.0,34.0,1.0,79.6,174.9,26.0,91.3,143.33333333333334,97.33333333333331,4.9,0.94,3.0,b'W',35.0,1.0,b'W',120.0,480.0,True
137903.0,18.0,1.0,90.9,190.6,25.0,86.8,111.66666666666669,70.0,5.0,0.31,3.0,b'W',120.0,2.0,b'M',180.0,300.0,True
137905.0,35.0,2.0,56.6,164.6,20.9,75.9,119.66666666666669,66.66666666666667,5.3,2.1,5.0,b'W',30.0,1.0,b'W',30.0,420.0,True
137906.0,80.0,2.0,58.4,144.0,28.2,87.8,142.33333333333334,73.33333333333333,5.6,2.43,5.397605346934028e-79,b'',,5.397605346934028e-79,b'',,420.0,True
137909.0,40.0,2.0,122.5,154.0,51.7,135.7,119.66666666666669,76.66666666666667,5.3,4.64,1.0,b'M',60.0,5.397605346934028e-79,b'',,480.0,True
137910.0,73.0,1.0,139.7,174.0,46.1,143.6,131.66666666666666,75.33333333333333,5.5,5.03,2.0,b'W',60.0,5.397605346934028e-79,b'',,240.0,True
137911.0,80.0,2.0,55.1,142.9,27.0,,,,5.6,0.68,1.0,b'D',15.0,5.397605346934028e-79,b'',,600.0,True
137913.0,9.0,2.0,79.3,142.7,38.9,112.0,103.33333333333331,68.66666666666667,,3.3,,,,,,,,True
137914.0,67.0,1.0,98.4,180.9,30.1,109.3,119.33333333333331,63.66666666666666,5.9,5.27,2.0,b'W',120.0,5.397605346934028e-79,b'',,480.0,True
137923.0,7.0,2.0,25.2,127.5,15.5,57.0,,,,0.36,,,,,,,,True
137924.0,5.0,2.0,23.5,112.6,18.5,58.6,,,,0.23,,,,,,,,True
137926.0,63.0,2.0,56.5,158.5,22.5,79.3,105.0,54.66666666666666,5.5,0.67,2.0,b'W',60.0,5.397605346934028e-79,b'',,600.0,True
137927.0,6.0,2.0,18.0,111.4,14.5,49.5,,,,0.51,,,,,,,,True
137928.0,34.0,2.0,125.8,160.4,48.9,136.4,122.0,87.33333333333333,5.9,6.67,3.0,b'W',90.0,3.0,b'W',7777.0,180.0,True
137932.0,59.0,2.0,58.4,162.9,22.0,91.3,112.66666666666669,73.66666666666667,5.8,1.4,1.0,b'D',180.0,5.397605346934028e-79,b'',,180.0,True
137933.0,13.0,2.0,64.4,162.3,24.4,80.0,109.66666666666669,62.333333333333336,5.4,0.87,,,,,,,,True
137934.0,67.0,1.0,91.3,180.7,28.0,112.3,140.33333333333334,87.0,9.6,1.65,3.0,b'W',30.0,5.397605346934028e-79,b'',,300.0,True
137936.0,72.0,2.0,46.3,155.7,19.1,74.7,141.0,76.66666666666667,5.5,0.5,1.0,b'D',30.0,5.397605346934028e-79,b'',,9999.0,True
137937.0,37.0,2.0,51.3,164.0,19.1,71.6,112.33333333333331,74.0,5.5,0.76,4.0,b'W',120.0,2.0,b'W',120.0,120.0,True
137939.0,34.0,1.0,51.2,176.1,16.5,66.0,101.33333333333331,70.0,5.4,0.72,2.0,b'W',30.0,5.397605346934028e-79,b'',,180.0,True
137942.0,71.0,2.0,91.4,158.2,36.5,110.9,103.0,61.0,5.3,3.85,2.0,b'M',30.0,5.397605346934028e-79,b'',,480.0,True
137943.0,32.0,1.0,85.4,177.2,27.2,86.6,120.33333333333331,63.0,5.2,0.89,5.0,b'W',120.0,5.0,b'W',120.0,480.0,True
137947.0,64.0,1.0,73.3,154.2,30.8,99.0,137.66666666666666,81.66666666666667,5.6,1.27,7.0,b'W',9999.0,84.0,b'Y',60.0,120.0,True
137948.0,53.0,1.0,94.8,180.2,29.2,100.8,93.33333333333331,64.33333333333333,5.4,4.93,5.0,b'D',30.0,1.0,b'D',90.0,360.0,True
137949.0,63.0,1.0,86.4,185.3,25.2,94.5,122.66666666666669,79.0,5.2,0.56,3.0,b'W',60.0,1.0,b'W',20.0,120.0,True
137950.0,50.0,2.0,64.4,160.7,24.9,89.3,121.33333333333331,73.33333333333333,4.9,0.84,5.397605346934028e-79,b'',,5.397605346934028e-79,b'',,720.0,True
137953.0,65.0,2.0,72.2,159.1,28.5,90.0,158.33333333333334,81.0,5.5,9.44,2.0,b'M',60.0,5.397605346934028e-79,b'',,600.0,True
137954.0,12.0,1.0,52.8,163.9,19.7,75.0,119.0,65.0,5.4,0.42,,,,,,,,True
137955.0,41.0,2.0,50.3,164.1,18.7,,107.66666666666669,69.0,5.0,0.36,2.0,b'W',20.0,5.397605346934028e-79,b'',,180.0,True
137962.0,72.0,2.0,71.1,155.3,29.5,105.5,144.33333333333334,77.33333333333333,5.9,0.8,5.397605346934028e-79,b'',,5.397605346934028e-79,b'',,720.0,True
137963.0,71.0,1.0,54.0,174.1,17.8,80.1,79.66666666666667,46.333333333333336,5.7,150.92,1.0,b'D',300.0,7.0,b'W',240.0,240.0,True
137964.0,12.0,2.0,52.8,164.5,19.5,66.5,86.33333333333333,44.66666666666666,5.3,0.11,,,,,,,,True
137965.0,53.0,2.0,91.5,157.9,36.7,109.0,117.66666666666669,75.33333333333333,4.6,3.14,5.0,b'W',30.0,2.0,b'W',60.0,840.0,True
137967.0,71.0,1.0,73.9,183.7,21.9,87.7,109.0,68.66666666666667,4.8,5.1,5.0,b'W',60.0,5.397605346934028e-79,b'',,360.0,True
137970.0,37.0,2.0,76.0,169.0,26.6,90.0,116.66666666666669,73.0,5.4,6.02,3.0,b'W',45.0,2.0,b'W',45.0,360.0,True
137971.0,9.0,1.0,44.9,138.6,23.4,80.9,94.66666666666669,56.0,,4.07,,,,,,,,True
137972.0,58.0,1.0,102.8,184.5,30.2,110.8,114.33333333333331,70.33333333333333,4.6,1.33,3.0,b'W',60.0,5.397605346934028e-79,b'',,420.0,True
137974.0,37.0,2.0,59.0,160.7,22.8,85.3,102.66666666666669,62.66666666666666,5.4,1.71,1.0,b'W',30.0,5.397605346934028e-79,b'',,90.0,True
137975.0,15.0,2.0,50.4,160.3,19.6,72.8,109.33333333333331,69.66666666666667,5.0,0.27,,,,,,,,True
137976.0,67.0,1.0,78.9,172.1,26.6,96.1,134.66666666666666,89.0,5.5,3.23,1.0,b'W',30.0,3.0,b'W',180.0,240.0,True
137977.0,67.0,2.0,82.6,166.7,29.7,102.6,123.0,73.0,6.2,7.78,2.0,b'W',120.0,1.0,b'M',120.0,180.0,True
137979.0,44.0,1.0,100.8,163.9,37.5,112.7,128.33333333333334,72.33333333333333,5.9,2.29,5.397605346934028e-79,b'',,5.397605346934028e-79,b'',,180.0,True
137981.0,13.0,1.0,63.3,175.1,20.6,71.8,106.66666666666669,52.0,5.5,0.21,,,,,,,,True
137982.0,62.0,2.0,91.5,149.2,41.1,122.9,118.66666666666669,67.0,6.9,1.81,3.0,b'W',60.0,5.397605346934028e-79,b'',,480.0,True
137985.0,74.0,2.0,82.0,168.4,28.9,105.6,166.0,59.0,5.6,1.27,5.0,b'W',60.0,5.397605346934028e-79,b'',,240.0,True
137988.0,74.0,2.0,55.4,154.8,23.1,79.7,121.0,70.0,5.4,0.77,4.0,b'W',90.0,5.397605346934028e-79,b'',,300.0,True
137990.0,45.0,2.0,100.9,168.4,35.6,122.2,136.0,104.0,5.5,26.46,4.0,b'W',60.0,5.397605346934028e-79,b'',,540.0,True
137991.0,60.0,2.0,74.3,158.2,29.7,104.2,106.0,69.0,5.6,4.42,3.0,b'W',60.0,5.397605346934028e-79,b'',,660.0,True
137992.0,67.0,1.0,78.9,173.7,26.2,95.1,125.66666666666669,77.0,5.5,1.56,6.0,b'W',40.0,1.0,b'W',10.0,420.0,True
137993.0,10.0,2.0,28.8,131.8,16.6,63.9,111.33333333333331,60.333333333333336,,0.46,,,,,,,,True
137996.0,40.0,2.0,75.0,167.1,26.9,88.5,112.33333333333331,77.33333333333333,4.9,0.41,4.0,b'W',15.0,5.397605346934028e-79,b'',,120.0,True
137999.0,52.0,2.0,86.0,158.4,34.3,103.2,136.33333333333334,92.33333333333331,5.7,3.34,3.0,b'W',30.0,5.397605346934028e-79,b'',,300.0,True
138000.0,62.0,2.0,93.6,166.3,33.8,109.9,127.0,79.0,5.2,5.96,2.0,b'W',30.0,5.397605346934028e-79,b'',,480.0,True
138001.0,14.0,2.0,51.1,154.5,21.4,69.5,102.33333333333331,70.66666666666667,5.0,0.32,,,,,,,,True
138005.0,70.0,1.0,89.8,178.3,28.2,104.0,120.33333333333331,64.66666666666667,5.8,2.88,3.0,b'W',75.0,3.0,b'W',45.0,60.0,True
138006.0,75.0,1.0,110.5,171.0,37.8,131.1,131.0,68.0,5.8,1.28,5.397605346934028e-79,b'',,5.397605346934028e-79,b'',,300.0,True
138009.0,20.0,2.0,77.0,161.3,29.6,92.0,95.33333333333331,60.66666666666666,5.1,1.83,4.0,b'W',120.0,3.0,b'W',60.0,240.0,True
138011.0,68.0,2.0,91.9,165.9,33.4,119.1,138.66666666666666,86.33333333333333,5.9,4.29,1.0,b'W',30.0,5.397605346934028e-79,b'',,360.0,True
138012.0,26.0,2.0,79.2,174.3,26.1,93.4,109.66666666666669,68.33333333333333,4.7,0.53,3.0,b'W',40.0,2.0,b'W',30.0,360.0,True
138013.0,58.0,2.0,77.8,159.4,30.6,107.9,132.33333333333334,84.0,6.3,1.86,7.0,b'W',45.0,2.0,b'W',30.0,360.0,True
138014.0,38.0,1.0,114.4,176.8,36.6,130.0,140.66666666666666,97.33333333333331,9.8,2.62,3.0,b'W',120.0,5.397605346934028e-79,b'',,540.0,True
138015.0,63.0,2.0,79.6,170.4,27.4,94.0,135.66666666666666,81.0,5.2,0.92,5.397605346934028e-79,b'',,5.397605346934028e-79,b'',,540.0,True
138016.0,36.0,2.0,62.9,168.4,22.2,77.3,107.66666666666669,63.66666666666666,5.6,1.7,2.0,b'W',45.0,3.0,b'W',20.0,360.0,True
138017.0,32.0,1.0,97.4,173.0,32.5,110.5,111.33333333333331,81.0,5.7,2.65,1.0,b'M',60.0,5.397605346934028e-79,b'',,720.0,True
138020.0,71.0,1.0,69.4,167.5,24.7,93.4,124.33333333333331,73.66666666666667,10.3,0.48,2.0,b'W',30.0,5.397605346934028e-79,b'',,600.0,True
138021.0,40.0,2.0,61.3,165.8,22.3,73.5,106.66666666666669,72.0,5.0,1.58,3.0,b'M',240.0,2.0,b'W',120.0,120.0,True
138022.0,80.0,1.0,73.9,173.6,24.5,,,,5.5,10.0,5.0,b'W',30.0,5.397605346934028e-79,b'',,120.0,True
138023.0,10.0,2.0,33.1,139.1,17.1,57.1,105.33333333333331,59.66666666666666,,0.78,,,,,,,,True
138027.0,67.0,2.0,69.9,166.6,25.2,91.7,119.0,76.33333333333333,5.6,1.08,3.0,b'W',60.0,5.397605346934028e-79,b'',,180.0,True
138028.0,70.0,1.0,87.9,174.1,29.0,112.7,89.33333333333333,58.0,5.8,1.99,10.0,b'W',120.0,5.397605346934028e-79,b'',,120.0,True
138030.0,9.0,1.0,32.9,136.0,17.8,66.7,100.66666666666669,59.333333333333336,,8.1,,,,,,,,True
138031.0,35.0,2.0,68.4,147.9,31.3,,,,5.8,7.72,3.0,b'M',20.0,2.0,b'M',30.0,60.0,True
138034.0,29.0,1.0,91.6,175.8,29.6,101.5,119.0,92.0,5.2,0.36,3.0,b'Y',60.0,3.0,b'Y',60.0,720.0,True
138035.0,13.0,1.0,67.4,166.8,24.2,80.0,103.0,57.66666666666666,5.9,0.17,,,,,,,,True
138036.0,50.0,2.0,85.3,160.7,33.0,101.4,133.33333333333334,93.33333333333331,5.8,0.76,1.0,b'W',30.0,5.397605346934028e-79,b'',,300.0,True
138037.0,39.0,2.0,72.3,152.4,31.1,98.6,132.0,87.66666666666667,5.3,2.05,5.397605346934028e-79,b'',,5.397605346934028e-79,b'',,480.0,True
138038.0,72.0,1.0,85.9,177.4,27.3,108.5,123.33333333333331,72.0,5.1,7.22,5.397605346934028e-79,b'',,5.397605346934028e-79,b'',,240.0,True
138039.0,7.0,2.0,52.1,139.1,26.9,81.0,,,,0.76,,,,,,,,True
138040.0,21.0,2.0,69.9,154.1,29.4,85.6,101.33333333333331,71.0,5.1,1.72,7.0,b'W',15.0,1.0,b'W',120.0,240.0,True
138044.0,44.0,2.0,67.8,161.0,26.2,91.1,110.33333333333331,77.66666666666667,5.2,0.3,3.0,b'W',30.0,5.397605346934028e-79,b'',,600.0,True
138045.0,15.0,1.0,59.3,184.6,17.4,70.0,95.33333333333331,52.66666666666666,5.1,0.53,,,,,,,,True
138046.0,58.0,2.0,53.7,156.3,22.0,75.5,151.66666666666666,87.0,5.8,2.04,3.0,b'D',60.0,3.0,b'W',90.0,120.0,True
138048.0,55.0,1.0,77.4,178.4,24.3,95.6,122.0,73.66666666666667,5.0,0.7,3.0,b'W',60.0,1.0,b'W',1.0,480.0,True
138049.0,40.0,1.0,102.4,177.2,32.6,97.3,145.66666666666666,83.33333333333333,5.1,1.83,5.0,b'W',30.0,7.0,b'W',60.0,360.0,True
138050.0,75.0,2.0,118.7,165.0,43.6,129.5,155.66666666666666,79.66666666666667,6.1,3.28,5.397605346934028e-79,b'',,5.397605346934028e-79,b'',,7777.0,True
138051.0,21.0,1.0,75.6,172.7,25.3,93.6,86.0,49.0,5.7,7.6,5.0,b'M',35.0,3.0,b'M',30.0,240.0,True
138053.0,65.0,2.0,69.2,152.8,29.6,91.4,139.0,90.33333333333331,5.8,2.31,1.0,b'W',30.0,5.397605346934028e-79,b'',,180.0,True
138054.0,57.0,1.0,128.6,176.1,41.5,132.0,137.0,78.66666666666667,5.2,1.85,2.0,b'W',45.0,2.0,b'M',30.0,360.0,True
138055.0,77.0,1.0,83.2,183.8,24.6,94.5,112.0,66.33333333333333,5.2,1.32,3.0,b'W',60.0,3.0,b'W',105.0,480.0,True
138056.0,69.0,2.0,100.4,165.7,36.6,119.6,119.66666666666669,71.33333333333333,6.4,3.28,5.397605346934028e-79,b'',,5.397605346934028e-79,b'',,480.0,True
138057.0,56.0,1.0,114.7,174.6,37.6,123.7,128.0,84.33333333333333,7.3,11.62,5.397605346934028e-79,b'',,5.397605346934028e-79,b'',,480.0,True
138058.0,7.0,2.0,17.8,114.7,13.5,49.4,,,,0.32,,,,,,,,True
138059.0,80.0,2.0,54.6,168.1,19.3,84.4,141.0,89.0,6.4,13.25,5.397605346934028e-79,b'',,5.397605346934028e-79,b'',,360.0,True
138061.0,67.0,2.0,70.6,163.2,26.5,99.7,135.0,79.0,6.0,1.03,5.0,b'W',45.0,5.397605346934028e-79,b'',,300.0,True
138062.0,71.0,1.0,150.8,192.5,40.7,143.5,103.33333333333331,63.66666666666666,8.9,8.66,2.0,b'W',120.0,5.397605346934028e-79,b'',,240.0,True
138063.0,24.0,2.0,98.6,155.8,40.6,121.1,98.0,65.0,4.9,4.52,5.397605346934028e-79,b'',,5.397605346934028e-79,b'',,360.0,True
138064.0,77.0,2.0,54.8,151.0,24.0,87.5,115.66666666666669,57.333333333333336,5.0,12.14,5.397605346934028e-79,b'',,5.397605346934028e-79,b'',,420.0,True
138068.0,60.0,2.0,59.8,148.5,27.1,81.0,124.0,68.0,5.8,0.42,2.0,b'W',25.0,5.397605346934028e-79,b'',,40.0,True
138070.0,70.0,1.0,63.4,155.5,26.2,95.6,95.0,58.0,6.3,5.27,2.0,b'W',10.0,5.397605346934028e-79,b'',,660.0,True
138071.0,10.0,2.0,32.0,140.3,16.3,59.8,94.33333333333331,49.0,,0.22,,,,,,,,True
138072.0,67.0,1.0,75.6,179.0,23.6,101.7,129.0,72.66666666666667,5.4,5.8,7.0,b'W',30.0,5.397605346934028e-79,b'',,720.0,True
138073.0,65.0,1.0,79.9,173.0,26.7,100.9,147.66666666666666,86.33333333333333,5.6,0.71,5.397605346934028e-79,b'',,5.397605346934028e-79,b'',,120.0,True
138074.0,9.0,2.0,65.5,153.3,27.9,94.6,108.66666666666669,66.66666666666667,,2.07,,,,,,,,True
138075.0,12.0,1.0,52.4,166.7,18.9,65.0,98.0,49.66666666666666,5.3,0.11,,,,,,,,True
138076.0,67.0,1.0,75.7,160.9,29.2,96.5,114.0,70.0,5.3,0.11,4.0,b'W',30.0,1.0,b'W',15.0,180.0,True
138078.0,73.0,1.0,68.7,176.2,22.1,95.7,93.33333333333331,53.0,5.6,0.84,5.0,b'W',120.0,5.397605346934028e-79,b'',,420.0,True
138080.0,37.0,1.0,122.6,173.3,40.8,122.6,114.0,69.66666666666667,5.5,3.03,1.0,b'W',60.0,5.397605346934028e-79,b'',,300.0,True
138081.0,57.0,2.0,81.8,162.1,31.1,106.9,124.66666666666669,78.0,5.8,4.32,5.0,b'W',60.0,3.0,b'W',30.0,480.0,True
138082.0,59.0,1.0,83.3,180.2,25.7,107.2,109.66666666666669,70.33333333333333,5.6,1.32,5.0,b'W',30.0,5.397605346934028e-79,b'',,480.0,True
138083.0,66.0,1.0,98.5,177.6,31.2,109.2,108.66666666666669,64.0,5.6,2.25,2.0,b'W',20.0,2.0,b'M',20.0,180.0,True
138084.0,59.0,1.0,78.5,176.1,25.3,91.9,119.0,70.66666666666667,5.7,0.73,1.0,b'W',120.0,1.0,b'W',60.0,240.0,True
138086.0,63.0,1.0,63.2,177.2,20.1,79.3,114.66666666666669,70.0,5.4,0.34,6.0,b'W',45.0,5.397605346934028e-79,b'',,180.0,True
138087.0,73.0,1.0,76.5,177.4,24.3,95.2,130.66666666666666,67.66666666666667,5.8,0.77,5.0,b'W',25.0,4.0,b'W',60.0,300.0,True
138089.0,34.0,2.0,77.1,169.0,27.0,93.0,102.0,76.66666666666667,5.5,1.14,4.0,b'W',30.0,2.0,b'W',30.0,360.0,True
138090.0,37.0,1.0,76.7,176.7,24.6,94.2,116.66666666666669,74.33333333333333,5.4,1.99,3.0,b'W',120.0,1.0,b'M',20.0,540.0,True
138092.0,72.0,2.0,,153.7,,104.6,127.0,79.0,6.0,11.63,3.0,b'W',40.0,5.397605346934028e-79,b'',,240.0,True
138094.0,34.0,2.0,83.5,169.6,29.0,83.9,106.0,70.66666666666667,5.4,1.0,3.0,b'W',60.0,1.0,b'W',45.0,180.0,True
138097.0,78.0,1.0,122.1,172.8,40.9,133.0,123.33333333333331,58.0,6.8,0.31,3.0,b'W',30.0,2.0,b'W',20.0,180.0,True
138099.0,10.0,2.0,58.9,155.9,24.2,79.7,109.33333333333331,64.0,,0.28,,,,,,,,True
138100.0,70.0,2.0,64.2,160.1,25.0,91.2,116.0,69.0,5.6,1.85,5.397605346934028e-79,b'',,5.397605346934028e-79,b'',,1200.0,True
138101.0,74.0,2.0,70.9,144.7,33.9,115.4,,,11.9,2.89,5.0,b'W',60.0,5.397605346934028e-79,b'',,300.0,True
138102.0,30.0,2.0,66.4,168.3,23.4,85.5,99.33333333333331,72.66666666666667,5.0,2.77,2.0,b'M',20.0,5.397605346934028e-79,b'',,360.0,True
138103.0,60.0,1.0,98.4,175.2,32.1,114.6,128.0,92.66666666666669,5.9,0.81,5.0,b'D',120.0,5.397605346934028e-79,b'',,240.0,True
138104.0,34.0,1.0,75.5,174.4,24.8,88.0,114.0,77.33333333333333,5.7,0.46,5.397605346934028e-79,b'',,5.0,b'W',60.0,540.0,True
138105.0,16.0,1.0,68.6,170.6,23.6,83.4,102.66666666666669,63.333333333333336,4.7,0.26,,,,,,,,True
138106.0,37.0,1.0,83.5,180.6,25.6,98.0,126.33333333333331,71.33333333333333,5.2,0.58,4.0,b'W',30.0,1.0,b'W',15.0,360.0,True
138108.0,34.0,2.0,78.7,170.2,27.2,91.2,89.33333333333333,58.0,5.2,0.76,4.0,b'W',25.0,2.0,b'M',30.0,300.0,True
138109.0,46.0,2.0,60.6,147.4,27.9,90.2,142.33333333333334,86.33333333333333,11.6,1.24,5.397605346934028e-79,b'',,5.397605346934028e-79,b'',,420.0,True
138110.0,69.0,2.0,85.2,161.7,32.6,108.5,123.33333333333331,78.0,7.0,1.97,4.0,b'W',90.0,5.397605346934028e-79,b'',,900.0,True
138111.0,48.0,2.0,53.7,160.9,20.7,74.0,127.66666666666669,84.0,5.3,0.56,4.0,b'W',120.0,5.397605346934028e-79,b'',,360.0,True
138113.0,16.0,1.0,98.7,179.6,30.6,105.3,118.66666666666669,78.33333333333333,5.1,1.18,,,,,,,,True
138114.0,62.0,2.0,68.4,167.9,24.3,86.3,113.0,70.33333333333333,5.3,0.5,2.0,b'W',60.0,2.0,b'W',30.0,180.0,True
138115.0,14.0,1.0,103.5,172.3,34.9,113.5,106.66666666666669,63.333333333333336,4.6,2.78,,,,,,,,True
138116.0,70.0,2.0,71.6,159.1,28.3,95.9,136.0,75.0,5.5,1.97,3.0,b'W',30.0,3.0,b'M',30.0,120.0,True
138117.0,65.0,1.0,101.5,167.2,36.3,117.7,111.33333333333331,74.66666666666667,5.5,3.82,3.0,b'W',120.0,1.0,b'W',180.0,660.0,True
138119.0,80.0,1.0,73.0,170.7,25.1,92.8,132.33333333333334,84.33333333333333,5.6,0.32,1.0,b'D',30.0,1.0,b'D',30.0,60.0,True
138121.0,12.0,2.0,73.4,161.2,28.2,89.8,96.33333333333331,59.333333333333336,5.5,1.35,,,,,,,,True
138122.0,65.0,2.0,106.5,162.5,40.3,122.4,133.0,76.66666666666667,5.5,2.39,1.0,b'D',35.0,3.0,b'Y',60.0,480.0,True
138124.0,41.0,2.0,73.7,170.3,25.4,84.7,101.66666666666669,71.33333333333333,5.6,2.01,5.397605346934028e-79,b'',,5.397605346934028e-79,b'',,300.0,True
138126.0,65.0,1.0,104.6,177.7,33.1,115.8,110.33333333333331,63.66666666666666,14.1,3.34,5.0,b'W',45.0,2.0,b'W',30.0,480.0,True
138128.0,64.0,2.0,59.3,164.9,21.8,82.4,125.0,61.333333333333336,10.6,0.91,5.397605346934028e-79,b'',,5.397605346934028e-79,b'',,240.0,True
138131.0,26.0,2.0,67.9,146.1,31.8,88.7,100.66666666666669,62.0,5.1,4.62,5.0,b'M',30.0,5.397605346934028e-79,b'',,60.0,True
138132.0,68.0,2.0,97.7,162.4,37.0,115.3,132.0,72.0,5.9,0.74,2.0,b'W',20.0,5.397605346934028e-79,b'',,240.0,True
138133.0,6.0,2.0,33.6,121.5,22.8,,,,,1.29,,,,,,,,True
138135.0,62.0,2.0,56.1,148.5,25.4,88.1,141.66666666666666,82.33333333333333,5.2,1.62,5.397605346934028e-79,b'',,5.397605346934028e-79,b'',,120.0,True
138136.0,56.0,1.0,70.7,177.5,22.4,88.6,122.33333333333331,72.0,5.2,1.06,5.0,b'W',15.0,1.0,b'W',10.0,360.0,True
138137.0,35.0,1.0,84.9,167.1,30.4,97.5,104.33333333333331,58.0,5.1,1.12,4.0,b'W',60.0,4.0,b'W',60.0,360.0,True
138138.0,37.0,2.0,68.0,157.4,27.4,82.8,107.66666666666669,80.0,5.9,1.38,3.0,b'W',60.0,2.0,b'W',60.0,300.0,True
138140.0,53.0,2.0,58.3,155.7,24.0,86.6,110.66666666666669,65.0,5.4,0.94,5.397605346934028e-79,b'',,5.397605346934028e-79,b'',,90.0,True
138142.0,15.0,2.0,67.7,157.4,27.3,80.2,110.0,68.66666666666667,5.1,7.51,,,,,,,,True
138143.0,6.0,2.0,24.6,110.3,20.2,68.1,,,,0.11,,,,,,,,True
138144.0,71.0,1.0,115.6,178.5,36.3,131.4,168.66666666666666,77.66666666666667,7.2,1.22,5.397605346934028e-79,b'',,5.397605346934028e-79,b'',,420.0,True
138146.0,71.0,1.0,75.5,177.7,23.9,,135.33333333333334,86.33333333333333,5.1,0.95,7.0,b'W',60.0,7.0,b'W',30.0,900.0,True
138147.0,30.0,2.0,64.5,161.9,24.6,78.9,96.66666666666669,61.66666666666666,5.3,0.49,4.0,b'W',60.0,1.0,b'W',45.0,180.0,True
138148.0,46.0,2.0,45.9,148.8,20.7,81.2,114.66666666666669,71.33333333333333,8.6,2.9,1.0,b'W',20.0,5.397605346934028e-79,b'',,120.0,True
138150.0,30.0,2.0,62.8,172.9,21.0,,119.0,68.0,5.1,106.78,1.0,b'W',180.0,5.397605346934028e-79,b'',,60.0,True
138152.0,34.0,1.0,96.5,171.6,32.8,107.9,146.33333333333334,99.0,5.2,0.69,5.397605346934028e-79,b'',,5.397605346934028e-79,b'',,240.0,True
138153.0,66.0,2.0,50.8,163.6,19.0,75.2,127.0,80.0,5.7,0.68,9999.0,b'',,5.397605346934028e-79,b'',,120.0,True
138154.0,65.0,2.0,51.3,149.6,22.9,91.4,177.66666666666666,85.66666666666667,5.8,1.06,5.397605346934028e-79,b'',,5.397605346934028e-79,b'',,480.0,True
138155.0,12.0,1.0,51.6,143.7,25.0,95.2,100.66666666666669,60.0,5.4,4.91,,,,,,,,True
138156.0,47.0,2.0,55.9,162.7,21.1,81.4,116.66666666666669,69.66666666666667,5.3,1.28,5.397605346934028e-79,b'',,5.397605346934028e-79,b'',,240.0,True
138158.0,60.0,2.0,56.1,153.4,23.8,87.4,147.0,90.0,5.6,3.24,5.397605346934028e-79,b'',,5.397605346934028e-79,b'',,180.0,True
138159.0,43.0,2.0,89.1,170.2,30.8,106.0,124.33333333333331,83.66666666666667,5.3,6.19,1.0,b'W',45.0,5.397605346934028e-79,b'',,240.0,True
138160.0,52.0,2.0,48.8,150.4,21.6,73.4,109.33333333333331,66.33333333333333,5.4,3.25,1.0,b'D',30.0,2.0,b'W',30.0,120.0,True
138162.0,63.0,2.0,108.2,163.2,40.6,123.5,133.33333333333334,86.33333333333333,6.6,2.0,5.397605346934028e-79,b'',,5.397605346934028e-79,b'',,240.0,True
138163.0,31.0,2.0,32.6,152.2,14.1,60.0,,,5.2,0.4,3.0,b'W',30.0,5.397605346934028e-79,b'',,240.0,True
138166.0,62.0,2.0,129.8,168.2,45.9,117.4,92.66666666666669,59.66666666666666,5.2,1.2,3.0,b'M',30.0,5.397605346934028e-79,b'',,120.0,True
138167.0,57.0,2.0,77.5,155.2,32.2,101.7,122.66666666666669,94.33333333333331,5.3,3.48,5.397605346934028e-79,b'',,5.397605346934028e-79,b'',,480.0,True
138168.0,14.0,1.0,93.9,177.7,29.7,99.0,106.33333333333331,62.0,4.7,1.52,,,,,,,,True
138171.0,71.0,2.0,89.5,158.0,35.9,103.9,147.33333333333334,78.0,6.0,7.73,2.0,b'W',30.0,1.0,b'W',30.0,540.0,True
138172.0,13.0,2.0,51.8,156.2,21.2,77.1,103.66666666666669,59.333333333333336,5.5,0.33,,,,,,,,True
138174.0,7.0,1.0,22.0,123.6,14.4,50.5,,,,0.17,,,,,,,,True
138175.0,40.0,1.0,103.2,190.9,28.3,95.3,140.66666666666666,96.33333333333331,5.3,0.78,3.0,b'W',120.0,1.0,b'D',60.0,240.0,True
138177.0,80.0,2.0,66.1,156.9,26.9,105.9,159.33333333333334,74.0,5.2,1.53,2.0,b'W',30.0,5.397605346934028e-79,b'',,360.0,True
138178.0,36.0,2.0,86.2,169.0,30.2,98.3,113.33333333333331,84.66666666666667,5.1,4.89,5.0,b'W',120.0,2.0,b'W',120.0,360.0,True
138180.0,18.0,1.0,93.7,181.3,28.5,98.0,116.66666666666669,65.66666666666667,5.5,1.84,7.0,b'W',180.0,7.0,b'W',120.0,180.0,True
138181.0,67.0,2.0,62.7,148.2,28.5,92.5,163.66666666666666,78.0,5.6,5.08,3.0,b'W',45.0,5.397605346934028e-79,b'',,180.0,True
138183.0,12.0,1.0,47.6,151.9,20.6,69.2,106.66666666666669,57.333333333333336,4.9,0.38,,,,,,,,True
138184.0,76.0,1.0,81.7,166.4,29.5,108.8,150.66666666666666,90.0,6.0,1.68,3.0,b'W',30.0,3.0,b'M',90.0,360.0,True
138185.0,59.0,1.0,89.2,171.0,30.5,104.4,121.66666666666669,75.66666666666667,5.1,1.04,1.0,b'D',60.0,1.0,b'W',60.0,540.0,True
138186.0,16.0,1.0,76.9,186.7,22.1,73.5,104.66666666666669,52.66666666666666,5.3,0.11,,,,,,,,True
138188.0,73.0,2.0,128.2,160.8,49.6,129.9,,,5.4,5.77,2.0,b'W',30.0,5.397605346934028e-79,b'',,600.0,True
138190.0,80.0,2.0,,154.8,,,,,6.1,8.27,5.0,b'W',10.0,5.397605346934028e-79,b'',,420.0,True
138191.0,55.0,1.0,75.3,176.3,24.2,92.7,135.66666666666666,84.66666666666667,4.1,0.25,1.0,b'W',60.0,1.0,b'W',60.0,480.0,True
138192.0,19.0,2.0,52.7,157.1,21.4,78.9,104.0,64.66666666666667,5.0,1.93,5.397605346934028e-79,b'',,5.397605346934028e-79,b'',,300.0,True
138193.0,80.0,2.0,78.5,145.8,36.9,105.6,157.33333333333334,72.0,7.0,11.11,5.397605346934028e-79,b'',,5.397605346934028e-79,b'',,720.0,True
138194.0,21.0,2.0,53.3,160.6,20.7,72.5,113.66666666666669,75.66666666666667,5.1,0.59,3.0,b'W',120.0,5.397605346934028e-79,b'',,360.0,True
138195.0,60.0,2.0,69.4,150.2,30.8,101.9,145.66666666666666,96.0,5.6,7.69,4.0,b'W',120.0,5.397605346934028e-79,b'',,540.0,True
138196.0,61.0,1.0,68.1,175.6,22.1,86.0,113.0,75.33333333333333,5.4,0.88,2.0,b'D',120.0,5.397605346934028e-79,b'',,60.0,True
138197.0,18.0,1.0,75.8,189.4,21.1,78.4,114.0,69.33333333333333,5.5,0.6,5.0,b'W',240.0,2.0,b'W',60.0,360.0,True
138198.0,79.0,2.0,71.9,163.3,27.0,95.2,130.0,81.66666666666667,5.6,2.35,3.0,b'W',45.0,5.397605346934028e-79,b'',,180.0,True
138204.0,33.0,2.0,76.3,162.4,28.9,87.1,108.66666666666669,72.33333333333333,5.9,2.46,2.0,b'W',60.0,5.397605346934028e-79,b'',,240.0,True
138205.0,58.0,1.0,82.2,168.0,29.1,90.9,136.0,67.0,6.9,1.58,1.0,b'W',180.0,1.0,b'W',60.0,180.0,True
138206.0,4.0,1.0,19.7,110.3,16.2,53.1,,,,0.18,,,,,,,,True
138207.0,65.0,2.0,52.5,158.0,21.0,,,,5.5,0.92,5.397605346934028e-79,b'',,5.397605346934028e-79,b'',,360.0,True
138209.0,24.0,1.0,90.4,178.0,28.5,86.7,111.66666666666669,59.66666666666666,5.2,0.11,1.0,b'W',120.0,4.0,b'W',60.0,180.0,True
138211.0,37.0,1.0,99.4,189.1,27.8,106.2,128.33333333333334,92.33333333333331,5.0,1.38,2.0,b'W',120.0,1.0,b'M',240.0,660.0,True
138213.0,67.0,1.0,94.8,162.6,35.9,125.5,131.0,69.0,8.2,18.96,5.397605346934028e-79,b'',,5.397605346934028e-79,b'',,960.0,True
138214.0,19.0,2.0,115.3,164.9,42.4,127.2,97.66666666666669,69.0,5.4,14.71,1.0,b'W',120.0,1.0,b'M',60.0,300.0,True
138215.0,10.0,1.0,57.6,153.3,24.5,78.0,105.0,61.0,,6.28,,,,,,,,True
138218.0,37.0,2.0,52.8,169.5,18.4,64.4,103.66666666666669,68.33333333333333,4.8,0.29,4.0,b'W',45.0,3.0,b'W',30.0,420.0,True
138219.0,63.0,2.0,66.4,155.2,27.6,96.1,132.33333333333334,66.33333333333333,6.1,1.17,1.0,b'W',30.0,5.397605346934028e-79,b'',,480.0,True
138220.0,61.0,1.0,87.2,160.3,33.9,112.8,162.33333333333334,93.33333333333331,6.0,1.62,5.397605346934028e-79,b'',,5.397605346934028e-79,b'',,660.0,True
138221.0,68.0,2.0,64.7,150.4,28.6,99.4,120.0,83.0,5.4,5.58,3.0,b'W',20.0,3.0,b'W',20.0,420.0,True
138226.0,3.0,2.0,22.8,112.6,18.0,60.3,,,,0.96,,,,,,,,True
138228.0,72.0,1.0,150.8,175.7,48.8,160.1,138.0,73.0,5.2,8.82,5.397605346934028e-79,b'',,5.397605346934028e-79,b'',,600.0,True
138232.0,70.0,1.0,73.1,175.0,23.9,91.0,154.33333333333334,91.33333333333331,5.3,0.9,1.0,b'W',120.0,5.397605346934028e-79,b'',,300.0,True
138233.0,3.0,2.0,14.6,100.5,14.5,47.0,,,,0.11,,,,,,,,True
138234.0,30.0,1.0,71.7,158.2,28.6,91.5,111.66666666666669,73.0,5.9,0.79,1.0,b'D',120.0,3.0,b'W',60.0,120.0,True
138236.0,39.0,2.0,57.7,162.5,21.9,71.4,109.0,68.33333333333333,5.4,0.53,4.0,b'W',90.0,2.0,b'W',30.0,240.0,True
138239.0,14.0,2.0,56.7,164.4,21.0,74.0,121.33333333333331,66.0,5.4,0.45,,,,,,,,True
138240.0,78.0,1.0,98.0,161.2,37.7,122.5,125.33333333333331,88.33333333333333,6.4,2.67,3.0,b'W',20.0,5.397605346934028e-79,b'',,9999.0,True
138244.0,80.0,1.0,80.2,156.9,32.6,112.6,146.33333333333334,70.66666666666667,6.3,4.93,1.0,b'D',25.0,5.397605346934028e-79,b'',,720.0,True
138247.0,32.0,1.0,79.8,168.0,28.3,101.5,135.66666666666666,86.33333333333333,5.3,3.22,7.0,b'W',60.0,1.0,b'D',60.0,240.0,True
138249.0,41.0,2.0,98.2,160.2,38.3,114.1,104.33333333333331,67.0,5.3,2.79,4.0,b'W',60.0,4.0,b'W',30.0,360.0,True
138250.0,34.0,2.0,85.6,161.3,32.9,100.0,102.66666666666669,75.66666666666667,5.4,2.86,1.0,b'W',15.0,1.0,b'M',15.0,720.0,True
138251.0,5.0,1.0,21.0,114.3,16.1,55.0,,,,0.58,,,,,,,,True
138253.0,33.0,1.0,81.4,183.0,24.3,83.1,122.33333333333331,72.0,5.0,0.46,5.0,b'W',90.0,5.0,b'W',30.0,480.0,True
138254.0,79.0,1.0,93.3,178.7,29.2,111.7,153.33333333333334,80.0,7.0,0.87,5.397605346934028e-79,b'',,5.397605346934028e-79,b'',,360.0,True
138255.0,65.0,2.0,84.8,156.8,34.5,107.2,97.0,60.333333333333336,6.4,1.37,1.0,b'D',9999.0,5.397605346934028e-79,b'',,600.0,True
138257.0,72.0,2.0,50.8,157.5,20.5,84.0,162.66666666666666,82.66666666666667,7.3,0.83,1.0,b'D',180.0,1.0,b'W',40.0,60.0,True
138258.0,62.0,2.0,82.0,163.8,30.6,100.9,101.0,67.0,5.7,2.49,1.0,b'M',60.0,5.397605346934028e-79,b'',,180.0,True
138259.0,8.0,1.0,30.2,132.1,17.3,55.3,100.0,61.333333333333336,,0.41,,,,,,,,True
138261.0,58.0,2.0,50.4,155.0,21.0,74.2,126.0,75.0,5.5,3.8,2.0,b'W',5.0,5.397605346934028e-79,b'',,240.0,True
138262.0,19.0,1.0,74.8,179.8,23.1,86.1,115.0,65.66666666666667,5.1,0.58,5.0,b'W',180.0,2.0,b'W',60.0,60.0,True
138263.0,31.0,2.0,59.0,151.5,25.7,94.8,114.66666666666669,67.0,5.1,2.77,2.0,b'W',60.0,2.0,b'W',120.0,720.0,True
138265.0,8.0,2.0,22.2,118.8,15.7,55.0,84.33333333333333,40.0,,0.27,,,,,,,,True
138267.0,70.0,1.0,120.1,169.1,42.0,133.6,110.0,70.0,5.9,0.34,1.0,b'W',45.0,5.397605346934028e-79,b'',,240.0,True
138268.0,67.0,1.0,86.1,175.6,27.9,95.7,157.66666666666666,74.33333333333333,7.4,0.77,5.0,b'W',60.0,5.397605346934028e-79,b'',,480.0,True
138270.0,13.0,2.0,43.1,153.3,18.3,66.6,101.0,52.333333333333336,5.2,0.64,,,,,,,,True
138271.0,20.0,2.0,58.2,159.1,23.0,74.6,110.66666666666669,66.66666666666667,5.3,0.47,3.0,b'W',60.0,5.397605346934028e-79,b'',,480.0,True
138272.0,63.0,1.0,81.7,166.3,29.5,,,,9.1,2.9,1.0,b'D',75.0,5.397605346934028e-79,b'',,120.0,True
138274.0,69.0,2.0,100.8,155.6,41.6,127.4,171.66666666666666,70.66666666666667,8.9,7.4,5.397605346934028e-79,b'',,5.397605346934028e-79,b'',,720.0,True
138276.0,13.0,2.0,41.1,163.7,15.3,65.1,108.0,73.33333333333333,5.1,0.45,,,,,,,,True
138277.0,3.0,1.0,14.6,93.1,16.8,49.3,,,,0.57,,,,,,,,True
138280.0,65.0,2.0,142.0,164.5,52.5,135.3,131.66666666666666,78.33333333333333,5.7,16.74,5.397605346934028e-79,b'',,5.397605346934028e-79,b'',,840.0,True
138281.0,8.0,2.0,28.3,132.3,16.2,59.7,113.66666666666669,70.0,,0.22,,,,,,,,True
138283.0,80.0,2.0,47.0,145.8,22.1,80.2,122.66666666666669,51.66666666666666,5.5,1.94,5.397605346934028e-79,b'',,5.397605346934028e-79,b'',,240.0,True
138284.0,14.0,1.0,85.6,172.4,28.8,96.3,108.33333333333331,73.66666666666667,5.2,3.15,,,,,,,,True
138286.0,19.0,2.0,122.1,161.7,46.7,118.0,110.0,71.0,5.2,4.66,1.0,b'D',10.0,5.397605346934028e-79,b'',,900.0,True
138288.0,61.0,1.0,88.2,166.7,31.7,107.5,111.0,64.66666666666667,5.5,1.7,4.0,b'W',60.0,5.397605346934028e-79,b'',,180.0,True
138289.0,6.0,2.0,24.4,118.2,17.5,58.7,,,,0.49,,,,,,,,True
138290.0,23.0,1.0,64.1,172.7,21.5,81.5,109.66666666666669,68.33333333333333,5.2,0.83,1.0,b'W',60.0,1.0,b'W',60.0,480.0,True
138291.0,58.0,1.0,89.2,186.6,25.6,100.6,109.66666666666669,69.33333333333333,5.3,1.03,3.0,b'W',30.0,3.0,b'W',30.0,540.0,True
138292.0,48.0,2.0,61.8,162.2,23.5,81.0,108.33333333333331,65.66666666666667,5.0,0.81,12.0,b'W',25.0,2.0,b'W',120.0,720.0,True
138293.0,13.0,1.0,97.9,164.7,36.1,115.0,117.33333333333331,77.33333333333333,5.5,11.38,,,,,,,,True
138295.0,10.0,1.0,83.8,149.5,37.5,116.6,111.66666666666669,72.0,,5.64,,,,,,,,True
138296.0,63.0,1.0,98.7,175.9,31.9,121.4,151.66666666666666,82.0,6.6,0.59,2.0,b'D',30.0,5.397605346934028e-79,b'',,720.0,True
138297.0,40.0,1.0,74.3,176.4,23.9,84.2,110.33333333333331,76.0,5.4,1.46,2.0,b'W',30.0,5.397605346934028e-79,b'',,720.0,True
138300.0,73.0,2.0,62.1,158.2,24.8,86.4,98.33333333333331,56.333333333333336,5.5,2.02,15.0,b'W',30.0,5.397605346934028e-79,b'',,120.0,True
138301.0,21.0,2.0,81.9,172.8,27.4,85.4,110.66666666666669,74.66666666666667,4.5,2.19,3.0,b'M',60.0,1.0,b'M',60.0,300.0,True
138302.0,39.0,2.0,66.1,169.9,22.9,84.5,111.66666666666669,73.33333333333333,5.3,0.3,1.0,b'D',20.0,1.0,b'M',60.0,300.0,True
138304.0,8.0,1.0,33.0,135.4,18.0,67.4,100.66666666666669,62.66666666666666,,12.35,,,,,,,,True
138305.0,80.0,2.0,75.1,162.0,28.6,110.2,173.33333333333334,69.33333333333333,6.1,3.14,3.0,b'D',60.0,5.397605346934028e-79,b'',,120.0,True
138307.0,4.0,1.0,15.2,96.9,16.2,51.3,,,,0.16,,,,,,,,True
138308.0,41.0,2.0,87.1,162.1,33.1,106.3,120.33333333333331,79.33333333333333,6.0,4.96,5.0,b'M',30.0,5.397605346934028e-79,b'',,180.0,True
138311.0,31.0,1.0,130.1,171.1,44.4,,137.0,94.33333333333331,15.6,4.83,5.0,b'W',45.0,5.397605346934028e-79,b'',,540.0,True
138315.0,26.0,1.0,100.8,190.2,27.9,88.2,140.66666666666666,73.0,5.0,0.26,5.0,b'W',60.0,4.0,b'W',60.0,720.0,True
138316.0,59.0,1.0,96.9,168.7,34.0,111.7,120.0,78.66666666666667,5.4,2.25,1.0,b'W',30.0,5.397605346934028e-79,b'',,240.0,True
138317.0,57.0,1.0,108.9,182.9,32.6,114.3,144.66666666666666,94.66666666666669,5.9,2.31,3.0,b'W',60.0,5.397605346934028e-79,b'',,120.0,True
138318.0,75.0,1.0,75.8,173.6,25.2,97.2,142.33333333333334,80.0,5.8,1.95,6.0,b'W',45.0,5.397605346934028e-79,b'',,360.0,True
138319.0,57.0,1.0,82.8,179.1,25.8,93.0,95.0,56.66666666666666,9.2,8.51,5.397605346934028e-79,b'',,5.397605346934028e-79,b'',,240.0,True
138320.0,68.0,1.0,124.7,171.2,42.5,145.9,164.66666666666666,77.33333333333333,9.6,5.68,2.0,b'W',30.0,2.0,b'W',30.0,420.0,True
138323.0,31.0,2.0,110.0,177.9,34.8,97.2,115.0,82.66666666666667,5.4,2.17,3.0,b'W',90.0,5.0,b'M',90.0,180.0,True
138326.0,6.0,1.0,21.2,116.5,15.6,,,,,0.11,,,,,,,,True
138327.0,44.0,1.0,69.0,166.6,24.9,99.0,81.66666666666667,53.0,5.1,62.81,3.0,b'W',120.0,7.0,b'W',60.0,300.0,True
138328.0,57.0,1.0,89.1,182.4,26.8,95.4,195.0,107.66666666666669,10.1,7.61,1.0,b'W',30.0,5.397605346934028e-79,b'',,300.0,True
138329.0,56.0,2.0,91.1,151.6,39.6,113.9,117.66666666666669,68.66666666666667,6.1,2.5,4.0,b'W',120.0,5.397605346934028e-79,b'',,360.0,True
138330.0,64.0,2.0,68.3,164.8,25.1,93.0,120.33333333333331,79.0,5.3,1.67,1.0,b'W',60.0,5.397605346934028e-79,b'',,780.0,True
138331.0,36.0,1.0,87.5,185.8,25.3,87.6,127.66666666666669,72.0,4.9,0.66,4.0,b'W',60.0,6.0,b'W',45.0,600.0,True
138333.0,10.0,1.0,40.7,148.6,18.4,65.3,97.66666666666669,56.333333333333336,,0.28,,,,,,,,True
138336.0,80.0,2.0,65.8,151.2,28.8,102.2,168.66666666666666,77.66666666666667,5.4,0.73,2.0,b'W',60.0,5.397605346934028e-79,b'',,480.0,True
138337.0,19.0,1.0,52.7,168.4,18.6,67.0,110.66666666666669,67.66666666666667,5.4,0.92,1.0,b'W',120.0,5.397605346934028e-79,b'',,240.0,True
138338.0,13.0,2.0,60.4,160.0,23.6,82.3,96.0,59.333333333333336,5.1,0.11,,,,,,,,True
138339.0,40.0,2.0,79.0,157.5,31.8,113.9,115.33333333333331,77.33333333333333,6.5,10.62,3.0,b'Y',30.0,5.397605346934028e-79,b'',,480.0,True
138340.0,12.0,1.0,58.6,164.7,21.6,79.7,110.33333333333331,62.333333333333336,4.2,0.33,,,,,,,,True
138341.0,58.0,2.0,79.5,156.6,32.4,105.8,115.66666666666669,76.66666666666667,5.6,1.6,1.0,b'W',20.0,5.397605346934028e-79,b'',,240.0,True
138342.0,22.0,2.0,,,,,,,4.8,0.95,5.0,b'W',30.0,1.0,b'M',60.0,480.0,True
138343.0,13.0,2.0,61.2,155.6,25.3,78.1,113.33333333333331,73.66666666666667,5.3,0.42,,,,,,,,True
138345.0,69.0,1.0,140.1,178.0,44.2,143.6,124.33333333333331,88.0,6.2,3.12,5.397605346934028e-79,b'',,5.397605346934028e-79,b'',,720.0,True
138346.0,9.0,1.0,71.3,150.6,31.4,98.7,127.66666666666669,71.33333333333333,,1.05,,,,,,,,True
138347.0,80.0,1.0,56.9,171.4,19.4,81.8,159.66666666666666,77.33333333333333,5.7,2.66,5.397605346934028e-79,b'',,5.397605346934028e-79,b'',,1200.0,True
138350.0,27.0,2.0,51.3,166.7,18.5,70.9,105.0,73.33333333333333,4.8,0.41,2.0,b'W',90.0,3.0,b'M',120.0,600.0,True
138351.0,17.0,1.0,57.1,179.8,17.7,67.0,118.0,56.66666666666666,5.2,0.2,,,,,,,,True
138352.0,39.0,2.0,92.4,160.8,35.7,99.9,106.0,73.33333333333333,5.5,4.59,3.0,b'W',90.0,3.0,b'W',60.0,240.0,True
138353.0,80.0,2.0,46.2,148.2,21.0,85.0,97.0,38.333333333333336,6.1,1.48,5.397605346934028e-79,b'',,5.397605346934028e-79,b'',,1200.0,True
138356.0,49.0,1.0,111.7,183.1,33.3,114.8,127.0,81.33333333333333,5.1,2.07,9999.0,b'',,9999.0,b'',,90.0,True
138357.0,40.0,2.0,86.6,177.8,27.4,,119.33333333333331,80.0,5.5,1.24,3.0,b'W',60.0,1.0,b'W',30.0,600.0,True
138358.0,61.0,2.0,79.2,161.1,30.5,101.5,119.66666666666669,72.33333333333333,8.8,1.62,4.0,b'W',60.0,5.397605346934028e-79,b'',,300.0,True
138359.0,20.0,2.0,103.1,171.7,35.0,108.5,118.0,79.33333333333333,5.1,3.87,2.0,b'W',90.0,5.397605346934028e-79,b'',,600.0,True
138363.0,5.0,1.0,16.8,109.9,13.9,49.0,,,,0.18,,,,,,,,True
138364.0,26.0,2.0,53.8,166.0,19.5,68.3,109.0,64.0,5.0,0.29,7.0,b'W',30.0,2.0,b'M',30.0,420.0,True
138365.0,9.0,1.0,37.8,140.0,19.3,67.2,96.0,58.0,,0.8,,,,,,,,True
138367.0,54.0,2.0,70.6,174.8,23.1,79.3,108.0,63.333333333333336,5.5,0.76,5.0,b'W',60.0,6.0,b'W',60.0,360.0,True
138368.0,79.0,2.0,54.7,151.2,23.9,85.2,122.33333333333331,64.66666666666667,5.9,1.4,7.0,b'W',30.0,3.0,b'W',15.0,240.0,True
138369.0,73.0,2.0,66.1,165.3,24.2,87.4,116.33333333333331,65.33333333333333,5.3,2.2,7.0,b'W',30.0,5.397605346934028e-79,b'',,420.0,True
138370.0,15.0,1.0,108.5,167.3,38.8,118.3,116.66666666666669,78.66666666666667,5.8,4.82,,,,,,,,True
138372.0,18.0,2.0,60.2,171.5,20.5,,97.66666666666669,65.33333333333333,5.3,0.15,5.397605346934028e-79,b'',,3.0,b'W',300.0,90.0,True
138374.0,50.0,2.0,64.1,153.8,27.1,93.0,142.33333333333334,71.33333333333333,9.9,4.7,2.0,b'W',60.0,5.397605346934028e-79,b'',,540.0,True
138375.0,43.0,1.0,93.9,169.2,32.8,108.2,117.0,73.0,8.9,2.16,4.0,b'W',180.0,5.397605346934028e-79,b'',,900.0,True
138376.0,59.0,2.0,93.1,173.1,31.1,112.7,100.0,69.66666666666667,6.4,7.11,7.0,b'W',20.0,5.397605346934028e-79,b'',,720.0,True
138377.0,33.0,1.0,59.2,158.7,23.5,76.1,134.0,83.0,4.9,0.27,4.0,b'W',60.0,2.0,b'W',120.0,600.0,True
138378.0,42.0,2.0,103.5,169.8,35.9,126.3,106.33333333333331,73.0,5.2,10.02,5.0,b'W',90.0,2.0,b'W',120.0,540.0,True
138379.0,27.0,1.0,54.5,159.9,21.3,77.0,117.0,75.0,5.0,0.36,3.0,b'W',60.0,5.397605346934028e-79,b'',,480.0,True
138383.0,38.0,2.0,89.4,165.9,32.5,108.9,,,5.2,2.29,5.397605346934028e-79,b'',,5.397605346934028e-79,b'',,9999.0,True
138384.0,66.0,2.0,56.8,158.2,22.7,89.0,123.66666666666669,80.0,5.5,3.06,1.0,b'W',60.0,5.397605346934028e-79,b'',,420.0,True
138385.0,17.0,2.0,40.3,154.0,17.0,64.0,104.66666666666669,72.0,4.1,0.48,,,,,,,,True
138386.0,62.0,1.0,99.5,178.8,31.1,107.4,132.33333333333334,82.66666666666667,5.7,0.86,2.0,b'W',30.0,2.0,b'M',60.0,720.0,True
138387.0,51.0,1.0,81.9,166.1,29.7,107.6,124.33333333333331,85.66666666666667,10.1,3.33,5.397605346934028e-79,b'',,5.397605346934028e-79,b'',,180.0,True
138389.0,13.0,2.0,66.9,159.7,26.2,90.0,115.0,61.333333333333336,5.3,0.34,,,,,,,,True
138390.0,60.0,1.0,106.9,180.0,33.0,120.6,135.33333333333334,78.66666666666667,5.9,1.03,2.0,b'W',120.0,2.0,b'M',120.0,240.0,True
138392.0,70.0,1.0,79.9,176.6,25.6,95.8,115.33333333333331,64.66666666666667,6.1,1.5,3.0,b'W',60.0,5.397605346934028e-79,b'',,180.0,True
138394.0,11.0,2.0,49.3,154.7,20.6,71.8,106.0,54.66666666666666,,0.16,,,,,,,,True
138395.0,39.0,2.0,71.9,177.6,22.8,93.0,101.33333333333331,67.66666666666667,5.2,2.53,2.0,b'W',30.0,5.397605346934028e-79,b'',,720.0,True
138397.0,19.0,1.0,118.4,176.9,37.8,115.8,107.33333333333331,64.33333333333333,5.5,2.46,5.0,b'W',120.0,1.0,b'W',60.0,240.0,True
138398.0,40.0,1.0,75.0,183.0,22.4,89.1,122.66666666666669,73.0,5.4,0.8,6.0,b'W',45.0,6.0,b'M',60.0,240.0,True
138399.0,67.0,1.0,111.9,189.3,31.2,116.0,140.5,68.0,5.9,1.75,3.0,b'W',30.0,3.0,b'W',30.0,180.0,True
138400.0,29.0,2.0,54.6,154.0,23.0,81.0,111.0,70.66666666666667,5.2,2.87,7.0,b'W',60.0,5.397605346934028e-79,b'',,300.0,True
138401.0,52.0,2.0,111.0,172.3,37.4,116.0,117.66666666666669,78.33333333333333,6.0,0.61,5.397605346934028e-79,b'',,5.397605346934028e-79,b'',,600.0,True
138402.0,31.0,2.0,64.8,157.0,26.3,86.2,107.0,73.66666666666667,4.6,0.29,3.0,b'W',60.0,2.0,b'W',30.0,660.0,True
138404.0,5.0,1.0,29.4,122.7,19.5,66.2,,,,0.34,,,,,,,,True
138405.0,72.0,1.0,63.0,179.4,19.6,76.5,125.0,76.66666666666667,5.6,2.23,1.0,b'D',45.0,5.397605346934028e-79,b'',,180.0,True
138407.0,7.0,1.0,37.8,131.8,21.8,71.1,,,,0.45,,,,,,,,True
138408.0,57.0,2.0,89.5,155.2,37.2,113.6,101.0,64.33333333333333,5.0,1.13,5.397605346934028e-79,b'',,5.397605346934028e-79,b'',,600.0,True
138409.0,37.0,2.0,75.0,163.9,27.9,93.3,98.33333333333331,61.0,5.3,0.41,5.397605346934028e-79,b'',,5.397605346934028e-79,b'',,420.0,True
138410.0,3.0,2.0,17.0,102.1,16.3,53.6,,,,0.87,,,,,,,,True
138412.0,11.0,1.0,52.7,154.8,22.0,78.9,113.0,60.0,,0.42,,,,,,,,True
138413.0,60.0,1.0,78.0,172.3,26.3,100.0,119.66666666666669,76.0,5.6,1.03,2.0,b'D',60.0,2.0,b'M',30.0,240.0,True
138414.0,30.0,1.0,78.9,186.9,22.6,83.4,100.66666666666669,56.333333333333336,5.3,2.56,4.0,b'W',90.0,3.0,b'W',30.0,240.0,True
138415.0,40.0,1.0,78.3,172.3,26.4,105.4,119.66666666666669,77.0,5.2,1.02,2.0,b'W',45.0,5.397605346934028e-79,b'',,240.0,True
138416.0,21.0,1.0,109.3,172.1,36.9,112.9,,,5.6,6.38,2.0,b'W',60.0,1.0,b'M',30.0,360.0,True
138418.0,35.0,2.0,82.2,169.2,28.7,92.2,98.66666666666669,72.33333333333333,4.9,1.39,1.0,b'W',60.0,1.0,b'W',60.0,300.0,True
138421.0,44.0,1.0,108.9,181.5,33.1,109.2,114.66666666666669,78.0,5.0,3.22,3.0,b'W',120.0,3.0,b'W',120.0,300.0,True
138422.0,78.0,1.0,135.1,175.4,43.9,142.2,105.66666666666669,71.66666666666667,6.4,0.36,5.397605346934028e-79,b'',,5.397605346934028e-79,b'',,180.0,True
138423.0,80.0,1.0,62.1,159.7,24.3,92.9,129.33333333333334,62.333333333333336,7.9,1.43,2.0,b'M',30.0,5.397605346934028e-79,b'',,360.0,True
138424.0,65.0,1.0,77.7,178.2,24.5,89.8,141.0,70.33333333333333,5.9,2.92,4.0,b'W',45.0,5.397605346934028e-79,b'',,840.0,True
138425.0,66.0,2.0,97.4,169.7,33.8,110.5,107.33333333333331,73.0,5.3,2.94,5.0,b'W',60.0,3.0,b'M',60.0,180.0,True
138426.0,37.0,1.0,100.8,188.3,28.4,107.6,135.0,80.0,5.3,7.09,2.0,b'W',30.0,1.0,b'W',30.0,600.0,True
138428.0,36.0,2.0,82.8,154.6,34.6,93.7,137.66666666666666,86.0,5.2,0.53,2.0,b'W',30.0,5.397605346934028e-79,b'',,960.0,True
138435.0,40.0,2.0,,,,,,,4.8,0.95,5.397605346934028e-79,b'',,5.397605346934028e-79,b'',,120.0,True
138436.0,16.0,2.0,140.8,164.2,52.2,129.0,102.0,71.33333333333333,5.4,12.97,,,,,,,,True
138439.0,69.0,1.0,73.0,168.3,25.8,95.4,130.0,68.0,5.3,1.3,7.0,b'W',31.0,5.397605346934028e-79,b'',,300.0,True
138440.0,18.0,1.0,60.0,180.3,18.5,69.3,101.66666666666669,45.333333333333336,5.6,0.19,5.0,b'M',120.0,3.0,b'W',60.0,360.0,True
138443.0,45.0,2.0,109.7,168.5,38.6,133.5,138.66666666666666,95.66666666666669,6.6,3.5,5.0,b'W',10.0,5.397605346934028e-79,b'',,360.0,True
138444.0,64.0,1.0,88.7,183.9,26.2,107.1,143.0,93.66666666666669,5.8,1.58,5.397605346934028e-79,b'',,5.397605346934028e-79,b'',,540.0,True
138445.0,13.0,2.0,85.9,163.2,32.3,108.8,113.0,59.333333333333336,5.6,1.66,,,,,,,,True
138447.0,59.0,2.0,101.8,154.9,42.4,123.9,156.0,90.33333333333331,5.6,4.71,2.0,b'W',60.0,5.397605346934028e-79,b'',,360.0,True
138449.0,48.0,2.0,85.1,153.3,36.2,108.4,106.0,71.66666666666667,5.6,13.12,2.0,b'W',30.0,5.397605346934028e-79,b'',,180.0,True
138450.0,64.0,2.0,86.9,153.4,36.9,104.9,144.33333333333334,83.0,5.9,3.19,6.0,b'W',40.0,5.397605346934028e-79,b'',,360.0,True
138451.0,32.0,1.0,132.4,189.5,36.9,117.7,137.66666666666666,85.33333333333333,4.8,0.63,3.0,b'W',20.0,5.0,b'W',90.0,600.0,True
138453.0,13.0,1.0,61.9,170.2,21.4,72.0,141.0,72.66666666666667,5.4,1.05,,,,,,,,True
138454.0,75.0,2.0,98.2,162.7,37.1,117.1,164.66666666666666,102.33333333333331,5.5,1.48,2.0,b'D',30.0,5.397605346934028e-79,b'',,60.0,True
138456.0,53.0,2.0,,,,,100.0,62.333333333333336,5.0,1.69,5.397605346934028e-79,b'',,5.397605346934028e-79,b'',,960.0,True
138458.0,38.0,2.0,44.4,164.6,16.4,,109.0,74.66666666666667,5.6,0.45,2.0,b'W',60.0,5.397605346934028e-79,b'',,480.0,True
138459.0,10.0,2.0,46.4,157.4,18.7,69.9,111.0,65.0,,0.19,,,,,,,,True
138460.0,17.0,1.0,80.0,182.0,24.2,80.1,136.0,73.0,5.0,0.33,,,,,,,,True
138461.0,10.0,2.0,37.8,143.4,18.4,69.3,100.66666666666669,60.66666666666666,,0.16,,,,,,,,True
138462.0,16.0,2.0,44.2,152.6,19.0,67.4,112.0,63.66666666666666,4.9,0.38,,,,,,,,True
138463.0,58.0,1.0,97.4,167.3,34.8,113.5,88.33333333333333,63.66666666666666,8.1,3.75,1.0,b'W',120.0,5.397605346934028e-79,b'',,600.0,True
138465.0,76.0,1.0,84.1,170.4,29.0,107.0,131.66666666666666,81.66666666666667,5.4,2.95,2.0,b'D',120.0,1.0,b'W',60.0,240.0,True
138466.0,22.0,1.0,90.8,167.8,32.2,102.0,131.33333333333334,79.33333333333333,4.7,0.82,4.0,b'W',120.0,4.0,b'W',30.0,180.0,True
138467.0,59.0,1.0,80.5,163.3,30.2,105.5,130.33333333333334,79.0,5.2,0.7,5.397605346934028e-79,b'',,5.397605346934028e-79,b'',,300.0,True
138468.0,41.0,1.0,62.0,166.9,22.3,80.2,109.33333333333331,69.66666666666667,4.7,1.23,1.0,b'D',60.0,3.0,b'W',30.0,360.0,True
138469.0,65.0,2.0,75.4,162.6,28.5,92.1,116.0,66.33333333333333,5.5,1.73,1.0,b'W',30.0,1.0,b'W',40.0,660.0,True
138470.0,17.0,1.0,64.9,175.1,21.2,73.5,93.0,47.333333333333336,5.3,2.1,,,,,,,,True
138471.0,5.0,1.0,18.8,110.9,15.3,50.0,,,,8.86,,,,,,,,True
138472.0,5.0,2.0,25.4,120.5,17.5,54.5,,,,0.27,,,,,,,,True
138473.0,17.0,2.0,52.3,152.8,22.4,74.2,99.66666666666669,57.66666666666666,5.2,0.72,,,,,,,,True
138474.0,62.0,1.0,79.3,181.4,24.1,96.3,151.0,89.66666666666667,5.0,0.81,2.0,b'W',120.0,2.0,b'W',60.0,300.0,True
138476.0,22.0,2.0,79.5,151.6,34.6,98.4,105.66666666666669,70.0,5.1,3.05,5.397605346934028e-79,b'',,5.397605346934028e-79,b'',,300.0,True
138478.0,67.0,1.0,103.4,184.5,30.4,108.0,136.0,84.33333333333333,6.3,2.12,1.0,b'W',180.0,5.397605346934028e-79,b'',,60.0,True
138480.0,80.0,1.0,113.0,183.2,33.7,123.6,153.66666666666666,84.66666666666667,5.6,1.47,2.0,b'W',60.0,1.0,b'W',15.0,300.0,True
138481.0,76.0,2.0,58.8,162.8,22.2,,111.66666666666669,65.66666666666667,5.2,0.59,3.0,b'W',30.0,1.0,b'W',15.0,240.0,True
138483.0,41.0,2.0,74.1,162.6,28.0,94.0,112.0,70.0,5.1,39.06,2.0,b'W',60.0,1.0,b'W',30.0,540.0,True
138485.0,53.0,2.0,87.0,163.8,32.4,111.4,104.33333333333331,77.0,5.0,4.85,7.0,b'W',30.0,1.0,b'W',15.0,480.0,True
138486.0,77.0,1.0,88.7,175.3,28.9,98.0,116.66666666666669,55.66666666666666,4.8,0.64,7.0,b'W',360.0,7.0,b'W',360.0,120.0,True
138489.0,41.0,1.0,127.5,190.5,35.1,123.7,116.66666666666669,90.0,5.8,4.12,4.0,b'W',120.0,5.397605346934028e-79,b'',,600.0,True
138490.0,46.0,2.0,63.7,175.0,20.8,74.3,106.0,64.66666666666667,5.1,0.11,7.0,b'W',30.0,7.0,b'W',60.0,240.0,True
138492.0,17.0,1.0,65.8,171.6,22.3,76.7,119.33333333333331,59.66666666666666,5.2,0.27,,,,,,,,True
138497.0,22.0,1.0,60.4,172.2,20.4,,106.66666666666669,63.66666666666666,5.3,0.55,4.0,b'W',180.0,4.0,b'W',120.0,720.0,True
138498.0,26.0,2.0,60.8,162.6,23.0,81.5,108.66666666666669,68.33333333333333,5.2,2.1,3.0,b'W',20.0,1.0,b'W',30.0,780.0,True
138500.0,7.0,2.0,20.9,116.5,15.4,55.0,,,,0.73,,,,,,,,True
138501.0,28.0,2.0,71.2,168.9,25.0,86.4,115.33333333333331,62.333333333333336,3.2,0.23,2.0,b'W',120.0,5.397605346934028e-79,b'',,150.0,True
138502.0,58.0,2.0,46.2,157.2,18.7,71.7,139.0,75.0,5.5,0.21,1.0,b'D',45.0,1.0,b'M',60.0,600.0,True
138504.0,11.0,2.0,54.0,163.5,20.2,69.2,,,,0.22,,,,,,,,True
138505.0,61.0,2.0,80.6,161.3,31.0,,,,6.1,0.77,1.0,b'D',60.0,5.397605346934028e-79,b'',,480.0,True
138509.0,17.0,2.0,72.5,158.5,28.9,97.7,105.66666666666669,58.333333333333336,5.1,1.54,,,,,,,,True
138510.0,18.0,2.0,70.5,161.4,27.1,88.8,101.0,58.333333333333336,5.6,5.19,,b'',,,b'',,,True
138513.0,71.0,2.0,56.7,155.5,23.4,80.6,108.0,69.0,5.6,1.19,3.0,b'W',120.0,2.0,b'W',120.0,300.0,True
138515.0,68.0,1.0,86.3,163.4,32.3,108.4,157.66666666666666,63.333333333333336,6.7,4.31,2.0,b'M',20.0,2.0,b'M',10.0,180.0,True
138516.0,13.0,2.0,100.9,167.5,36.0,111.5,103.0,68.0,5.4,0.26,,,,,,,,True
138517.0,30.0,1.0,74.3,182.4,22.3,87.4,134.0,94.0,4.8,0.9,1.0,b'W',180.0,1.0,b'M',120.0,600.0,True
138518.0,4.0,1.0,16.1,105.4,14.5,46.1,,,,0.17,,,,,,,,True
138520.0,54.0,2.0,70.3,170.7,24.1,84.7,102.33333333333331,65.66666666666667,5.2,0.65,3.0,b'M',45.0,4.0,b'W',45.0,840.0,True
138521.0,78.0,2.0,72.2,152.7,31.0,95.3,132.66666666666666,75.66666666666667,5.5,0.77,1.0,b'M',1.0,2.0,b'W',120.0,240.0,True
138523.0,69.0,1.0,74.4,170.8,25.5,94.1,98.0,60.333333333333336,6.8,0.41,8.0,b'M',60.0,5.397605346934028e-79,b'',,480.0,True
138524.0,70.0,2.0,76.2,152.8,32.6,110.1,114.0,74.0,8.0,4.32,5.397605346934028e-79,b'',,5.397605346934028e-79,b'',,9999.0,True
138525.0,44.0,2.0,,,,,,,5.6,0.24,5.397605346934028e-79,b'',,5.397605346934028e-79,b'',,120.0,True
138527.0,29.0,2.0,70.3,176.0,22.7,77.5,113.33333333333331,56.66666666666666,5.2,0.45,3.0,b'W',60.0,1.0,b'W',45.0,360.0,True
138530.0,15.0,1.0,61.2,173.4,20.4,75.5,119.33333333333331,76.66666666666667,5.2,0.19,,,,,,,,True
138532.0,62.0,2.0,70.7,157.4,28.5,97.0,115.0,71.33333333333333,5.6,0.96,5.397605346934028e-79,b'',,2.0,b'W',35.0,240.0,True
138533.0,67.0,2.0,99.2,150.3,43.9,121.3,100.33333333333331,72.0,5.6,4.5,1.0,b'W',30.0,5.397605346934028e-79,b'',,540.0,True
138535.0,33.0,2.0,99.4,178.4,31.2,107.0,99.0,63.333333333333336,5.0,7.88,3.0,b'W',30.0,5.397605346934028e-79,b'',,600.0,True
138536.0,38.0,1.0,143.9,200.7,35.7,122.5,114.0,78.0,4.7,0.97,2.0,b'W',120.0,2.0,b'W',60.0,420.0,True
138537.0,5.0,2.0,22.3,119.0,15.7,52.9,,,,0.11,,,,,,,,True
138539.0,61.0,1.0,112.7,183.1,33.6,123.0,98.66666666666669,56.333333333333336,6.6,1.83,3.0,b'W',30.0,1.0,b'W',30.0,600.0,True
138540.0,80.0,1.0,60.1,156.0,24.7,94.0,161.0,59.333333333333336,7.5,3.74,5.397605346934028e-79,b'',,5.397605346934028e-79,b'',,720.0,True
138541.0,54.0,2.0,87.4,169.9,30.3,119.0,178.66666666666666,76.33333333333333,7.5,5.91,5.397605346934028e-79,b'',,5.397605346934028e-79,b'',,840.0,True
138542.0,77.0,2.0,73.4,166.1,26.6,91.4,133.33333333333334,80.0,5.4,0.57,2.0,b'W',45.0,5.397605346934028e-79,b'',,240.0,True
138543.0,65.0,2.0,65.7,157.8,26.4,88.9,112.66666666666669,75.0,5.5,1.9,1.0,b'D',180.0,5.397605346934028e-79,b'',,120.0,True
138547.0,7.0,2.0,26.1,131.3,15.1,56.5,,,,0.11,,,,,,,,True
138548.0,40.0,1.0,76.1,190.5,21.0,83.8,,,5.0,0.65,2.0,b'D',20.0,2.0,b'W',15.0,660.0,True
138550.0,39.0,2.0,64.9,162.5,24.6,84.1,116.66666666666669,74.33333333333333,5.1,0.55,5.397605346934028e-79,b'',,5.397605346934028e-79,b'',,600.0,True
138551.0,47.0,2.0,73.9,163.8,27.5,96.0,120.66666666666669,73.33333333333333,8.1,7.56,5.0,b'W',120.0,2.0,b'W',120.0,120.0,True
138553.0,10.0,2.0,53.9,146.8,25.0,87.4,105.66666666666669,57.0,,0.16,,,,,,,,True
138555.0,33.0,2.0,71.5,178.2,22.5,82.1,112.33333333333331,79.0,5.3,0.33,5.397605346934028e-79,b'',,5.397605346934028e-79,b'',,120.0,True
138556.0,48.0,1.0,87.5,172.4,29.4,99.2,112.66666666666669,75.0,5.7,5.07,4.0,b'W',120.0,5.397605346934028e-79,b'',,180.0,True
138557.0,11.0,1.0,59.8,153.6,25.3,83.4,110.66666666666669,59.66666666666666,,0.35,,,,,,,,True
138558.0,8.0,2.0,27.5,122.8,18.2,59.8,107.33333333333331,72.33333333333333,,0.3,,,,,,,,True
138560.0,6.0,2.0,32.4,128.5,19.6,67.4,,,,1.16,,,,,,,,True
138563.0,76.0,1.0,129.9,175.9,42.0,133.5,85.33333333333333,53.0,6.3,5.32,5.397605346934028e-79,b'',,5.397605346934028e-79,b'',,600.0,True
138565.0,48.0,2.0,53.7,149.5,24.0,77.7,121.66666666666669,93.33333333333331,4.9,0.71,1.0,b'W',120.0,5.397605346934028e-79,b'',,480.0,True
138567.0,33.0,1.0,67.7,176.5,21.7,86.8,128.66666666666666,81.0,5.8,2.02,5.397605346934028e-79,b'',,5.397605346934028e-79,b'',,180.0,True
138571.0,60.0,2.0,89.4,171.0,30.6,110.5,135.33333333333334,73.33333333333333,5.6,1.05,2.0,b'W',30.0,5.397605346934028e-79,b'',,300.0,True
138573.0,60.0,1.0,97.8,184.3,28.8,106.0,134.66666666666666,74.66666666666667,5.3,1.12,7.0,b'W',60.0,5.0,b'W',30.0,420.0,True
138575.0,11.0,2.0,48.2,160.7,18.7,65.6,90.33333333333331,57.0,,0.22,,,,,,,,True
138576.0,20.0,2.0,58.7,148.0,26.8,88.0,95.66666666666669,59.66666666666666,5.2,5.42,2.0,b'M',120.0,5.397605346934028e-79,b'',,60.0,True
138578.0,64.0,1.0,103.5,163.9,38.5,121.1,149.33333333333334,67.33333333333333,5.7,2.02,5.397605346934028e-79,b'',,5.397605346934028e-79,b'',,180.0,True
138584.0,67.0,1.0,59.2,166.2,21.4,89.6,113.0,63.66666666666666,5.7,1.04,3.0,b'W',45.0,2.0,b'W',45.0,300.0,True
138585.0,3.0,2.0,11.9,89.9,14.7,46.6,,,,0.39,,,,,,,,True
138586.0,75.0,2.0,102.6,163.9,38.2,130.2,162.33333333333334,75.33333333333333,5.4,3.02,3.0,b'W',10.0,5.397605346934028e-79,b'',,360.0,True
138588.0,72.0,1.0,81.1,176.9,25.9,98.0,119.66666666666669,66.66666666666667,5.2,1.02,3.0,b'D',15.0,2.0,b'W',50.0,300.0,True
138592.0,7.0,1.0,24.4,125.0,15.6,54.7,,,,0.36,,,,,,,,True
138596.0,35.0,2.0,113.9,172.9,38.1,125.7,128.66666666666666,93.66666666666669,5.1,7.98,5.397605346934028e-79,b'',,5.397605346934028e-79,b'',,720.0,True
138599.0,71.0,1.0,83.6,179.7,25.9,98.4,129.0,59.0,5.2,0.49,5.0,b'W',40.0,5.397605346934028e-79,b'',,600.0,True
138600.0,34.0,2.0,88.9,158.8,35.3,117.4,94.0,68.0,5.4,9.98,4.0,b'W',60.0,5.397605346934028e-79,b'',,9999.0,True
138601.0,67.0,1.0,71.4,171.7,24.2,85.6,135.66666666666666,82.66666666666667,5.7,2.32,2.0,b'W',40.0,1.0,b'M',60.0,240.0,True
138602.0,37.0,2.0,118.8,173.2,39.6,108.0,112.33333333333331,77.66666666666667,5.0,7.34,7.0,b'W',30.0,3.0,b'W',60.0,300.0,True
138603.0,17.0,2.0,44.2,157.4,17.8,63.3,100.0,67.33333333333333,5.0,0.2,,,,,,,,True
138604.0,79.0,2.0,86.2,143.4,41.9,119.9,124.0,69.33333333333333,8.1,1.94,5.397605346934028e-79,b'',,5.397605346934028e-79,b'',,960.0,True
138606.0,49.0,1.0,93.1,173.8,30.8,104.8,114.66666666666669,73.0,5.9,1.61,7.0,b'W',60.0,4.0,b'W',90.0,360.0,True
138609.0,60.0,2.0,77.6,158.7,30.8,102.6,116.0,86.0,5.6,5.32,3.0,b'W',30.0,2.0,b'M',60.0,600.0,True
138610.0,18.0,1.0,72.7,182.9,21.7,82.0,114.66666666666669,60.333333333333336,5.0,0.17,3.0,b'W',45.0,6.0,b'M',90.0,240.0,True
138611.0,36.0,1.0,81.7,155.8,33.7,104.5,110.0,74.0,6.0,8.82,5.397605346934028e-79,b'',,5.397605346934028e-79,b'',,300.0,True
138612.0,10.0,1.0,46.4,139.4,23.9,88.5,102.66666666666669,63.333333333333336,,2.51,,,,,,,,True
138613.0,58.0,2.0,91.7,164.4,33.9,117.7,118.33333333333331,83.33333333333333,5.6,5.66,7.0,b'W',90.0,2.0,b'W',60.0,480.0,True
138614.0,12.0,2.0,48.3,145.6,22.8,82.1,95.66666666666669,64.66666666666667,5.1,0.94,,,,,,,,True
138617.0,18.0,2.0,52.2,161.9,19.9,71.8,106.66666666666669,70.0,4.8,0.8,2.0,b'M',120.0,1.0,b'W',120.0,240.0,True
138618.0,57.0,1.0,65.5,167.4,23.4,80.9,108.0,61.333333333333336,5.9,0.82,3.0,b'W',180.0,1.0,b'W',60.0,120.0,True
138619.0,53.0,1.0,106.5,172.9,35.6,125.3,122.0,78.66666666666667,13.9,4.92,2.0,b'D',45.0,5.397605346934028e-79,b'',,600.0,True
138625.0,29.0,2.0,41.6,148.1,19.0,65.9,95.33333333333331,63.333333333333336,5.4,0.15,5.0,b'W',30.0,5.0,b'W',30.0,360.0,True
138626.0,38.0,2.0,,,,,107.0,72.33333333333333,5.4,0.85,1.0,b'W',5.0,5.397605346934028e-79,b'',,180.0,True
138627.0,21.0,2.0,66.4,155.7,27.4,93.0,83.0,56.0,5.2,0.87,2.0,b'W',15.0,2.0,b'M',10.0,60.0,True
138629.0,19.0,1.0,65.9,164.6,24.3,81.8,119.0,79.0,4.5,3.81,1.0,b'W',120.0,1.0,b'W',120.0,240.0,True
138630.0,15.0,2.0,53.0,163.4,19.9,71.1,103.33333333333331,61.0,5.0,0.11,,,,,,,,True
138631.0,66.0,1.0,75.0,176.1,24.2,93.8,133.33333333333334,78.66666666666667,5.1,0.56,3.0,b'W',60.0,3.0,b'W',60.0,240.0,True
138633.0,18.0,2.0,74.0,149.1,33.3,97.4,132.66666666666666,72.33333333333333,5.3,2.73,3.0,b'W',90.0,1.0,b'W',60.0,360.0,True
138635.0,17.0,2.0,60.1,167.4,21.4,77.8,105.0,69.66666666666667,5.3,0.98,,,,,,,,True
138637.0,38.0,2.0,73.5,164.7,27.1,78.0,115.0,72.0,5.3,0.47,5.0,b'W',90.0,3.0,b'W',30.0,420.0,True
138638.0,8.0,1.0,29.6,128.6,17.9,61.7,90.66666666666669,56.66666666666666,,17.92,,,,,,,,True
138639.0,51.0,1.0,97.0,162.8,36.6,111.6,130.0,91.66666666666669,5.6,4.31,4.0,b'W',60.0,2.0,b'W',120.0,420.0,True
138640.0,7.0,2.0,27.8,124.9,17.8,60.6,,,,0.61,,,,,,,,True
138641.0,44.0,1.0,88.8,184.4,26.1,101.5,142.33333333333334,93.66666666666669,5.2,0.97,5.0,b'W',45.0,2.0,b'W',75.0,600.0,True
138644.0,15.0,2.0,52.7,164.5,19.5,66.0,99.5,66.5,5.3,0.49,,,,,,,,True
138647.0,66.0,2.0,100.7,173.9,33.3,111.3,113.0,73.66666666666667,5.4,1.2,2.0,b'W',25.0,5.397605346934028e-79,b'',,300.0,True
138651.0,58.0,1.0,78.1,174.5,25.6,97.3,112.0,66.66666666666667,5.7,0.92,2.0,b'W',60.0,5.397605346934028e-79,b'',,480.0,True
138656.0,45.0,1.0,121.2,175.3,39.4,127.8,120.66666666666669,80.0,6.3,1.5,2.0,b'W',30.0,5.397605346934028e-79,b'',,600.0,True
138658.0,67.0,2.0,73.0,164.1,27.1,96.2,113.0,71.66666666666667,4.9,3.12,1.0,b'D',60.0,1.0,b'D',15.0,300.0,True
138659.0,80.0,1.0,83.4,165.0,30.6,109.4,97.0,56.66666666666666,6.4,1.9,7.0,b'W',90.0,5.397605346934028e-79,b'',,540.0,True
138660.0,44.0,2.0,104.3,173.9,34.5,110.8,124.0,74.66666666666667,5.3,3.43,1.0,b'D',30.0,5.0,b'W',40.0,600.0,True
138664.0,70.0,2.0,78.5,149.2,35.3,117.0,131.0,61.66666666666666,5.1,3.17,1.0,b'W',20.0,5.397605346934028e-79,b'',,540.0,True
138665.0,7.0,2.0,23.1,125.3,14.7,52.8,,,,0.18,,,,,,,,True
138666.0,44.0,1.0,124.3,189.8,34.5,117.8,124.33333333333331,81.33333333333333,9.4,4.97,2.0,b'W',30.0,2.0,b'M',30.0,600.0,True
138668.0,49.0,1.0,58.7,160.5,22.8,85.7,174.33333333333334,92.66666666666669,4.8,31.2,1.0,b'W',60.0,5.397605346934028e-79,b'',,120.0,True
138671.0,48.0,1.0,96.3,185.8,27.9,94.5,121.33333333333331,87.0,5.7,7.86,2.0,b'W',60.0,2.0,b'W',30.0,720.0,True
138672.0,80.0,1.0,68.5,158.6,27.2,,101.66666666666669,68.66666666666667,7.4,4.28,5.397605346934028e-79,b'',,5.397605346934028e-79,b'',,1020.0,True
138673.0,80.0,2.0,61.6,159.1,24.3,90.0,142.0,62.333333333333336,5.7,1.17,7.0,b'W',240.0,5.397605346934028e-79,b'',,300.0,True
138674.0,72.0,2.0,61.8,149.3,27.7,81.8,120.0,71.0,5.8,1.19,7.0,b'D',90.0,2.0,b'M',60.0,300.0,True
138675.0,76.0,1.0,83.2,177.5,26.4,105.9,148.33333333333334,69.66666666666667,7.7,0.36,4.0,b'W',20.0,2.0,b'M',20.0,480.0,True
138678.0,41.0,2.0,111.8,167.5,39.8,128.8,127.0,96.33333333333331,5.9,5.86,3.0,b'W',1.0,2.0,b'W',60.0,30.0,True
138679.0,26.0,1.0,49.6,168.4,17.5,70.6,108.0,62.66666666666666,5.4,1.47,2.0,b'M',60.0,5.397605346934028e-79,b'',,240.0,True
138680.0,68.0,2.0,69.0,163.0,26.0,99.5,102.66666666666669,61.333333333333336,5.5,2.27,7.0,b'W',60.0,5.397605346934028e-79,b'',,360.0,True
138681.0,70.0,1.0,83.9,177.9,26.5,101.3,167.66666666666666,98.0,5.8,1.48,3.0,b'W',60.0,3.0,b'W',10.0,240.0,True
138682.0,5.0,1.0,22.8,120.6,15.7,54.7,,,,0.96,,,,,,,,True
138683.0,39.0,2.0,70.8,163.5,26.5,99.4,82.66666666666667,58.0,5.4,1.12,1.0,b'W',30.0,5.397605346934028e-79,b'',,480.0,True
138684.0,9.0,1.0,35.4,147.0,16.4,63.0,,,,0.2,,,,,,,,True
138687.0,12.0,1.0,54.7,161.2,21.1,76.5,108.33333333333331,53.66666666666666,5.2,0.59,,,,,,,,True
138689.0,47.0,1.0,107.8,175.3,35.1,117.8,111.33333333333331,75.0,5.6,3.93,1.0,b'M',60.0,1.0,b'M',30.0,600.0,True
138690.0,61.0,2.0,64.0,152.1,27.7,97.3,118.33333333333331,81.66666666666667,5.7,1.0,7.0,b'W',15.0,5.397605346934028e-79,b'',,240.0,True
138694.0,64.0,2.0,70.2,161.7,26.8,90.0,131.0,81.0,5.2,0.25,1.0,b'W',30.0,1.0,b'W',30.0,600.0,True
138695.0,39.0,1.0,109.4,166.0,39.7,127.4,142.66666666666666,97.33333333333331,6.4,2.38,5.397605346934028e-79,b'',,5.397605346934028e-79,b'',,900.0,True
138696.0,5.0,2.0,16.7,107.2,14.5,51.9,,,,2.45,,,,,,,,True
138697.0,41.0,1.0,70.1,165.0,25.7,91.6,111.66666666666669,62.66666666666666,6.0,15.06,5.397605346934028e-79,b'',,1.0,b'W',60.0,60.0,True
138698.0,66.0,2.0,87.0,156.6,35.5,112.5,97.0,68.0,6.2,9.14,5.397605346934028e-79,b'',,5.397605346934028e-79,b'',,480.0,True
138701.0,75.0,1.0,89.9,176.7,28.8,,132.33333333333334,79.0,6.8,2.79,1.0,b'M',60.0,5.397605346934028e-79,b'',,480.0,True
138703.0,53.0,2.0,67.9,166.9,24.4,,111.33333333333331,76.0,5.5,1.77,3.0,b'W',60.0,2.0,b'W',30.0,120.0,True
138705.0,15.0,1.0,56.8,171.1,19.4,69.4,107.66666666666669,63.0,5.2,0.45,,,,,,,,True
138708.0,50.0,2.0,117.7,163.2,44.2,126.7,119.66666666666669,86.33333333333333,6.1,19.1,3.0,b'W',60.0,2.0,b'M',30.0,720.0,True
138709.0,11.0,2.0,55.3,163.6,20.7,68.5,100.0,57.0,,0.11,,,,,,,,True
138711.0,25.0,1.0,87.4,176.6,28.0,97.4,122.66666666666669,78.66666666666667,5.4,0.59,5.397605346934028e-79,b'',,5.397605346934028e-79,b'',,240.0,True
138712.0,69.0,1.0,69.4,171.5,23.6,91.3,144.66666666666666,71.66666666666667,5.4,0.58,6.0,b'W',300.0,5.397605346934028e-79,b'',,240.0,True
138713.0,58.0,1.0,73.9,170.4,25.5,88.6,143.0,87.0,6.0,3.64,3.0,b'Y',90.0,5.397605346934028e-79,b'',,90.0,True
138714.0,80.0,2.0,61.4,153.7,26.0,96.6,165.0,77.66666666666667,5.5,0.63,1.0,b'W',60.0,5.397605346934028e-79,b'',,180.0,True
138715.0,13.0,2.0,60.0,155.5,24.8,79.3,108.33333333333331,61.333333333333336,5.3,0.29,,,,,,,,True
138716.0,63.0,2.0,76.9,170.7,26.4,96.4,151.66666666666666,75.0,5.2,0.26,2.0,b'D',30.0,1.0,b'W',15.0,360.0,True
138717.0,72.0,2.0,88.3,154.3,37.1,118.0,121.0,74.0,5.7,1.64,4.0,b'W',30.0,2.0,b'M',15.0,360.0,True
138718.0,51.0,1.0,96.6,180.0,29.8,109.7,126.0,76.0,5.0,1.68,3.0,b'W',30.0,1.0,b'W',10.0,180.0,True
138719.0,32.0,1.0,89.7,175.5,29.1,94.5,125.66666666666669,82.33333333333333,5.4,0.9,3.0,b'W',60.0,3.0,b'W',20.0,360.0,True
138720.0,65.0,2.0,51.6,154.6,21.6,82.7,143.0,80.0,5.6,5.9,1.0,b'D',60.0,4.0,b'W',30.0,120.0,True
138722.0,63.0,1.0,82.3,166.0,29.9,103.4,126.33333333333331,78.66666666666667,5.2,1.68,3.0,b'W',90.0,6.0,b'Y',45.0,120.0,True
138723.0,18.0,1.0,108.3,174.7,35.5,109.1,131.33333333333334,87.33333333333333,5.5,7.05,6.0,b'W',60.0,6.0,b'W',60.0,360.0,True
138724.0,80.0,1.0,111.3,168.7,39.1,121.1,172.66666666666666,81.0,5.7,0.44,3.0,b'W',90.0,3.0,b'W',30.0,180.0,True
138725.0,28.0,2.0,66.5,167.0,23.8,87.7,110.0,67.0,5.0,0.84,6.0,b'W',30.0,2.0,b'M',45.0,600.0,True
138727.0,73.0,2.0,57.8,155.4,23.9,86.5,127.33333333333331,76.0,5.8,0.56,4.0,b'W',15.0,5.397605346934028e-79,b'',,360.0,True
138728.0,45.0,2.0,113.0,171.6,38.4,,116.66666666666669,77.66666666666667,5.5,7.64,5.397605346934028e-79,b'',,5.397605346934028e-79,b'',,1380.0,True
138729.0,17.0,2.0,108.1,171.7,36.7,108.4,101.66666666666669,69.33333333333333,5.4,4.83,,,,,,,,True
138730.0,24.0,2.0,43.5,155.1,18.1,71.5,113.33333333333331,72.33333333333333,5.0,0.63,5.397605346934028e-79,b'',,5.397605346934028e-79,b'',,600.0,True
138731.0,43.0,2.0,89.1,159.7,34.9,107.4,105.0,77.0,6.1,8.48,4.0,b'W',60.0,1.0,b'W',30.0,600.0,True
138732.0,68.0,1.0,89.5,186.1,25.8,106.2,125.33333333333331,70.66666666666667,5.7,0.43,3.0,b'M',60.0,1.0,b'M',30.0,240.0,True
138733.0,16.0,2.0,77.7,160.4,30.2,90.1,101.33333333333331,63.0,5.6,3.15,,,,,,,,True
138734.0,80.0,2.0,64.4,162.6,24.4,92.4,138.0,65.33333333333333,6.6,0.87,5.397605346934028e-79,b'',,5.397605346934028e-79,b'',,360.0,True
138736.0,61.0,2.0,52.6,164.1,19.5,81.6,124.33333333333331,73.0,5.1,1.2,1.0,b'D',60.0,1.0,b'W',60.0,360.0,True
138738.0,73.0,1.0,65.6,175.2,21.4,86.4,114.66666666666669,58.333333333333336,5.0,0.71,1.0,b'W',30.0,3.0,b'W',30.0,240.0,True
138739.0,68.0,2.0,68.9,162.7,26.0,106.9,118.33333333333331,67.0,5.9,0.65,7.0,b'W',120.0,5.397605346934028e-79,b'',,240.0,True
138740.0,30.0,2.0,82.1,171.3,28.0,93.9,97.33333333333331,61.333333333333336,4.4,17.85,1.0,b'W',120.0,2.0,b'Y',120.0,600.0,True
138743.0,43.0,1.0,99.0,173.4,32.9,110.2,119.33333333333331,73.0,6.1,4.3,5.397605346934028e-79,b'',,5.397605346934028e-79,b'',,240.0,True
138744.0,27.0,2.0,49.7,158.8,19.7,68.3,93.33333333333331,60.66666666666666,4.9,0.32,2.0,b'M',30.0,5.397605346934028e-79,b'',,600.0,True
138745.0,35.0,2.0,70.8,168.0,25.1,88.8,110.33333333333331,72.66666666666667,5.5,0.34,5.0,b'W',30.0,1.0,b'W',30.0,360.0,True
138748.0,80.0,1.0,75.1,165.2,27.5,97.5,166.33333333333334,91.33333333333331,6.2,1.66,5.397605346934028e-79,b'',,5.397605346934028e-79,b'',,180.0,True
138749.0,40.0,1.0,66.5,175.1,21.7,76.4,103.66666666666669,66.33333333333333,5.0,0.91,3.0,b'W',45.0,2.0,b'W',30.0,360.0,True
138750.0,33.0,2.0,128.2,161.9,48.9,122.1,102.66666666666669,76.33333333333333,5.3,6.12,4.0,b'W',40.0,1.0,b'W',25.0,360.0,True
138751.0,62.0,2.0,76.9,161.6,29.4,101.9,99.66666666666669,68.0,5.9,0.95,5.397605346934028e-79,b'',,5.397605346934028e-79,b'',,960.0,True
138752.0,40.0,1.0,74.1,176.5,23.8,85.0,105.66666666666669,57.66666666666666,5.6,0.73,1.0,b'D',60.0,4.0,b'W',90.0,480.0,True
138755.0,80.0,2.0,72.6,151.5,31.6,109.5,154.66666666666666,67.0,7.7,0.8,1.0,b'W',5.0,5.397605346934028e-79,b'',,300.0,True
138756.0,79.0,2.0,62.4,149.0,28.1,96.2,147.33333333333334,71.66666666666667,5.3,1.16,2.0,b'W',20.0,5.397605346934028e-79,b'',,360.0,True
138757.0,40.0,2.0,59.5,148.1,27.1,83.1,104.66666666666669,56.0,4.7,0.47,5.397605346934028e-79,b'',,5.397605346934028e-79,b'',,480.0,True
138759.0,16.0,1.0,62.2,165.8,22.6,84.6,118.33333333333331,62.66666666666666,5.2,0.41,,,,,,,,True
138761.0,36.0,2.0,65.0,162.9,24.5,83.1,102.0,67.0,5.0,0.55,2.0,b'W',30.0,2.0,b'W',30.0,240.0,True
138762.0,18.0,1.0,70.5,173.8,23.3,70.5,109.0,58.333333333333336,5.4,0.11,5.0,b'W',120.0,5.0,b'W',90.0,240.0,True
138763.0,21.0,1.0,85.5,177.5,27.1,89.0,112.66666666666669,68.66666666666667,5.5,1.21,4.0,b'W',60.0,4.0,b'W',60.0,600.0,True
138764.0,13.0,2.0,67.1,156.6,27.4,83.5,107.66666666666669,65.33333333333333,5.1,0.45,,,,,,,,True
138765.0,55.0,2.0,61.1,155.7,25.2,105.1,117.0,76.0,5.0,3.13,1.0,b'W',60.0,5.397605346934028e-79,b'',,600.0,True
138768.0,69.0,1.0,101.0,182.2,30.4,124.8,123.66666666666669,69.66666666666667,6.5,0.81,1.0,b'D',15.0,5.397605346934028e-79,b'',,30.0,True
138770.0,80.0,1.0,77.1,175.2,25.1,105.0,124.0,70.66666666666667,5.7,0.79,3.0,b'W',60.0,5.397605346934028e-79,b'',,120.0,True
138771.0,3.0,2.0,19.2,106.6,16.9,55.2,,,,1.75,,,,,,,,True
138774.0,67.0,1.0,98.5,172.2,33.2,116.8,145.66666666666666,90.33333333333331,5.4,0.84,5.397605346934028e-79,b'',,5.397605346934028e-79,b'',,240.0,True
138775.0,55.0,2.0,67.0,148.5,30.4,96.5,158.33333333333334,96.33333333333331,4.9,5.39,3.0,b'W',45.0,3.0,b'W',45.0,120.0,True
138777.0,12.0,2.0,79.2,163.9,29.5,95.9,98.0,63.333333333333336,5.2,4.87,,,,,,,,True
138778.0,44.0,1.0,56.2,174.4,18.5,72.3,118.33333333333331,72.33333333333333,5.8,1.49,3.0,b'D',30.0,7.0,b'W',180.0,90.0,True
138780.0,7.0,1.0,21.6,119.5,15.1,53.0,,,,0.15,,,,,,,,True
138781.0,19.0,1.0,65.6,164.6,24.2,86.9,115.33333333333331,74.0,5.4,2.26,5.397605346934028e-79,b'',,5.397605346934028e-79,b'',,300.0,True
138783.0,56.0,2.0,123.3,177.9,39.0,136.5,112.66666666666669,76.66666666666667,6.0,1.16,5.397605346934028e-79,b'',,5.397605346934028e-79,b'',,1260.0,True
138785.0,64.0,2.0,105.0,172.2,35.4,124.3,103.66666666666669,71.66666666666667,5.9,1.38,3.0,b'W',240.0,5.397605346934028e-79,b'',,300.0,True
138786.0,74.0,1.0,81.1,172.1,27.4,95.8,122.33333333333331,66.66666666666667,6.6,4.3,1.0,b'D',30.0,5.397605346934028e-79,b'',,60.0,True
138791.0,39.0,2.0,114.8,171.1,39.2,128.4,112.0,81.0,5.3,78.6,1.0,b'D',60.0,3.0,b'W',75.0,240.0,True
138792.0,13.0,2.0,112.7,167.6,40.1,120.1,100.33333333333331,62.333333333333336,5.5,0.8,,,,,,,,True
138793.0,49.0,2.0,71.7,152.6,30.8,106.1,122.66666666666669,77.33333333333333,6.3,2.11,1.0,b'W',30.0,5.397605346934028e-79,b'',,60.0,True
138794.0,52.0,2.0,87.5,167.5,31.2,107.5,116.33333333333331,88.0,5.4,0.36,1.0,b'D',60.0,5.397605346934028e-79,b'',,180.0,True
138796.0,5.0,1.0,17.9,109.4,15.0,50.7,,,,0.34,,,,,,,,True
138797.0,5.0,2.0,22.3,115.3,16.8,54.4,,,,0.61,,,,,,,,True
138800.0,61.0,1.0,93.7,173.7,31.1,108.4,130.66666666666666,73.0,11.2,2.36,1.0,b'W',120.0,5.397605346934028e-79,b'',,540.0,True
138801.0,44.0,1.0,100.6,177.1,32.1,110.6,127.33333333333331,79.66666666666667,7.2,1.99,1.0,b'M',30.0,1.0,b'M',10.0,360.0,True
138802.0,46.0,2.0,131.0,163.5,49.0,134.8,115.66666666666669,83.0,5.9,2.94,2.0,b'M',20.0,5.397605346934028e-79,b'',,180.0,True
138803.0,61.0,2.0,94.2,171.0,32.2,109.4,148.66666666666666,89.66666666666667,5.2,2.76,1.0,b'W',30.0,5.397605346934028e-79,b'',,660.0,True
138804.0,69.0,1.0,51.4,159.0,20.3,83.1,177.0,90.66666666666669,6.0,7.01,4.0,b'W',60.0,1.0,b'D',60.0,120.0,True
138805.0,77.0,1.0,58.9,153.3,25.1,90.9,120.33333333333331,66.33333333333333,5.1,59.19,1.0,b'M',25.0,5.397605346934028e-79,b'',,420.0,True
138806.0,47.0,2.0,54.8,148.1,25.0,75.8,150.66666666666666,86.33333333333333,5.4,1.79,1.0,b'D',120.0,7.0,b'W',60.0,120.0,True
138808.0,41.0,2.0,116.1,168.3,41.0,122.6,94.0,63.333333333333336,6.0,2.38,1.0,b'W',20.0,5.397605346934028e-79,b'',,120.0,True
138809.0,51.0,2.0,103.1,160.3,40.1,119.5,117.33333333333331,76.0,5.2,5.62,1.0,b'W',30.0,5.397605346934028e-79,b'',,600.0,True
138810.0,58.0,2.0,124.4,169.8,43.1,125.9,98.66666666666669,71.33333333333333,8.2,3.29,3.0,b'W',30.0,2.0,b'W',30.0,120.0,True
138811.0,21.0,1.0,85.3,171.0,29.2,100.2,109.0,63.333333333333336,5.7,1.3,2.0,b'D',30.0,1.0,b'W',30.0,360.0,True
138812.0,64.0,2.0,93.1,177.0,29.7,99.5,133.33333333333334,81.66666666666667,5.3,3.87,9999.0,b'',,5.397605346934028e-79,b'',,360.0,True
138814.0,68.0,1.0,73.9,165.1,27.1,96.2,107.33333333333331,69.0,5.7,1.28,5.397605346934028e-79,b'',,5.397605346934028e-79,b'',,420.0,True
138815.0,76.0,2.0,76.6,166.7,27.6,101.1,142.33333333333334,79.0,5.4,0.59,3.0,b'W',30.0,5.397605346934028e-79,b'',,300.0,True
138816.0,55.0,2.0,67.2,151.7,29.2,102.5,113.66666666666669,70.0,5.8,7.53,5.397605346934028e-79,b'',,5.397605346934028e-79,b'',,60.0,True
138819.0,80.0,2.0,94.6,165.4,34.6,117.6,114.0,78.33333333333333,7.1,2.4,3.0,b'W',30.0,5.397605346934028e-79,b'',,360.0,True
138824.0,72.0,1.0,68.2,167.7,24.3,91.5,134.33333333333334,61.333333333333336,8.4,3.82,7.0,b'W',120.0,5.397605346934028e-79,b'',,120.0,True
138825.0,65.0,2.0,88.2,151.4,38.5,106.9,165.66666666666666,90.66666666666669,5.8,17.91,3.0,b'W',60.0,5.397605346934028e-79,b'',,240.0,True
138826.0,13.0,2.0,42.6,160.5,16.5,65.4,109.33333333333331,53.66666666666666,5.1,0.11,,,,,,,,True
138827.0,14.0,1.0,61.9,174.6,20.3,71.8,106.0,62.0,5.4,0.97,,,,,,,,True
138828.0,27.0,2.0,108.1,162.7,40.8,125.6,113.0,77.66666666666667,5.3,5.97,9999.0,b'',,9999.0,b'',,360.0,True
138830.0,72.0,2.0,48.3,152.8,20.7,74.9,113.0,62.333333333333336,5.7,0.52,3.0,b'W',60.0,5.397605346934028e-79,b'',,480.0,True
138832.0,48.0,1.0,83.2,176.1,26.8,90.3,125.66666666666669,87.0,4.6,2.91,5.0,b'W',60.0,1.0,b'W',180.0,480.0,True
138833.0,21.0,1.0,107.7,175.6,34.9,112.6,122.66666666666669,85.33333333333333,5.3,4.48,2.0,b'W',30.0,5.397605346934028e-79,b'',,540.0,True
138834.0,15.0,1.0,73.0,179.1,22.8,81.5,124.33333333333331,62.333333333333336,5.3,1.3,,,,,,,,True
138837.0,59.0,2.0,61.8,154.1,26.0,90.3,115.0,69.33333333333333,5.8,1.29,3.0,b'W',30.0,5.397605346934028e-79,b'',,360.0,True
138839.0,80.0,2.0,41.5,145.9,19.5,76.3,,,5.8,0.51,1.0,b'D',5.0,3.0,b'W',10.0,480.0,True
138841.0,35.0,2.0,143.8,165.3,52.6,,111.33333333333331,88.66666666666667,5.2,5.73,2.0,b'M',120.0,5.397605346934028e-79,b'',,900.0,True
138843.0,16.0,2.0,54.4,167.2,19.5,69.5,102.66666666666669,68.33333333333333,4.9,1.82,,,,,,,,True
138845.0,34.0,1.0,103.1,179.9,31.9,112.5,121.33333333333331,82.33333333333333,4.7,1.47,5.397605346934028e-79,b'',,5.397605346934028e-79,b'',,600.0,True
138846.0,36.0,2.0,58.0,159.9,22.7,85.5,103.66666666666669,67.33333333333333,5.4,0.18,5.0,b'W',30.0,1.0,b'W',30.0,540.0,True
138847.0,80.0,2.0,52.6,151.5,22.9,84.5,130.0,81.66666666666667,6.1,1.62,7.0,b'W',30.0,5.397605346934028e-79,b'',,240.0,True
138852.0,36.0,1.0,121.1,182.3,36.4,118.1,126.0,89.33333333333333,5.4,4.28,1.0,b'W',60.0,1.0,b'W',60.0,360.0,True
138853.0,80.0,2.0,66.9,143.6,32.4,107.2,148.33333333333334,73.33333333333333,6.5,1.18,5.397605346934028e-79,b'',,5.397605346934028e-79,b'',,720.0,True
138854.0,38.0,1.0,86.3,185.6,25.1,89.5,102.66666666666669,70.66666666666667,5.8,1.53,4.0,b'W',30.0,2.0,b'W',120.0,240.0,True
138855.0,52.0,2.0,67.6,160.5,26.2,88.0,131.0,83.33333333333333,5.5,6.09,2.0,b'W',30.0,23.0,b'Y',30.0,300.0,True
138856.0,75.0,1.0,56.8,163.8,21.2,80.1,163.0,69.33333333333333,5.4,0.36,1.0,b'D',300.0,1.0,b'D',120.0,120.0,True
138858.0,39.0,1.0,74.7,176.6,24.0,88.8,125.66666666666669,71.33333333333333,5.4,2.84,5.0,b'W',60.0,3.0,b'W',60.0,780.0,True
138859.0,28.0,2.0,68.8,147.4,31.7,84.0,113.66666666666669,74.66666666666667,5.6,19.45,2.0,b'D',30.0,5.397605346934028e-79,b'',,240.0,True
138864.0,11.0,1.0,55.1,156.1,22.6,80.0,101.0,66.0,,3.31,,,,,,,,True
138868.0,26.0,1.0,148.1,174.3,48.7,145.6,114.0,71.0,5.1,4.21,6.0,b'W',90.0,2.0,b'W',30.0,240.0,True
138870.0,16.0,2.0,94.7,165.1,34.7,105.4,127.66666666666669,83.66666666666667,4.9,3.22,,,,,,,,True
138871.0,45.0,1.0,122.4,185.2,35.7,115.5,133.33333333333334,95.0,5.7,6.08,2.0,b'W',360.0,5.397605346934028e-79,b'',,180.0,True
138872.0,60.0,1.0,92.8,183.1,27.7,99.8,124.0,73.66666666666667,5.7,1.6,4.0,b'W',15.0,6.0,b'W',45.0,360.0,True
138873.0,40.0,2.0,62.1,148.8,28.0,100.9,116.66666666666669,80.0,5.1,4.33,1.0,b'W',30.0,5.397605346934028e-79,b'',,480.0,True
138875.0,30.0,1.0,89.7,173.5,29.8,100.0,119.0,75.66666666666667,5.0,3.99,3.0,b'W',15.0,5.397605346934028e-79,b'',,600.0,True
138877.0,61.0,1.0,97.7,178.3,30.7,114.7,116.66666666666669,67.66666666666667,7.1,8.41,2.0,b'W',10.0,5.397605346934028e-79,b'',,360.0,True
138878.0,23.0,2.0,60.7,166.8,21.8,73.5,110.66666666666669,67.0,4.9,0.55,6.0,b'M',60.0,6.0,b'M',60.0,720.0,True
138879.0,46.0,2.0,124.4,165.6,45.4,122.9,99.66666666666669,60.66666666666666,5.6,2.16,7.0,b'W',90.0,1.0,b'M',15.0,300.0,True
138880.0,61.0,2.0,56.7,160.9,21.9,84.0,110.0,76.33333333333333,5.6,1.11,3.0,b'W',60.0,5.397605346934028e-79,b'',,720.0,True
138882.0,28.0,2.0,74.4,170.9,25.5,88.7,112.66666666666669,63.0,5.3,2.08,7.0,b'W',60.0,3.0,b'W',45.0,540.0,True
138883.0,40.0,2.0,97.3,163.4,36.4,125.4,110.66666666666669,70.66666666666667,5.5,32.45,1.0,b'M',30.0,5.397605346934028e-79,b'',,840.0,True
138884.0,64.0,1.0,126.1,177.4,40.1,,140.33333333333334,90.33333333333331,6.0,4.15,4.0,b'D',20.0,1.0,b'W',60.0,900.0,True
138888.0,66.0,2.0,74.1,170.1,25.6,103.4,132.33333333333334,78.33333333333333,5.4,47.02,7.0,b'W',180.0,5.397605346934028e-79,b'',,120.0,True
138889.0,75.0,1.0,74.7,174.1,24.6,94.2,145.66666666666666,75.0,5.5,0.18,7.0,b'W',60.0,7.0,b'D',60.0,360.0,True
138890.0,64.0,1.0,57.9,159.2,22.8,86.0,134.66666666666666,80.33333333333333,5.3,0.79,5.397605346934028e-79,b'',,5.397605346934028e-79,b'',,120.0,True
138892.0,11.0,2.0,64.4,158.1,25.8,81.3,106.0,60.333333333333336,,1.53,,,,,,,,True
138893.0,39.0,1.0,91.3,182.9,27.3,100.8,120.0,73.33333333333333,4.7,0.74,3.0,b'W',49.0,2.0,b'W',30.0,600.0,True
138894.0,80.0,1.0,68.2,159.0,27.0,98.5,144.33333333333334,70.0,5.1,0.75,3.0,b'W',35.0,1.0,b'W',60.0,420.0,True
138895.0,18.0,2.0,104.2,160.6,40.4,119.9,89.33333333333333,53.333333333333336,5.4,16.87,3.0,b'W',45.0,1.0,b'W',30.0,360.0,True
138896.0,67.0,2.0,63.0,166.4,22.8,90.6,110.0,58.0,5.0,0.94,1.0,b'D',5.0,1.0,b'W',5.0,720.0,True
138897.0,28.0,2.0,98.3,154.5,41.2,113.7,110.66666666666669,72.66666666666667,5.5,48.87,3.0,b'W',45.0,1.0,b'M',180.0,600.0,True
138899.0,14.0,1.0,119.8,182.2,36.1,114.5,94.33333333333331,58.66666666666666,4.8,4.11,,,,,,,,True
138900.0,5.0,1.0,21.8,112.1,17.3,57.2,,,,0.45,,,,,,,,True
138902.0,67.0,1.0,87.9,179.3,27.3,108.6,117.0,74.66666666666667,5.9,1.79,1.0,b'D',45.0,2.0,b'W',60.0,300.0,True
138906.0,8.0,2.0,58.9,155.0,24.5,84.3,101.33333333333331,66.33333333333333,,1.65,,,,,,,,True
138907.0,30.0,1.0,70.2,181.1,21.4,80.6,126.66666666666669,63.333333333333336,5.2,0.18,5.0,b'W',60.0,1.0,b'W',120.0,240.0,True
138910.0,76.0,2.0,61.6,157.5,24.8,87.2,169.66666666666666,89.33333333333333,5.5,1.64,7.0,b'W',20.0,2.0,b'W',30.0,300.0,True
138912.0,65.0,2.0,83.5,160.3,32.5,111.1,108.33333333333331,71.66666666666667,5.7,1.23,5.397605346934028e-79,b'',,5.397605346934028e-79,b'',,480.0,True
138913.0,31.0,2.0,79.7,160.9,30.8,97.5,108.0,71.66666666666667,5.6,0.22,5.397605346934028e-79,b'',,5.397605346934028e-79,b'',,300.0,True
138914.0,16.0,2.0,87.5,163.9,32.6,100.0,100.66666666666669,69.66666666666667,5.1,1.7,,,,,,,,True
138915.0,45.0,1.0,63.3,153.1,27.0,92.2,135.0,87.33333333333333,5.4,1.0,2.0,b'W',15.0,5.397605346934028e-79,b'',,120.0,True
138916.0,28.0,2.0,71.6,167.2,25.6,88.8,107.33333333333331,67.33333333333333,5.0,1.12,4.0,b'W',30.0,2.0,b'M',60.0,240.0,True
138918.0,80.0,2.0,88.5,156.6,36.1,112.4,128.66666666666666,84.66666666666667,5.5,0.37,2.0,b'W',15.0,5.397605346934028e-79,b'',,360.0,True
138921.0,68.0,2.0,74.1,166.2,26.8,88.5,121.66666666666669,76.33333333333333,5.6,2.92,5.397605346934028e-79,b'',,5.397605346934028e-79,b'',,300.0,True
138923.0,17.0,1.0,66.9,177.0,21.4,82.4,102.0,63.66666666666666,5.3,0.63,,,,,,,,True
138926.0,64.0,2.0,75.6,159.8,29.6,96.0,124.0,74.0,6.0,1.34,1.0,b'D',30.0,3.0,b'M',1.0,480.0,True
138927.0,10.0,2.0,40.4,144.4,19.4,66.5,93.0,58.333333333333336,,0.11,,,,,,,,True
138928.0,72.0,2.0,63.5,168.3,22.4,87.5,96.0,52.333333333333336,5.3,0.57,2.0,b'W',120.0,1.0,b'W',60.0,240.0,True
138929.0,80.0,2.0,55.4,160.7,21.5,81.2,152.33333333333334,85.66666666666667,5.5,0.49,5.397605346934028e-79,b'',,5.397605346934028e-79,b'',,240.0,True
138930.0,28.0,2.0,100.3,163.1,37.7,122.3,119.33333333333331,93.0,4.9,7.77,1.0,b'W',30.0,2.0,b'M',45.0,300.0,True
138931.0,18.0,1.0,103.4,177.9,32.7,107.7,115.33333333333331,65.66666666666667,4.9,4.05,3.0,b'W',30.0,5.397605346934028e-79,b'',,240.0,True
138935.0,54.0,1.0,90.7,166.2,32.8,111.3,128.33333333333334,81.66666666666667,7.3,1.97,5.397605346934028e-79,b'',,5.397605346934028e-79,b'',,300.0,True
138937.0,80.0,1.0,64.5,165.9,23.4,88.8,114.66666666666669,58.66666666666666,6.0,0.3,5.0,b'W',60.0,5.397605346934028e-79,b'',,240.0,True
138939.0,73.0,1.0,89.4,166.1,32.4,118.9,116.33333333333331,65.66666666666667,5.9,5.45,1.0,b'W',60.0,5.397605346934028e-79,b'',,300.0,True
138940.0,22.0,1.0,63.5,152.2,27.4,84.0,113.66666666666669,59.333333333333336,5.9,4.12,4.0,b'M',30.0,1.0,b'M',30.0,180.0,True
138941.0,71.0,2.0,78.7,173.1,26.3,94.7,127.33333333333331,74.0,6.1,2.14,3.0,b'W',300.0,1.0,b'W',60.0,360.0,True
138942.0,38.0,2.0,78.1,163.3,29.3,88.5,99.33333333333331,62.66666666666666,5.4,9.6,1.0,b'W',30.0,5.397605346934028e-79,b'',,120.0,True
138943.0,62.0,1.0,88.6,171.3,30.2,111.7,145.0,70.0,5.6,1.56,4.0,b'M',60.0,2.0,b'Y',30.0,540.0,True
138944.0,11.0,2.0,42.3,145.8,19.9,69.6,96.66666666666669,57.333333333333336,,0.18,,,,,,,,True
138945.0,62.0,2.0,59.4,162.0,22.6,81.9,142.0,94.33333333333331,5.1,1.45,2.0,b'W',45.0,5.397605346934028e-79,b'',,480.0,True
138946.0,70.0,1.0,71.7,172.7,24.0,96.4,135.33333333333334,79.66666666666667,5.3,0.66,5.0,b'W',45.0,5.397605346934028e-79,b'',,120.0,True
138947.0,38.0,2.0,91.3,158.6,36.3,105.0,127.66666666666669,79.0,5.2,2.94,3.0,b'W',60.0,2.0,b'W',45.0,360.0,True
138949.0,51.0,2.0,122.3,164.5,45.2,138.1,142.0,101.66666666666669,5.6,17.79,1.0,b'W',30.0,5.397605346934028e-79,b'',,120.0,True
138950.0,51.0,2.0,118.4,163.3,44.4,128.9,,,5.6,1.28,7.0,b'W',120.0,5.397605346934028e-79,b'',,420.0,True
138953.0,67.0,2.0,66.0,162.7,24.9,88.1,141.66666666666666,90.33333333333331,5.3,1.96,6.0,b'W',30.0,2.0,b'W',20.0,360.0,True
138954.0,10.0,1.0,46.7,136.7,25.0,83.6,102.0,67.33333333333333,,4.31,,,,,,,,True
138955.0,57.0,2.0,75.3,154.8,31.4,118.9,150.66666666666666,88.33333333333333,5.6,0.35,5.397605346934028e-79,b'',,5.397605346934028e-79,b'',,300.0,True
138956.0,39.0,2.0,63.9,161.4,24.5,82.0,139.0,96.66666666666669,4.4,1.64,1.0,b'W',60.0,5.397605346934028e-79,b'',,60.0,True
138959.0,37.0,2.0,69.2,170.7,23.7,100.2,104.66666666666669,55.66666666666666,5.1,3.53,1.0,b'D',60.0,4.0,b'W',20.0,40.0,True
138960.0,76.0,1.0,75.1,176.8,24.0,100.5,160.33333333333334,78.66666666666667,5.3,0.66,5.397605346934028e-79,b'',,5.397605346934028e-79,b'',,240.0,True
138962.0,80.0,2.0,52.7,150.1,23.4,87.9,131.66666666666666,68.66666666666667,7.7,0.55,5.397605346934028e-79,b'',,5.397605346934028e-79,b'',,300.0,True
138963.0,59.0,2.0,53.0,160.3,20.6,82.8,117.33333333333331,64.0,5.5,0.79,5.0,b'W',40.0,2.0,b'W',15.0,360.0,True
138964.0,22.0,2.0,49.9,169.1,17.5,69.2,106.33333333333331,75.66666666666667,4.5,0.68,3.0,b'D',40.0,2.0,b'M',180.0,420.0,True
138965.0,54.0,2.0,83.9,152.8,35.9,88.8,104.66666666666669,64.0,5.6,5.12,2.0,b'W',60.0,2.0,b'W',30.0,180.0,True
138967.0,68.0,2.0,75.0,169.4,26.1,100.3,134.0,89.33333333333333,5.8,1.84,3.0,b'W',60.0,5.397605346934028e-79,b'',,360.0,True
138968.0,79.0,2.0,103.7,157.0,42.1,108.7,111.33333333333331,67.33333333333333,6.3,3.38,5.397605346934028e-79,b'',,5.397605346934028e-79,b'',,360.0,True
138969.0,29.0,1.0,68.2,166.1,24.7,81.9,118.33333333333331,72.33333333333333,5.2,0.69,5.397605346934028e-79,b'',,6.0,b'W',60.0,600.0,True
138970.0,17.0,2.0,58.1,151.9,25.2,,90.33333333333331,53.333333333333336,5.5,3.51,,,,,,,,True
138971.0,37.0,2.0,87.6,174.0,28.9,99.2,111.0,80.33333333333333,5.5,5.3,3.0,b'W',45.0,1.0,b'M',45.0,540.0,True
138972.0,77.0,2.0,85.9,167.7,30.5,105.3,118.0,78.66666666666667,6.2,11.99,1.0,b'D',45.0,5.397605346934028e-79,b'',,300.0,True
138973.0,29.0,2.0,131.9,171.2,45.0,131.0,110.66666666666669,69.0,5.0,1.63,1.0,b'W',120.0,3.0,b'M',30.0,720.0,True
138974.0,9.0,1.0,30.5,138.5,15.9,59.6,92.33333333333331,63.333333333333336,,3.22,,,,,,,,True
138975.0,5.0,1.0,15.6,102.5,14.8,49.0,,,,0.16,,,,,,,,True
138977.0,3.0,2.0,14.9,96.5,16.0,48.5,,,,0.46,,,,,,,,True
138978.0,75.0,2.0,67.5,159.8,26.4,94.5,104.0,75.66666666666667,5.8,3.78,5.397605346934028e-79,b'',,5.397605346934028e-79,b'',,360.0,True
138980.0,11.0,1.0,38.1,153.1,16.3,63.8,92.33333333333331,62.0,,0.11,,,,,,,,True
138983.0,25.0,2.0,63.0,161.5,24.2,76.2,111.66666666666669,67.33333333333333,5.2,0.81,4.0,b'W',120.0,1.0,b'W',60.0,540.0,True
138984.0,69.0,1.0,88.3,174.6,29.0,109.5,132.66666666666666,76.66666666666667,8.8,1.56,5.397605346934028e-79,b'',,5.397605346934028e-79,b'',,300.0,True
138985.0,77.0,2.0,59.7,154.6,25.0,83.1,108.0,60.0,6.0,0.74,7.0,b'W',120.0,5.397605346934028e-79,b'',,240.0,True
138989.0,79.0,1.0,108.4,178.6,34.0,120.2,115.0,61.66666666666666,7.5,3.58,7.0,b'W',240.0,5.397605346934028e-79,b'',,180.0,True
138990.0,59.0,2.0,47.8,147.7,21.9,81.6,127.33333333333331,68.0,12.2,1.42,3.0,b'W',60.0,5.397605346934028e-79,b'',,150.0,True
138993.0,15.0,2.0,83.0,155.7,34.2,104.0,,,5.2,1.34,,,,,,,,True
138994.0,5.0,2.0,18.2,108.5,15.5,56.9,,,,1.4,,,,,,,,True
138997.0,12.0,2.0,39.8,153.4,16.9,63.2,98.33333333333331,59.66666666666666,4.4,0.51,,,,,,,,True
138998.0,71.0,1.0,96.0,172.5,32.3,109.0,174.0,86.33333333333333,6.2,6.19,4.0,b'W',60.0,4.0,b'W',60.0,300.0,True
138999.0,72.0,1.0,115.2,167.0,41.3,132.7,156.33333333333334,81.0,6.0,1.29,5.397605346934028e-79,b'',,5.397605346934028e-79,b'',,360.0,True
139001.0,64.0,2.0,42.9,153.1,18.3,67.0,115.0,58.66666666666666,5.6,1.18,5.397605346934028e-79,b'',,5.397605346934028e-79,b'',,480.0,True
139003.0,18.0,1.0,132.5,177.7,42.0,134.4,97.66666666666669,53.0,5.4,8.51,7777.0,b'',,7777.0,b'',,600.0,True
139004.0,59.0,2.0,46.2,174.3,15.2,73.7,127.33333333333331,86.66666666666667,5.5,0.5,1.0,b'D',15.0,5.397605346934028e-79,b'',,360.0,True
139008.0,65.0,2.0,,,,,,,9.5,6.61,5.397605346934028e-79,b'',,5.397605346934028e-79,b'',,720.0,True
139009.0,80.0,1.0,70.4,179.0,22.0,98.3,165.66666666666666,79.66666666666667,5.8,1.09,3.0,b'W',40.0,5.397605346934028e-79,b'',,240.0,True
139010.0,53.0,1.0,105.6,185.5,30.7,112.0,123.0,81.33333333333333,5.6,4.71,1.0,b'W',120.0,1.0,b'W',180.0,120.0,True
139011.0,26.0,2.0,68.6,165.6,25.0,,,,4.6,0.44,3.0,b'W',60.0,1.0,b'W',30.0,180.0,True
139013.0,22.0,2.0,72.5,150.8,31.9,100.5,99.33333333333331,61.333333333333336,5.3,4.79,2.0,b'W',60.0,1.0,b'W',15.0,360.0,True
139014.0,19.0,1.0,82.8,186.2,23.9,79.0,135.0,73.33333333333333,5.5,0.3,4.0,b'W',120.0,4.0,b'D',60.0,120.0,True
139015.0,12.0,2.0,59.5,162.6,22.5,79.2,101.0,54.333333333333336,5.1,1.48,,,,,,,,True
139016.0,51.0,2.0,79.2,158.1,31.7,98.5,124.0,70.66666666666667,5.6,1.32,3.0,b'W',30.0,2.0,b'W',30.0,480.0,True
139017.0,17.0,2.0,55.9,154.9,23.3,77.4,107.0,63.0,5.1,0.68,,,,,,,,True
139019.0,47.0,2.0,74.6,168.3,26.3,94.2,109.66666666666669,74.0,5.3,1.64,3.0,b'W',60.0,2.0,b'M',60.0,360.0,True
139020.0,12.0,1.0,77.2,167.7,27.5,85.7,118.33333333333331,64.0,4.6,0.67,,,,,,,,True
139021.0,11.0,2.0,75.7,155.3,31.4,90.3,86.66666666666667,51.333333333333336,,0.39,,,,,,,,True
139023.0,5.0,1.0,17.8,112.8,14.0,46.0,,,,1.46,,,,,,,,True
139024.0,40.0,2.0,54.4,168.1,19.3,85.2,93.66666666666669,61.0,5.1,0.69,1.0,b'W',30.0,1.0,b'M',60.0,600.0,True
139026.0,67.0,2.0,110.3,163.7,41.2,136.0,142.66666666666666,81.33333333333333,6.4,10.0,4.0,b'W',60.0,5.397605346934028e-79,b'',,300.0,True
139029.0,67.0,1.0,66.1,162.0,25.2,91.0,106.0,63.333333333333336,5.8,0.25,5.397605346934028e-79,b'',,5.397605346934028e-79,b'',,240.0,True
139033.0,78.0,2.0,92.9,166.2,33.6,111.7,123.33333333333331,66.33333333333333,5.9,2.32,5.397605346934028e-79,b'',,1.0,b'W',90.0,300.0,True
139035.0,7.0,1.0,26.5,129.4,15.8,55.0,,,,0.11,,,,,,,,True
139036.0,72.0,2.0,59.2,148.7,26.8,92.7,142.33333333333334,94.33333333333331,5.4,1.27,7.0,b'W',60.0,5.0,b'W',60.0,240.0,True
139037.0,76.0,2.0,50.8,157.2,20.6,79.5,140.66666666666666,50.66666666666666,5.7,1.94,7.0,b'W',30.0,5.397605346934028e-79,b'',,120.0,True
139038.0,37.0,1.0,94.6,166.8,34.0,110.5,125.66666666666669,81.66666666666667,6.3,1.94,5.397605346934028e-79,b'',,5.397605346934028e-79,b'',,360.0,True
139040.0,17.0,1.0,92.1,176.7,29.5,104.2,110.0,76.33333333333333,5.1,0.85,,,,,,,,True
139042.0,34.0,2.0,56.7,171.3,19.3,72.1,143.5,89.0,5.0,0.11,7.0,b'W',60.0,5.397605346934028e-79,b'',,120.0,True
139044.0,66.0,2.0,74.5,157.6,30.0,108.6,164.33333333333334,90.66666666666669,5.7,6.49,5.397605346934028e-79,b'',,5.397605346934028e-79,b'',,240.0,True
139046.0,73.0,2.0,49.5,155.3,20.5,80.4,130.0,68.0,5.6,0.48,6.0,b'W',60.0,5.397605346934028e-79,b'',,600.0,True
139047.0,35.0,2.0,60.7,158.9,24.0,79.5,129.0,81.66666666666667,5.1,3.17,4.0,b'W',120.0,2.0,b'W',60.0,360.0,True
139048.0,65.0,1.0,86.2,176.7,27.6,99.8,147.66666666666666,88.66666666666667,5.7,17.76,1.0,b'W',180.0,2.0,b'W',180.0,240.0,True
139049.0,19.0,2.0,63.2,167.4,22.6,81.3,107.33333333333331,73.66666666666667,5.5,2.53,2.0,b'W',60.0,1.0,b'W',60.0,360.0,True
139050.0,73.0,1.0,98.5,164.6,36.4,125.9,155.33333333333334,96.33333333333331,5.3,3.46,5.397605346934028e-79,b'',,5.397605346934028e-79,b'',,120.0,True
139061.0,57.0,2.0,63.3,150.4,28.0,86.4,107.66666666666669,67.33333333333333,5.6,0.67,3.0,b'W',180.0,2.0,b'W',30.0,60.0,True
139062.0,41.0,2.0,107.6,158.7,42.7,106.7,137.66666666666666,89.0,5.3,14.44,3.0,b'W',40.0,5.397605346934028e-79,b'',,480.0,True
139066.0,63.0,1.0,64.9,158.5,25.8,99.5,122.0,77.0,5.8,3.42,5.397605346934028e-79,b'',,9999.0,b'',,240.0,True
139067.0,80.0,2.0,48.6,150.6,21.4,76.5,120.66666666666669,67.0,5.7,0.59,4.0,b'W',60.0,5.397605346934028e-79,b'',,420.0,True
139068.0,12.0,1.0,54.0,152.2,23.3,75.0,117.0,72.33333333333333,5.2,0.33,,,,,,,,True
139072.0,72.0,1.0,85.5,184.7,25.1,102.1,113.0,72.33333333333333,5.4,3.22,3.0,b'W',60.0,2.0,b'W',30.0,240.0,True
139073.0,66.0,1.0,133.0,179.4,41.3,,,,7.1,4.93,1.0,b'D',30.0,5.397605346934028e-79,b'',,420.0,True
139074.0,34.0,2.0,102.5,158.4,40.9,111.6,131.0,84.66666666666667,5.3,5.64,4.0,b'W',30.0,1.0,b'W',60.0,300.0,True
139076.0,18.0,2.0,67.1,165.2,24.6,83.5,114.66666666666669,66.66666666666667,5.4,14.32,2.0,b'W',15.0,2.0,b'W',30.0,360.0,True
139077.0,53.0,1.0,70.2,171.8,23.8,93.4,128.66666666666666,82.66666666666667,7.4,1.28,5.397605346934028e-79,b'',,5.397605346934028e-79,b'',,720.0,True
139078.0,25.0,2.0,60.2,158.1,24.1,80.4,102.0,57.333333333333336,5.3,1.73,6.0,b'Y',300.0,1.0,b'Y',30.0,300.0,True
139079.0,43.0,2.0,79.0,164.1,29.3,90.5,117.66666666666669,71.66666666666667,5.4,1.5,1.0,b'W',20.0,5.397605346934028e-79,b'',,180.0,True
139081.0,39.0,2.0,108.2,161.4,41.5,123.1,99.0,68.33333333333333,6.5,18.94,4.0,b'W',60.0,7.0,b'W',180.0,300.0,True
139085.0,62.0,1.0,87.7,182.4,26.4,102.3,115.33333333333331,61.0,7.3,0.64,5.397605346934028e-79,b'',,5.397605346934028e-79,b'',,540.0,True
139088.0,67.0,2.0,89.3,157.1,36.2,116.1,110.33333333333331,71.66666666666667,5.6,7.49,7.0,b'W',45.0,5.397605346934028e-79,b'',,240.0,True
139089.0,52.0,1.0,95.0,177.0,30.3,111.7,122.33333333333331,79.66666666666667,5.8,1.72,4.0,b'W',20.0,2.0,b'W',10.0,240.0,True
139090.0,57.0,1.0,86.8,169.7,30.1,104.9,139.33333333333334,78.66666666666667,5.4,9.71,1.0,b'W',60.0,5.397605346934028e-79,b'',,180.0,True
139092.0,12.0,2.0,54.0,165.5,19.7,69.0,98.66666666666669,63.0,4.8,0.11,,,,,,,,True
139093.0,61.0,2.0,107.2,164.7,39.5,116.1,136.33333333333334,76.0,6.7,10.75,3.0,b'W',30.0,5.397605346934028e-79,b'',,180.0,True
139094.0,51.0,1.0,69.1,168.2,24.4,91.3,128.66666666666666,77.66666666666667,5.6,5.39,7.0,b'W',90.0,7.0,b'W',30.0,180.0,True
139096.0,45.0,2.0,72.9,167.8,25.9,93.0,123.33333333333331,67.0,5.2,0.92,1.0,b'D',45.0,3.0,b'W',10.0,360.0,True
139097.0,57.0,1.0,67.6,165.0,24.8,91.9,112.33333333333331,69.66666666666667,5.4,0.64,5.397605346934028e-79,b'',,5.397605346934028e-79,b'',,180.0,True
139098.0,5.0,2.0,21.5,109.5,17.9,57.5,,,,0.11,,,,,,,,True
139100.0,28.0,2.0,115.1,164.6,42.5,117.0,94.33333333333331,64.66666666666667,5.3,1.83,3.0,b'W',30.0,5.397605346934028e-79,b'',,240.0,True
139102.0,72.0,1.0,126.8,178.1,40.0,128.7,114.33333333333331,61.66666666666666,7.0,0.99,5.397605346934028e-79,b'',,5.397605346934028e-79,b'',,300.0,True
139104.0,61.0,2.0,90.3,164.2,33.5,115.5,126.66666666666669,85.33333333333333,6.6,2.52,3.0,b'W',120.0,5.397605346934028e-79,b'',,600.0,True
139106.0,12.0,2.0,87.1,141.3,43.6,117.3,105.33333333333331,60.0,5.6,13.32,,,,,,,,True
139111.0,23.0,1.0,61.4,168.6,21.6,79.4,117.66666666666669,66.0,5.2,2.32,2.0,b'M',90.0,5.397605346934028e-79,b'',,300.0,True
139114.0,14.0,1.0,101.6,170.3,35.0,108.7,102.66666666666669,64.0,5.7,6.28,,,,,,,,True
139117.0,72.0,1.0,93.8,169.1,32.8,118.9,117.66666666666669,58.333333333333336,8.9,5.97,9999.0,b'',,5.397605346934028e-79,b'',,300.0,True
139118.0,65.0,1.0,75.2,182.0,22.7,94.3,127.66666666666669,77.33333333333333,6.2,0.57,2.0,b'W',60.0,2.0,b'W',120.0,360.0,True
139119.0,28.0,1.0,86.0,176.8,27.5,91.9,134.33333333333334,77.66666666666667,5.4,0.41,2.0,b'W',45.0,1.0,b'W',30.0,240.0,True
139121.0,24.0,1.0,80.4,176.4,25.8,94.9,113.0,72.66666666666667,5.0,1.09,3.0,b'D',240.0,3.0,b'M',120.0,120.0,True
139123.0,41.0,1.0,88.5,178.0,27.9,101.4,107.66666666666669,63.333333333333336,5.8,1.3,1.0,b'W',30.0,5.397605346934028e-79,b'',,600.0,True
139124.0,39.0,1.0,87.3,190.6,24.0,90.6,116.66666666666669,60.66666666666666,5.5,1.08,3.0,b'W',60.0,2.0,b'W',120.0,360.0,True
139125.0,43.0,1.0,87.5,175.8,28.3,95.9,121.66666666666669,78.0,4.9,1.18,5.397605346934028e-79,b'',,5.0,b'W',75.0,360.0,True
139128.0,43.0,1.0,86.7,167.8,30.8,107.6,125.66666666666669,85.33333333333333,10.9,3.72,1.0,b'W',25.0,5.397605346934028e-79,b'',,120.0,True
139129.0,68.0,2.0,81.5,165.8,29.6,101.7,123.33333333333331,66.0,5.3,1.28,7.0,b'W',90.0,5.397605346934028e-79,b'',,480.0,True
139130.0,73.0,1.0,94.6,175.3,30.8,110.6,124.0,83.66666666666667,5.6,0.85,5.0,b'W',30.0,5.397605346934028e-79,b'',,540.0,True
139132.0,19.0,2.0,59.7,160.0,23.3,80.3,102.33333333333331,59.333333333333336,4.9,0.86,5.397605346934028e-79,b'',,5.397605346934028e-79,b'',,480.0,True
139133.0,65.0,2.0,102.8,179.2,32.0,114.0,125.0,82.33333333333333,5.7,4.7,3.0,b'W',60.0,3.0,b'W',30.0,240.0,True
139136.0,33.0,1.0,89.6,164.6,33.1,105.3,123.33333333333331,76.33333333333333,5.6,5.89,5.397605346934028e-79,b'',,5.397605346934028e-79,b'',,840.0,True
139138.0,70.0,1.0,72.1,170.0,24.9,96.4,120.0,72.0,5.9,0.96,5.397605346934028e-79,b'',,5.397605346934028e-79,b'',,240.0,True
139139.0,49.0,1.0,116.9,195.9,30.5,132.5,107.33333333333331,64.0,5.1,1.15,7.0,b'W',30.0,2.0,b'W',90.0,300.0,True
139140.0,68.0,2.0,96.5,159.8,37.8,118.1,137.66666666666666,83.66666666666667,5.4,3.31,5.397605346934028e-79,b'',,5.397605346934028e-79,b'',,240.0,True
139141.0,75.0,1.0,90.7,171.8,30.7,116.0,104.66666666666669,69.66666666666667,5.9,2.95,3.0,b'W',30.0,5.397605346934028e-79,b'',,300.0,True
139144.0,60.0,1.0,73.2,161.1,28.2,102.0,150.0,76.33333333333333,14.3,2.94,5.397605346934028e-79,b'',,5.397605346934028e-79,b'',,240.0,True
139145.0,42.0,2.0,51.7,161.5,19.8,76.8,97.66666666666669,63.0,5.1,0.18,3.0,b'W',60.0,1.0,b'W',30.0,180.0,True
139147.0,14.0,1.0,104.4,169.1,36.5,109.1,103.66666666666669,55.0,5.2,0.69,,,,,,,,True
139148.0,42.0,2.0,88.3,156.3,36.1,107.8,153.33333333333334,103.0,5.8,16.8,4.0,b'W',30.0,1.0,b'W',20.0,120.0,True
139149.0,65.0,2.0,109.3,166.2,39.6,115.5,106.33333333333331,72.66666666666667,7.1,8.13,5.0,b'W',30.0,2.0,b'M',150.0,360.0,True
139150.0,75.0,1.0,62.4,161.3,24.0,96.0,130.33333333333334,80.0,5.4,0.58,4.0,b'W',45.0,5.397605346934028e-79,b'',,420.0,True
139153.0,24.0,2.0,133.1,161.2,51.2,144.7,95.33333333333331,70.33333333333333,5.2,7.92,3.0,b'W',5.0,3.0,b'M',60.0,240.0,True
139154.0,14.0,1.0,71.1,171.8,24.1,83.2,109.33333333333331,63.0,5.4,1.79,,,,,,,,True
139156.0,33.0,2.0,65.9,170.2,22.7,79.5,123.0,78.66666666666667,5.3,0.42,5.0,b'W',20.0,2.0,b'W',20.0,300.0,True
139157.0,22.0,2.0,53.6,154.4,22.5,78.4,116.66666666666669,72.66666666666667,5.2,4.0,7.0,b'W',60.0,7.0,b'W',180.0,120.0,True
139158.0,47.0,1.0,80.4,179.2,25.0,92.6,122.33333333333331,77.66666666666667,5.6,0.24,3.0,b'W',40.0,1.0,b'W',60.0,240.0,True
139159.0,70.0,2.0,106.9,159.3,42.1,113.9,145.33333333333334,62.0,6.0,11.03,5.397605346934028e-79,b'',,5.397605346934028e-79,b'',,540.0,True
139160.0,80.0,1.0,97.0,172.7,32.5,117.7,107.66666666666669,65.0,5.5,40.78,5.397605346934028e-79,b'',,5.397605346934028e-79,b'',,480.0,True
139161.0,64.0,2.0,74.0,160.6,28.7,98.1,148.66666666666666,88.0,6.4,2.79,2.0,b'W',120.0,5.397605346934028e-79,b'',,600.0,True
139162.0,80.0,1.0,71.9,171.7,24.4,90.0,152.66666666666666,91.0,5.9,1.5,5.0,b'W',60.0,1.0,b'W',60.0,180.0,True
139164.0,65.0,2.0,78.2,165.8,28.4,97.7,105.33333333333331,68.33333333333333,7.9,1.52,7.0,b'W',120.0,3.0,b'W',30.0,180.0,True
139167.0,7.0,1.0,28.1,128.7,17.0,61.4,,,,1.73,,,,,,,,True
139169.0,15.0,1.0,64.1,179.5,19.9,72.0,,,5.3,0.21,,,,,,,,True
139171.0,60.0,1.0,104.6,169.7,36.3,132.3,120.0,73.66666666666667,6.0,6.05,2.0,b'W',60.0,5.397605346934028e-79,b'',,540.0,True
139172.0,49.0,2.0,76.8,154.3,32.3,95.8,108.0,73.66666666666667,7.0,2.31,1.0,b'D',10.0,5.397605346934028e-79,b'',,480.0,True
139173.0,65.0,2.0,83.0,163.7,31.0,106.4,101.66666666666669,52.66666666666666,6.1,5.57,2.0,b'W',20.0,5.397605346934028e-79,b'',,120.0,True
139174.0,27.0,1.0,91.8,177.3,29.2,97.9,132.66666666666666,86.0,4.9,0.57,5.0,b'M',30.0,2.0,b'W',30.0,180.0,True
139176.0,10.0,2.0,64.8,158.1,25.9,90.6,107.0,71.66666666666667,,0.36,,,,,,,,True
139179.0,18.0,1.0,107.4,174.3,35.4,103.4,115.33333333333331,58.0,5.2,2.59,4.0,b'W',60.0,3.0,b'W',120.0,240.0,True
139180.0,68.0,1.0,58.3,165.9,21.2,86.4,137.0,72.66666666666667,5.3,0.46,1.0,b'W',120.0,1.0,b'W',60.0,120.0,True
139181.0,27.0,1.0,73.3,173.7,24.3,79.6,105.0,64.33333333333333,5.1,0.41,3.0,b'W',60.0,2.0,b'W',60.0,60.0,True
139182.0,51.0,2.0,84.5,169.8,29.3,105.5,106.66666666666669,68.33333333333333,5.1,2.65,1.0,b'D',20.0,3.0,b'M',20.0,420.0,True
139183.0,12.0,2.0,54.3,156.4,22.2,71.8,104.33333333333331,60.0,5.6,0.35,,,,,,,,True
139184.0,68.0,2.0,95.6,169.3,33.4,112.1,135.0,96.66666666666669,5.8,3.41,1.0,b'W',20.0,10.0,b'D',3.0,120.0,True
139185.0,4.0,1.0,21.6,110.4,17.7,52.2,,,,0.42,,,,,,,,True
139186.0,66.0,1.0,95.3,168.3,33.6,117.1,150.66666666666666,94.66666666666669,8.6,17.7,5.397605346934028e-79,b'',,5.397605346934028e-79,b'',,300.0,True
139187.0,16.0,2.0,61.9,155.2,25.7,71.2,102.66666666666669,57.66666666666666,5.0,1.31,,,,,,,,True
139188.0,57.0,1.0,83.3,176.7,26.7,100.3,129.66666666666666,75.0,5.6,0.22,3.0,b'W',60.0,2.0,b'W',120.0,240.0,True
139192.0,5.0,2.0,22.7,111.0,18.4,60.4,,,,6.89,,,,,,,,True
139193.0,72.0,2.0,122.3,157.5,49.3,,131.0,57.66666666666666,9.3,9.18,2.0,b'W',20.0,5.397605346934028e-79,b'',,540.0,True
139194.0,41.0,1.0,78.0,183.0,23.3,87.8,112.66666666666669,64.0,5.6,2.37,5.397605346934028e-79,b'',,5.397605346934028e-79,b'',,420.0,True
139195.0,63.0,1.0,76.8,167.1,27.5,105.4,124.33333333333331,83.0,5.2,3.2,5.0,b'W',30.0,5.397605346934028e-79,b'',,480.0,True
139196.0,15.0,2.0,106.4,163.8,39.7,114.9,115.66666666666669,77.66666666666667,5.4,3.26,,,,,,,,True
139197.0,74.0,1.0,86.5,178.0,27.3,111.3,136.33333333333334,73.66666666666667,5.4,1.17,2.0,b'W',60.0,2.0,b'W',30.0,180.0,True
139198.0,62.0,2.0,107.9,163.6,40.3,130.6,107.33333333333331,70.33333333333333,6.8,12.09,2.0,b'W',30.0,5.397605346934028e-79,b'',,5.397605346934028e-79,True
139200.0,76.0,1.0,71.4,177.4,22.7,89.8,113.66666666666669,60.333333333333336,6.4,10.21,4.0,b'W',60.0,5.397605346934028e-79,b'',,600.0,True
139201.0,48.0,2.0,127.0,156.6,51.8,135.0,115.66666666666669,73.33333333333333,8.5,32.56,2.0,b'D',120.0,4.0,b'W',120.0,240.0,True
139203.0,70.0,2.0,86.1,155.9,35.4,115.7,,,6.1,4.02,5.397605346934028e-79,b'',,5.397605346934028e-79,b'',,480.0,True
139208.0,57.0,1.0,74.9,170.1,25.9,90.6,126.33333333333331,79.33333333333333,5.4,0.83,2.0,b'W',40.0,2.0,b'M',60.0,300.0,True
139209.0,41.0,2.0,82.1,168.7,28.8,98.0,104.0,71.0,5.1,2.11,1.0,b'W',30.0,5.397605346934028e-79,b'',,600.0,True
139211.0,33.0,1.0,58.8,173.5,19.5,74.0,103.66666666666669,63.0,4.8,0.35,1.0,b'W',120.0,5.397605346934028e-79,b'',,600.0,True
139212.0,67.0,2.0,68.3,162.7,25.8,93.6,119.66666666666669,71.0,6.1,1.06,3.0,b'W',60.0,1.0,b'W',30.0,240.0,True
139213.0,40.0,2.0,84.3,158.2,33.7,105.0,131.66666666666666,80.66666666666667,6.2,13.19,1.0,b'W',30.0,1.0,b'W',15.0,30.0,True
139215.0,13.0,2.0,54.5,153.8,23.0,71.8,95.66666666666669,59.0,5.2,0.94,,,,,,,,True
139219.0,9.0,1.0,37.5,144.9,17.9,63.2,104.66666666666669,60.333333333333336,,0.72,,,,,,,,True
139221.0,68.0,2.0,60.0,153.6,25.4,83.9,157.0,91.0,5.3,8.41,7.0,b'W',20.0,5.397605346934028e-79,b'',,480.0,True
139223.0,54.0,1.0,155.5,175.3,50.6,151.1,153.66666666666666,84.66666666666667,5.6,9.5,2.0,b'W',30.0,2.0,b'W',45.0,600.0,True
139224.0,42.0,2.0,71.5,170.0,24.7,87.2,131.0,77.66666666666667,4.7,0.83,2.0,b'W',60.0,3.0,b'W',55.0,600.0,True
139225.0,64.0,1.0,78.0,179.6,24.2,90.0,126.0,74.66666666666667,5.4,1.18,4.0,b'D',20.0,5.397605346934028e-79,b'',,420.0,True
139227.0,43.0,2.0,90.2,153.9,38.1,112.0,110.66666666666669,71.66666666666667,5.5,6.93,5.397605346934028e-79,b'',,5.397605346934028e-79,b'',,60.0,True
139228.0,69.0,1.0,70.2,166.0,25.5,97.8,149.66666666666666,76.0,6.1,4.1,3.0,b'W',120.0,1.0,b'W',20.0,360.0,True
139229.0,48.0,2.0,49.5,156.1,20.3,68.0,115.0,79.66666666666667,5.1,0.2,6.0,b'W',80.0,4.0,b'W',75.0,180.0,True
139232.0,40.0,1.0,68.1,169.5,23.7,91.8,122.66666666666669,75.0,5.9,0.59,1.0,b'W',120.0,4.0,b'Y',120.0,120.0,True
139233.0,14.0,2.0,42.1,150.2,18.7,73.5,107.33333333333331,67.0,5.1,1.0,,,,,,,,True
139234.0,72.0,2.0,95.0,157.3,38.4,124.9,160.0,65.66666666666667,5.1,9.18,3.0,b'W',30.0,5.397605346934028e-79,b'',,360.0,True
139235.0,27.0,2.0,105.8,178.6,33.2,117.1,106.0,78.66666666666667,5.3,1.8,5.0,b'W',60.0,5.397605346934028e-79,b'',,720.0,True
139236.0,51.0,1.0,155.4,184.4,45.7,150.3,,,6.0,6.98,5.397605346934028e-79,b'',,5.397605346934028e-79,b'',,720.0,True
139237.0,51.0,2.0,84.9,163.9,31.6,101.7,101.33333333333331,69.0,4.7,2.07,3.0,b'W',60.0,5.397605346934028e-79,b'',,540.0,True
139238.0,12.0,2.0,63.9,155.3,26.5,74.0,106.66666666666669,57.66666666666666,5.2,0.16,,,,,,,,True
139239.0,29.0,1.0,89.7,167.1,32.1,107.9,,,4.9,0.6,7.0,b'D',60.0,5.0,b'W',180.0,300.0,True
139241.0,10.0,2.0,33.8,129.6,20.1,66.3,104.0,63.333333333333336,,1.43,,,,,,,,True
139242.0,5.0,2.0,16.7,103.5,15.6,51.4,,,,3.51,,,,,,,,True
139243.0,7.0,2.0,22.1,122.2,14.8,53.3,,,,0.26,,,,,,,,True
139244.0,61.0,2.0,78.5,177.0,25.1,97.3,111.0,79.0,5.5,2.2,4.0,b'W',90.0,2.0,b'W',30.0,240.0,True
139246.0,73.0,1.0,110.6,175.7,35.8,,105.66666666666669,58.333333333333336,5.4,1.58,5.397605346934028e-79,b'',,5.397605346934028e-79,b'',,360.0,True
139247.0,9.0,1.0,32.4,134.4,17.9,66.3,102.0,69.0,,0.42,,,,,,,,True
139248.0,16.0,1.0,72.4,170.9,24.8,78.3,95.33333333333331,43.66666666666666,5.4,0.15,,,,,,,,True
139249.0,74.0,1.0,67.2,173.3,22.4,89.3,149.0,79.33333333333333,5.6,0.41,4.0,b'W',30.0,2.0,b'W',30.0,180.0,True
139250.0,11.0,2.0,60.4,146.7,28.1,95.5,108.66666666666669,67.66666666666667,,5.33,,,,,,,,True
139251.0,12.0,1.0,68.2,152.1,29.5,91.5,111.66666666666669,77.66666666666667,5.6,2.13,,,,,,,,True
139252.0,61.0,2.0,55.9,159.2,22.1,76.0,100.0,64.33333333333333,5.5,0.21,3.0,b'W',120.0,2.0,b'M',60.0,480.0,True
139253.0,49.0,2.0,52.3,162.1,19.9,78.8,101.33333333333331,66.33333333333333,5.4,0.2,3.0,b'W',120.0,3.0,b'W',30.0,600.0,True
139254.0,9.0,1.0,30.3,136.7,16.2,60.5,103.0,54.333333333333336,,0.21,,,,,,,,True
139256.0,25.0,2.0,93.3,158.2,37.3,114.5,116.33333333333331,82.0,6.0,11.28,1.0,b'W',120.0,2.0,b'W',60.0,360.0,True
139257.0,16.0,1.0,59.3,164.6,21.9,79.8,100.66666666666669,57.0,5.2,0.43,,,,,,,,True
139258.0,53.0,2.0,,,,,129.0,72.0,5.5,8.27,5.397605346934028e-79,b'',,5.397605346934028e-79,b'',,180.0,True
139259.0,73.0,2.0,80.5,158.6,32.0,105.0,115.33333333333331,78.33333333333333,4.9,0.85,3.0,b'M',60.0,5.397605346934028e-79,b'',,300.0,True
139260.0,49.0,1.0,70.8,171.0,24.2,90.8,121.33333333333331,81.33333333333333,5.5,0.58,5.397605346934028e-79,b'',,5.397605346934028e-79,b'',,120.0,True
139261.0,76.0,1.0,81.2,177.1,25.9,102.5,104.33333333333331,55.0,4.5,1.19,5.397605346934028e-79,b'',,5.397605346934028e-79,b'',,240.0,True
139263.0,5.0,1.0,22.9,119.7,16.0,50.6,,,,0.66,,,,,,,,True
139264.0,34.0,2.0,57.0,155.5,23.6,77.1,97.66666666666669,59.333333333333336,5.6,1.6,3.0,b'D',60.0,3.0,b'W',90.0,300.0,True
139265.0,44.0,2.0,101.1,155.0,42.1,114.4,116.0,74.0,7.5,8.59,5.397605346934028e-79,b'',,5.397605346934028e-79,b'',,480.0,True
139266.0,60.0,2.0,72.1,165.0,26.5,84.9,110.66666666666669,63.0,5.4,1.92,3.0,b'W',45.0,1.0,b'M',20.0,480.0,True
139268.0,68.0,1.0,97.3,183.4,28.9,109.5,113.33333333333331,69.33333333333333,5.3,6.94,5.0,b'W',120.0,1.0,b'W',45.0,120.0,True
139269.0,61.0,2.0,80.5,172.3,27.1,92.6,125.0,86.0,5.5,0.35,1.0,b'W',60.0,5.397605346934028e-79,b'',,360.0,True
139270.0,50.0,2.0,52.7,162.2,20.0,81.1,106.33333333333331,74.66666666666667,5.5,0.82,2.0,b'M',7.0,2.0,b'M',5.0,60.0,True
139274.0,57.0,2.0,53.2,156.3,21.8,76.8,140.0,84.33333333333333,5.7,5.85,5.0,b'W',60.0,5.397605346934028e-79,b'',,360.0,True
139285.0,79.0,1.0,84.1,170.7,28.9,111.3,116.0,61.66666666666666,5.4,5.74,6.0,b'M',15.0,5.397605346934028e-79,b'',,300.0,True
139287.0,29.0,2.0,59.4,165.1,21.8,77.6,115.66666666666669,71.66666666666667,5.0,0.53,4.0,b'W',60.0,5.397605346934028e-79,b'',,240.0,True
139288.0,44.0,2.0,122.5,165.7,44.6,124.0,139.0,86.66666666666667,7.3,18.36,7.0,b'W',60.0,1.0,b'W',60.0,360.0,True
139290.0,55.0,2.0,94.0,158.6,37.4,120.7,149.33333333333334,101.0,7.3,1.36,2.0,b'W',60.0,1.0,b'W',30.0,240.0,True
139292.0,29.0,1.0,94.3,177.6,29.9,106.3,120.33333333333331,74.66666666666667,5.2,5.65,2.0,b'W',120.0,5.397605346934028e-79,b'',,240.0,True
139294.0,49.0,1.0,156.6,182.5,47.0,149.0,126.0,85.66666666666667,6.3,35.14,4.0,b'W',240.0,5.397605346934028e-79,b'',,540.0,True
139297.0,79.0,2.0,54.8,141.0,27.6,95.7,146.0,68.66666666666667,7.5,1.09,2.0,b'W',60.0,5.397605346934028e-79,b'',,420.0,True
139298.0,7.0,2.0,24.6,120.4,17.0,56.4,,,,0.21,,,,,,,,True
139300.0,62.0,2.0,61.5,161.5,23.6,83.6,149.33333333333334,80.0,5.2,0.91,3.0,b'W',60.0,5.397605346934028e-79,b'',,240.0,True
139301.0,80.0,2.0,60.5,164.6,22.3,92.4,132.33333333333334,59.66666666666666,5.5,1.21,3.0,b'W',60.0,1.0,b'W',30.0,180.0,True
139302.0,55.0,2.0,95.6,168.4,33.7,106.9,106.33333333333331,74.33333333333333,8.2,5.51,3.0,b'W',30.0,1.0,b'D',120.0,120.0,True
139303.0,35.0,2.0,70.3,154.8,29.3,94.5,112.0,75.66666666666667,5.9,7.38,7.0,b'W',45.0,5.397605346934028e-79,b'',,300.0,True
139304.0,68.0,1.0,85.1,175.1,27.8,101.6,131.66666666666666,72.33333333333333,5.5,1.77,2.0,b'W',10.0,5.397605346934028e-79,b'',,300.0,True
139305.0,59.0,1.0,73.3,157.3,29.6,100.7,145.33333333333334,90.33333333333331,7.2,2.03,5.397605346934028e-79,b'',,5.397605346934028e-79,b'',,240.0,True
139308.0,43.0,2.0,69.8,165.6,25.5,73.7,126.66666666666669,83.66666666666667,5.1,0.41,7.0,b'D',30.0,7.0,b'D',60.0,240.0,True
139309.0,70.0,2.0,75.1,159.9,29.4,110.1,131.0,83.0,5.5,2.07,5.397605346934028e-79,b'',,5.397605346934028e-79,b'',,300.0,True
139310.0,72.0,2.0,72.8,154.7,30.4,107.8,123.66666666666669,81.0,8.9,3.42,1.0,b'W',5.0,5.397605346934028e-79,b'',,600.0,True
139311.0,17.0,1.0,54.5,175.8,17.6,68.6,94.33333333333331,58.0,5.2,0.11,,,,,,,,True
139312.0,62.0,2.0,81.2,168.0,28.8,99.6,122.0,69.66666666666667,5.8,0.63,3.0,b'W',35.0,1.0,b'M',5.0,180.0,True
139314.0,53.0,2.0,64.5,149.4,28.9,91.3,132.33333333333334,71.0,5.9,0.73,5.0,b'W',30.0,5.397605346934028e-79,b'',,180.0,True
139315.0,73.0,1.0,77.5,176.5,24.9,93.2,130.0,66.66666666666667,5.2,0.92,7.0,b'W',90.0,2.0,b'W',20.0,480.0,True
139317.0,24.0,1.0,70.4,173.7,23.3,80.9,137.33333333333334,75.33333333333333,4.6,0.52,3.0,b'M',60.0,5.397605346934028e-79,b'',,600.0,True
139319.0,18.0,1.0,51.7,172.2,17.4,68.5,108.33333333333331,74.0,5.2,1.03,2.0,b'W',90.0,3.0,b'W',90.0,480.0,True
139320.0,11.0,2.0,42.0,149.5,18.8,62.5,89.0,64.0,,0.11,,,,,,,,True
139321.0,27.0,2.0,61.6,159.1,24.3,79.6,102.66666666666669,58.66666666666666,4.6,0.61,4.0,b'W',60.0,1.0,b'W',60.0,720.0,True
139322.0,46.0,2.0,119.4,171.9,40.4,123.7,133.0,86.0,5.0,3.81,2.0,b'W',30.0,5.397605346934028e-79,b'',,600.0,True
139323.0,22.0,2.0,79.9,164.1,29.7,85.7,101.33333333333331,66.66666666666667,4.9,2.34,5.0,b'W',60.0,1.0,b'W',60.0,480.0,True
139326.0,24.0,1.0,92.3,170.9,31.6,105.4,125.33333333333331,78.33333333333333,5.4,2.02,1.0,b'W',30.0,1.0,b'M',60.0,960.0,True
139327.0,4.0,1.0,23.6,115.4,17.7,55.0,,,,0.15,,,,,,,,True
139329.0,64.0,1.0,96.5,165.8,35.1,112.5,121.0,65.0,6.2,8.04,7.0,b'W',90.0,5.397605346934028e-79,b'',,90.0,True
139331.0,32.0,1.0,78.7,191.4,21.5,80.3,112.0,59.66666666666666,4.8,0.79,3.0,b'W',75.0,1.0,b'W',30.0,780.0,True
139332.0,30.0,1.0,61.4,175.1,20.0,71.8,102.0,53.66666666666666,5.8,0.7,1.0,b'W',60.0,5.397605346934028e-79,b'',,240.0,True
139333.0,47.0,1.0,101.3,170.0,35.1,118.5,108.0,71.33333333333333,10.1,6.45,5.0,b'W',60.0,5.397605346934028e-79,b'',,180.0,True
139336.0,80.0,1.0,99.8,183.7,29.6,115.2,118.0,55.66666666666666,5.3,0.28,1.0,b'D',30.0,5.397605346934028e-79,b'',,240.0,True
139337.0,65.0,1.0,90.4,181.1,27.6,106.5,119.33333333333331,82.33333333333333,5.8,0.93,5.397605346934028e-79,b'',,5.397605346934028e-79,b'',,180.0,True
139338.0,27.0,1.0,75.9,173.4,25.2,90.8,109.66666666666669,70.66666666666667,5.1,0.46,5.397605346934028e-79,b'',,2.0,b'M',15.0,300.0,True
139342.0,75.0,1.0,107.1,180.2,33.0,128.6,108.0,77.33333333333333,8.0,1.29,5.397605346934028e-79,b'',,5.397605346934028e-79,b'',,600.0,True
139343.0,59.0,2.0,53.3,157.0,21.6,82.5,119.0,78.0,5.5,58.81,4.0,b'W',20.0,5.397605346934028e-79,b'',,540.0,True
139346.0,75.0,1.0,57.4,156.1,23.6,88.4,157.33333333333334,85.66666666666667,5.2,3.32,3.0,b'W',60.0,4.0,b'W',30.0,240.0,True
139351.0,49.0,2.0,70.9,151.5,30.9,101.3,127.33333333333331,79.0,5.8,13.23,5.0,b'D',10.0,5.397605346934028e-79,b'',,360.0,True
139352.0,21.0,1.0,67.9,173.6,22.5,81.8,113.33333333333331,61.66666666666666,4.5,0.44,1.0,b'M',30.0,5.397605346934028e-79,b'',,120.0,True
139353.0,47.0,1.0,130.3,171.6,44.2,138.6,125.33333333333331,90.33333333333331,9.9,6.57,12.0,b'W',90.0,5.397605346934028e-79,b'',,120.0,True
139356.0,46.0,2.0,72.8,164.5,26.9,89.0,114.33333333333331,72.33333333333333,5.3,0.41,1.0,b'W',30.0,5.397605346934028e-79,b'',,540.0,True
139359.0,17.0,2.0,61.1,163.9,22.7,77.2,97.0,59.333333333333336,4.9,0.91,,,,,,,,True
139360.0,57.0,2.0,105.3,160.4,40.9,118.2,145.33333333333334,80.66666666666667,7.1,2.42,2.0,b'M',45.0,5.397605346934028e-79,b'',,360.0,True
139361.0,80.0,2.0,82.6,157.9,33.1,112.7,140.0,79.66666666666667,8.0,1.12,5.397605346934028e-79,b'',,5.397605346934028e-79,b'',,360.0,True
139362.0,70.0,1.0,75.3,171.3,25.7,99.8,119.66666666666669,68.66666666666667,5.6,0.22,5.397605346934028e-79,b'',,5.397605346934028e-79,b'',,420.0,True
139366.0,46.0,1.0,85.4,172.1,28.8,99.6,118.33333333333331,87.66666666666667,5.6,1.95,2.0,b'W',45.0,5.397605346934028e-79,b'',,120.0,True
139368.0,63.0,2.0,68.1,163.1,25.6,91.1,116.0,73.0,5.6,1.14,5.0,b'M',30.0,5.397605346934028e-79,b'',,540.0,True
139370.0,64.0,2.0,51.8,173.0,17.3,70.5,129.0,66.33333333333333,5.8,1.68,7.0,b'W',30.0,1.0,b'W',30.0,600.0,True
139373.0,65.0,1.0,101.3,178.2,31.9,117.0,120.0,62.66666666666666,6.0,13.08,5.397605346934028e-79,b'',,5.397605346934028e-79,b'',,600.0,True
139374.0,46.0,1.0,129.5,178.0,40.9,134.5,122.66666666666669,82.33333333333333,5.1,2.11,5.397605346934028e-79,b'',,5.397605346934028e-79,b'',,540.0,True
139375.0,3.0,2.0,17.3,95.0,19.2,55.9,,,,11.13,,,,,,,,True
139376.0,41.0,2.0,82.7,178.8,25.9,91.4,102.0,60.66666666666666,5.3,2.66,2.0,b'M',45.0,5.397605346934028e-79,b'',,720.0,True
139379.0,4.0,1.0,17.0,100.9,16.7,48.5,,,,0.87,,,,,,,,True
139380.0,11.0,2.0,46.6,156.0,19.1,65.2,91.66666666666669,55.333333333333336,,0.11,,,,,,,,True
139381.0,55.0,2.0,94.4,165.7,34.4,111.8,113.33333333333331,75.66666666666667,5.6,2.95,2.0,b'W',50.0,2.0,b'W',50.0,240.0,True
139383.0,61.0,1.0,75.0,183.3,22.3,87.0,167.66666666666666,93.66666666666669,5.6,1.3,5.397605346934028e-79,b'',,5.397605346934028e-79,b'',,120.0,True
139385.0,53.0,2.0,84.0,159.0,33.2,107.1,131.33333333333334,85.33333333333333,5.9,11.41,4.0,b'W',60.0,3.0,b'W',60.0,300.0,True
139386.0,9.0,1.0,53.7,141.7,26.7,84.6,102.0,72.0,,2.64,,,,,,,,True
139387.0,19.0,1.0,102.3,180.8,31.3,102.1,111.33333333333331,65.33333333333333,5.4,8.07,4.0,b'W',120.0,7.0,b'W',60.0,300.0,True
139388.0,42.0,2.0,65.6,168.9,23.0,85.2,96.33333333333331,63.333333333333336,5.0,1.01,3.0,b'W',30.0,1.0,b'M',60.0,300.0,True
139389.0,63.0,2.0,89.3,162.4,33.9,104.6,128.66666666666666,72.0,6.4,3.3,4.0,b'W',60.0,2.0,b'W',30.0,480.0,True
139390.0,8.0,2.0,41.0,128.3,24.9,81.4,82.66666666666667,53.0,,1.44,,,,,,,,True
139391.0,15.0,1.0,62.6,168.0,22.2,76.0,117.33333333333331,64.33333333333333,5.0,0.61,,,,,,,,True
139392.0,69.0,2.0,105.7,163.3,39.6,121.5,118.0,73.33333333333333,5.9,3.57,4.0,b'M',30.0,5.0,b'Y',10.0,420.0,True
139395.0,14.0,2.0,52.5,157.2,21.2,81.0,108.0,70.33333333333333,5.4,0.71,,,,,,,,True
139396.0,15.0,2.0,45.4,144.7,21.7,69.6,98.66666666666669,56.66666666666666,5.1,5.88,,,,,,,,True
139398.0,62.0,2.0,76.1,150.9,33.4,101.1,150.66666666666666,79.33333333333333,6.4,4.95,1.0,b'D',25.0,1.0,b'D',10.0,120.0,True
139400.0,13.0,2.0,41.4,165.4,15.1,62.6,114.33333333333331,78.0,5.2,0.2,,,,,,,,True
139401.0,68.0,2.0,69.4,151.9,30.1,97.9,115.0,60.333333333333336,5.2,1.82,5.397605346934028e-79,b'',,5.397605346934028e-79,b'',,600.0,True
139402.0,65.0,1.0,95.6,179.5,29.7,111.9,127.33333333333331,87.66666666666667,6.1,1.02,2.0,b'W',30.0,1.0,b'W',10.0,180.0,True
139404.0,66.0,2.0,54.3,155.0,22.6,77.1,132.66666666666666,86.66666666666667,5.4,0.85,7.0,b'W',45.0,7.0,b'W',20.0,180.0,True
139405.0,3.0,2.0,13.2,97.1,14.0,46.9,,,,0.11,,,,,,,,True
139407.0,68.0,2.0,91.2,158.6,36.3,111.9,152.0,77.0,6.2,2.04,4.0,b'W',120.0,1.0,b'W',60.0,420.0,True
139409.0,14.0,2.0,52.2,161.7,20.0,66.9,100.66666666666669,59.66666666666666,5.3,3.34,,,,,,,,True
139413.0,74.0,1.0,118.9,190.1,32.9,123.2,115.0,56.66666666666666,6.5,3.37,5.397605346934028e-79,b'',,5.397605346934028e-79,b'',,900.0,True
139416.0,60.0,1.0,82.8,180.2,25.5,97.5,104.0,69.0,5.1,9.27,2.0,b'W',60.0,5.397605346934028e-79,b'',,120.0,True
139417.0,63.0,1.0,94.9,175.6,30.8,104.3,127.0,76.33333333333333,5.7,1.34,2.0,b'M',15.0,5.397605346934028e-79,b'',,360.0,True
139418.0,39.0,1.0,77.7,169.3,27.1,94.3,136.66666666666666,84.66666666666667,5.5,0.54,3.0,b'W',30.0,3.0,b'W',30.0,360.0,True
139419.0,9.0,1.0,31.1,141.9,15.4,57.9,90.66666666666669,56.333333333333336,,0.11,,,,,,,,True
139420.0,28.0,1.0,75.4,177.4,24.0,85.7,118.33333333333331,64.33333333333333,5.6,0.79,4.0,b'W',30.0,5.397605346934028e-79,b'',,300.0,True
139422.0,10.0,1.0,32.6,145.9,15.3,59.8,101.66666666666669,58.333333333333336,,0.56,,,,,,,,True
139423.0,62.0,1.0,84.8,175.9,27.4,107.4,130.0,95.66666666666669,5.5,0.51,3.0,b'W',30.0,2.0,b'W',30.0,360.0,True
139424.0,32.0,2.0,83.5,151.9,36.2,108.9,111.33333333333331,65.33333333333333,5.2,0.89,1.0,b'W',60.0,4.0,b'W',120.0,180.0,True
139425.0,52.0,1.0,143.7,167.4,51.3,148.2,159.0,112.33333333333331,5.6,2.79,3.0,b'W',30.0,2.0,b'W',60.0,420.0,True
139426.0,71.0,2.0,91.9,157.3,37.1,107.6,151.0,75.33333333333333,6.4,4.23,3.0,b'W',23.0,5.397605346934028e-79,b'',,360.0,True
139428.0,63.0,1.0,136.6,176.3,43.9,,,,7.1,7.43,5.397605346934028e-79,b'',,5.397605346934028e-79,b'',,480.0,True
139435.0,49.0,2.0,80.4,163.6,30.0,109.2,120.66666666666669,75.0,5.8,2.95,5.397605346934028e-79,b'',,5.397605346934028e-79,b'',,420.0,True
139437.0,41.0,1.0,118.4,184.5,34.8,116.9,111.66666666666669,71.66666666666667,5.1,3.56,3.0,b'W',60.0,3.0,b'W',40.0,300.0,True
139438.0,56.0,1.0,80.0,175.7,25.9,99.8,128.33333333333334,84.66666666666667,5.3,5.23,5.397605346934028e-79,b'',,5.397605346934028e-79,b'',,180.0,True
139441.0,62.0,1.0,87.0,184.7,25.5,,124.66666666666669,75.66666666666667,5.8,0.52,2.0,b'W',120.0,5.397605346934028e-79,b'',,240.0,True
139442.0,11.0,2.0,32.5,138.5,16.9,64.0,98.66666666666669,66.0,,0.53,,,,,,,,True
139443.0,70.0,1.0,72.4,168.3,25.6,95.2,145.33333333333334,82.66666666666667,5.7,1.08,7.0,b'W',180.0,1.0,b'W',240.0,180.0,True
139446.0,80.0,2.0,55.9,163.6,20.9,80.5,127.33333333333331,72.33333333333333,5.4,3.23,5.0,b'W',120.0,5.397605346934028e-79,b'',,600.0,True
139447.0,58.0,2.0,69.9,177.4,22.2,84.0,121.0,77.66666666666667,5.5,0.44,4.0,b'W',60.0,2.0,b'M',120.0,480.0,True
139448.0,63.0,2.0,78.1,155.0,32.5,94.0,166.33333333333334,89.33333333333333,7.8,1.89,5.397605346934028e-79,b'',,5.397605346934028e-79,b'',,120.0,True
139450.0,33.0,2.0,73.4,170.7,25.2,87.4,101.0,67.0,5.8,12.05,1.0,b'W',40.0,2.0,b'W',90.0,540.0,True
139451.0,14.0,2.0,53.3,164.5,19.7,69.5,109.0,62.66666666666666,5.6,0.39,,,,,,,,True
139453.0,3.0,2.0,17.2,99.1,17.5,53.2,,,,0.41,,,,,,,,True
139455.0,8.0,1.0,27.3,131.8,15.7,58.0,107.33333333333331,66.66666666666667,,0.11,,,,,,,,True
139458.0,20.0,1.0,91.0,187.1,26.0,89.5,117.0,66.66666666666667,4.8,0.82,5.0,b'W',45.0,6.0,b'W',90.0,300.0,True
139459.0,71.0,1.0,114.3,183.4,34.0,121.8,133.66666666666666,82.0,6.3,3.08,1.0,b'D',30.0,5.0,b'W',60.0,720.0,True
139461.0,62.0,1.0,95.9,171.2,32.7,112.0,122.66666666666669,79.66666666666667,5.8,1.91,5.0,b'D',30.0,2.0,b'D',30.0,480.0,True
139462.0,80.0,1.0,93.6,169.6,32.5,114.8,117.33333333333331,62.66666666666666,5.7,5.79,1.0,b'W',20.0,5.397605346934028e-79,b'',,180.0,True
139463.0,16.0,1.0,46.3,162.5,17.5,67.5,102.66666666666669,62.333333333333336,5.0,0.17,,,,,,,,True
139464.0,37.0,2.0,62.5,163.8,23.3,80.2,107.66666666666669,59.66666666666666,5.4,0.99,7.0,b'W',60.0,5.0,b'W',90.0,240.0,True
139465.0,34.0,2.0,120.8,157.5,48.7,132.0,112.0,81.66666666666667,5.2,9.22,3.0,b'W',30.0,2.0,b'W',30.0,240.0,True
139466.0,78.0,1.0,69.7,168.8,24.5,94.7,140.0,72.33333333333333,5.0,1.3,5.397605346934028e-79,b'',,5.397605346934028e-79,b'',,60.0,True
139467.0,33.0,2.0,96.8,165.4,35.4,123.8,106.66666666666669,73.0,5.0,1.42,5.397605346934028e-79,b'',,5.397605346934028e-79,b'',,240.0,True
139470.0,66.0,1.0,64.6,165.6,23.6,90.3,151.66666666666666,95.33333333333331,5.8,2.07,3.0,b'W',30.0,5.397605346934028e-79,b'',,60.0,True
139473.0,61.0,2.0,56.6,151.7,24.6,83.3,116.66666666666669,73.33333333333333,5.8,2.73,4.0,b'W',30.0,2.0,b'W',60.0,360.0,True
139474.0,4.0,1.0,24.4,115.5,18.3,56.6,,,,0.27,,,,,,,,True
139479.0,50.0,1.0,91.0,185.7,26.4,106.0,132.0,84.66666666666667,5.7,1.26,1.0,b'W',45.0,5.397605346934028e-79,b'',,660.0,True
139482.0,7.0,1.0,21.5,117.6,15.5,53.0,,,,0.38,,,,,,,,True
139483.0,33.0,1.0,148.1,185.3,43.1,133.4,110.0,81.0,5.3,5.08,1.0,b'W',120.0,6.0,b'Y',120.0,540.0,True
139484.0,3.0,2.0,18.0,105.5,16.2,50.3,,,,0.44,,,,,,,,True
139485.0,51.0,1.0,64.0,181.0,19.5,80.5,161.0,83.33333333333333,5.7,8.57,7.0,b'W',15.0,1.0,b'M',5.0,360.0,True
139486.0,17.0,1.0,70.6,186.7,20.3,77.0,113.0,69.66666666666667,4.8,0.2,,,,,,,,True
139487.0,8.0,2.0,26.8,133.1,15.1,61.5,97.0,56.0,,0.11,,,,,,,,True
139488.0,25.0,1.0,88.0,167.3,31.4,102.3,126.33333333333331,74.33333333333333,5.4,0.66,1.0,b'M',20.0,5.397605346934028e-79,b'',,540.0,True
139489.0,55.0,1.0,58.1,157.6,23.4,79.9,109.0,68.0,5.2,1.0,1.0,b'D',30.0,5.397605346934028e-79,b'',,240.0,True
139491.0,40.0,1.0,73.2,183.4,21.8,90.7,115.33333333333331,68.33333333333333,5.1,14.77,3.0,b'W',60.0,5.397605346934028e-79,b'',,540.0,True
139493.0,75.0,2.0,55.6,155.8,22.9,87.1,118.33333333333331,62.0,5.8,3.79,3.0,b'W',30.0,5.397605346934028e-79,b'',,420.0,True
139494.0,64.0,2.0,61.2,164.9,22.5,90.3,144.66666666666666,90.0,5.2,4.72,4.0,b'W',120.0,3.0,b'W',60.0,480.0,True
139495.0,50.0,2.0,50.7,161.1,19.5,84.1,122.66666666666669,74.33333333333333,5.5,0.5,5.397605346934028e-79,b'',,5.397605346934028e-79,b'',,120.0,True
139497.0,73.0,2.0,82.5,171.4,28.1,94.6,103.66666666666669,64.33333333333333,5.8,9.15,3.0,b'W',120.0,1.0,b'M',240.0,360.0,True
139498.0,62.0,2.0,92.2,153.4,39.2,125.3,125.33333333333331,72.66666666666667,10.1,1.67,3.0,b'W',300.0,5.397605346934028e-79,b'',,600.0,True
139500.0,73.0,2.0,51.7,152.8,22.1,83.1,112.66666666666669,70.66666666666667,6.9,5.33,5.397605346934028e-79,b'',,5.397605346934028e-79,b'',,300.0,True
139502.0,31.0,2.0,77.1,156.9,31.3,102.4,122.66666666666669,82.33333333333333,4.5,1.8,4.0,b'M',240.0,5.397605346934028e-79,b'',,300.0,True
139504.0,63.0,2.0,50.4,159.0,19.9,83.1,126.33333333333331,75.33333333333333,5.6,1.41,6.0,b'W',20.0,6.0,b'W',15.0,120.0,True
139508.0,68.0,2.0,79.2,156.6,32.3,100.5,133.33333333333334,78.0,6.0,2.56,3.0,b'W',30.0,5.397605346934028e-79,b'',,240.0,True
139509.0,20.0,1.0,95.9,186.4,27.6,95.5,115.66666666666669,75.0,5.0,1.29,1.0,b'D',120.0,2.0,b'W',60.0,360.0,True
139510.0,33.0,2.0,144.5,165.8,52.6,155.8,131.66666666666666,88.33333333333333,5.4,29.85,5.0,b'W',30.0,5.397605346934028e-79,b'',,600.0,True
139514.0,80.0,2.0,50.3,162.4,19.1,79.2,149.33333333333334,85.0,6.2,31.11,6.0,b'W',45.0,3.0,b'W',45.0,240.0,True
139515.0,62.0,1.0,58.3,169.1,20.4,87.4,145.33333333333334,95.33333333333331,5.5,1.66,1.0,b'W',30.0,5.397605346934028e-79,b'',,480.0,True
139520.0,64.0,1.0,104.4,175.1,34.1,117.6,112.0,77.0,5.5,104.08,2.0,b'W',180.0,5.397605346934028e-79,b'',,600.0,True
139521.0,80.0,1.0,88.0,169.9,30.5,,123.33333333333331,81.0,6.4,0.5,2.0,b'W',30.0,5.397605346934028e-79,b'',,240.0,True
139522.0,72.0,2.0,57.8,147.9,26.4,90.3,148.33333333333334,85.33333333333333,5.6,1.28,7.0,b'W',180.0,5.397605346934028e-79,b'',,720.0,True
139523.0,61.0,2.0,63.9,153.2,27.2,100.4,138.33333333333334,82.33333333333333,5.6,6.0,2.0,b'W',30.0,5.397605346934028e-79,b'',,600.0,True
139524.0,60.0,1.0,54.0,163.6,20.2,,100.66666666666669,59.66666666666666,5.8,0.5,3.0,b'D',15.0,5.397605346934028e-79,b'',,480.0,True
139525.0,47.0,1.0,70.6,161.7,27.0,98.6,133.33333333333334,66.33333333333333,4.9,0.44,1.0,b'D',20.0,4.0,b'W',20.0,9999.0,True
139526.0,19.0,2.0,46.0,149.4,20.6,67.8,111.66666666666669,83.0,4.8,0.3,3.0,b'W',60.0,2.0,b'M',60.0,300.0,True
139527.0,68.0,2.0,78.7,165.2,28.8,92.7,104.66666666666669,69.66666666666667,6.0,0.87,9999.0,b'',,5.397605346934028e-79,b'',,9999.0,True
139529.0,36.0,1.0,87.1,178.8,27.2,99.7,119.66666666666669,72.0,5.8,7.78,1.0,b'W',60.0,1.0,b'M',60.0,180.0,True
139530.0,42.0,2.0,83.6,170.9,28.6,90.1,111.33333333333331,73.33333333333333,5.1,5.13,2.0,b'D',180.0,5.397605346934028e-79,b'',,60.0,True
139532.0,61.0,1.0,68.9,169.8,23.9,92.8,128.0,70.0,5.6,5.28,2.0,b'D',20.0,15.0,b'Y',75.0,720.0,True
139533.0,40.0,2.0,173.4,168.0,61.4,151.2,110.0,78.33333333333333,5.7,27.78,3.0,b'W',30.0,5.397605346934028e-79,b'',,480.0,True
139534.0,15.0,1.0,50.9,168.1,18.0,66.7,120.33333333333331,82.66666666666667,5.2,0.26,,,,,,,,True
139537.0,39.0,2.0,67.7,157.8,27.2,84.4,100.33333333333331,63.333333333333336,5.5,0.53,2.0,b'W',40.0,2.0,b'M',60.0,720.0,True
139538.0,14.0,1.0,50.8,157.2,20.6,73.0,104.66666666666669,56.333333333333336,5.3,0.71,,,,,,,,True
139539.0,67.0,2.0,62.6,148.7,28.3,100.0,178.33333333333334,78.0,5.6,3.55,3.0,b'D',40.0,2.0,b'W',20.0,300.0,True
139540.0,17.0,2.0,52.7,157.0,21.4,76.9,98.66666666666669,59.333333333333336,5.5,0.71,,,,,,,,True
139541.0,12.0,2.0,,,,,,,5.3,0.44,,,,,,,,True
139542.0,8.0,2.0,24.0,128.9,14.4,55.7,97.66666666666669,62.0,,0.19,,,,,,,,True
139543.0,41.0,1.0,91.4,181.8,27.7,101.5,124.0,78.0,5.4,3.05,5.0,b'W',105.0,2.0,b'W',30.0,180.0,True
139546.0,19.0,1.0,84.2,185.5,24.5,81.7,121.0,63.0,5.4,0.53,3.0,b'W',120.0,1.0,b'W',30.0,480.0,True
139548.0,77.0,2.0,67.2,164.1,25.0,97.0,122.33333333333331,57.333333333333336,6.1,0.18,5.397605346934028e-79,b'',,5.397605346934028e-79,b'',,480.0,True
139550.0,6.0,1.0,16.8,109.3,14.1,50.8,,,,0.17,,,,,,,,True
139551.0,73.0,1.0,109.7,179.9,33.9,121.8,108.0,69.0,5.4,1.58,3.0,b'W',120.0,5.397605346934028e-79,b'',,240.0,True
139552.0,15.0,2.0,38.2,163.6,14.3,61.0,95.33333333333331,57.333333333333336,5.9,6.52,,,,,,,,True
139553.0,46.0,2.0,53.2,160.0,20.8,84.0,133.0,94.0,5.2,1.49,1.0,b'W',45.0,1.0,b'W',45.0,180.0,True
139556.0,11.0,1.0,48.9,148.1,22.3,79.5,97.0,62.0,,1.84,,,,,,,,True
139559.0,40.0,2.0,122.8,157.0,49.8,142.0,99.33333333333331,71.66666666666667,5.6,12.59,4.0,b'D',120.0,5.397605346934028e-79,b'',,240.0,True
139561.0,28.0,1.0,81.3,173.5,27.0,87.2,120.66666666666669,66.33333333333333,5.0,5.95,3.0,b'W',60.0,2.0,b'W',40.0,600.0,True
139562.0,62.0,1.0,127.3,179.7,39.4,135.7,141.66666666666666,94.0,7.2,2.55,5.397605346934028e-79,b'',,5.397605346934028e-79,b'',,360.0,True
139565.0,80.0,2.0,68.8,155.7,28.4,92.2,120.0,78.33333333333333,5.4,2.15,5.397605346934028e-79,b'',,5.397605346934028e-79,b'',,240.0,True
139568.0,30.0,1.0,70.3,177.9,22.2,83.0,116.0,72.33333333333333,5.0,0.54,4.0,b'W',120.0,2.0,b'W',30.0,360.0,True
139569.0,39.0,2.0,145.2,151.8,63.0,156.0,90.0,61.0,5.6,18.14,10.0,b'Y',20.0,5.397605346934028e-79,b'',,240.0,True
139570.0,27.0,2.0,105.0,158.3,41.9,119.2,98.33333333333331,66.66666666666667,5.6,5.05,5.397605346934028e-79,b'',,5.397605346934028e-79,b'',,180.0,True
139571.0,31.0,2.0,103.4,163.1,38.9,123.1,88.0,53.66666666666666,5.2,7.55,5.397605346934028e-79,b'',,5.397605346934028e-79,b'',,240.0,True
139573.0,13.0,2.0,47.9,146.8,22.2,78.3,100.33333333333331,61.333333333333336,5.3,0.53,,,,,,,,True
139574.0,46.0,1.0,68.0,184.9,19.9,86.9,112.0,74.33333333333333,5.3,0.87,1.0,b'W',15.0,5.397605346934028e-79,b'',,15.0,True
139575.0,12.0,2.0,51.2,149.0,23.1,76.8,111.33333333333331,65.0,5.6,0.51,,,,,,,,True
139579.0,73.0,1.0,63.4,164.7,23.4,85.2,104.66666666666669,61.66666666666666,5.3,0.62,5.0,b'W',20.0,5.397605346934028e-79,b'',,720.0,True
139581.0,6.0,2.0,20.0,118.7,14.2,53.1,,,,64.52,,,,,,,,True
139584.0,68.0,1.0,70.6,161.9,26.9,105.2,152.66666666666666,58.0,6.1,7.04,4.0,b'D',45.0,5.397605346934028e-79,b'',,90.0,True
139585.0,40.0,2.0,77.9,161.4,29.9,93.3,108.0,66.33333333333333,4.9,1.06,6.0,b'W',30.0,2.0,b'W',60.0,240.0,True
139586.0,18.0,1.0,96.9,173.2,32.3,112.6,124.0,77.0,5.2,2.56,5.397605346934028e-79,b'',,5.397605346934028e-79,b'',,480.0,True
139587.0,19.0,1.0,63.3,179.5,19.6,75.5,123.0,65.66666666666667,4.8,0.63,5.0,b'W',60.0,3.0,b'M',40.0,240.0,True
139588.0,76.0,1.0,87.9,174.4,28.9,112.5,149.66666666666666,77.33333333333333,9.7,5.09,3.0,b'W',60.0,5.397605346934028e-79,b'',,180.0,True
139589.0,67.0,2.0,90.7,156.5,37.0,117.2,144.33333333333334,85.33333333333333,6.1,12.66,5.397605346934028e-79,b'',,5.397605346934028e-79,b'',,600.0,True
139593.0,66.0,2.0,60.4,157.4,24.4,82.8,106.0,63.66666666666666,4.8,2.16,1.0,b'D',60.0,3.0,b'W',90.0,300.0,True
139594.0,14.0,1.0,65.3,180.2,20.1,83.2,114.66666666666669,82.66666666666667,5.5,0.23,,,,,,,,True
139595.0,64.0,1.0,79.5,180.2,24.5,94.4,128.33333333333334,82.0,5.4,0.92,5.0,b'W',60.0,5.0,b'W',60.0,240.0,True
139596.0,75.0,2.0,78.3,165.8,28.5,104.7,138.0,66.0,5.4,4.26,2.0,b'D',15.0,5.397605346934028e-79,b'',,300.0,True
139597.0,66.0,2.0,62.1,156.3,25.4,88.7,120.0,78.66666666666667,5.8,0.58,3.0,b'W',30.0,5.397605346934028e-79,b'',,180.0,True
139601.0,22.0,1.0,57.9,170.9,19.8,74.4,112.33333333333331,65.0,4.7,0.65,5.0,b'W',120.0,5.397605346934028e-79,b'',,720.0,True
139602.0,60.0,2.0,67.6,150.6,29.8,110.7,119.33333333333331,68.0,8.9,2.82,1.0,b'W',20.0,5.397605346934028e-79,b'',,480.0,True
139603.0,64.0,1.0,78.0,168.0,27.6,100.6,124.66666666666669,78.66666666666667,5.1,1.81,4.0,b'W',90.0,5.397605346934028e-79,b'',,360.0,True
139604.0,47.0,2.0,95.4,152.2,41.2,123.1,114.0,80.33333333333333,5.7,4.15,1.0,b'W',30.0,5.397605346934028e-79,b'',,600.0,True
139605.0,76.0,2.0,60.5,157.0,24.5,89.0,138.0,76.33333333333333,5.6,0.63,1.0,b'D',30.0,1.0,b'W',60.0,120.0,True
139606.0,9.0,2.0,32.0,131.9,18.4,66.5,94.0,51.66666666666666,,0.82,,,,,,,,True
139607.0,63.0,2.0,99.7,162.2,37.9,119.5,126.66666666666669,74.66666666666667,6.0,5.21,2.0,b'M',30.0,2.0,b'M',40.0,840.0,True
139608.0,53.0,2.0,65.1,161.8,24.9,92.6,140.66666666666666,88.66666666666667,5.8,0.71,4.0,b'W',20.0,5.397605346934028e-79,b'',,300.0,True
139609.0,38.0,2.0,56.0,142.4,27.6,83.2,119.0,70.66666666666667,5.8,0.9,5.397605346934028e-79,b'',,5.0,b'W',30.0,60.0,True
139610.0,60.0,1.0,87.6,173.9,29.0,106.1,134.0,74.33333333333333,5.2,3.67,2.0,b'D',20.0,2.0,b'W',30.0,180.0,True
139612.0,8.0,2.0,31.0,131.3,18.0,63.7,109.66666666666669,62.66666666666666,,0.29,,,,,,,,True
139613.0,62.0,2.0,80.0,163.5,29.9,103.5,115.33333333333331,73.33333333333333,5.6,0.71,2.0,b'W',240.0,2.0,b'W',120.0,120.0,True
139614.0,52.0,1.0,87.4,166.6,31.5,107.6,128.66666666666666,89.33333333333333,12.0,3.17,1.0,b'M',30.0,1.0,b'M',30.0,540.0,True
139616.0,67.0,1.0,95.6,174.6,31.4,113.5,122.33333333333331,76.0,5.3,4.11,2.0,b'W',20.0,1.0,b'D',60.0,120.0,True
139617.0,14.0,2.0,55.0,154.5,23.0,73.1,107.33333333333331,61.66666666666666,5.3,4.13,,,,,,,,True
139619.0,26.0,2.0,51.0,155.3,21.1,,106.66666666666669,72.33333333333333,5.3,0.46,2.0,b'M',60.0,1.0,b'M',60.0,600.0,True
139621.0,38.0,2.0,52.2,163.2,19.6,74.8,111.33333333333331,73.33333333333333,5.3,0.24,3.0,b'W',60.0,1.0,b'M',60.0,300.0,True
139623.0,51.0,2.0,100.7,167.8,35.8,113.9,130.33333333333334,89.0,5.0,2.8,5.397605346934028e-79,b'',,5.397605346934028e-79,b'',,300.0,True
139624.0,5.0,2.0,17.4,109.9,14.4,46.6,,,,11.52,,,,,,,,True
139625.0,9.0,1.0,22.2,125.6,14.1,51.2,96.0,51.333333333333336,,0.11,,,,,,,,True
139626.0,68.0,1.0,84.7,168.9,29.7,113.0,138.0,83.66666666666667,5.4,4.79,5.397605346934028e-79,b'',,5.397605346934028e-79,b'',,720.0,True
139627.0,15.0,1.0,73.1,176.8,23.4,81.0,112.33333333333331,60.0,5.9,0.25,,,,,,,,True
139628.0,44.0,1.0,113.9,183.1,34.0,120.1,114.33333333333331,72.33333333333333,10.0,1.41,5.0,b'W',15.0,5.397605346934028e-79,b'',,180.0,True
139629.0,17.0,1.0,104.8,174.5,34.4,110.5,116.0,69.66666666666667,5.6,0.84,,,,,,,,True
139630.0,69.0,1.0,89.6,171.2,30.6,112.5,122.66666666666669,72.0,5.4,2.35,6.0,b'W',30.0,3.0,b'W',90.0,180.0,True
139633.0,13.0,1.0,48.4,163.4,18.1,65.1,92.66666666666669,47.333333333333336,5.4,0.28,,,,,,,,True
139635.0,12.0,2.0,36.4,145.5,17.2,66.5,110.66666666666669,59.333333333333336,5.5,4.4,,,,,,,,True
139636.0,38.0,2.0,102.3,156.3,41.9,107.7,116.0,73.33333333333333,5.7,6.43,1.0,b'W',30.0,5.397605346934028e-79,b'',,240.0,True
139638.0,71.0,2.0,55.7,168.2,19.7,75.2,94.66666666666669,65.66666666666667,5.3,0.64,6.0,b'W',90.0,5.397605346934028e-79,b'',,300.0,True
139639.0,6.0,2.0,24.0,122.8,15.9,57.3,,,,0.84,,,,,,,,True
139640.0,58.0,1.0,99.7,174.9,32.6,122.8,116.0,81.33333333333333,5.4,0.53,1.0,b'W',20.0,5.397605346934028e-79,b'',,840.0,True
139643.0,11.0,1.0,68.5,152.7,29.4,98.4,112.66666666666669,65.66666666666667,,2.06,,,,,,,,True
139645.0,18.0,2.0,152.6,171.3,52.0,136.8,131.33333333333334,101.0,5.9,11.11,1.0,b'M',60.0,5.397605346934028e-79,b'',,240.0,True
139646.0,9.0,2.0,36.2,131.8,20.8,64.4,99.66666666666669,71.33333333333333,,0.46,,,,,,,,True
139648.0,19.0,2.0,55.9,162.7,21.1,73.4,98.0,65.0,4.7,0.4,3.0,b'W',30.0,5.397605346934028e-79,b'',,600.0,True
139649.0,5.0,1.0,17.5,109.1,14.7,51.2,,,,0.26,,,,,,,,True
139650.0,37.0,2.0,77.9,172.5,26.2,88.7,106.66666666666669,74.66666666666667,5.4,0.51,5.397605346934028e-79,b'',,5.397605346934028e-79,b'',,300.0,True
139651.0,59.0,1.0,126.0,173.2,42.0,,,,6.0,3.89,3.0,b'W',15.0,5.397605346934028e-79,b'',,60.0,True
139653.0,12.0,2.0,76.0,154.1,32.0,105.2,113.33333333333331,72.0,5.1,0.98,,,,,,,,True
139654.0,11.0,2.0,33.5,148.3,15.2,60.8,97.0,54.333333333333336,,0.38,,,,,,,,True
139655.0,34.0,1.0,77.9,162.2,29.6,97.0,,,5.3,0.58,5.397605346934028e-79,b'',,5.0,b'W',60.0,90.0,True
139657.0,35.0,2.0,131.1,176.6,42.0,133.1,118.33333333333331,83.0,5.6,2.31,5.397605346934028e-79,b'',,5.397605346934028e-79,b'',,300.0,True
139658.0,39.0,2.0,151.0,164.1,56.1,135.8,138.0,93.0,5.3,6.6,4.0,b'M',20.0,1.0,b'M',10.0,300.0,True
139660.0,36.0,2.0,61.4,153.3,26.1,88.7,92.0,61.333333333333336,5.3,4.6,5.397605346934028e-79,b'',,5.397605346934028e-79,b'',,600.0,True
139663.0,71.0,1.0,81.4,169.0,28.5,100.1,129.0,72.66666666666667,5.4,1.15,7.0,b'W',60.0,2.0,b'M',60.0,240.0,True
139665.0,62.0,1.0,68.0,164.6,25.1,87.8,135.0,81.33333333333333,5.4,0.48,3.0,b'W',120.0,5.397605346934028e-79,b'',,120.0,True
139666.0,11.0,2.0,53.5,147.1,24.7,75.2,105.66666666666669,65.0,,1.44,,,,,,,,True
139667.0,37.0,2.0,60.6,164.6,22.4,75.9,112.33333333333331,70.0,5.3,0.75,2.0,b'W',60.0,4.0,b'W',60.0,240.0,True
139671.0,6.0,1.0,39.5,126.4,24.7,74.3,,,,0.29,,,,,,,,True
139673.0,17.0,1.0,69.6,174.1,23.0,83.0,117.0,61.333333333333336,5.2,0.9,,,,,,,,True
139674.0,68.0,2.0,64.8,148.1,29.5,102.8,116.66666666666669,67.33333333333333,6.0,0.55,4.0,b'W',30.0,1.0,b'W',20.0,480.0,True
139675.0,5.0,2.0,21.5,114.0,16.5,54.3,,,,0.45,,,,,,,,True
139676.0,71.0,2.0,73.1,155.4,30.3,104.0,132.66666666666666,66.0,5.3,0.9,5.0,b'W',90.0,2.0,b'W',30.0,300.0,True
139677.0,52.0,2.0,53.8,153.0,23.0,84.3,111.66666666666669,72.0,5.9,0.52,2.0,b'W',45.0,5.397605346934028e-79,b'',,180.0,True
139678.0,73.0,1.0,99.0,176.9,31.6,123.3,108.0,65.33333333333333,5.9,2.96,2.0,b'W',40.0,5.397605346934028e-79,b'',,120.0,True
139679.0,75.0,2.0,48.2,150.7,21.2,72.9,134.66666666666666,72.66666666666667,5.5,3.52,5.0,b'W',60.0,2.0,b'W',60.0,240.0,True
139682.0,35.0,2.0,73.8,166.9,26.5,83.0,108.66666666666669,65.0,5.5,0.15,3.0,b'W',600.0,5.397605346934028e-79,b'',,480.0,True
139683.0,16.0,1.0,58.0,179.8,17.9,73.5,115.0,76.33333333333333,5.0,0.41,,,,,,,,True
139685.0,73.0,1.0,109.5,169.8,38.0,125.7,127.33333333333331,76.0,5.7,2.79,5.0,b'W',30.0,1.0,b'D',20.0,240.0,True
139686.0,32.0,1.0,70.7,173.5,23.5,90.0,105.33333333333331,68.33333333333333,5.5,2.13,2.0,b'W',30.0,1.0,b'M',120.0,180.0,True
139687.0,65.0,2.0,65.1,167.6,23.2,90.2,130.66666666666666,70.66666666666667,6.0,0.98,5.0,b'W',60.0,2.0,b'W',30.0,180.0,True
139689.0,70.0,1.0,73.1,158.3,29.2,107.9,152.33333333333334,79.33333333333333,5.4,1.0,3.0,b'W',30.0,5.397605346934028e-79,b'',,5.397605346934028e-79,True
139690.0,80.0,1.0,74.7,160.1,29.1,,125.0,55.5,6.2,4.68,4.0,b'W',30.0,5.397605346934028e-79,b'',,720.0,True
139691.0,18.0,2.0,49.4,153.3,21.0,70.5,102.0,55.66666666666666,5.3,1.73,2.0,b'W',10.0,5.397605346934028e-79,b'',,300.0,True
139692.0,57.0,2.0,77.9,163.9,29.0,99.5,129.0,72.66666666666667,6.6,0.71,1.0,b'D',60.0,5.397605346934028e-79,b'',,360.0,True
139693.0,22.0,2.0,72.9,159.2,28.8,87.1,96.33333333333331,60.333333333333336,5.3,2.86,2.0,b'W',60.0,5.397605346934028e-79,b'',,600.0,True
139694.0,15.0,1.0,83.7,169.2,29.2,93.0,111.0,49.0,5.4,0.7,,,,,,,,True
139695.0,68.0,2.0,94.5,163.6,35.3,117.8,111.33333333333331,58.0,8.2,53.37,5.0,b'W',420.0,7.0,b'W',60.0,90.0,True
139696.0,11.0,1.0,63.9,154.1,26.9,85.8,100.33333333333331,60.333333333333336,,1.03,,,,,,,,True
139698.0,29.0,2.0,61.1,149.4,27.4,92.1,91.33333333333331,51.0,5.1,5.73,5.397605346934028e-79,b'',,5.397605346934028e-79,b'',,60.0,True
139699.0,45.0,1.0,129.6,180.5,39.8,125.0,126.0,86.33333333333333,5.0,4.24,5.397605346934028e-79,b'',,5.397605346934028e-79,b'',,60.0,True
139700.0,57.0,2.0,95.3,165.6,34.8,115.0,139.33333333333334,83.33333333333333,5.6,4.97,2.0,b'W',180.0,2.0,b'W',120.0,180.0,True
139702.0,40.0,1.0,70.7,178.2,22.3,95.0,118.33333333333331,64.0,5.2,0.57,1.0,b'D',15.0,5.397605346934028e-79,b'',,240.0,True
139705.0,42.0,1.0,82.2,172.5,27.6,99.4,154.0,97.33333333333331,5.2,1.5,2.0,b'W',10.0,5.397605346934028e-79,b'',,300.0,True
139706.0,68.0,2.0,74.9,151.8,32.5,104.7,114.66666666666669,80.33333333333333,5.7,8.86,2.0,b'M',10.0,5.397605346934028e-79,b'',,480.0,True
139707.0,28.0,2.0,65.7,166.3,23.8,79.2,111.66666666666669,68.33333333333333,5.4,3.06,5.0,b'W',60.0,2.0,b'W',30.0,300.0,True
139710.0,2.0,2.0,11.1,82.9,16.2,46.2,,,,0.25,,,,,,,,True
139717.0,27.0,1.0,49.1,166.3,17.8,69.6,113.33333333333331,77.0,5.4,3.98,2.0,b'W',180.0,5.397605346934028e-79,b'',,480.0,True
139718.0,12.0,2.0,53.6,149.3,24.0,77.0,104.33333333333331,63.66666666666666,5.3,0.46,,,,,,,,True
139719.0,40.0,2.0,72.9,171.1,24.9,87.0,131.66666666666666,81.0,4.6,1.3,2.0,b'W',30.0,5.397605346934028e-79,b'',,120.0,True
139720.0,76.0,1.0,76.8,172.2,25.9,,,,5.2,3.31,5.397605346934028e-79,b'',,5.397605346934028e-79,b'',,360.0,True
139721.0,10.0,1.0,38.3,148.6,17.3,63.7,101.66666666666669,57.66666666666666,,0.17,,,,,,,,True
139723.0,39.0,1.0,91.6,167.0,32.8,92.6,97.33333333333331,61.66666666666666,5.5,1.32,4.0,b'W',120.0,3.0,b'W',120.0,240.0,True
139725.0,61.0,2.0,54.0,168.0,19.1,76.8,103.66666666666669,60.333333333333336,5.3,0.34,1.0,b'D',60.0,1.0,b'M',60.0,300.0,True
139727.0,60.0,2.0,111.5,169.6,38.8,117.0,113.66666666666669,82.33333333333333,6.2,10.95,1.0,b'W',30.0,5.397605346934028e-79,b'',,540.0,True
139728.0,31.0,2.0,87.4,165.0,32.1,108.1,118.0,87.33333333333333,5.4,4.1,5.397605346934028e-79,b'',,5.397605346934028e-79,b'',,540.0,True
139730.0,67.0,1.0,89.5,155.5,37.0,109.4,120.0,60.66666666666666,6.5,7.12,4.0,b'W',120.0,5.397605346934028e-79,b'',,300.0,True
139731.0,14.0,2.0,76.9,162.9,29.0,96.1,99.66666666666669,71.0,5.8,1.05,,,,,,,,True
139733.0,73.0,1.0,79.8,172.0,27.0,101.3,115.33333333333331,60.0,5.8,0.88,4.0,b'W',60.0,3.0,b'W',60.0,420.0,True
139735.0,28.0,1.0,65.3,169.5,22.7,75.5,122.66666666666669,80.33333333333333,5.0,0.68,5.0,b'W',120.0,5.0,b'W',60.0,60.0,True
139737.0,64.0,1.0,87.3,166.1,31.6,103.3,136.0,84.66666666666667,5.9,8.44,5.397605346934028e-79,b'',,5.397605346934028e-79,b'',,60.0,True
139738.0,31.0,1.0,96.0,178.1,30.3,103.2,124.0,82.66666666666667,6.4,3.36,1.0,b'M',30.0,5.397605346934028e-79,b'',,180.0,True
139740.0,71.0,1.0,92.6,177.3,29.5,109.9,103.0,63.66666666666666,5.4,0.96,4.0,b'W',120.0,1.0,b'W',120.0,240.0,True
139743.0,49.0,1.0,81.6,174.1,26.9,95.0,107.0,64.0,5.6,3.02,3.0,b'W',60.0,1.0,b'D',60.0,180.0,True
139745.0,50.0,2.0,80.2,162.3,30.4,101.9,151.33333333333334,98.33333333333331,5.3,9.1,2.0,b'W',30.0,2.0,b'M',15.0,600.0,True
139747.0,56.0,1.0,88.4,174.1,29.2,102.3,134.0,87.33333333333333,5.7,3.02,5.0,b'W',30.0,5.397605346934028e-79,b'',,120.0,True
139750.0,11.0,2.0,30.9,140.1,15.7,55.5,92.66666666666669,53.333333333333336,,2.76,,,,,,,,True
139751.0,76.0,2.0,62.4,155.5,25.8,78.7,145.0,80.33333333333333,6.0,0.5,4.0,b'W',45.0,5.397605346934028e-79,b'',,240.0,True
139752.0,60.0,2.0,100.2,162.1,38.1,112.8,128.66666666666666,71.33333333333333,5.9,4.13,6.0,b'W',120.0,3.0,b'W',30.0,300.0,True
139753.0,25.0,1.0,62.7,168.1,22.2,80.0,122.33333333333331,79.0,5.0,0.76,1.0,b'D',120.0,2.0,b'W',60.0,120.0,True
139754.0,53.0,1.0,155.5,184.3,45.8,142.3,136.66666666666666,89.66666666666667,5.2,4.26,5.397605346934028e-79,b'',,5.397605346934028e-79,b'',,360.0,True
139758.0,56.0,2.0,54.8,165.2,20.1,80.4,95.33333333333331,68.0,5.6,0.71,1.0,b'M',30.0,5.397605346934028e-79,b'',,300.0,True
139759.0,7.0,2.0,21.5,117.5,15.6,52.3,,,,0.99,,,,,,,,True
139760.0,19.0,2.0,50.8,150.8,22.3,73.5,92.66666666666669,60.0,5.0,0.87,3.0,b'W',30.0,1.0,b'M',5.0,360.0,True
139764.0,62.0,2.0,92.6,159.5,36.4,112.6,110.0,74.0,6.0,6.17,5.397605346934028e-79,b'',,5.397605346934028e-79,b'',,300.0,True
139765.0,5.0,2.0,18.3,109.4,15.3,55.6,,,,1.41,,,,,,,,True
139769.0,16.0,1.0,105.1,167.9,37.3,120.2,104.33333333333331,64.33333333333333,5.3,13.51,,,,,,,,True
139770.0,46.0,2.0,70.4,152.8,30.2,94.0,151.0,100.0,5.0,9.03,2.0,b'M',120.0,5.397605346934028e-79,b'',,600.0,True
139774.0,61.0,2.0,82.5,158.8,32.7,108.4,126.33333333333331,75.0,5.6,4.74,2.0,b'D',25.0,1.0,b'W',60.0,360.0,True
139775.0,32.0,2.0,80.5,164.8,29.6,97.1,109.0,66.33333333333333,5.0,0.3,4.0,b'W',60.0,5.0,b'W',45.0,300.0,True
139776.0,51.0,2.0,68.9,162.6,26.1,80.3,103.66666666666669,74.66666666666667,5.6,0.73,4.0,b'W',45.0,5.397605346934028e-79,b'',,540.0,True
139777.0,40.0,1.0,86.7,182.8,25.9,98.8,127.33333333333331,77.66666666666667,5.1,0.46,1.0,b'W',30.0,3.0,b'W',45.0,300.0,True
139780.0,72.0,1.0,95.6,178.0,30.2,109.0,110.33333333333331,66.33333333333333,5.3,2.57,1.0,b'D',60.0,5.397605346934028e-79,b'',,480.0,True
139781.0,74.0,2.0,86.6,153.8,36.6,121.8,114.0,77.0,5.8,3.31,2.0,b'D',15.0,5.397605346934028e-79,b'',,480.0,True
139782.0,37.0,1.0,81.8,180.8,25.0,93.7,121.66666666666669,78.33333333333333,5.0,0.69,1.0,b'D',30.0,3.0,b'W',30.0,600.0,True
139784.0,11.0,2.0,70.9,161.9,27.0,90.4,110.66666666666669,75.33333333333333,,1.96,,,,,,,,True
139786.0,22.0,2.0,54.9,162.4,20.8,75.7,105.66666666666669,67.66666666666667,5.3,1.25,2.0,b'W',30.0,3.0,b'Y',60.0,540.0,True
139787.0,76.0,1.0,124.5,183.4,37.0,137.1,120.33333333333331,68.0,6.8,1.35,2.0,b'D',50.0,5.397605346934028e-79,b'',,600.0,True
139788.0,15.0,1.0,69.3,179.4,21.5,76.6,114.66666666666669,60.333333333333336,5.2,0.24,,,,,,,,True
139789.0,34.0,1.0,76.5,174.6,25.1,87.1,118.33333333333331,68.66666666666667,5.1,5.93,3.0,b'W',60.0,5.397605346934028e-79,b'',,60.0,True
139790.0,80.0,1.0,92.2,169.6,32.1,,169.33333333333334,91.66666666666669,6.7,5.74,6.0,b'W',45.0,5.397605346934028e-79,b'',,360.0,True
139791.0,9.0,2.0,30.4,129.1,18.2,63.0,104.33333333333331,60.66666666666666,,1.03,,,,,,,,True
139793.0,79.0,1.0,110.3,186.3,31.8,122.7,126.66666666666669,62.66666666666666,5.2,5.68,3.0,b'W',15.0,5.397605346934028e-79,b'',,360.0,True
139794.0,6.0,2.0,26.2,123.3,17.2,55.6,,,,0.11,,,,,,,,True
139796.0,43.0,2.0,81.7,169.4,28.5,95.8,97.33333333333331,73.0,5.2,3.71,5.397605346934028e-79,b'',,5.397605346934028e-79,b'',,480.0,True
139797.0,4.0,2.0,17.6,102.7,16.7,57.2,,,,1.69,,,,,,,,True
139798.0,69.0,2.0,100.9,163.6,37.7,119.5,126.0,85.66666666666667,6.3,1.54,5.397605346934028e-79,b'',,5.397605346934028e-79,b'',,600.0,True
139799.0,61.0,2.0,79.0,158.2,31.6,109.0,129.0,70.66666666666667,6.6,12.67,5.0,b'W',60.0,2.0,b'M',15.0,120.0,True
139801.0,70.0,1.0,64.7,160.2,25.2,95.6,103.33333333333331,68.66666666666667,6.3,17.17,5.397605346934028e-79,b'',,5.397605346934028e-79,b'',,180.0,True
139802.0,20.0,1.0,115.1,180.3,35.4,106.8,122.66666666666669,85.66666666666667,5.1,3.19,6.0,b'M',30.0,5.397605346934028e-79,b'',,360.0,True
139804.0,38.0,2.0,135.1,168.2,47.8,128.6,133.0,92.66666666666669,5.6,9.87,5.397605346934028e-79,b'',,5.397605346934028e-79,b'',,360.0,True
139808.0,70.0,1.0,100.2,170.4,34.5,119.3,105.33333333333331,64.0,5.2,0.85,5.397605346934028e-79,b'',,5.397605346934028e-79,b'',,120.0,True
139809.0,46.0,2.0,85.2,156.6,34.7,94.3,135.66666666666666,93.66666666666669,6.0,11.13,2.0,b'W',60.0,5.397605346934028e-79,b'',,300.0,True
139810.0,14.0,1.0,70.1,177.6,22.2,81.7,,,5.7,0.42,,,,,,,,True
139811.0,4.0,2.0,17.1,103.3,16.0,53.0,,,,0.23,,,,,,,,True
139812.0,15.0,1.0,97.2,175.6,31.5,110.8,106.0,67.0,5.2,5.95,,,,,,,,True
139813.0,6.0,1.0,19.4,111.0,15.7,54.2,,,,0.11,,,,,,,,True
139814.0,47.0,2.0,64.4,152.8,27.6,88.2,136.66666666666666,96.0,4.7,5.49,2.0,b'M',15.0,5.397605346934028e-79,b'',,180.0,True
139815.0,51.0,2.0,75.9,160.3,29.5,107.7,117.66666666666669,81.66666666666667,6.3,1.27,2.0,b'W',45.0,5.397605346934028e-79,b'',,360.0,True
139816.0,29.0,2.0,113.1,166.3,40.9,119.5,124.0,96.33333333333331,5.3,7.32,3.0,b'W',60.0,1.0,b'W',60.0,480.0,True
139817.0,66.0,2.0,91.0,156.7,37.1,110.5,106.0,61.66666666666666,5.5,4.6,5.397605346934028e-79,b'',,5.397605346934028e-79,b'',,480.0,True
139818.0,15.0,2.0,59.2,158.4,23.6,80.0,118.66666666666669,77.66666666666667,5.1,2.04,,,,,,,,True
139819.0,62.0,2.0,62.8,164.1,23.3,89.2,101.0,57.333333333333336,5.8,0.53,4.0,b'W',45.0,5.397605346934028e-79,b'',,240.0,True
139820.0,45.0,1.0,96.6,170.2,33.3,109.7,117.0,80.0,5.7,2.53,3.0,b'W',30.0,1.0,b'W',60.0,600.0,True
139825.0,29.0,1.0,89.7,189.0,25.1,96.4,111.66666666666669,71.0,5.5,2.09,1.0,b'D',30.0,1.0,b'W',60.0,180.0,True
139827.0,80.0,1.0,84.1,166.5,30.3,102.5,120.66666666666669,63.333333333333336,6.3,0.68,1.0,b'M',30.0,5.397605346934028e-79,b'',,60.0,True
139828.0,43.0,2.0,147.0,174.8,48.1,,136.0,93.0,7.2,3.47,4.0,b'W',30.0,4.0,b'W',20.0,420.0,True
139829.0,68.0,2.0,114.9,169.2,40.1,119.2,113.0,75.5,5.5,5.93,4.0,b'W',30.0,5.397605346934028e-79,b'',,300.0,True
139830.0,73.0,2.0,74.2,154.4,31.1,99.8,118.33333333333331,78.33333333333333,5.5,1.07,3.0,b'D',15.0,3.0,b'W',45.0,180.0,True
139833.0,51.0,1.0,97.0,177.2,30.9,105.4,120.0,70.33333333333333,6.2,7.11,3.0,b'W',90.0,5.0,b'W',60.0,180.0,True
139834.0,8.0,2.0,44.4,131.2,25.8,83.1,89.66666666666667,57.66666666666666,,2.29,,,,,,,,True
139835.0,16.0,2.0,71.6,160.3,27.9,92.2,101.0,66.0,4.8,0.88,,,,,,,,True
139840.0,56.0,1.0,114.7,183.3,34.1,111.6,138.66666666666666,84.0,4.7,0.72,3.0,b'W',30.0,3.0,b'W',30.0,600.0,True
139843.0,18.0,1.0,74.2,172.6,24.9,83.5,104.33333333333331,65.0,4.8,0.76,1.0,b'W',60.0,2.0,b'M',120.0,240.0,True
139844.0,57.0,1.0,58.3,156.1,23.9,83.4,129.33333333333334,77.66666666666667,5.5,3.54,4.0,b'W',30.0,5.397605346934028e-79,b'',,120.0,True
139845.0,80.0,2.0,54.6,151.2,23.9,88.6,157.66666666666666,64.66666666666667,5.9,1.79,1.0,b'W',30.0,5.397605346934028e-79,b'',,120.0,True
139846.0,18.0,2.0,79.9,169.1,27.9,91.2,114.33333333333331,71.33333333333333,5.4,5.18,3.0,b'W',10.0,1.0,b'W',5.0,1020.0,True
139847.0,63.0,2.0,46.6,154.2,19.6,74.6,114.33333333333331,67.33333333333333,5.7,0.2,5.397605346934028e-79,b'',,5.397605346934028e-79,b'',,720.0,True
139849.0,41.0,2.0,77.6,166.2,28.1,92.7,115.33333333333331,69.66666666666667,5.0,8.45,3.0,b'W',60.0,1.0,b'W',60.0,480.0,True
139851.0,60.0,1.0,72.9,165.8,26.5,97.8,118.33333333333331,73.0,5.1,0.87,5.0,b'W',60.0,1.0,b'W',120.0,480.0,True
139854.0,56.0,2.0,82.7,155.2,34.3,108.1,175.0,82.33333333333333,5.6,4.72,1.0,b'D',20.0,5.397605346934028e-79,b'',,120.0,True
139856.0,35.0,1.0,98.9,175.8,32.0,100.5,116.33333333333331,76.0,6.0,6.19,5.397605346934028e-79,b'',,2.0,b'W',120.0,9999.0,True
139857.0,64.0,1.0,56.5,169.8,19.6,74.3,139.33333333333334,81.66666666666667,5.5,0.28,1.0,b'W',30.0,5.397605346934028e-79,b'',,120.0,True
139859.0,25.0,2.0,69.0,151.5,30.1,85.0,96.33333333333331,66.0,5.1,0.55,4.0,b'W',60.0,3.0,b'W',60.0,300.0,True
139860.0,10.0,2.0,32.8,141.4,16.4,59.6,106.66666666666669,61.333333333333336,,0.22,,,,,,,,True
139861.0,62.0,1.0,61.9,176.2,19.9,,,,5.0,0.83,5.397605346934028e-79,b'',,5.397605346934028e-79,b'',,240.0,True
139864.0,3.0,1.0,15.7,101.1,15.4,48.2,,,,0.11,,,,,,,,True
139865.0,21.0,1.0,120.5,194.2,32.0,118.6,100.66666666666669,67.33333333333333,4.8,0.99,1.0,b'W',60.0,5.397605346934028e-79,b'',,780.0,True
139867.0,69.0,2.0,90.5,152.2,39.1,128.2,135.0,68.0,5.6,10.05,5.397605346934028e-79,b'',,5.397605346934028e-79,b'',,840.0,True
139868.0,21.0,2.0,57.2,157.8,23.0,79.6,103.33333333333331,56.333333333333336,5.2,0.34,3.0,b'W',120.0,2.0,b'W',20.0,480.0,True
139869.0,80.0,2.0,87.4,151.1,38.3,127.5,127.66666666666669,70.33333333333333,8.2,4.06,2.0,b'W',60.0,5.397605346934028e-79,b'',,420.0,True
139870.0,42.0,2.0,82.8,161.6,31.7,111.2,110.0,68.33333333333333,5.9,12.71,3.0,b'W',30.0,5.397605346934028e-79,b'',,180.0,True
139871.0,35.0,2.0,64.0,153.3,27.2,79.1,105.0,73.66666666666667,5.8,0.33,2.0,b'Y',90.0,3.0,b'M',90.0,240.0,True
139874.0,42.0,2.0,146.4,166.2,53.0,154.7,100.66666666666669,62.66666666666666,5.6,4.76,2.0,b'W',15.0,5.397605346934028e-79,b'',,120.0,True
139879.0,63.0,1.0,67.8,163.5,25.4,101.3,150.66666666666666,91.0,5.4,0.82,4.0,b'M',60.0,1.0,b'M',10.0,240.0,True
139881.0,19.0,2.0,67.3,159.7,26.4,79.7,102.0,69.33333333333333,5.3,1.73,2.0,b'W',180.0,1.0,b'W',30.0,360.0,True
139886.0,76.0,2.0,74.6,153.2,31.8,98.8,165.66666666666666,81.0,5.5,2.28,5.397605346934028e-79,b'',,5.397605346934028e-79,b'',,840.0,True
139888.0,70.0,2.0,64.8,165.5,23.7,84.0,101.0,53.0,5.6,2.52,2.0,b'D',90.0,5.397605346934028e-79,b'',,300.0,True
139889.0,30.0,2.0,65.6,151.6,28.5,90.5,111.66666666666669,68.66666666666667,5.3,1.36,1.0,b'W',120.0,1.0,b'W',30.0,360.0,True
139890.0,38.0,2.0,110.5,162.0,42.1,124.0,109.0,79.33333333333333,4.5,4.18,5.397605346934028e-79,b'',,5.397605346934028e-79,b'',,600.0,True
139891.0,6.0,2.0,19.9,114.5,15.2,56.4,,,,0.11,,,,,,,,True
139894.0,12.0,2.0,58.3,149.3,26.2,82.0,97.33333333333331,49.0,5.6,0.51,,,,,,,,True
139895.0,73.0,1.0,89.3,171.8,30.3,110.8,106.66666666666669,71.66666666666667,5.2,14.98,1.0,b'Y',30.0,5.397605346934028e-79,b'',,300.0,True
139898.0,48.0,2.0,55.6,153.9,23.5,80.4,118.33333333333331,67.66666666666667,5.5,0.56,5.397605346934028e-79,b'',,5.397605346934028e-79,b'',,480.0,True
139900.0,76.0,1.0,67.3,169.5,23.4,92.5,123.66666666666669,71.33333333333333,6.0,5.44,7.0,b'W',120.0,3.0,b'W',60.0,240.0,True
139901.0,56.0,2.0,72.1,161.2,27.7,106.8,165.0,83.33333333333333,6.0,4.7,2.0,b'W',45.0,1.0,b'W',45.0,60.0,True
139903.0,60.0,2.0,68.1,165.4,24.9,91.5,122.66666666666669,64.33333333333333,8.8,0.97,7.0,b'W',30.0,4.0,b'W',30.0,120.0,True
139907.0,53.0,1.0,58.7,161.0,22.6,81.0,123.33333333333331,79.0,5.5,4.5,5.397605346934028e-79,b'',,5.397605346934028e-79,b'',,70.0,True
139910.0,67.0,1.0,64.6,165.5,23.6,95.1,130.33333333333334,69.66666666666667,7.1,1.06,4.0,b'W',20.0,5.397605346934028e-79,b'',,300.0,True
139912.0,62.0,1.0,68.4,173.5,22.7,85.3,130.0,85.0,6.0,8.31,7.0,b'W',45.0,2.0,b'W',30.0,240.0,True
139913.0,7.0,2.0,62.1,136.1,33.5,94.6,,,,1.03,,,,,,,,True
139915.0,69.0,2.0,66.0,151.3,28.8,,,,6.2,2.09,5.397605346934028e-79,b'',,5.397605346934028e-79,b'',,60.0,True
139916.0,42.0,1.0,111.6,177.2,35.5,120.0,,,5.4,2.36,4.0,b'W',60.0,2.0,b'W',45.0,300.0,True
139917.0,71.0,2.0,76.6,164.8,28.2,94.0,129.0,92.33333333333331,5.6,0.81,2.0,b'W',20.0,5.397605346934028e-79,b'',,180.0,True
139918.0,55.0,1.0,104.4,180.8,31.9,114.6,122.66666666666669,74.0,5.9,0.47,3.0,b'W',20.0,5.397605346934028e-79,b'',,600.0,True
139919.0,68.0,1.0,106.0,191.0,29.1,116.5,129.33333333333334,76.0,6.8,0.36,4.0,b'W',40.0,5.397605346934028e-79,b'',,240.0,True
139920.0,65.0,2.0,109.6,173.2,36.5,125.1,98.0,70.66666666666667,5.5,5.63,1.0,b'D',120.0,2.0,b'W',60.0,180.0,True
139921.0,37.0,2.0,63.2,159.3,24.9,84.3,106.33333333333331,68.66666666666667,5.3,4.65,5.397605346934028e-79,b'',,5.397605346934028e-79,b'',,180.0,True
139922.0,30.0,2.0,55.3,172.6,18.6,72.3,103.66666666666669,66.33333333333333,5.0,0.33,1.0,b'W',30.0,1.0,b'M',60.0,300.0,True
139926.0,71.0,2.0,67.3,158.6,26.8,93.6,158.33333333333334,72.33333333333333,5.1,0.86,2.0,b'W',30.0,1.0,b'M',20.0,180.0,True
139931.0,39.0,2.0,69.5,150.2,30.8,93.2,115.66666666666669,79.0,5.6,0.86,3.0,b'W',40.0,3.0,b'W',40.0,120.0,True
139933.0,70.0,2.0,85.5,156.1,35.1,,117.33333333333331,69.33333333333333,12.5,8.56,5.397605346934028e-79,b'',,5.397605346934028e-79,b'',,420.0,True
139934.0,46.0,2.0,113.4,170.8,38.9,121.9,128.33333333333334,79.0,6.0,3.12,7.0,b'W',30.0,5.397605346934028e-79,b'',,360.0,True
139935.0,69.0,2.0,112.3,158.1,44.9,124.3,115.33333333333331,67.66666666666667,5.7,2.53,5.397605346934028e-79,b'',,5.397605346934028e-79,b'',,300.0,True
139936.0,72.0,2.0,58.8,159.0,23.3,82.3,120.0,75.33333333333333,5.7,1.97,1.0,b'D',120.0,1.0,b'W',30.0,30.0,True
139937.0,39.0,2.0,81.7,171.9,27.6,90.1,106.66666666666669,61.333333333333336,4.9,0.39,4.0,b'W',120.0,4.0,b'W',60.0,300.0,True
139939.0,34.0,1.0,62.4,161.5,23.9,85.4,122.0,66.66666666666667,5.2,2.47,1.0,b'W',60.0,6.0,b'Y',30.0,180.0,True
139941.0,43.0,2.0,59.7,172.2,20.1,75.3,89.66666666666667,60.333333333333336,5.3,0.6,3.0,b'W',120.0,1.0,b'W',60.0,600.0,True
139942.0,30.0,2.0,71.5,161.2,27.5,98.7,118.0,77.33333333333333,5.7,1.57,2.0,b'W',30.0,1.0,b'W',60.0,240.0,True
139944.0,54.0,2.0,79.5,164.3,29.5,98.1,117.66666666666669,77.33333333333333,5.4,2.45,5.0,b'Y',45.0,5.397605346934028e-79,b'',,600.0,True
139946.0,68.0,1.0,131.8,165.8,47.9,146.0,125.66666666666669,70.66666666666667,6.5,14.22,5.397605346934028e-79,b'',,5.397605346934028e-79,b'',,480.0,True
139948.0,13.0,2.0,54.3,164.0,20.2,74.8,98.66666666666669,61.66666666666666,4.8,0.11,,,,,,,,True
139949.0,76.0,2.0,101.9,163.5,38.1,113.1,141.66666666666666,86.66666666666667,6.2,4.97,5.397605346934028e-79,b'',,5.397605346934028e-79,b'',,360.0,True
139950.0,76.0,2.0,63.9,158.0,25.6,93.7,135.33333333333334,60.0,5.5,1.09,5.397605346934028e-79,b'',,5.397605346934028e-79,b'',,720.0,True
139951.0,69.0,1.0,81.5,180.6,25.0,95.7,139.33333333333334,82.66666666666667,5.6,0.29,1.0,b'D',90.0,5.397605346934028e-79,b'',,480.0,True
139955.0,13.0,1.0,45.0,161.5,17.3,,,,4.7,0.82,,,,,,,,True
139958.0,1.0,2.0,9.6,,,,,,,0.18,,,,,,,,True
139959.0,70.0,1.0,95.9,164.9,35.3,113.0,129.33333333333334,82.33333333333333,8.5,1.19,5.397605346934028e-79,b'',,5.397605346934028e-79,b'',,240.0,True
139960.0,12.0,2.0,49.2,164.9,18.1,73.2,100.66666666666669,67.66666666666667,5.6,0.11,,,,,,,,True
139963.0,8.0,2.0,31.6,133.7,17.7,63.2,,,,9.06,,,,,,,,True
139964.0,80.0,2.0,77.6,153.2,33.1,103.6,138.0,56.333333333333336,6.0,1.7,5.397605346934028e-79,b'',,5.397605346934028e-79,b'',,180.0,True
139965.0,69.0,1.0,66.3,173.0,22.2,87.5,123.0,69.33333333333333,6.3,0.97,3.0,b'W',60.0,5.397605346934028e-79,b'',,480.0,True
139966.0,17.0,1.0,79.0,168.8,27.7,90.5,114.0,64.0,5.4,3.45,,,,,,,,True
139967.0,21.0,1.0,102.0,181.3,31.0,108.2,115.0,90.33333333333331,5.0,1.62,5.0,b'W',120.0,1.0,b'W',60.0,240.0,True
139968.0,31.0,2.0,55.9,169.2,19.5,80.7,106.0,75.0,5.1,0.81,5.397605346934028e-79,b'',,5.397605346934028e-79,b'',,300.0,True
139969.0,18.0,2.0,66.0,163.0,24.8,78.2,106.33333333333331,64.0,4.9,2.76,5.0,b'W',120.0,5.0,b'W',90.0,300.0,True
139971.0,5.0,2.0,29.7,120.7,20.4,66.6,,,,0.23,,,,,,,,True
139972.0,67.0,2.0,101.3,167.3,36.2,117.8,124.0,81.33333333333333,5.5,5.99,1.0,b'D',30.0,5.397605346934028e-79,b'',,900.0,True
139973.0,11.0,1.0,39.2,136.2,21.1,69.9,,,,0.61,,,,,,,,True
139975.0,11.0,1.0,36.4,146.7,16.9,58.5,109.33333333333331,56.66666666666666,,0.33,,,,,,,,True
139977.0,69.0,1.0,82.1,163.8,30.6,110.8,133.33333333333334,70.0,9.1,5.9,7.0,b'W',180.0,4.0,b'W',180.0,180.0,True
139978.0,61.0,1.0,90.2,178.7,28.2,93.8,125.66666666666669,79.0,6.0,9.91,4.0,b'W',60.0,2.0,b'W',60.0,420.0,True
139979.0,5.0,1.0,21.7,119.8,15.1,54.6,,,,0.37,,,,,,,,True
139981.0,45.0,1.0,174.5,168.4,61.5,156.7,120.0,83.0,5.6,5.71,5.397605346934028e-79,b'',,5.397605346934028e-79,b'',,180.0,True
139982.0,43.0,2.0,117.9,164.3,43.7,133.3,122.0,85.0,4.9,14.39,3.0,b'W',60.0,5.397605346934028e-79,b'',,300.0,True
139983.0,60.0,2.0,81.3,150.7,35.8,108.8,123.66666666666669,81.33333333333333,5.5,8.17,2.0,b'W',30.0,5.397605346934028e-79,b'',,900.0,True
139984.0,62.0,1.0,94.9,188.2,26.8,99.1,123.66666666666669,73.0,5.6,0.69,1.0,b'D',30.0,3.0,b'W',60.0,120.0,True
139987.0,29.0,1.0,95.6,182.7,28.6,99.3,115.66666666666669,69.66666666666667,5.3,1.41,2.0,b'W',240.0,1.0,b'M',120.0,120.0,True
139989.0,12.0,1.0,47.7,164.8,17.6,68.7,107.33333333333331,67.0,5.5,0.11,,,,,,,,True
139990.0,7.0,2.0,23.4,124.1,15.2,54.9,,,,0.11,,,,,,,,True
139993.0,14.0,1.0,60.5,177.7,19.2,68.8,114.0,65.66666666666667,5.5,0.33,,,,,,,,True
139995.0,69.0,1.0,92.9,172.1,31.4,112.9,120.0,81.66666666666667,6.0,3.04,3.0,b'W',180.0,5.397605346934028e-79,b'',,240.0,True
139996.0,66.0,2.0,75.5,156.0,31.0,103.3,,,5.8,8.42,5.397605346934028e-79,b'',,5.397605346934028e-79,b'',,120.0,True
139997.0,27.0,1.0,92.2,174.0,30.5,101.2,110.66666666666669,66.0,5.4,6.51,3.0,b'W',40.0,3.0,b'W',20.0,840.0,True
139998.0,66.0,2.0,52.3,151.1,22.9,88.1,129.0,74.66666666666667,6.0,3.56,1.0,b'D',10.0,5.397605346934028e-79,b'',,300.0,True
140000.0,24.0,2.0,58.0,165.3,21.2,87.4,110.33333333333331,62.66666666666666,5.1,2.63,2.0,b'W',60.0,5.397605346934028e-79,b'',,120.0,True
140001.0,41.0,1.0,77.1,177.9,24.4,88.2,114.33333333333331,66.33333333333333,5.2,1.32,3.0,b'W',30.0,2.0,b'W',20.0,240.0,True
140004.0,58.0,1.0,111.7,179.5,34.7,130.8,153.66666666666666,86.33333333333333,6.5,1.29,2.0,b'W',30.0,2.0,b'W',30.0,480.0,True
140006.0,31.0,1.0,82.4,181.8,24.9,93.2,129.33333333333334,85.33333333333333,4.9,2.34,7.0,b'W',30.0,3.0,b'W',60.0,540.0,True
140008.0,10.0,2.0,37.8,142.5,18.6,69.4,84.66666666666667,51.66666666666666,,0.25,,,,,,,,True
140009.0,16.0,1.0,76.5,186.0,22.1,79.0,125.33333333333331,60.333333333333336,5.2,0.2,,,,,,,,True
140011.0,55.0,1.0,99.9,172.1,33.7,110.8,138.33333333333334,84.0,4.6,0.91,5.397605346934028e-79,b'',,5.397605346934028e-79,b'',,720.0,True
140013.0,30.0,2.0,97.5,166.8,35.0,107.6,98.66666666666669,73.0,5.0,7.64,2.0,b'W',30.0,5.397605346934028e-79,b'',,480.0,True
140014.0,39.0,1.0,96.2,178.6,30.2,105.2,104.33333333333331,69.66666666666667,5.4,1.58,5.0,b'W',60.0,3.0,b'W',45.0,240.0,True
140015.0,33.0,2.0,71.6,165.5,26.1,,,,5.5,0.52,5.397605346934028e-79,b'',,5.397605346934028e-79,b'',,120.0,True
140016.0,22.0,1.0,76.2,176.3,24.5,86.5,114.0,71.0,5.4,1.61,5.0,b'W',60.0,5.0,b'W',30.0,240.0,True
140019.0,33.0,2.0,47.3,150.7,20.8,70.4,105.0,66.0,5.4,1.86,2.0,b'M',60.0,1.0,b'M',30.0,60.0,True
140020.0,53.0,2.0,60.1,161.0,23.2,82.6,125.0,75.33333333333333,5.5,2.93,7.0,b'W',30.0,4.0,b'W',45.0,600.0,True
140022.0,62.0,2.0,74.1,167.2,26.5,92.0,110.0,68.66666666666667,4.5,0.99,2.0,b'M',30.0,5.397605346934028e-79,b'',,660.0,True
140023.0,52.0,2.0,97.7,167.9,34.7,113.3,93.33333333333331,64.33333333333333,5.6,1.94,2.0,b'W',30.0,1.0,b'W',30.0,240.0,True
140025.0,21.0,1.0,118.7,181.8,35.9,107.1,120.66666666666669,80.33333333333333,5.6,0.68,2.0,b'W',60.0,5.0,b'M',60.0,480.0,True
140028.0,69.0,2.0,80.2,155.7,33.1,109.1,141.0,81.33333333333333,5.5,0.77,5.0,b'W',90.0,5.397605346934028e-79,b'',,480.0,True
140030.0,4.0,1.0,19.6,111.2,15.9,54.3,,,,0.33,,,,,,,,True
140032.0,33.0,1.0,81.9,174.4,26.9,99.6,113.0,67.33333333333333,5.6,0.98,1.0,b'D',5.0,5.397605346934028e-79,b'',,480.0,True
140034.0,51.0,1.0,130.0,183.4,38.6,126.3,103.0,78.0,5.4,9.52,3.0,b'W',30.0,1.0,b'M',30.0,480.0,True
140035.0,5.0,2.0,19.8,108.6,16.8,52.0,,,,0.74,,,,,,,,True
140037.0,50.0,1.0,60.9,167.6,21.7,91.0,113.0,71.66666666666667,6.4,5.74,1.0,b'W',60.0,5.397605346934028e-79,b'',,480.0,True
140038.0,19.0,2.0,50.8,151.1,22.3,78.8,87.66666666666667,53.66666666666666,5.1,5.24,1.0,b'W',15.0,1.0,b'W',10.0,300.0,True
140039.0,72.0,2.0,120.1,158.9,47.6,119.3,147.66666666666666,86.66666666666667,7.0,6.42,3.0,b'W',15.0,5.397605346934028e-79,b'',,420.0,True
140040.0,67.0,1.0,79.8,176.4,25.6,97.0,126.66666666666669,70.33333333333333,5.4,0.27,3.0,b'W',60.0,2.0,b'W',60.0,480.0,True
140041.0,72.0,1.0,91.4,172.9,30.6,106.4,121.33333333333331,71.33333333333333,5.5,0.47,3.0,b'W',240.0,3.0,b'W',60.0,420.0,True
140042.0,51.0,2.0,64.8,168.0,23.0,83.2,104.0,71.66666666666667,5.1,12.9,3.0,b'W',30.0,3.0,b'W',45.0,480.0,True
140043.0,33.0,1.0,92.4,176.6,29.6,105.9,114.0,75.0,5.4,0.32,3.0,b'W',120.0,5.397605346934028e-79,b'',,300.0,True
140044.0,71.0,2.0,81.6,146.5,38.0,108.2,138.66666666666666,84.0,6.7,1.43,1.0,b'W',10.0,5.397605346934028e-79,b'',,60.0,True
140045.0,27.0,2.0,72.2,164.6,26.6,84.7,106.66666666666669,71.33333333333333,5.1,0.89,2.0,b'W',30.0,1.0,b'W',20.0,480.0,True
140047.0,15.0,1.0,138.5,169.9,48.0,,135.33333333333334,86.66666666666667,5.3,2.02,,,,,,,,True
140049.0,69.0,2.0,92.9,164.5,34.3,120.6,152.0,87.33333333333333,5.8,4.43,5.397605346934028e-79,b'',,5.397605346934028e-79,b'',,360.0,True
140051.0,14.0,1.0,71.0,180.3,21.8,79.1,100.66666666666669,68.33333333333333,5.0,48.82,,,,,,,,True
140053.0,69.0,1.0,95.1,179.8,29.4,113.6,90.33333333333331,57.0,6.9,1.49,5.397605346934028e-79,b'',,5.397605346934028e-79,b'',,360.0,True
140054.0,19.0,1.0,40.1,163.6,15.0,65.5,101.33333333333331,61.66666666666666,5.1,0.11,3.0,b'W',40.0,3.0,b'W',40.0,180.0,True
140057.0,27.0,2.0,,178.7,,69.9,109.33333333333331,75.0,5.2,0.16,5.0,b'W',60.0,5.397605346934028e-79,b'',,180.0,True
140058.0,56.0,1.0,86.3,175.5,28.0,103.7,135.0,85.33333333333333,5.6,1.35,5.397605346934028e-79,b'',,6.0,b'W',60.0,360.0,True
140059.0,31.0,2.0,94.8,166.9,34.0,103.9,108.0,71.33333333333333,5.1,10.84,4.0,b'W',30.0,4.0,b'W',60.0,240.0,True
140060.0,9.0,2.0,50.7,147.3,23.4,75.0,105.0,64.0,,0.62,,,,,,,,True
140062.0,16.0,1.0,50.8,179.3,15.8,68.6,94.33333333333331,62.333333333333336,5.6,0.11,,,,,,,,True
140064.0,67.0,2.0,126.4,174.2,41.7,120.1,121.33333333333331,64.33333333333333,5.8,5.87,5.397605346934028e-79,b'',,5.397605346934028e-79,b'',,720.0,True
140067.0,55.0,2.0,121.3,151.8,52.6,,88.33333333333333,58.333333333333336,7.7,8.35,8.0,b'D',30.0,4.0,b'W',15.0,480.0,True
140068.0,63.0,2.0,82.1,167.6,29.2,104.6,150.66666666666666,86.33333333333333,6.0,5.59,3.0,b'W',60.0,5.397605346934028e-79,b'',,300.0,True
140069.0,37.0,2.0,65.7,154.2,27.6,98.0,117.66666666666669,86.66666666666667,5.7,6.19,10.0,b'M',30.0,2.0,b'M',30.0,120.0,True
140070.0,64.0,1.0,73.2,166.5,26.4,97.5,134.66666666666666,66.33333333333333,5.2,0.48,5.397605346934028e-79,b'',,5.397605346934028e-79,b'',,240.0,True
140071.0,33.0,2.0,66.7,150.7,29.4,102.5,107.0,62.66666666666666,6.0,4.57,2.0,b'W',30.0,5.397605346934028e-79,b'',,120.0,True
140072.0,42.0,2.0,55.1,157.2,22.3,76.3,115.33333333333331,72.0,5.7,0.53,3.0,b'W',120.0,1.0,b'W',30.0,120.0,True
140073.0,63.0,1.0,112.7,171.1,38.5,143.3,124.0,96.66666666666669,9.9,4.13,5.397605346934028e-79,b'',,5.397605346934028e-79,b'',,300.0,True
140074.0,79.0,1.0,92.4,166.6,33.3,114.2,114.33333333333331,67.33333333333333,6.0,0.78,5.0,b'W',35.0,5.397605346934028e-79,b'',,480.0,True
140075.0,38.0,1.0,98.4,177.2,31.3,113.7,133.0,91.0,5.7,2.7,5.397605346934028e-79,b'',,5.397605346934028e-79,b'',,300.0,True
140078.0,48.0,2.0,69.9,165.5,25.5,87.7,110.66666666666669,70.33333333333333,5.0,12.44,3.0,b'W',60.0,3.0,b'W',60.0,360.0,True
140080.0,10.0,1.0,56.0,146.3,26.2,85.3,102.33333333333331,62.0,,0.93,,,,,,,,True
140081.0,30.0,2.0,72.2,171.4,24.6,84.0,108.33333333333331,61.66666666666666,4.8,1.65,7.0,b'W',45.0,4.0,b'W',20.0,180.0,True
140082.0,19.0,1.0,91.7,186.2,26.4,92.1,122.33333333333331,65.66666666666667,5.2,4.83,3.0,b'W',30.0,2.0,b'W',30.0,420.0,True
140083.0,5.0,1.0,19.0,108.2,16.2,51.2,,,,0.11,,,,,,,,True
140086.0,73.0,1.0,100.8,169.4,35.1,127.4,111.66666666666669,57.333333333333336,6.3,4.65,3.0,b'D',60.0,5.397605346934028e-79,b'',,300.0,True
140087.0,4.0,1.0,17.8,111.4,14.3,50.7,,,,0.23,,,,,,,,True
140088.0,76.0,2.0,56.1,159.9,21.9,85.0,134.0,66.66666666666667,5.6,0.73,1.0,b'D',120.0,5.397605346934028e-79,b'',,180.0,True
140089.0,14.0,1.0,94.4,167.1,33.8,111.4,113.0,71.0,5.5,9.44,,,,,,,,True
140090.0,37.0,2.0,60.9,153.5,25.8,82.8,101.66666666666669,64.0,5.0,0.4,4.0,b'W',30.0,2.0,b'W',30.0,480.0,True
140094.0,29.0,2.0,56.0,160.6,21.7,74.4,105.0,74.0,5.1,0.27,1.0,b'D',30.0,1.0,b'W',60.0,600.0,True
140096.0,80.0,2.0,54.1,151.9,23.4,86.4,138.33333333333334,75.33333333333333,6.0,6.51,5.0,b'W',45.0,5.397605346934028e-79,b'',,120.0,True
140097.0,49.0,1.0,105.7,187.2,30.2,114.2,110.66666666666669,76.66666666666667,5.4,3.65,5.397605346934028e-79,b'',,5.397605346934028e-79,b'',,120.0,True
140098.0,8.0,2.0,69.4,149.4,31.1,94.4,101.66666666666669,66.0,,1.43,,,,,,,,True
140101.0,24.0,1.0,64.8,165.6,23.6,83.2,145.33333333333334,89.33333333333333,4.6,1.65,2.0,b'W',45.0,3.0,b'W',60.0,600.0,True
140102.0,16.0,2.0,57.8,161.5,22.2,75.5,92.0,52.0,5.0,1.31,,,,,,,,True
140104.0,47.0,2.0,67.5,160.4,26.2,85.0,109.33333333333331,73.0,5.5,0.98,2.0,b'W',80.0,5.397605346934028e-79,b'',,480.0,True
140105.0,78.0,2.0,82.4,150.6,36.3,104.4,137.66666666666666,64.66666666666667,5.8,0.22,1.0,b'D',20.0,5.397605346934028e-79,b'',,480.0,True
140106.0,12.0,2.0,49.9,161.1,19.2,66.6,105.66666666666669,62.333333333333336,5.7,0.11,,,,,,,,True
140110.0,55.0,2.0,92.1,160.2,35.9,117.6,157.0,84.0,8.6,10.0,12.0,b'Y',30.0,5.397605346934028e-79,b'',,480.0,True
140111.0,25.0,2.0,78.8,178.4,24.8,93.0,99.66666666666669,60.333333333333336,4.9,0.85,3.0,b'W',30.0,1.0,b'W',15.0,240.0,True
140112.0,22.0,2.0,64.7,166.6,23.3,80.0,109.0,60.66666666666666,5.2,1.71,2.0,b'W',30.0,2.0,b'W',30.0,240.0,True
140114.0,10.0,1.0,31.3,133.6,17.5,64.4,106.0,69.33333333333333,,0.5,,,,,,,,True
140115.0,42.0,1.0,124.6,183.6,37.0,124.8,117.0,70.0,5.4,1.3,1.0,b'D',20.0,2.0,b'W',120.0,360.0,True
140117.0,26.0,2.0,106.6,161.4,40.9,110.3,112.66666666666669,82.33333333333333,5.1,10.88,2.0,b'W',60.0,5.397605346934028e-79,b'',,90.0,True
140118.0,59.0,1.0,86.3,167.3,30.8,104.3,122.0,73.33333333333333,5.9,6.57,2.0,b'M',30.0,3.0,b'W',30.0,240.0,True
140119.0,34.0,2.0,90.1,166.1,32.7,103.2,111.0,75.33333333333333,5.0,3.82,1.0,b'W',20.0,1.0,b'M',30.0,480.0,True
140121.0,24.0,2.0,52.8,158.7,21.0,74.0,93.66666666666669,64.0,5.0,3.51,2.0,b'W',30.0,1.0,b'M',60.0,600.0,True
140122.0,37.0,2.0,142.0,168.0,50.3,138.4,108.66666666666669,77.33333333333333,5.2,77.79,2.0,b'W',45.0,5.397605346934028e-79,b'',,120.0,True
140127.0,65.0,2.0,74.2,169.0,26.0,96.0,119.66666666666669,82.66666666666667,5.6,2.09,5.0,b'W',60.0,2.0,b'W',30.0,180.0,True
140128.0,16.0,1.0,81.4,175.4,26.5,89.0,122.33333333333331,67.0,5.0,0.23,,,,,,,,True
140129.0,42.0,2.0,63.2,169.5,22.0,85.5,116.0,71.0,5.2,1.71,7.0,b'W',30.0,3.0,b'W',30.0,240.0,True
140130.0,64.0,2.0,65.9,171.0,22.5,91.1,98.66666666666669,61.333333333333336,5.5,1.15,1.0,b'W',60.0,3.0,b'W',60.0,600.0,True
140131.0,74.0,2.0,,,,,207.33333333333331,106.0,6.9,0.31,1.0,b'M',30.0,2.0,b'M',30.0,60.0,True
140132.0,29.0,1.0,64.3,180.3,19.8,76.2,116.33333333333331,61.333333333333336,5.3,4.36,5.0,b'W',120.0,5.0,b'W',180.0,360.0,True
140133.0,40.0,2.0,55.7,149.0,25.1,84.9,103.0,62.0,4.6,0.41,2.0,b'D',30.0,5.397605346934028e-79,b'',,600.0,True
140134.0,63.0,1.0,87.0,178.4,27.3,98.1,114.0,66.33333333333333,5.9,0.37,4.0,b'W',60.0,4.0,b'W',60.0,300.0,True
140135.0,80.0,2.0,98.5,155.3,40.8,119.3,110.0,59.0,5.8,5.21,5.397605346934028e-79,b'',,5.397605346934028e-79,b'',,720.0,True
140137.0,50.0,2.0,67.4,144.3,32.4,99.7,155.0,67.33333333333333,6.3,1.27,3.0,b'W',45.0,1.0,b'W',60.0,120.0,True
140138.0,13.0,2.0,61.0,157.8,24.5,79.3,108.66666666666669,60.333333333333336,5.4,10.44,,,,,,,,True
140139.0,64.0,2.0,74.8,169.3,26.1,103.2,139.0,83.66666666666667,6.6,1.82,4.0,b'W',20.0,1.0,b'W',45.0,480.0,True
140140.0,13.0,2.0,62.8,157.3,25.4,81.0,110.0,71.33333333333333,5.0,0.33,,,,,,,,True
140143.0,59.0,1.0,59.2,163.8,22.1,85.4,131.0,70.66666666666667,10.9,5.96,5.397605346934028e-79,b'',,5.397605346934028e-79,b'',,180.0,True
140144.0,68.0,2.0,86.7,167.2,31.0,102.4,118.66666666666669,74.0,6.7,3.7,5.397605346934028e-79,b'',,5.397605346934028e-79,b'',,720.0,True
140148.0,53.0,2.0,61.2,160.7,23.7,86.3,105.66666666666669,71.0,5.8,0.58,5.0,b'W',20.0,5.397605346934028e-79,b'',,240.0,True
140149.0,65.0,1.0,94.8,174.9,31.0,106.7,132.66666666666666,73.0,5.7,0.81,1.0,b'D',30.0,2.0,b'W',60.0,480.0,True
140152.0,62.0,1.0,60.7,154.2,25.5,94.2,119.66666666666669,63.333333333333336,5.6,5.01,7.0,b'W',120.0,7.0,b'W',120.0,300.0,True
140153.0,38.0,2.0,103.5,168.8,36.3,102.0,112.0,74.33333333333333,5.4,17.76,2.0,b'W',15.0,4.0,b'W',60.0,480.0,True
140155.0,21.0,2.0,56.9,160.5,22.1,81.6,105.66666666666669,73.0,5.0,2.18,1.0,b'D',30.0,4.0,b'W',10.0,480.0,True
140156.0,68.0,2.0,81.9,166.7,29.5,100.7,,,6.8,0.66,2.0,b'W',30.0,2.0,b'Y',15.0,480.0,True
140157.0,8.0,1.0,42.4,135.3,23.2,,96.33333333333331,56.0,,0.42,,,,,,,,True
140158.0,63.0,1.0,98.8,180.5,30.3,110.1,134.66666666666666,88.0,7.3,0.64,5.397605346934028e-79,b'',,5.397605346934028e-79,b'',,600.0,True
140161.0,73.0,1.0,94.8,175.2,30.9,114.8,150.33333333333334,94.0,5.3,1.86,5.397605346934028e-79,b'',,5.397605346934028e-79,b'',,480.0,True
140163.0,80.0,2.0,62.1,161.0,24.0,84.2,119.0,54.66666666666666,5.4,3.03,1.0,b'D',20.0,3.0,b'W',15.0,120.0,True
140165.0,71.0,1.0,76.0,175.5,24.7,97.8,123.33333333333331,79.33333333333333,4.7,2.25,6.0,b'Y',180.0,1.0,b'W',120.0,180.0,True
140166.0,22.0,1.0,111.9,178.6,35.1,108.0,124.66666666666669,84.33333333333333,5.7,2.18,10.0,b'M',60.0,15.0,b'M',60.0,600.0,True
140169.0,32.0,1.0,86.1,187.0,24.6,92.4,126.66666666666669,82.33333333333333,4.7,3.31,3.0,b'W',30.0,1.0,b'W',30.0,600.0,True
140172.0,79.0,2.0,68.5,160.1,26.7,99.6,142.66666666666666,76.0,6.0,1.23,1.0,b'W',5.0,5.397605346934028e-79,b'',,600.0,True
140173.0,35.0,2.0,106.6,162.2,40.5,114.8,120.0,86.66666666666667,5.2,6.9,3.0,b'W',90.0,2.0,b'M',45.0,90.0,True
140174.0,61.0,2.0,101.1,163.4,37.9,,150.0,77.33333333333333,13.0,4.38,3.0,b'W',10.0,5.397605346934028e-79,b'',,300.0,True
140175.0,19.0,2.0,72.2,158.2,28.8,98.6,98.66666666666669,69.33333333333333,4.6,2.8,2.0,b'D',15.0,5.397605346934028e-79,b'',,420.0,True
140176.0,31.0,1.0,56.1,180.9,17.1,,104.66666666666669,74.0,5.5,2.22,5.0,b'W',60.0,5.397605346934028e-79,b'',,720.0,True
140178.0,68.0,2.0,74.9,154.3,31.5,100.6,133.33333333333334,84.0,5.6,3.01,4.0,b'W',60.0,2.0,b'W',30.0,480.0,True
140179.0,67.0,1.0,78.2,167.4,27.9,99.0,135.0,71.0,4.8,0.53,4.0,b'W',15.0,1.0,b'W',30.0,300.0,True
140180.0,34.0,2.0,79.7,165.0,29.3,101.6,104.0,76.33333333333333,5.1,6.98,7.0,b'W',240.0,7.0,b'W',1.0,120.0,True
140181.0,53.0,1.0,107.8,181.6,32.7,119.2,131.0,77.66666666666667,6.5,7.59,2.0,b'W',15.0,1.0,b'W',30.0,720.0,True
140183.0,16.0,2.0,59.0,158.4,23.5,,97.33333333333331,60.0,5.5,0.62,,,,,,,,True
140184.0,36.0,1.0,78.2,177.4,24.8,82.1,128.0,64.66666666666667,5.3,0.83,1.0,b'D',60.0,1.0,b'W',60.0,480.0,True
140185.0,47.0,2.0,,161.2,,75.7,109.66666666666669,71.0,5.3,0.76,2.0,b'W',60.0,5.397605346934028e-79,b'',,120.0,True
140186.0,10.0,2.0,30.6,132.8,17.4,57.0,101.66666666666669,57.66666666666666,,9.19,,,,,,,,True
140187.0,40.0,2.0,78.2,158.8,31.0,93.9,85.33333333333333,58.66666666666666,5.7,8.29,1.0,b'W',120.0,5.397605346934028e-79,b'',,300.0,True
140189.0,80.0,2.0,59.8,159.8,23.4,91.5,94.0,44.66666666666666,5.1,0.53,7.0,b'W',60.0,5.397605346934028e-79,b'',,180.0,True
140191.0,16.0,2.0,58.7,164.1,21.8,78.1,100.0,67.33333333333333,5.5,0.79,,,,,,,,True
140192.0,77.0,2.0,144.5,159.0,57.2,,153.0,74.33333333333333,9.3,1.35,3.0,b'W',60.0,5.397605346934028e-79,b'',,720.0,True
140193.0,64.0,2.0,107.0,167.3,38.2,110.3,112.0,70.0,5.2,3.12,5.397605346934028e-79,b'',,5.397605346934028e-79,b'',,960.0,True
140194.0,55.0,2.0,63.4,150.3,28.1,98.2,109.0,59.66666666666666,5.5,6.28,5.397605346934028e-79,b'',,5.397605346934028e-79,b'',,240.0,True
140197.0,67.0,1.0,90.1,184.4,26.5,101.5,127.0,72.0,5.8,1.14,4.0,b'W',120.0,4.0,b'W',120.0,240.0,True
140199.0,55.0,1.0,119.6,166.7,43.0,137.4,143.66666666666666,92.0,6.6,1.04,2.0,b'W',40.0,1.0,b'W',15.0,540.0,True
140200.0,66.0,1.0,70.7,195.0,18.6,78.0,110.66666666666669,64.66666666666667,5.6,0.24,1.0,b'W',60.0,5.397605346934028e-79,b'',,240.0,True
140201.0,48.0,2.0,89.7,157.1,36.3,,94.0,62.0,7.7,6.44,3.0,b'W',30.0,5.397605346934028e-79,b'',,540.0,True
140202.0,2.0,1.0,13.6,86.4,18.2,51.8,,,,0.53,,,,,,,,True
140205.0,14.0,2.0,37.2,157.5,15.0,63.5,97.33333333333331,66.33333333333333,5.4,0.11,,,,,,,,True
140207.0,8.0,2.0,25.5,126.5,15.9,55.5,115.66666666666669,58.333333333333336,,0.15,,,,,,,,True
140208.0,65.0,2.0,105.8,161.0,40.8,130.5,140.66666666666666,85.0,9.6,7.7,2.0,b'W',30.0,1.0,b'W',15.0,240.0,True
140212.0,68.0,1.0,105.4,180.0,32.5,124.8,115.66666666666669,69.0,6.9,0.95,1.0,b'W',30.0,5.397605346934028e-79,b'',,420.0,True
140214.0,72.0,1.0,104.4,185.0,30.5,118.8,106.66666666666669,61.333333333333336,5.6,6.03,3.0,b'W',60.0,5.397605346934028e-79,b'',,240.0,True
140215.0,29.0,2.0,61.5,163.6,23.0,,106.0,66.66666666666667,4.8,3.56,5.397605346934028e-79,b'',,5.397605346934028e-79,b'',,180.0,True
140216.0,80.0,1.0,74.6,168.3,26.3,99.3,153.66666666666666,68.0,6.2,1.41,5.397605346934028e-79,b'',,5.397605346934028e-79,b'',,9999.0,True
140217.0,68.0,2.0,70.2,164.3,26.0,101.0,115.66666666666669,71.66666666666667,5.8,5.45,5.0,b'W',120.0,2.0,b'D',120.0,180.0,True
140218.0,52.0,2.0,59.1,151.2,25.9,84.3,125.66666666666669,84.66666666666667,5.4,0.99,2.0,b'W',60.0,5.397605346934028e-79,b'',,180.0,True
140219.0,53.0,2.0,191.5,168.1,67.8,177.2,104.33333333333331,75.0,5.7,6.33,5.397605346934028e-79,b'',,5.397605346934028e-79,b'',,480.0,True
140220.0,16.0,1.0,96.2,179.0,30.0,97.7,106.33333333333331,52.0,5.9,1.84,,,,,,,,True
140221.0,63.0,2.0,113.4,161.9,43.3,111.4,122.33333333333331,78.33333333333333,5.9,8.35,10.0,b'D',30.0,5.397605346934028e-79,b'',,240.0,True
140222.0,14.0,2.0,75.8,156.9,30.8,97.6,101.0,52.66666666666666,4.7,2.36,,,,,,,,True
140224.0,64.0,2.0,79.9,169.7,27.7,107.8,125.33333333333331,69.66666666666667,5.4,3.12,2.0,b'W',20.0,5.397605346934028e-79,b'',,360.0,True
140225.0,3.0,2.0,16.0,96.8,17.1,50.4,,,,0.23,,,,,,,,True
140226.0,46.0,2.0,73.1,164.0,27.2,104.2,98.0,66.0,5.2,0.84,5.397605346934028e-79,b'',,5.397605346934028e-79,b'',,480.0,True
140228.0,63.0,2.0,44.1,149.7,19.7,74.9,124.0,73.66666666666667,5.9,0.44,1.0,b'D',30.0,2.0,b'D',30.0,180.0,True
140230.0,69.0,1.0,95.3,177.5,30.2,107.6,127.0,83.66666666666667,5.4,5.97,3.0,b'D',15.0,1.0,b'Y',15.0,480.0,True
140232.0,57.0,2.0,71.9,157.1,29.1,100.8,128.0,84.33333333333333,6.0,1.69,1.0,b'W',30.0,2.0,b'M',15.0,240.0,True
140235.0,6.0,2.0,18.4,114.2,14.1,45.8,,,,0.19,,,,,,,,True
140237.0,31.0,2.0,82.4,175.2,26.8,99.7,108.0,74.66666666666667,5.2,3.84,2.0,b'M',60.0,5.397605346934028e-79,b'',,600.0,True
140238.0,18.0,1.0,79.3,189.4,22.1,97.1,95.66666666666669,64.33333333333333,4.8,0.38,5.0,b'W',120.0,5.0,b'W',60.0,240.0,True
140239.0,24.0,2.0,77.8,170.8,26.7,90.0,108.33333333333331,70.0,5.0,2.5,4.0,b'W',60.0,1.0,b'W',60.0,240.0,True
140243.0,27.0,2.0,78.2,167.6,27.8,97.4,109.66666666666669,64.66666666666667,5.9,1.21,2.0,b'M',10.0,5.397605346934028e-79,b'',,480.0,True
140244.0,22.0,2.0,64.2,162.4,24.3,86.2,,,4.4,1.38,3.0,b'W',60.0,2.0,b'W',120.0,480.0,True
140245.0,68.0,1.0,65.7,175.5,21.3,92.8,113.66666666666669,74.0,6.2,0.65,1.0,b'W',30.0,2.0,b'Y',30.0,300.0,True
140246.0,70.0,2.0,58.4,149.0,26.3,89.2,133.0,60.333333333333336,5.8,2.1,2.0,b'D',120.0,5.397605346934028e-79,b'',,240.0,True
140249.0,35.0,2.0,52.7,160.9,20.4,79.5,126.33333333333331,78.0,5.5,0.59,1.0,b'W',20.0,5.397605346934028e-79,b'',,120.0,True
140251.0,7.0,2.0,20.1,118.4,14.3,48.6,,,,0.11,,,,,,,,True
140252.0,53.0,2.0,80.2,153.1,34.2,111.4,128.66666666666666,81.0,5.8,5.23,3.0,b'D',30.0,5.397605346934028e-79,b'',,180.0,True
140254.0,67.0,1.0,97.9,167.8,34.8,116.2,142.5,95.5,5.1,0.6,3.0,b'W',180.0,2.0,b'W',45.0,600.0,True
140262.0,23.0,2.0,62.87,154.0,26.5,77.4,107.33333333333331,71.33333333333333,5.6,15.43,3.0,b'W',60.0,3.0,b'W',30.0,420.0,True
140263.0,10.0,2.0,64.5,159.6,25.3,81.6,105.33333333333331,53.66666666666666,,2.47,,,,,,,,True
140265.0,41.0,2.0,68.6,161.0,26.5,96.6,103.66666666666669,74.0,5.3,4.81,3.0,b'W',60.0,2.0,b'W',60.0,780.0,True
140266.0,51.0,2.0,110.3,150.9,48.4,,,,5.7,4.33,3.0,b'W',45.0,5.397605346934028e-79,b'',,300.0,True
140269.0,67.0,2.0,76.3,154.2,32.1,103.2,111.66666666666669,89.0,5.2,2.22,2.0,b'W',45.0,5.397605346934028e-79,b'',,600.0,True
140271.0,17.0,1.0,65.0,171.4,22.1,75.8,103.66666666666669,69.0,5.0,0.28,,,,,,,,True
140272.0,66.0,1.0,86.9,178.4,27.3,106.2,108.66666666666669,67.33333333333333,5.7,80.6,4.0,b'W',60.0,5.397605346934028e-79,b'',,240.0,True
140274.0,8.0,2.0,57.4,144.5,27.5,82.1,102.66666666666669,60.333333333333336,,2.5,,,,,,,,True
140276.0,63.0,1.0,91.0,179.4,28.3,106.9,119.0,81.0,5.2,2.8,5.0,b'W',120.0,3.0,b'M',180.0,360.0,True
140280.0,33.0,1.0,58.1,173.9,19.2,71.6,109.66666666666669,54.0,5.6,1.57,,b'',,,b'',,,True
140281.0,69.0,2.0,72.3,152.6,31.0,101.7,110.33333333333331,62.66666666666666,5.5,1.16,5.397605346934028e-79,b'',,5.397605346934028e-79,b'',,240.0,True
140282.0,73.0,1.0,89.6,169.0,31.4,109.8,117.0,63.66666666666666,6.7,1.93,7.0,b'W',65.0,2.0,b'W',90.0,720.0,True
140283.0,28.0,2.0,58.8,160.0,23.0,76.2,122.66666666666669,75.66666666666667,5.2,0.24,5.397605346934028e-79,b'',,5.397605346934028e-79,b'',,180.0,True
140285.0,43.0,2.0,69.0,164.2,25.6,,106.0,76.0,4.3,0.66,5.0,b'W',60.0,2.0,b'W',60.0,240.0,True
140286.0,58.0,1.0,76.7,177.2,24.4,,,,4.6,1.31,4.0,b'W',60.0,1.0,b'W',30.0,480.0,True
140288.0,34.0,2.0,95.2,155.1,39.6,116.1,112.66666666666669,71.66666666666667,5.4,13.84,9999.0,b'',,5.397605346934028e-79,b'',,240.0,True
140291.0,36.0,1.0,68.8,171.3,23.4,85.4,120.33333333333331,70.0,5.7,0.32,5.397605346934028e-79,b'',,5.397605346934028e-79,b'',,180.0,True
140292.0,16.0,1.0,77.2,192.6,20.8,76.1,115.0,58.0,5.4,0.44,,,,,,,,True
140293.0,63.0,2.0,75.9,162.0,28.9,98.7,130.33333333333334,72.33333333333333,5.9,1.37,5.397605346934028e-79,b'',,5.397605346934028e-79,b'',,180.0,True
140295.0,14.0,1.0,99.2,165.0,36.4,111.5,103.0,69.0,5.1,3.02,,,,,,,,True
140298.0,35.0,1.0,110.1,175.6,35.7,112.0,136.0,93.33333333333331,5.3,2.73,2.0,b'W',120.0,2.0,b'W',300.0,720.0,True
140299.0,25.0,2.0,131.8,171.6,44.8,133.0,87.0,70.33333333333333,5.4,6.02,1.0,b'W',60.0,5.397605346934028e-79,b'',,300.0,True
140301.0,10.0,1.0,76.1,157.2,30.8,96.8,100.33333333333331,67.66666666666667,,4.25,,,,,,,,True
140302.0,69.0,2.0,73.8,157.6,29.7,103.8,130.33333333333334,67.33333333333333,8.4,0.87,5.397605346934028e-79,b'',,5.397605346934028e-79,b'',,180.0,True
140303.0,69.0,2.0,86.4,158.3,34.5,110.7,145.0,78.33333333333333,5.5,0.82,5.0,b'W',120.0,2.0,b'W',40.0,180.0,True
140304.0,33.0,2.0,95.1,154.6,39.8,115.4,99.66666666666669,68.0,5.3,3.83,2.0,b'M',30.0,5.397605346934028e-79,b'',,240.0,True
140311.0,25.0,2.0,110.2,163.0,41.5,121.7,90.0,62.333333333333336,4.8,5.03,5.0,b'W',60.0,5.0,b'W',45.0,480.0,True
140313.0,31.0,2.0,81.4,165.0,29.9,97.5,111.33333333333331,84.33333333333333,5.0,0.31,3.0,b'W',60.0,2.0,b'W',60.0,300.0,True
140314.0,64.0,1.0,146.7,171.7,49.8,155.5,94.0,60.333333333333336,10.0,13.71,1.0,b'W',30.0,1.0,b'M',30.0,720.0,True
140315.0,33.0,1.0,83.6,176.7,26.8,92.8,124.0,70.33333333333333,5.0,0.31,2.0,b'W',60.0,5.0,b'W',20.0,360.0,True
140316.0,44.0,2.0,88.6,158.9,35.1,109.7,106.33333333333331,72.33333333333333,5.6,3.24,3.0,b'W',30.0,1.0,b'W',30.0,540.0,True
140317.0,38.0,2.0,74.6,166.9,26.8,84.1,,,5.3,0.63,5.397605346934028e-79,b'',,9999.0,b'',,180.0,True
140319.0,65.0,1.0,115.4,183.2,34.4,121.3,127.0,73.33333333333333,5.6,2.47,3.0,b'W',30.0,1.0,b'M',60.0,480.0,True
140320.0,67.0,1.0,81.1,178.6,25.4,90.0,110.0,61.333333333333336,5.3,0.25,7.0,b'W',120.0,3.0,b'W',10.0,180.0,True
140321.0,76.0,1.0,97.4,164.9,35.8,118.4,118.66666666666669,70.0,6.1,3.1,2.0,b'M',90.0,1.0,b'W',120.0,600.0,True
140322.0,29.0,2.0,107.5,148.7,48.6,123.2,112.66666666666669,80.33333333333333,5.3,46.18,3.0,b'W',60.0,2.0,b'W',30.0,600.0,True
140324.0,9.0,1.0,34.7,136.8,18.5,66.3,111.0,63.66666666666666,,0.33,,,,,,,,True
140327.0,63.0,2.0,68.7,168.3,24.3,88.7,116.0,74.0,5.3,0.91,4.0,b'W',60.0,2.0,b'W',120.0,240.0,True
140328.0,75.0,1.0,103.6,179.0,32.3,122.0,82.0,51.333333333333336,8.9,0.77,3.0,b'W',60.0,5.397605346934028e-79,b'',,360.0,True
140329.0,16.0,2.0,45.4,150.4,20.1,68.3,107.33333333333331,66.0,5.4,0.49,,,,,,,,True
140330.0,80.0,1.0,66.6,164.5,24.6,92.9,143.33333333333334,68.0,5.8,1.13,1.0,b'D',45.0,6.0,b'Y',180.0,240.0,True
140332.0,64.0,1.0,109.2,183.0,32.6,117.0,130.33333333333334,73.66666666666667,6.8,1.25,3.0,b'W',40.0,1.0,b'W',60.0,360.0,True
140333.0,42.0,1.0,83.6,181.9,25.3,94.3,148.33333333333334,95.33333333333331,5.2,2.98,2.0,b'W',60.0,4.0,b'W',90.0,720.0,True
140337.0,4.0,2.0,20.5,116.0,15.2,55.0,,,,2.91,,,,,,,,True
140341.0,64.0,2.0,102.4,160.7,39.7,122.4,150.0,77.0,5.7,6.53,5.397605346934028e-79,b'',,5.397605346934028e-79,b'',,600.0,True
140346.0,34.0,2.0,82.5,164.9,30.3,97.5,101.66666666666669,66.66666666666667,5.2,2.47,5.397605346934028e-79,b'',,5.397605346934028e-79,b'',,40.0,True
140347.0,34.0,2.0,74.2,160.0,29.0,97.3,105.0,73.66666666666667,5.3,2.49,4.0,b'W',120.0,1.0,b'W',120.0,480.0,True
140350.0,50.0,1.0,93.5,183.5,27.8,107.7,128.33333333333334,82.33333333333333,5.7,1.21,4.0,b'W',45.0,3.0,b'Y',60.0,420.0,True
140351.0,9.0,2.0,42.8,127.5,26.3,74.3,100.0,65.66666666666667,,1.12,,,,,,,,True
140352.0,20.0,2.0,55.4,155.9,22.8,80.3,103.66666666666669,64.0,5.2,7.89,1.0,b'W',45.0,5.397605346934028e-79,b'',,480.0,True
140353.0,67.0,1.0,80.5,180.8,24.6,93.5,117.0,74.0,5.6,1.93,7.0,b'W',45.0,7.0,b'W',20.0,720.0,True
140354.0,49.0,1.0,96.4,172.7,32.3,102.2,128.66666666666666,86.0,5.5,6.06,2.0,b'W',30.0,5.397605346934028e-79,b'',,600.0,True
140355.0,79.0,1.0,103.8,182.1,31.3,119.5,126.66666666666669,63.333333333333336,6.0,0.55,2.0,b'W',90.0,5.397605346934028e-79,b'',,480.0,True
140357.0,76.0,1.0,112.7,183.0,33.7,130.5,119.0,75.33333333333333,4.8,5.54,2.0,b'W',60.0,5.397605346934028e-79,b'',,480.0,True
140360.0,22.0,1.0,125.4,174.7,41.1,107.6,126.66666666666669,63.333333333333336,4.5,1.56,6.0,b'W',180.0,4.0,b'W',120.0,300.0,True
140362.0,54.0,1.0,83.9,172.6,28.2,105.0,122.66666666666669,75.33333333333333,5.0,1.15,2.0,b'W',25.0,1.0,b'W',35.0,240.0,True
140363.0,13.0,2.0,56.5,162.2,21.5,74.2,110.0,63.66666666666666,5.4,0.65,,,,,,,,True
140364.0,24.0,1.0,65.2,170.1,22.5,83.5,117.66666666666669,65.66666666666667,4.5,0.19,3.0,b'W',45.0,4.0,b'W',50.0,660.0,True
140365.0,5.0,2.0,16.4,105.8,14.7,48.6,,,,0.37,,,,,,,,True
140369.0,76.0,2.0,91.7,162.5,34.7,,126.33333333333331,61.333333333333336,5.0,2.97,5.0,b'W',10.0,5.397605346934028e-79,b'',,600.0,True
140371.0,31.0,2.0,73.7,171.8,25.0,83.2,119.0,75.66666666666667,4.8,3.54,4.0,b'W',30.0,1.0,b'W',45.0,720.0,True
140379.0,39.0,2.0,62.9,150.3,27.8,88.3,111.33333333333331,71.33333333333333,5.8,4.61,3.0,b'W',30.0,3.0,b'W',30.0,120.0,True
140380.0,68.0,1.0,107.3,171.9,36.3,128.5,134.33333333333334,72.66666666666667,6.7,1.83,5.397605346934028e-79,b'',,5.397605346934028e-79,b'',,720.0,True
140381.0,62.0,2.0,74.7,152.5,32.1,104.2,118.0,74.33333333333333,6.1,1.9,5.397605346934028e-79,b'',,5.397605346934028e-79,b'',,240.0,True
140382.0,57.0,2.0,71.7,160.3,27.9,93.7,131.66666666666666,80.0,5.8,0.91,3.0,b'D',300.0,5.0,b'D',9999.0,180.0,True
140384.0,62.0,2.0,105.2,166.6,37.9,109.8,114.66666666666669,76.33333333333333,6.2,5.8,3.0,b'W',60.0,5.397605346934028e-79,b'',,900.0,True
140385.0,77.0,2.0,99.7,169.1,34.9,115.4,126.0,76.33333333333333,6.2,2.18,2.0,b'W',15.0,5.397605346934028e-79,b'',,600.0,True
140386.0,38.0,1.0,86.8,174.1,28.6,101.7,109.0,72.0,5.4,0.97,3.0,b'W',90.0,2.0,b'M',60.0,720.0,True
140387.0,57.0,2.0,96.1,154.6,40.2,112.4,112.33333333333331,66.33333333333333,5.8,13.57,3.0,b'W',25.0,5.397605346934028e-79,b'',,300.0,True
140390.0,59.0,2.0,81.0,156.8,32.9,101.9,106.0,63.333333333333336,5.8,2.2,4.0,b'W',45.0,2.0,b'M',120.0,360.0,True
140392.0,49.0,2.0,75.7,152.4,32.6,96.0,113.0,78.0,5.2,9.27,5.0,b'W',30.0,1.0,b'W',60.0,180.0,True
140398.0,44.0,2.0,52.7,174.1,17.4,79.5,116.66666666666669,71.33333333333333,5.2,0.76,7.0,b'W',30.0,3.0,b'W',30.0,360.0,True
140399.0,79.0,1.0,88.2,169.0,30.9,107.1,118.0,67.66666666666667,5.8,1.24,3.0,b'W',90.0,,b'',,240.0,True
140400.0,37.0,2.0,71.0,167.5,25.3,91.6,111.0,61.0,5.3,0.22,5.0,b'W',90.0,5.0,b'W',90.0,180.0,True
140401.0,16.0,2.0,46.8,163.7,17.5,64.5,105.66666666666669,62.66666666666666,5.3,2.55,,,,,,,,True
140402.0,6.0,1.0,29.3,128.0,17.9,64.0,,,,0.11,,,,,,,,True
140403.0,76.0,2.0,48.9,163.1,18.4,,,,5.4,1.3,5.397605346934028e-79,b'',,5.397605346934028e-79,b'',,240.0,True
140404.0,70.0,2.0,46.1,151.5,20.1,80.3,115.66666666666669,53.0,3.6,1.32,5.397605346934028e-79,b'',,5.397605346934028e-79,b'',,300.0,True
140405.0,53.0,1.0,89.3,170.7,30.6,102.0,108.0,65.0,5.6,1.3,5.397605346934028e-79,b'',,5.397605346934028e-79,b'',,120.0,True
140406.0,64.0,2.0,79.9,156.5,32.6,109.0,137.66666666666666,92.33333333333331,6.1,8.2,5.397605346934028e-79,b'',,5.397605346934028e-79,b'',,360.0,True
140408.0,19.0,2.0,49.3,162.0,18.8,73.1,113.66666666666669,82.66666666666667,5.4,0.32,3.0,b'W',30.0,5.397605346934028e-79,b'',,300.0,True
140409.0,30.0,1.0,93.6,195.1,24.6,91.0,102.33333333333331,59.0,5.1,0.24,2.0,b'W',20.0,5.397605346934028e-79,b'',,600.0,True
140410.0,15.0,1.0,62.3,178.4,19.6,75.8,114.0,66.66666666666667,5.2,0.73,,,,,,,,True
140412.0,55.0,2.0,82.6,162.1,31.4,106.6,123.66666666666669,82.33333333333333,5.2,1.26,1.0,b'D',30.0,2.0,b'M',60.0,720.0,True
140413.0,9.0,2.0,32.9,130.8,19.2,66.6,102.0,65.33333333333333,,0.94,,,,,,,,True
140417.0,56.0,2.0,55.1,158.1,22.0,,108.66666666666669,66.33333333333333,5.1,0.31,1.0,b'D',120.0,2.0,b'M',30.0,300.0,True
140418.0,78.0,2.0,58.3,144.3,28.0,,,,5.4,1.6,5.397605346934028e-79,b'',,5.397605346934028e-79,b'',,420.0,True
140420.0,18.0,1.0,70.9,164.6,26.2,89.6,112.33333333333331,64.33333333333333,5.4,9.25,3.0,b'W',120.0,1.0,b'W',60.0,660.0,True
140421.0,80.0,1.0,87.9,179.3,27.3,105.3,108.0,72.66666666666667,6.3,0.61,3.0,b'M',60.0,5.397605346934028e-79,b'',,480.0,True
140422.0,24.0,2.0,51.2,152.4,22.0,69.2,106.66666666666669,68.33333333333333,5.2,0.6,3.0,b'W',60.0,4.0,b'W',60.0,300.0,True
140423.0,51.0,2.0,82.9,163.2,31.1,102.4,122.33333333333331,87.0,5.1,8.24,3.0,b'W',30.0,4.0,b'W',30.0,180.0,True
140424.0,61.0,1.0,71.5,171.1,24.4,89.0,112.33333333333331,65.66666666666667,5.3,2.56,3.0,b'W',120.0,5.397605346934028e-79,b'',,180.0,True
140425.0,66.0,2.0,57.3,151.5,25.0,88.4,142.66666666666666,66.66666666666667,6.5,13.87,7.0,b'W',20.0,5.397605346934028e-79,b'',,600.0,True
140426.0,41.0,1.0,100.2,170.1,34.6,117.5,126.0,82.0,5.5,2.66,7.0,b'W',300.0,7.0,b'W',300.0,420.0,True
140428.0,28.0,2.0,82.9,161.0,32.0,100.3,114.0,73.0,4.5,1.03,5.397605346934028e-79,b'',,4.0,b'Y',20.0,240.0,True
140429.0,11.0,2.0,51.0,160.0,19.9,68.1,89.66666666666667,54.66666666666666,,0.11,,,,,,,,True
140430.0,48.0,2.0,59.7,157.2,24.2,86.8,118.66666666666669,76.33333333333333,5.0,4.29,3.0,b'W',40.0,5.397605346934028e-79,b'',,480.0,True
140432.0,5.0,1.0,31.8,125.7,20.1,62.0,,,,0.38,,,,,,,,True
140433.0,68.0,2.0,59.4,158.4,23.7,85.2,131.33333333333334,76.0,5.3,0.98,5.397605346934028e-79,b'',,5.397605346934028e-79,b'',,180.0,True
140435.0,42.0,2.0,77.2,165.1,28.3,91.9,101.33333333333331,72.0,5.6,11.98,5.397605346934028e-79,b'',,5.397605346934028e-79,b'',,240.0,True
140436.0,26.0,1.0,81.1,173.6,26.9,92.4,122.0,79.0,5.3,5.01,5.397605346934028e-79,b'',,5.0,b'W',90.0,720.0,True
140437.0,80.0,1.0,68.2,173.0,22.8,94.5,117.66666666666669,59.0,5.6,0.94,3.0,b'W',30.0,3.0,b'W',30.0,300.0,True
140441.0,1.0,2.0,13.7,,,,,,,0.71,,,,,,,,True
140443.0,47.0,2.0,77.8,159.9,30.4,102.4,127.33333333333331,92.0,6.0,2.83,4.0,b'W',240.0,5.397605346934028e-79,b'',,240.0,True
140444.0,47.0,1.0,103.2,170.3,35.6,113.9,125.33333333333331,83.33333333333333,5.6,0.7,3.0,b'W',30.0,2.0,b'W',30.0,180.0,True
140445.0,47.0,2.0,64.6,165.7,23.5,83.6,129.66666666666666,82.0,10.4,0.87,3.0,b'W',60.0,5.397605346934028e-79,b'',,600.0,True
140446.0,47.0,2.0,73.9,166.2,26.8,87.0,132.33333333333334,85.0,6.1,1.96,5.397605346934028e-79,b'',,5.397605346934028e-79,b'',,180.0,True
140449.0,35.0,2.0,103.4,170.8,35.4,107.1,104.66666666666669,72.66666666666667,5.8,0.98,3.0,b'W',30.0,5.397605346934028e-79,b'',,780.0,True
140451.0,73.0,2.0,76.3,160.2,29.7,101.3,132.66666666666666,71.33333333333333,5.0,0.54,2.0,b'W',60.0,5.397605346934028e-79,b'',,360.0,True
140454.0,10.0,2.0,36.0,140.1,18.3,64.4,90.33333333333331,51.333333333333336,,0.11,,,,,,,,True
140455.0,31.0,1.0,73.9,167.9,26.2,95.6,100.33333333333331,64.0,6.0,1.33,1.0,b'D',30.0,3.0,b'W',30.0,240.0,True
140456.0,80.0,1.0,108.2,176.0,34.9,126.9,121.0,54.333333333333336,6.1,0.52,1.0,b'D',55.0,1.0,b'W',300.0,120.0,True
140457.0,15.0,1.0,74.6,181.2,22.7,77.7,133.33333333333334,58.66666666666666,5.3,0.61,,,,,,,,True
140458.0,22.0,1.0,58.1,158.1,23.2,82.3,,,5.1,9.81,1.0,b'W',120.0,5.397605346934028e-79,b'',,9999.0,True
140459.0,60.0,2.0,62.0,164.0,23.1,92.6,101.66666666666669,63.66666666666666,5.8,1.29,1.0,b'D',30.0,1.0,b'D',30.0,240.0,True
140460.0,71.0,2.0,92.8,159.7,36.4,121.8,127.66666666666669,73.33333333333333,6.1,4.27,1.0,b'W',45.0,5.397605346934028e-79,b'',,180.0,True
140466.0,61.0,2.0,45.0,158.0,18.0,75.1,124.0,73.66666666666667,5.4,0.88,1.0,b'W',60.0,5.397605346934028e-79,b'',,480.0,True
140467.0,57.0,1.0,55.7,154.2,23.4,80.4,148.33333333333334,102.66666666666669,5.5,1.09,2.0,b'W',120.0,2.0,b'M',120.0,540.0,True
140468.0,4.0,2.0,16.2,100.2,16.1,50.8,,,,0.32,,,,,,,,True
140470.0,45.0,1.0,72.3,170.5,24.9,93.4,113.0,70.33333333333333,5.2,0.61,3.0,b'W',120.0,2.0,b'W',60.0,480.0,True
140471.0,57.0,2.0,58.9,159.5,23.2,84.4,101.0,56.66666666666666,5.2,0.76,5.0,b'W',20.0,5.397605346934028e-79,b'',,480.0,True
140472.0,76.0,1.0,83.5,170.7,28.7,108.3,136.33333333333334,67.66666666666667,6.1,1.19,5.397605346934028e-79,b'',,5.397605346934028e-79,b'',,240.0,True
140473.0,53.0,2.0,105.2,171.9,35.6,93.0,138.33333333333334,83.33333333333333,5.6,32.89,2.0,b'W',30.0,5.397605346934028e-79,b'',,600.0,True
140474.0,64.0,1.0,71.5,166.8,25.7,99.6,133.33333333333334,87.66666666666667,6.0,2.51,5.0,b'W',30.0,5.397605346934028e-79,b'',,360.0,True
140475.0,69.0,1.0,84.8,171.1,29.0,96.6,135.33333333333334,67.66666666666667,5.8,0.24,7.0,b'W',50.0,3.0,b'W',10.0,180.0,True
140476.0,76.0,1.0,80.0,177.0,25.5,96.5,118.66666666666669,72.0,5.3,1.79,1.0,b'W',60.0,5.397605346934028e-79,b'',,720.0,True
140477.0,61.0,1.0,55.8,170.6,19.2,81.2,128.66666666666666,84.66666666666667,4.6,1.49,7.0,b'W',60.0,5.397605346934028e-79,b'',,360.0,True
140478.0,43.0,2.0,83.4,153.4,35.4,99.6,136.66666666666666,99.0,5.2,3.84,3.0,b'W',30.0,1.0,b'W',30.0,480.0,True
140479.0,58.0,2.0,112.6,158.0,45.1,137.7,132.0,84.33333333333333,6.7,19.77,5.397605346934028e-79,b'',,5.397605346934028e-79,b'',,600.0,True
140480.0,45.0,1.0,224.1,191.7,61.0,,,,6.0,24.18,1.0,b'W',15.0,5.397605346934028e-79,b'',,180.0,True
140482.0,55.0,2.0,75.6,168.4,26.7,77.7,98.33333333333331,56.0,5.4,4.63,5.0,b'W',45.0,5.397605346934028e-79,b'',,180.0,True
140483.0,80.0,1.0,87.1,170.4,30.0,110.9,123.66666666666669,74.33333333333333,7.8,1.77,1.0,b'W',90.0,1.0,b'W',30.0,240.0,True
140485.0,78.0,1.0,84.7,178.4,26.6,105.5,133.33333333333334,63.333333333333336,5.5,1.97,5.0,b'W',90.0,5.397605346934028e-79,b'',,360.0,True
140486.0,62.0,1.0,109.8,173.2,36.6,126.8,108.66666666666669,65.0,5.6,0.88,5.0,b'W',25.0,1.0,b'W',60.0,360.0,True
140489.0,9.0,2.0,25.9,132.1,14.8,54.5,109.66666666666669,67.0,,0.11,,,,,,,,True
140490.0,65.0,1.0,133.8,180.5,41.1,139.8,119.66666666666669,72.66666666666667,5.7,11.95,2.0,b'W',60.0,1.0,b'M',60.0,300.0,True
140492.0,46.0,2.0,54.9,149.2,24.7,82.9,170.0,106.33333333333331,5.3,1.97,1.0,b'W',15.0,5.397605346934028e-79,b'',,600.0,True
140493.0,63.0,2.0,84.5,159.9,33.0,105.3,131.33333333333334,83.0,6.6,2.55,4.0,b'Y',45.0,5.397605346934028e-79,b'',,480.0,True
140494.0,30.0,1.0,78.5,175.6,25.5,91.8,107.66666666666669,67.33333333333333,5.1,0.59,3.0,b'W',60.0,2.0,b'M',120.0,480.0,True
140495.0,45.0,2.0,89.8,163.7,33.5,113.5,112.0,74.33333333333333,5.3,3.16,1.0,b'W',20.0,5.397605346934028e-79,b'',,480.0,True
140497.0,1.0,2.0,9.9,,,,,,,4.92,,,,,,,,True
140498.0,56.0,2.0,74.6,150.1,33.1,99.8,133.0,87.0,6.4,5.61,5.0,b'W',60.0,4.0,b'W',60.0,720.0,True
140499.0,57.0,2.0,110.7,155.1,46.0,118.6,136.0,87.33333333333333,5.9,18.66,21.0,b'M',5.0,3.0,b'W',15.0,420.0,True
140500.0,6.0,1.0,26.8,127.2,16.6,56.8,,,,0.26,,,,,,,,True
140502.0,54.0,1.0,100.1,163.4,37.5,124.3,141.0,91.33333333333331,6.3,5.34,1.0,b'D',20.0,5.397605346934028e-79,b'',,180.0,True
140503.0,10.0,2.0,29.7,134.1,16.5,62.9,110.33333333333331,59.0,,0.34,,,,,,,,True
140505.0,53.0,2.0,113.6,161.1,43.8,100.1,108.66666666666669,75.66666666666667,5.3,9.5,1.0,b'M',60.0,5.397605346934028e-79,b'',,720.0,True
140506.0,80.0,1.0,,,,,,,5.2,7.51,5.397605346934028e-79,b'',,5.397605346934028e-79,b'',,720.0,True
140507.0,22.0,1.0,96.4,177.3,30.7,105.5,124.33333333333331,77.66666666666667,4.8,0.9,3.0,b'W',90.0,5.397605346934028e-79,b'',,180.0,True
140508.0,27.0,1.0,109.5,176.5,35.1,107.4,111.66666666666669,71.66666666666667,4.9,1.76,3.0,b'W',45.0,1.0,b'W',30.0,600.0,True
140509.0,68.0,2.0,81.8,151.7,35.5,99.1,111.33333333333331,70.33333333333333,6.2,0.59,4.0,b'W',120.0,2.0,b'W',45.0,360.0,True
140511.0,80.0,1.0,86.8,174.8,28.4,103.0,134.0,72.0,5.9,0.44,3.0,b'W',45.0,1.0,b'W',30.0,240.0,True
140512.0,36.0,2.0,57.8,163.2,21.7,73.3,94.66666666666669,49.333333333333336,5.0,1.1,3.0,b'W',45.0,2.0,b'W',40.0,180.0,True
140514.0,43.0,1.0,66.0,179.0,20.6,87.1,109.0,68.66666666666667,4.9,0.26,1.0,b'M',120.0,5.397605346934028e-79,b'',,720.0,True
140517.0,66.0,1.0,84.3,169.5,29.3,97.1,119.33333333333331,82.0,7.9,1.18,1.0,b'W',45.0,5.397605346934028e-79,b'',,420.0,True
140518.0,60.0,1.0,88.0,183.6,26.1,105.5,116.66666666666669,73.0,5.6,1.14,2.0,b'W',20.0,2.0,b'M',30.0,120.0,True
140521.0,23.0,2.0,68.5,159.0,27.1,79.0,102.33333333333331,74.33333333333333,4.9,2.6,5.0,b'W',120.0,5.397605346934028e-79,b'',,60.0,True
140523.0,49.0,2.0,61.0,144.0,29.4,96.1,128.0,73.0,5.9,7.25,5.397605346934028e-79,b'',,5.397605346934028e-79,b'',,300.0,True
140524.0,33.0,1.0,69.8,167.4,24.9,94.8,114.66666666666669,75.0,5.4,9.51,8.0,b'M',60.0,2.0,b'M',10.0,600.0,True
140525.0,23.0,2.0,78.8,177.0,25.2,89.6,125.33333333333331,86.0,5.0,0.98,5.0,b'W',30.0,3.0,b'W',30.0,480.0,True
140526.0,17.0,2.0,73.6,156.8,29.9,92.1,90.66666666666669,52.66666666666666,5.2,3.48,,,,,,,,True
140527.0,68.0,2.0,52.4,160.3,20.4,81.5,121.66666666666669,68.0,5.5,5.35,5.397605346934028e-79,b'',,5.397605346934028e-79,b'',,9999.0,True
140529.0,41.0,2.0,113.1,170.7,38.8,122.0,102.66666666666669,73.33333333333333,7.7,3.52,2.0,b'W',120.0,1.0,b'M',60.0,840.0,True
140530.0,25.0,2.0,60.7,154.6,25.4,,105.66666666666669,67.33333333333333,5.7,13.05,1.0,b'M',60.0,2.0,b'W',60.0,240.0,True
140531.0,58.0,2.0,96.8,158.0,38.8,119.6,130.0,90.0,6.2,7.33,4.0,b'W',20.0,5.397605346934028e-79,b'',,960.0,True
140533.0,27.0,1.0,63.2,169.7,21.9,77.4,123.0,83.0,5.2,0.63,5.397605346934028e-79,b'',,1.0,b'W',30.0,840.0,True
140536.0,1.0,2.0,10.0,,,,,,,0.67,,,,,,,,True
140539.0,41.0,1.0,86.5,172.0,29.2,95.8,119.33333333333331,77.66666666666667,4.9,1.25,5.397605346934028e-79,b'',,1.0,b'W',180.0,360.0,True
140540.0,38.0,1.0,121.7,179.6,37.7,134.6,123.66666666666669,81.0,5.6,0.69,1.0,b'D',75.0,5.397605346934028e-79,b'',,300.0,True
140541.0,57.0,1.0,75.9,172.6,25.5,95.0,126.0,79.66666666666667,5.2,0.86,7.0,b'W',45.0,7.0,b'W',60.0,240.0,True
140543.0,65.0,2.0,90.6,177.4,28.8,107.0,119.0,73.0,5.1,1.68,2.0,b'W',30.0,5.397605346934028e-79,b'',,120.0,True
140547.0,39.0,2.0,145.2,161.5,55.7,153.3,115.33333333333331,85.66666666666667,6.1,19.54,2.0,b'W',45.0,5.397605346934028e-79,b'',,240.0,True
140548.0,60.0,1.0,77.5,186.9,22.2,89.2,132.66666666666666,83.0,5.6,0.5,1.0,b'D',180.0,2.0,b'W',180.0,300.0,True
140550.0,63.0,1.0,55.4,165.9,20.1,81.8,159.66666666666666,86.33333333333333,4.6,1.77,3.0,b'W',30.0,5.397605346934028e-79,b'',,840.0,True
140551.0,9.0,1.0,32.1,131.7,18.5,63.3,111.33333333333331,68.66666666666667,,0.11,,,,,,,,True
140552.0,59.0,1.0,109.9,180.7,33.7,110.0,113.33333333333331,78.33333333333333,5.6,1.13,5.397605346934028e-79,b'',,5.397605346934028e-79,b'',,960.0,True
140554.0,75.0,2.0,90.5,150.5,40.0,114.5,152.66666666666666,92.33333333333331,5.0,2.9,5.397605346934028e-79,b'',,5.397605346934028e-79,b'',,300.0,True
140555.0,61.0,2.0,73.1,162.2,27.8,94.1,119.66666666666669,83.66666666666667,6.2,1.18,2.0,b'M',45.0,5.397605346934028e-79,b'',,300.0,True
140556.0,69.0,1.0,86.0,170.8,29.5,108.7,111.66666666666669,77.33333333333333,4.9,4.58,5.397605346934028e-79,b'',,5.397605346934028e-79,b'',,480.0,True
140557.0,16.0,1.0,51.7,179.9,16.0,68.0,107.66666666666669,60.66666666666666,5.2,0.11,,,,,,,,True
140558.0,59.0,2.0,77.8,164.9,28.6,96.0,129.33333333333334,80.0,5.8,0.43,1.0,b'D',30.0,5.397605346934028e-79,b'',,20.0,True
140559.0,24.0,2.0,69.1,161.3,26.6,92.7,114.33333333333331,70.0,5.0,3.77,3.0,b'W',120.0,5.397605346934028e-79,b'',,300.0,True
140561.0,59.0,2.0,67.2,157.0,27.3,94.7,144.33333333333334,95.0,5.2,0.95,2.0,b'W',60.0,5.397605346934028e-79,b'',,300.0,True
140562.0,65.0,2.0,63.2,165.4,23.1,83.0,110.33333333333331,77.0,5.4,0.84,1.0,b'W',60.0,5.397605346934028e-79,b'',,180.0,True
140563.0,34.0,2.0,144.5,167.3,51.6,,,,5.5,14.05,1.0,b'D',60.0,1.0,b'M',60.0,360.0,True
140564.0,60.0,2.0,103.8,172.9,34.7,115.3,123.0,79.66666666666667,7.8,2.96,5.397605346934028e-79,b'',,5.397605346934028e-79,b'',,180.0,True
140566.0,29.0,2.0,71.3,164.4,26.4,,,,5.2,0.45,2.0,b'M',20.0,5.397605346934028e-79,b'',,120.0,True
140568.0,70.0,1.0,64.7,161.5,24.8,86.5,120.0,65.33333333333333,5.5,0.94,1.0,b'D',25.0,2.0,b'M',25.0,180.0,True
140571.0,22.0,2.0,55.9,160.9,21.6,75.8,102.0,62.66666666666666,4.9,0.18,5.397605346934028e-79,b'',,5.397605346934028e-79,b'',,600.0,True
140576.0,80.0,2.0,56.6,145.6,26.7,89.8,192.33333333333331,62.0,5.3,12.71,5.397605346934028e-79,b'',,5.397605346934028e-79,b'',,300.0,True
140578.0,68.0,2.0,57.7,162.2,21.9,81.8,162.0,103.33333333333331,5.4,0.88,3.0,b'W',60.0,5.397605346934028e-79,b'',,360.0,True
140579.0,27.0,1.0,63.9,171.8,21.6,77.3,116.0,61.0,5.4,0.26,3.0,b'W',60.0,2.0,b'W',45.0,360.0,True
140580.0,70.0,2.0,90.0,167.3,32.2,107.1,120.66666666666669,66.0,6.6,1.12,2.0,b'W',20.0,3.0,b'M',10.0,300.0,True
140581.0,75.0,2.0,87.6,153.6,37.1,119.9,125.0,58.66666666666666,7.6,1.32,5.397605346934028e-79,b'',,5.397605346934028e-79,b'',,720.0,True
140582.0,61.0,2.0,77.3,159.1,30.5,96.1,109.33333333333331,78.0,5.4,2.28,5.0,b'W',60.0,5.397605346934028e-79,b'',,780.0,True
140583.0,31.0,1.0,95.3,171.3,32.5,114.4,118.0,81.0,5.5,5.0,5.397605346934028e-79,b'',,5.397605346934028e-79,b'',,600.0,True
140584.0,62.0,2.0,83.4,163.6,31.2,103.6,100.66666666666669,66.66666666666667,5.5,1.02,2.0,b'W',30.0,5.397605346934028e-79,b'',,600.0,True
140586.0,27.0,1.0,78.6,173.2,26.2,95.2,133.33333333333334,80.0,5.2,0.31,3.0,b'W',60.0,2.0,b'M',240.0,180.0,True
140589.0,46.0,2.0,107.1,160.7,41.5,124.1,129.0,90.66666666666669,5.4,1.8,7.0,b'W',120.0,5.397605346934028e-79,b'',,180.0,True
140590.0,80.0,2.0,85.0,144.5,40.7,120.9,114.66666666666669,62.66666666666666,7.2,1.62,5.397605346934028e-79,b'',,5.397605346934028e-79,b'',,360.0,True
140592.0,70.0,2.0,68.5,145.5,32.4,108.0,146.66666666666666,76.33333333333333,5.9,0.98,3.0,b'Y',20.0,5.397605346934028e-79,b'',,120.0,True
140593.0,9.0,1.0,29.7,141.0,14.9,59.4,113.0,58.333333333333336,,0.47,,,,,,,,True
140595.0,29.0,2.0,75.5,163.2,28.3,92.0,111.33333333333331,70.0,5.6,1.99,2.0,b'W',45.0,3.0,b'W',30.0,240.0,True
140596.0,62.0,1.0,76.8,160.4,29.9,108.5,169.0,85.33333333333333,6.4,0.33,5.397605346934028e-79,b'',,5.397605346934028e-79,b'',,600.0,True
140604.0,67.0,1.0,82.9,171.3,28.3,104.3,116.0,65.66666666666667,7.0,0.27,1.0,b'W',15.0,5.397605346934028e-79,b'',,600.0,True
140607.0,71.0,1.0,83.9,172.0,28.4,105.6,131.0,64.33333333333333,5.6,0.95,3.0,b'W',30.0,5.397605346934028e-79,b'',,300.0,True
140608.0,35.0,1.0,117.1,175.4,38.1,134.8,120.66666666666669,88.33333333333333,5.6,1.62,5.397605346934028e-79,b'',,5.397605346934028e-79,b'',,480.0,True
140609.0,21.0,2.0,86.4,163.4,32.4,95.4,109.33333333333331,63.66666666666666,5.3,2.46,4.0,b'W',45.0,3.0,b'W',30.0,300.0,True
140611.0,67.0,1.0,121.7,177.8,38.5,,,,5.5,0.93,3.0,b'W',60.0,5.397605346934028e-79,b'',,480.0,True
140613.0,34.0,1.0,92.3,186.9,26.4,96.1,116.0,76.66666666666667,5.0,0.55,1.0,b'D',60.0,1.0,b'W',60.0,360.0,True
140614.0,35.0,1.0,110.0,170.2,38.0,119.7,108.66666666666669,63.66666666666666,6.8,1.33,3.0,b'M',60.0,1.0,b'M',60.0,600.0,True
140615.0,40.0,1.0,87.7,177.4,27.9,106.5,113.66666666666669,70.0,4.7,0.45,3.0,b'W',120.0,5.397605346934028e-79,b'',,360.0,True
140616.0,42.0,2.0,101.7,162.7,38.4,114.8,129.33333333333334,80.0,4.7,6.51,4.0,b'M',120.0,5.397605346934028e-79,b'',,540.0,True
140618.0,24.0,1.0,91.1,184.4,26.8,81.1,132.66666666666666,65.33333333333333,5.5,0.32,1.0,b'D',120.0,1.0,b'D',180.0,240.0,True
140620.0,63.0,2.0,90.0,165.6,32.8,97.5,105.66666666666669,63.0,5.7,3.89,3.0,b'W',40.0,3.0,b'W',10.0,600.0,True
140621.0,65.0,2.0,54.6,156.0,22.4,84.5,124.66666666666669,76.0,13.6,4.12,3.0,b'W',30.0,5.397605346934028e-79,b'',,240.0,True
140624.0,8.0,1.0,30.8,131.6,17.8,61.8,107.0,61.0,,1.47,,,,,,,,True
140625.0,19.0,1.0,74.6,188.9,20.9,85.7,113.5,69.5,4.9,0.43,4.0,b'W',90.0,3.0,b'W',30.0,420.0,True
140626.0,65.0,1.0,87.8,174.9,28.7,105.6,131.66666666666666,79.33333333333333,5.7,2.59,4.0,b'M',90.0,5.397605346934028e-79,b'',,180.0,True
140627.0,70.0,2.0,60.8,160.2,23.7,91.4,149.33333333333334,77.0,5.6,0.65,7.0,b'W',120.0,5.397605346934028e-79,b'',,300.0,True
140628.0,71.0,2.0,59.5,159.5,23.4,78.7,151.33333333333334,89.33333333333333,5.7,0.25,4.0,b'D',30.0,5.397605346934028e-79,b'',,300.0,True
140629.0,69.0,2.0,58.3,163.0,21.9,87.2,107.33333333333331,68.33333333333333,5.5,0.39,1.0,b'D',45.0,2.0,b'W',30.0,240.0,True
140630.0,57.0,2.0,49.5,154.1,20.8,74.8,121.66666666666669,80.33333333333333,5.7,1.41,2.0,b'D',20.0,5.397605346934028e-79,b'',,120.0,True
140631.0,34.0,2.0,74.3,170.1,25.7,80.0,110.33333333333331,73.33333333333333,5.1,2.75,3.0,b'W',30.0,5.397605346934028e-79,b'',,600.0,True
140632.0,3.0,2.0,28.0,110.2,23.1,63.6,,,,13.34,,,,,,,,True
140633.0,39.0,2.0,65.6,165.2,24.0,87.3,102.66666666666669,62.333333333333336,5.1,1.1,5.0,b'W',60.0,5.397605346934028e-79,b'',,12.0,True
140634.0,10.0,1.0,77.9,159.0,30.8,101.1,95.0,63.0,,0.69,,,,,,,,True
140635.0,44.0,2.0,49.9,166.0,18.1,75.4,112.33333333333331,76.33333333333333,5.2,0.6,5.397605346934028e-79,b'',,5.397605346934028e-79,b'',,180.0,True
140636.0,53.0,2.0,113.7,169.3,39.7,133.5,118.33333333333331,84.33333333333333,5.0,0.33,5.397605346934028e-79,b'',,5.397605346934028e-79,b'',,300.0,True
140637.0,71.0,1.0,83.4,173.9,27.6,104.9,107.33333333333331,71.66666666666667,5.6,0.46,4.0,b'M',45.0,1.0,b'Y',15.0,480.0,True
140638.0,10.0,1.0,48.9,142.1,24.2,86.4,102.33333333333331,63.0,,42.66,,,,,,,,True
140639.0,61.0,2.0,82.3,169.6,28.6,95.1,132.0,84.33333333333333,5.4,5.77,2.0,b'W',20.0,5.397605346934028e-79,b'',,600.0,True
140640.0,40.0,1.0,60.8,170.8,20.8,72.0,117.0,69.66666666666667,4.2,0.9,3.0,b'W',45.0,2.0,b'W',60.0,2.0,True
140641.0,43.0,2.0,91.4,163.5,34.2,104.1,107.0,77.33333333333333,5.0,1.32,3.0,b'W',60.0,1.0,b'W',30.0,360.0,True
140642.0,10.0,1.0,29.6,139.2,15.3,55.6,101.0,62.66666666666666,,0.11,,,,,,,,True
140644.0,21.0,2.0,108.3,156.7,44.1,115.9,100.33333333333331,71.0,5.8,18.92,4.0,b'W',180.0,1.0,b'W',60.0,180.0,True
140645.0,68.0,2.0,73.9,165.7,26.9,98.9,133.66666666666666,88.0,10.1,0.81,4.0,b'Y',60.0,5.397605346934028e-79,b'',,480.0,True
140646.0,73.0,2.0,100.4,164.4,37.1,116.3,154.33333333333334,93.66666666666669,8.0,5.25,3.0,b'D',60.0,5.397605346934028e-79,b'',,480.0,True
140648.0,22.0,1.0,86.1,159.9,33.7,102.4,113.33333333333331,79.33333333333333,5.3,1.89,2.0,b'M',120.0,2.0,b'M',120.0,360.0,True
140649.0,59.0,1.0,92.1,177.4,29.3,106.1,139.66666666666666,94.33333333333331,5.5,1.56,5.397605346934028e-79,b'',,5.397605346934028e-79,b'',,300.0,True
140650.0,47.0,2.0,74.0,159.3,29.2,95.7,110.33333333333331,73.33333333333333,5.7,3.05,5.397605346934028e-79,b'',,5.397605346934028e-79,b'',,9999.0,True
140652.0,6.0,2.0,19.5,113.5,15.1,55.8,,,,0.26,,,,,,,,True
140657.0,13.0,1.0,55.3,155.6,22.8,73.4,102.33333333333331,51.66666666666666,5.3,0.17,,,,,,,,True
140658.0,79.0,2.0,53.2,156.0,21.9,86.3,153.33333333333334,79.66666666666667,5.4,5.89,6.0,b'W',300.0,5.397605346934028e-79,b'',,180.0,True
140659.0,72.0,1.0,77.0,161.1,29.7,104.0,119.66666666666669,62.66666666666666,6.3,2.02,4.0,b'W',60.0,5.397605346934028e-79,b'',,480.0,True
140660.0,80.0,1.0,84.7,,,,122.0,67.33333333333333,4.9,0.69,5.397605346934028e-79,b'',,5.397605346934028e-79,b'',,960.0,True
140663.0,19.0,2.0,73.5,152.9,31.4,92.8,104.66666666666669,69.66666666666667,5.6,7.01,1.0,b'W',30.0,5.397605346934028e-79,b'',,420.0,True
140664.0,74.0,2.0,125.4,172.8,42.0,113.0,141.66666666666666,72.0,5.1,5.58,5.397605346934028e-79,b'',,5.397605346934028e-79,b'',,360.0,True
140665.0,59.0,1.0,115.8,178.1,36.5,113.0,123.66666666666669,77.33333333333333,6.1,3.35,5.397605346934028e-79,b'',,5.397605346934028e-79,b'',,30.0,True
140666.0,80.0,1.0,67.2,166.0,24.4,98.3,130.0,56.333333333333336,5.7,1.55,7.0,b'W',20.0,5.397605346934028e-79,b'',,600.0,True
140667.0,67.0,2.0,94.5,159.2,37.3,107.9,106.33333333333331,68.0,5.7,5.67,1.0,b'D',30.0,1.0,b'M',60.0,300.0,True
140668.0,2.0,2.0,12.3,87.5,16.1,46.6,,,,0.11,,,,,,,,True
140672.0,29.0,2.0,66.8,156.1,27.4,80.5,120.66666666666669,79.33333333333333,4.7,1.78,2.0,b'W',30.0,1.0,b'W',45.0,420.0,True
140673.0,67.0,1.0,100.8,187.7,28.6,112.0,133.0,77.66666666666667,5.5,3.21,4.0,b'W',50.0,1.0,b'W',15.0,120.0,True
140674.0,53.0,2.0,105.0,156.9,42.7,120.8,99.0,66.0,5.3,3.08,3.0,b'W',90.0,5.397605346934028e-79,b'',,480.0,True
140677.0,61.0,1.0,84.6,164.9,31.1,108.0,122.33333333333331,70.33333333333333,6.5,1.99,2.0,b'W',60.0,5.397605346934028e-79,b'',,240.0,True
140680.0,80.0,2.0,60.2,167.6,21.4,86.1,160.0,77.33333333333333,5.8,1.1,1.0,b'W',60.0,5.397605346934028e-79,b'',,240.0,True
140682.0,52.0,2.0,95.9,158.7,38.1,112.1,170.0,100.0,6.0,13.38,2.0,b'W',90.0,5.397605346934028e-79,b'',,60.0,True
140683.0,44.0,1.0,63.6,160.7,24.6,82.2,143.66666666666666,85.0,5.5,2.93,7.0,b'W',9999.0,1.0,b'W',45.0,120.0,True
140684.0,75.0,2.0,69.4,156.4,28.4,91.5,116.66666666666669,69.66666666666667,5.8,2.2,4.0,b'W',660.0,3.0,b'W',660.0,180.0,True
140686.0,67.0,2.0,63.8,171.9,21.6,81.7,136.66666666666666,84.0,5.0,6.13,1.0,b'D',30.0,3.0,b'W',45.0,120.0,True
140689.0,63.0,1.0,114.0,170.7,39.1,127.1,,,6.0,8.33,7.0,b'W',120.0,5.0,b'W',60.0,480.0,True
140690.0,36.0,1.0,97.5,183.1,29.1,108.7,111.0,71.33333333333333,5.1,1.12,6.0,b'W',60.0,2.0,b'M',30.0,660.0,True
140691.0,15.0,1.0,55.0,168.4,19.4,68.2,112.66666666666669,55.333333333333336,4.7,0.71,,,,,,,,True
140692.0,53.0,1.0,110.3,175.4,35.9,127.4,126.33333333333331,84.66666666666667,5.5,18.75,3.0,b'W',30.0,5.397605346934028e-79,b'',,480.0,True
140694.0,70.0,2.0,81.5,173.0,27.2,106.0,109.66666666666669,61.66666666666666,5.6,0.28,5.397605346934028e-79,b'',,5.397605346934028e-79,b'',,360.0,True
140696.0,67.0,2.0,92.2,149.9,41.0,116.7,101.0,51.333333333333336,8.8,8.32,7.0,b'W',20.0,5.0,b'W',10.0,180.0,True
140697.0,49.0,2.0,71.5,159.8,28.0,91.7,100.0,61.0,5.5,7.02,5.0,b'W',40.0,2.0,b'W',60.0,180.0,True
140698.0,21.0,2.0,52.9,169.3,18.5,77.8,96.0,64.0,4.9,0.42,2.0,b'W',60.0,5.0,b'Y',20.0,600.0,True
140699.0,66.0,1.0,68.4,173.7,22.7,88.2,70.0,42.0,6.0,4.9,7.0,b'W',30.0,5.397605346934028e-79,b'',,360.0,True
140700.0,11.0,1.0,28.6,135.4,15.6,55.3,104.33333333333331,62.66666666666666,,0.2,,,,,,,,True
140702.0,80.0,2.0,85.0,162.9,32.0,108.9,116.0,76.0,7.2,5.29,1.0,b'W',240.0,5.397605346934028e-79,b'',,360.0,True
140703.0,40.0,1.0,54.3,170.3,18.7,72.4,108.0,60.0,5.1,1.59,5.397605346934028e-79,b'',,5.397605346934028e-79,b'',,480.0,True
140706.0,30.0,2.0,48.4,148.0,22.1,81.9,103.33333333333331,69.0,4.9,2.39,5.397605346934028e-79,b'',,5.397605346934028e-79,b'',,480.0,True
140707.0,16.0,2.0,68.2,154.9,28.4,82.7,99.66666666666669,60.66666666666666,5.1,2.88,,,,,,,,True
140708.0,34.0,1.0,94.0,174.3,30.9,98.5,145.0,102.0,5.3,2.92,2.0,b'W',60.0,5.397605346934028e-79,b'',,240.0,True
140709.0,80.0,1.0,89.3,168.2,31.6,113.5,103.33333333333331,47.333333333333336,5.3,1.19,2.0,b'W',60.0,5.397605346934028e-79,b'',,360.0,True
140710.0,46.0,2.0,102.8,167.8,36.5,118.3,115.33333333333331,87.0,5.5,7.77,2.0,b'M',60.0,5.397605346934028e-79,b'',,840.0,True
140711.0,58.0,1.0,65.1,161.6,24.9,86.0,108.0,67.33333333333333,5.4,0.54,2.0,b'M',120.0,6.0,b'Y',60.0,420.0,True
140712.0,15.0,2.0,42.0,156.7,17.1,67.4,,,5.5,0.26,,,,,,,,True
140714.0,63.0,1.0,75.1,171.2,25.6,,142.33333333333334,73.33333333333333,8.0,0.98,3.0,b'W',60.0,2.0,b'M',60.0,180.0,True
140718.0,61.0,2.0,103.1,157.7,41.5,120.9,107.0,75.33333333333333,5.6,3.07,5.397605346934028e-79,b'',,5.397605346934028e-79,b'',,360.0,True
140720.0,61.0,2.0,81.5,155.8,33.6,111.4,123.66666666666669,92.66666666666669,6.9,5.3,5.397605346934028e-79,b'',,5.397605346934028e-79,b'',,480.0,True
140721.0,12.0,1.0,29.5,,,,,,5.5,0.97,,,,,,,,True
140724.0,46.0,1.0,106.5,175.8,34.5,115.2,117.33333333333331,85.33333333333333,5.5,3.31,5.397605346934028e-79,b'',,5.397605346934028e-79,b'',,180.0,True
140725.0,11.0,2.0,59.9,162.7,22.6,79.7,104.33333333333331,54.66666666666666,,0.23,,,,,,,,True
140726.0,24.0,2.0,83.3,154.5,34.9,110.7,118.66666666666669,83.33333333333333,5.2,3.36,1.0,b'W',10.0,5.397605346934028e-79,b'',,360.0,True
140727.0,45.0,2.0,73.8,166.0,26.8,88.5,109.66666666666669,60.333333333333336,5.3,3.65,5.397605346934028e-79,b'',,5.397605346934028e-79,b'',,120.0,True
140728.0,38.0,1.0,72.5,165.1,26.6,89.6,125.33333333333331,76.0,5.6,0.51,4.0,b'W',60.0,2.0,b'W',45.0,240.0,True
140729.0,65.0,2.0,57.4,165.2,21.0,76.4,123.33333333333331,76.66666666666667,5.2,0.33,2.0,b'W',60.0,4.0,b'W',50.0,780.0,True
140730.0,65.0,1.0,78.0,180.2,24.0,94.7,118.33333333333331,67.33333333333333,5.3,1.11,3.0,b'W',60.0,5.397605346934028e-79,b'',,360.0,True
140731.0,42.0,2.0,69.7,166.8,25.1,85.8,123.66666666666669,79.33333333333333,5.5,0.99,7.0,b'W',90.0,3.0,b'W',60.0,240.0,True
140735.0,38.0,1.0,87.7,168.0,31.1,98.0,117.33333333333331,80.0,5.0,0.89,1.0,b'W',60.0,5.397605346934028e-79,b'',,600.0,True
140736.0,80.0,2.0,,145.3,,,134.0,62.333333333333336,6.6,0.27,1.0,b'D',30.0,5.397605346934028e-79,b'',,420.0,True
140740.0,49.0,1.0,94.8,176.4,30.5,112.0,119.66666666666669,78.66666666666667,5.4,1.46,5.397605346934028e-79,b'',,5.397605346934028e-79,b'',,120.0,True
140741.0,14.0,2.0,50.5,160.7,19.6,66.6,95.66666666666669,56.0,5.3,6.56,,,,,,,,True
140742.0,65.0,2.0,109.9,165.3,40.2,113.9,124.33333333333331,83.0,5.6,4.23,1.0,b'W',20.0,2.0,b'M',15.0,480.0,True
140745.0,57.0,1.0,141.2,177.4,44.9,136.0,95.0,62.66666666666666,8.4,11.22,4.0,b'W',30.0,5.397605346934028e-79,b'',,480.0,True
140746.0,50.0,1.0,74.8,171.6,25.4,98.5,152.33333333333334,85.0,8.1,1.27,5.397605346934028e-79,b'',,5.397605346934028e-79,b'',,120.0,True
140748.0,76.0,2.0,93.0,162.2,35.3,117.9,147.33333333333334,76.66666666666667,5.9,4.14,3.0,b'W',60.0,5.397605346934028e-79,b'',,180.0,True
140749.0,71.0,2.0,68.0,153.1,29.0,100.5,124.0,66.0,5.9,0.7,5.0,b'W',240.0,3.0,b'W',240.0,240.0,True
140750.0,4.0,2.0,15.8,100.9,15.5,50.8,,,,0.18,,,,,,,,True
140751.0,5.0,1.0,28.9,125.4,18.4,59.0,,,,0.49,,,,,,,,True
140752.0,77.0,2.0,100.0,158.7,39.7,121.8,150.66666666666666,65.0,8.0,11.71,3.0,b'D',5.0,2.0,b'Y',20.0,180.0,True
140753.0,36.0,2.0,47.6,146.1,22.3,70.3,94.66666666666669,66.66666666666667,5.1,1.03,7.0,b'W',10.0,5.397605346934028e-79,b'',,360.0,True
140754.0,65.0,2.0,79.6,161.0,30.7,108.3,118.66666666666669,85.66666666666667,4.7,2.08,5.397605346934028e-79,b'',,5.397605346934028e-79,b'',,360.0,True
140756.0,48.0,1.0,98.7,172.5,33.2,106.2,123.33333333333331,76.33333333333333,5.6,1.17,2.0,b'W',60.0,5.397605346934028e-79,b'',,180.0,True
140757.0,58.0,2.0,65.3,152.2,28.2,94.7,122.66666666666669,75.0,5.4,1.58,7.0,b'W',20.0,5.397605346934028e-79,b'',,20.0,True
140758.0,35.0,1.0,84.6,174.1,27.9,98.7,124.0,77.33333333333333,5.8,3.02,3.0,b'W',30.0,2.0,b'W',30.0,120.0,True
140760.0,75.0,2.0,80.0,158.3,31.9,110.0,107.0,64.0,5.5,7.89,5.0,b'W',60.0,2.0,b'M',45.0,300.0,True
140761.0,80.0,1.0,68.8,167.6,24.5,93.2,142.0,79.33333333333333,5.4,0.28,1.0,b'D',60.0,5.397605346934028e-79,b'',,300.0,True
140762.0,56.0,2.0,102.8,171.1,35.1,109.9,145.33333333333334,92.66666666666669,6.1,0.94,2.0,b'M',30.0,5.397605346934028e-79,b'',,240.0,True
140766.0,62.0,1.0,124.3,172.0,42.0,123.7,135.66666666666666,76.0,5.2,2.16,3.0,b'W',20.0,2.0,b'W',30.0,240.0,True
140767.0,14.0,2.0,61.7,156.0,25.4,87.0,91.0,58.0,5.1,0.24,,,,,,,,True
140771.0,34.0,2.0,74.1,157.4,29.9,88.1,104.0,65.33333333333333,5.1,0.87,5.0,b'W',30.0,1.0,b'D',60.0,240.0,True
140773.0,60.0,1.0,82.5,172.1,27.9,96.8,126.0,86.0,5.2,2.09,5.397605346934028e-79,b'',,5.397605346934028e-79,b'',,360.0,True
140775.0,41.0,1.0,99.9,187.6,28.4,,105.66666666666669,77.33333333333333,5.3,3.21,2.0,b'W',45.0,2.0,b'M',45.0,960.0,True
140776.0,64.0,1.0,94.4,181.8,28.6,104.6,124.0,76.33333333333333,5.3,1.36,3.0,b'W',15.0,1.0,b'W',10.0,180.0,True
140777.0,53.0,2.0,82.2,157.0,33.3,108.2,131.33333333333334,89.0,5.8,1.4,5.0,b'W',60.0,5.397605346934028e-79,b'',,600.0,True
140780.0,4.0,1.0,16.9,111.6,13.6,48.9,,,,0.11,,,,,,,,True
140781.0,39.0,2.0,85.2,154.6,35.6,104.6,137.33333333333334,103.0,10.2,35.52,4.0,b'W',30.0,2.0,b'W',30.0,420.0,True
140783.0,41.0,2.0,79.1,168.6,27.8,101.8,109.33333333333331,78.0,5.4,1.26,3.0,b'W',30.0,1.0,b'W',30.0,300.0,True
140786.0,34.0,1.0,75.1,166.3,27.2,85.1,130.33333333333334,87.33333333333333,5.5,0.31,1.0,b'W',90.0,2.0,b'W',90.0,300.0,True
140787.0,33.0,2.0,109.7,158.8,43.5,126.6,115.33333333333331,80.33333333333333,5.4,2.44,5.397605346934028e-79,b'',,5.397605346934028e-79,b'',,300.0,True
140788.0,64.0,1.0,91.2,177.4,29.0,106.1,125.33333333333331,68.66666666666667,5.6,3.0,1.0,b'W',60.0,4.0,b'Y',240.0,300.0,True
140790.0,72.0,1.0,89.7,174.9,29.3,105.6,131.66666666666666,68.33333333333333,5.7,1.42,3.0,b'W',30.0,5.397605346934028e-79,b'',,180.0,True
140791.0,1.0,2.0,8.5,,,,,,,0.48,,,,,,,,True
140792.0,56.0,1.0,78.6,182.0,23.7,,106.66666666666669,61.333333333333336,6.0,1.4,3.0,b'W',30.0,2.0,b'W',45.0,120.0,True
140794.0,23.0,2.0,82.7,160.6,32.1,108.0,99.66666666666669,75.0,5.4,1.62,5.0,b'W',60.0,2.0,b'W',60.0,300.0,True
140795.0,70.0,1.0,120.1,187.5,34.2,120.5,107.0,62.0,6.8,1.93,2.0,b'W',20.0,2.0,b'Y',10.0,720.0,True
140796.0,33.0,2.0,76.5,161.6,29.3,86.0,112.0,74.0,5.5,1.73,1.0,b'M',5.0,1.0,b'M',5.0,120.0,True
140797.0,20.0,2.0,66.2,166.6,23.9,83.8,104.0,71.66666666666667,4.5,2.62,3.0,b'W',35.0,1.0,b'W',20.0,360.0,True
140799.0,64.0,1.0,,176.5,,,,,5.5,1.18,3.0,b'M',60.0,5.397605346934028e-79,b'',,120.0,True
140801.0,58.0,1.0,74.3,164.8,27.4,98.2,139.66666666666666,90.0,5.4,1.76,5.397605346934028e-79,b'',,5.397605346934028e-79,b'',,240.0,True
140803.0,57.0,2.0,57.6,162.5,21.8,80.1,137.0,86.33333333333333,5.2,0.58,3.0,b'W',60.0,5.397605346934028e-79,b'',,420.0,True
140804.0,30.0,1.0,82.8,181.5,25.1,96.9,106.66666666666669,76.0,5.0,0.66,6.0,b'W',30.0,3.0,b'W',15.0,600.0,True
140805.0,59.0,1.0,65.6,163.8,24.4,85.7,119.0,76.33333333333333,5.6,0.32,2.0,b'W',60.0,5.397605346934028e-79,b'',,240.0,True
140806.0,13.0,2.0,76.6,164.5,28.3,93.6,90.33333333333331,53.0,5.4,2.08,,,,,,,,True
140807.0,53.0,2.0,104.1,172.7,34.9,118.2,121.66666666666669,84.0,6.3,1.4,5.0,b'W',45.0,1.0,b'W',30.0,600.0,True
140812.0,63.0,2.0,87.7,154.8,36.6,121.0,109.66666666666669,70.33333333333333,5.8,0.63,3.0,b'W',60.0,5.397605346934028e-79,b'',,180.0,True
140813.0,75.0,1.0,47.8,162.2,18.2,75.1,145.33333333333334,78.0,5.7,0.21,5.0,b'W',120.0,5.0,b'W',120.0,180.0,True
140815.0,19.0,1.0,53.0,165.3,19.4,76.6,115.0,54.66666666666666,4.4,3.04,5.397605346934028e-79,b'',,5.397605346934028e-79,b'',,480.0,True
140817.0,44.0,1.0,64.8,161.6,24.8,90.3,115.0,69.33333333333333,5.2,0.68,7.0,b'W',60.0,2.0,b'W',30.0,540.0,True
140818.0,79.0,2.0,65.0,156.6,26.5,91.0,123.66666666666669,42.333333333333336,5.4,1.17,2.0,b'D',30.0,5.397605346934028e-79,b'',,420.0,True
140821.0,80.0,1.0,57.5,167.0,20.6,81.5,114.33333333333331,76.33333333333333,5.6,0.54,7.0,b'W',15.0,5.397605346934028e-79,b'',,300.0,True
140822.0,8.0,1.0,30.0,133.8,16.8,64.5,118.33333333333331,61.333333333333336,,0.52,,,,,,,,True
140823.0,26.0,2.0,77.6,165.2,28.4,91.2,105.33333333333331,72.66666666666667,4.5,1.34,5.0,b'W',60.0,1.0,b'W',45.0,600.0,True
140824.0,24.0,2.0,57.9,167.0,20.8,70.5,101.66666666666669,63.66666666666666,5.0,0.17,4.0,b'W',60.0,1.0,b'W',30.0,480.0,True
140826.0,11.0,1.0,37.0,151.2,16.2,65.4,115.66666666666669,65.33333333333333,,0.48,,,,,,,,True
140827.0,57.0,2.0,51.1,166.5,18.4,70.7,108.0,69.33333333333333,5.2,0.22,1.0,b'D',30.0,5.397605346934028e-79,b'',,540.0,True
140828.0,5.0,1.0,18.3,112.0,14.6,51.4,,,,1.46,,,,,,,,True
140829.0,33.0,2.0,80.1,159.6,31.4,96.8,94.66666666666669,57.333333333333336,5.6,1.54,1.0,b'D',30.0,4.0,b'W',60.0,300.0,True
140830.0,33.0,1.0,84.2,170.0,29.1,99.8,125.33333333333331,74.66666666666667,5.7,6.53,5.397605346934028e-79,b'',,5.397605346934028e-79,b'',,360.0,True
140831.0,41.0,1.0,108.5,191.7,29.5,105.1,126.33333333333331,65.33333333333333,5.2,0.34,1.0,b'D',30.0,2.0,b'W',15.0,180.0,True
140832.0,60.0,2.0,88.0,157.2,35.6,119.5,124.66666666666669,90.0,5.8,1.44,1.0,b'M',120.0,5.397605346934028e-79,b'',,240.0,True
140833.0,62.0,2.0,71.6,154.6,30.0,102.3,123.0,79.66666666666667,5.8,3.9,7.0,b'W',20.0,5.397605346934028e-79,b'',,180.0,True
140834.0,73.0,2.0,73.1,161.6,28.0,101.5,137.0,70.33333333333333,5.5,4.58,4.0,b'W',60.0,1.0,b'W',60.0,120.0,True
140835.0,17.0,1.0,,,,,,,5.6,0.64,,,,,,,,True
140836.0,52.0,2.0,123.1,155.0,51.2,138.6,113.66666666666669,69.66666666666667,6.0,8.19,2.0,b'M',60.0,5.397605346934028e-79,b'',,300.0,True
140838.0,80.0,1.0,96.6,167.2,34.6,122.6,116.0,75.33333333333333,5.7,2.35,5.397605346934028e-79,b'',,5.397605346934028e-79,b'',,480.0,True
140839.0,4.0,2.0,16.6,102.7,15.7,51.8,,,,0.25,,,,,,,,True
140844.0,72.0,1.0,64.8,166.1,23.5,,175.0,67.0,4.9,6.51,1.0,b'W',15.0,5.397605346934028e-79,b'',,240.0,True
140850.0,31.0,2.0,92.8,163.8,34.6,108.6,113.33333333333331,74.66666666666667,5.5,0.85,1.0,b'W',60.0,1.0,b'W',60.0,360.0,True
140851.0,26.0,1.0,98.5,183.2,29.3,95.1,128.0,71.66666666666667,4.9,3.13,4.0,b'W',60.0,1.0,b'W',60.0,300.0,True
140852.0,80.0,2.0,60.3,153.8,25.5,90.3,94.66666666666669,55.333333333333336,6.6,1.11,5.397605346934028e-79,b'',,5.397605346934028e-79,b'',,900.0,True
140853.0,18.0,2.0,49.3,163.0,18.6,72.6,104.0,64.0,5.1,0.52,1.0,b'W',30.0,5.397605346934028e-79,b'',,600.0,True
140854.0,64.0,2.0,56.3,165.6,20.5,81.0,119.66666666666669,82.33333333333333,5.2,0.38,6.0,b'W',60.0,3.0,b'W',20.0,180.0,True
140855.0,27.0,2.0,162.5,180.2,50.0,153.4,104.33333333333331,73.66666666666667,5.2,11.14,7.0,b'W',45.0,5.397605346934028e-79,b'',,240.0,True
140856.0,66.0,2.0,85.3,159.9,33.4,107.0,131.66666666666666,72.33333333333333,5.6,1.38,6.0,b'W',45.0,5.397605346934028e-79,b'',,480.0,True
140857.0,9.0,1.0,34.3,129.9,20.3,74.1,106.66666666666669,71.33333333333333,,0.76,,,,,,,,True
140862.0,33.0,2.0,47.9,160.0,18.7,69.5,94.66666666666669,68.33333333333333,4.8,0.11,3.0,b'W',30.0,2.0,b'W',10.0,480.0,True
140864.0,72.0,2.0,68.3,154.8,28.5,98.4,140.33333333333334,84.33333333333333,5.8,1.48,5.397605346934028e-79,b'',,5.397605346934028e-79,b'',,240.0,True
140866.0,5.0,2.0,25.7,117.4,18.6,59.3,,,,1.14,,,,,,,,True
140867.0,39.0,2.0,105.5,172.5,35.5,123.5,108.66666666666669,63.333333333333336,4.7,3.56,5.397605346934028e-79,b'',,5.397605346934028e-79,b'',,720.0,True
140869.0,19.0,2.0,51.3,163.1,19.3,72.8,99.33333333333331,62.333333333333336,4.9,9.67,3.0,b'W',45.0,1.0,b'W',30.0,720.0,True
140870.0,44.0,2.0,97.1,171.1,33.2,107.4,122.66666666666669,87.66666666666667,5.8,7.2,2.0,b'W',20.0,5.397605346934028e-79,b'',,480.0,True
140871.0,47.0,2.0,55.7,161.8,21.3,76.6,107.66666666666669,66.66666666666667,4.7,0.73,1.0,b'D',40.0,1.0,b'W',120.0,480.0,True
140873.0,66.0,1.0,95.9,175.5,31.1,115.6,119.66666666666669,67.33333333333333,5.5,2.54,5.0,b'W',60.0,5.0,b'W',60.0,480.0,True
140876.0,40.0,1.0,91.0,176.8,29.1,97.2,120.0,72.66666666666667,5.7,1.21,4.0,b'W',60.0,1.0,b'W',30.0,360.0,True
140877.0,17.0,2.0,57.7,159.5,22.7,79.8,116.66666666666669,73.66666666666667,5.1,1.84,,,,,,,,True
140878.0,64.0,2.0,51.4,157.5,20.7,68.7,116.66666666666669,74.0,5.8,0.22,1.0,b'D',20.0,2.0,b'M',5.0,180.0,True
140879.0,72.0,2.0,61.7,144.9,29.4,98.1,108.33333333333331,77.0,5.5,8.08,5.0,b'W',60.0,5.397605346934028e-79,b'',,30.0,True
140884.0,18.0,2.0,71.5,155.8,29.5,85.8,90.66666666666669,62.0,5.2,1.45,2.0,b'W',30.0,2.0,b'M',30.0,120.0,True
140887.0,74.0,2.0,74.1,155.6,30.6,108.9,118.33333333333331,69.66666666666667,5.9,3.15,5.397605346934028e-79,b'',,5.397605346934028e-79,b'',,600.0,True
140888.0,46.0,2.0,65.8,157.7,26.5,100.1,125.66666666666669,80.66666666666667,4.6,6.69,5.397605346934028e-79,b'',,5.397605346934028e-79,b'',,720.0,True
140892.0,41.0,2.0,61.0,163.3,22.9,82.7,116.33333333333331,76.33333333333333,5.2,2.47,6.0,b'W',60.0,4.0,b'W',45.0,480.0,True
140893.0,32.0,2.0,80.6,168.8,28.3,89.5,107.0,67.66666666666667,5.2,0.4,5.0,b'W',60.0,2.0,b'W',30.0,240.0,True
140894.0,46.0,1.0,87.4,170.0,30.2,100.3,117.66666666666669,80.0,5.6,3.01,4.0,b'W',90.0,4.0,b'W',60.0,120.0,True
140895.0,62.0,2.0,71.1,161.0,27.4,92.0,110.0,71.33333333333333,5.5,1.13,4.0,b'W',45.0,1.0,b'W',30.0,240.0,True
140896.0,5.0,2.0,18.0,108.7,15.2,46.8,,,,0.33,,,,,,,,True
140897.0,60.0,2.0,92.0,162.0,35.1,106.3,119.0,76.0,5.2,3.94,2.0,b'W',15.0,2.0,b'W',15.0,480.0,True
140898.0,42.0,2.0,79.0,164.4,29.2,102.9,120.66666666666669,87.66666666666667,5.3,5.04,4.0,b'W',45.0,2.0,b'W',6.0,540.0,True
140899.0,11.0,1.0,53.2,148.7,24.1,84.5,99.33333333333331,62.333333333333336,,3.35,,,,,,,,True
140901.0,6.0,1.0,24.8,122.8,16.4,58.2,,,,0.26,,,,,,,,True
140902.0,31.0,1.0,96.0,185.4,27.9,87.0,151.66666666666666,96.0,5.3,3.83,7.0,b'W',300.0,2.0,b'W',180.0,60.0,True
140903.0,17.0,1.0,85.4,167.3,30.5,97.5,123.33333333333331,70.33333333333333,5.4,2.53,,,,,,,,True
140904.0,59.0,2.0,88.7,154.4,37.2,117.0,122.0,80.66666666666667,7.1,0.59,3.0,b'W',30.0,5.397605346934028e-79,b'',,120.0,True
140905.0,68.0,2.0,99.7,162.9,37.6,104.0,125.66666666666669,72.0,5.7,5.45,3.0,b'W',30.0,3.0,b'W',60.0,240.0,True
140906.0,50.0,1.0,110.0,167.0,39.4,122.9,142.33333333333334,90.33333333333331,6.5,11.16,7.0,b'W',30.0,2.0,b'W',30.0,180.0,True
140907.0,80.0,1.0,95.4,178.1,30.1,,113.33333333333331,72.33333333333333,5.2,1.44,5.397605346934028e-79,b'',,5.397605346934028e-79,b'',,420.0,True
140908.0,10.0,1.0,37.3,150.4,16.5,61.7,98.66666666666669,67.33333333333333,,0.24,,,,,,,,True
140909.0,65.0,2.0,60.0,162.7,22.7,96.7,128.66666666666666,74.0,5.1,1.68,1.0,b'W',60.0,5.397605346934028e-79,b'',,240.0,True
140910.0,67.0,2.0,44.1,163.0,16.6,77.8,112.66666666666669,72.33333333333333,5.0,0.18,5.397605346934028e-79,b'',,5.397605346934028e-79,b'',,240.0,True
140912.0,31.0,1.0,84.9,177.0,27.1,92.8,125.33333333333331,89.66666666666667,4.9,2.17,5.0,b'W',60.0,2.0,b'W',60.0,960.0,True
140913.0,45.0,1.0,87.0,182.7,26.1,92.8,119.33333333333331,73.66666666666667,5.2,0.81,7.0,b'W',45.0,5.397605346934028e-79,b'',,180.0,True
140914.0,78.0,2.0,46.9,160.1,18.3,76.7,150.0,74.33333333333333,5.6,0.92,5.0,b'W',20.0,5.397605346934028e-79,b'',,300.0,True
140915.0,67.0,1.0,59.2,170.7,20.3,87.6,105.0,63.333333333333336,5.4,1.52,1.0,b'D',30.0,5.397605346934028e-79,b'',,300.0,True
140917.0,7.0,2.0,35.8,125.5,22.7,79.3,,,,0.75,,,,,,,,True
140918.0,53.0,1.0,98.4,168.4,34.7,119.3,112.33333333333331,73.66666666666667,5.9,2.38,5.397605346934028e-79,b'',,5.397605346934028e-79,b'',,720.0,True
140919.0,67.0,2.0,64.5,160.4,25.1,83.0,110.66666666666669,69.33333333333333,5.3,0.44,5.0,b'W',45.0,5.0,b'W',45.0,360.0,True
140920.0,41.0,2.0,126.9,178.6,39.8,120.5,113.66666666666669,75.66666666666667,5.3,1.15,2.0,b'W',30.0,2.0,b'M',20.0,240.0,True
140921.0,4.0,2.0,23.9,111.5,19.2,,,,,0.37,,,,,,,,True
140924.0,60.0,1.0,103.6,190.8,28.5,108.4,131.66666666666666,78.33333333333333,5.4,2.53,1.0,b'W',30.0,5.397605346934028e-79,b'',,180.0,True
140925.0,54.0,2.0,112.0,168.1,39.6,129.0,137.66666666666666,96.66666666666669,6.2,16.39,3.0,b'W',20.0,5.397605346934028e-79,b'',,300.0,True
140928.0,80.0,1.0,70.4,169.2,24.6,92.7,128.0,65.66666666666667,5.8,0.35,1.0,b'D',36.0,1.0,b'D',300.0,120.0,True
140930.0,26.0,1.0,99.3,186.0,28.7,91.5,127.33333333333331,70.66666666666667,5.2,1.34,1.0,b'D',120.0,1.0,b'D',30.0,480.0,True
140931.0,66.0,2.0,84.8,158.3,33.8,110.8,152.0,82.66666666666667,5.3,4.08,2.0,b'W',30.0,2.0,b'M',15.0,720.0,True
140934.0,64.0,1.0,106.0,178.8,33.2,113.8,135.33333333333334,77.0,7.9,1.3,5.397605346934028e-79,b'',,5.397605346934028e-79,b'',,120.0,True
140935.0,52.0,2.0,113.8,167.6,40.5,125.0,124.0,92.0,5.7,14.09,3.0,b'M',20.0,5.397605346934028e-79,b'',,480.0,True
140937.0,63.0,1.0,122.8,182.4,36.9,129.7,110.33333333333331,65.66666666666667,11.9,5.1,5.397605346934028e-79,b'',,5.397605346934028e-79,b'',,300.0,True
140938.0,12.0,2.0,70.2,156.7,28.6,84.7,110.33333333333331,66.66666666666667,5.3,2.36,,,,,,,,True
140941.0,18.0,1.0,104.1,168.4,36.7,105.9,108.0,61.333333333333336,4.8,0.95,1.0,b'W',90.0,1.0,b'W',30.0,300.0,True
140942.0,55.0,2.0,72.4,164.8,26.7,95.8,118.0,61.0,5.8,1.38,2.0,b'W',20.0,1.0,b'W',20.0,90.0,True
140945.0,76.0,1.0,87.0,169.1,30.4,108.3,126.66666666666669,81.66666666666667,6.0,1.56,4.0,b'W',30.0,5.397605346934028e-79,b'',,420.0,True
140946.0,56.0,1.0,107.3,185.5,31.2,115.1,125.0,79.33333333333333,5.2,0.74,4.0,b'W',90.0,4.0,b'W',30.0,720.0,True
140947.0,50.0,2.0,67.4,158.6,26.8,83.3,103.33333333333331,64.66666666666667,5.1,4.79,5.397605346934028e-79,b'',,5.397605346934028e-79,b'',,240.0,True
140948.0,19.0,2.0,67.6,161.0,26.1,86.6,99.66666666666669,63.333333333333336,5.2,1.6,5.397605346934028e-79,b'',,5.397605346934028e-79,b'',,240.0,True
140950.0,25.0,2.0,90.6,178.3,28.5,90.3,106.33333333333331,74.0,4.8,7.64,1.0,b'W',180.0,1.0,b'W',30.0,300.0,True
140953.0,40.0,2.0,60.4,164.2,22.4,81.0,111.33333333333331,67.33333333333333,5.8,3.16,5.397605346934028e-79,b'',,5.397605346934028e-79,b'',,90.0,True
140955.0,12.0,1.0,43.0,163.3,16.1,58.4,112.66666666666669,51.0,5.0,0.11,,,,,,,,True
140956.0,28.0,1.0,75.5,175.6,24.5,85.0,122.0,76.33333333333333,5.5,0.53,1.0,b'D',45.0,1.0,b'D',15.0,360.0,True
140959.0,10.0,2.0,50.8,160.4,19.7,70.6,115.66666666666669,66.33333333333333,,0.11,,,,,,,,True
140960.0,32.0,1.0,116.0,174.0,38.3,120.7,125.66666666666669,89.66666666666667,5.6,4.26,2.0,b'W',120.0,2.0,b'W',60.0,480.0,True
140961.0,68.0,2.0,88.5,155.6,36.6,109.6,123.33333333333331,70.0,5.4,0.64,5.0,b'W',60.0,5.397605346934028e-79,b'',,600.0,True
140962.0,17.0,1.0,83.4,175.6,27.0,92.6,121.33333333333331,79.33333333333333,5.5,0.54,,,,,,,,True
140964.0,79.0,1.0,111.9,174.3,36.8,,124.0,65.33333333333333,5.6,5.65,5.0,b'W',15.0,2.0,b'W',15.0,720.0,True
140965.0,52.0,2.0,81.0,151.5,35.3,99.8,136.33333333333334,93.0,6.2,3.54,5.0,b'W',30.0,2.0,b'W',25.0,120.0,True
140966.0,14.0,1.0,71.3,,,,107.33333333333331,64.33333333333333,5.7,0.48,,,,,,,,True
140968.0,34.0,2.0,79.2,153.8,33.5,115.1,115.66666666666669,84.0,5.9,4.99,5.397605346934028e-79,b'',,5.397605346934028e-79,b'',,720.0,True
140970.0,66.0,1.0,78.5,167.6,27.9,108.2,141.33333333333334,73.0,5.1,1.61,7.0,b'W',30.0,5.397605346934028e-79,b'',,60.0,True
140972.0,10.0,2.0,48.1,152.5,20.7,73.8,112.0,65.33333333333333,,1.39,,,,,,,,True
140975.0,62.0,1.0,78.5,171.5,26.7,103.2,115.33333333333331,76.0,5.7,8.18,5.397605346934028e-79,b'',,5.397605346934028e-79,b'',,420.0,True
140976.0,16.0,2.0,53.0,157.4,21.4,69.5,98.33333333333331,57.66666666666666,4.9,0.34,,,,,,,,True
140978.0,59.0,2.0,122.8,163.6,45.9,138.1,112.66666666666669,73.0,7.3,33.38,3.0,b'W',20.0,5.397605346934028e-79,b'',,360.0,True
140980.0,63.0,1.0,95.9,190.8,26.3,103.2,131.66666666666666,66.0,6.1,1.1,3.0,b'W',60.0,5.397605346934028e-79,b'',,300.0,True
140984.0,17.0,1.0,72.5,170.1,25.1,97.6,102.0,55.0,4.9,1.25,,,,,,,,True
140986.0,42.0,1.0,74.2,178.0,23.4,85.1,119.33333333333331,73.66666666666667,4.9,1.0,4.0,b'W',120.0,5.397605346934028e-79,b'',,120.0,True
140987.0,70.0,1.0,92.8,174.3,30.5,113.4,101.66666666666669,54.0,7.3,2.77,1.0,b'W',240.0,5.397605346934028e-79,b'',,360.0,True
140988.0,9.0,2.0,40.6,144.4,19.5,73.0,105.0,64.66666666666667,,0.35,,,,,,,,True
140989.0,43.0,2.0,43.9,143.9,21.2,75.7,147.66666666666666,90.33333333333331,4.8,8.26,2.0,b'D',5.0,1.0,b'D',4.0,300.0,True
140991.0,42.0,2.0,44.4,153.4,18.9,71.9,111.66666666666669,66.33333333333333,5.5,0.15,1.0,b'D',10.0,5.397605346934028e-79,b'',,300.0,True
140992.0,80.0,2.0,117.5,165.2,43.1,131.9,115.66666666666669,64.0,8.1,1.64,3.0,b'W',60.0,5.397605346934028e-79,b'',,600.0,True
140995.0,41.0,2.0,66.4,151.4,29.0,95.0,107.0,58.66666666666666,5.4,10.7,3.0,b'D',30.0,5.397605346934028e-79,b'',,120.0,True
140996.0,73.0,1.0,99.9,182.2,30.1,117.2,130.66666666666666,75.33333333333333,6.7,4.79,3.0,b'W',240.0,5.397605346934028e-79,b'',,600.0,True
140997.0,52.0,2.0,111.2,170.3,38.3,125.7,104.0,68.33333333333333,5.3,5.69,1.0,b'D',60.0,2.0,b'W',20.0,540.0,True
140999.0,10.0,2.0,35.5,148.0,16.2,62.8,116.0,64.33333333333333,,0.16,,,,,,,,True
141001.0,32.0,2.0,84.8,165.0,31.1,112.0,112.0,75.33333333333333,4.9,1.4,9999.0,b'',,5.397605346934028e-79,b'',,720.0,True
141003.0,30.0,2.0,121.2,170.2,41.8,128.2,97.33333333333331,67.0,5.4,7.97,5.0,b'W',40.0,2.0,b'W',30.0,840.0,True
141004.0,1.0,2.0,10.7,,,,,,,2.77,,,,,,,,True
141005.0,11.0,1.0,87.7,156.3,35.9,115.3,112.0,73.66666666666667,,3.08,,,,,,,,True
141006.0,80.0,1.0,67.2,167.2,24.0,95.6,171.66666666666666,91.33333333333331,5.1,0.96,4.0,b'W',240.0,5.397605346934028e-79,b'',,480.0,True
141007.0,17.0,1.0,80.1,187.8,22.7,79.1,115.33333333333331,68.0,5.4,0.76,,,,,,,,True
141008.0,58.0,1.0,60.5,167.1,21.7,86.4,,,6.1,5.02,1.0,b'W',9999.0,1.0,b'W',480.0,240.0,True
141010.0,72.0,1.0,73.9,159.8,28.9,100.5,122.33333333333331,69.66666666666667,6.2,0.26,1.0,b'W',60.0,1.0,b'M',240.0,300.0,True
141011.0,61.0,2.0,64.5,159.5,25.4,85.9,122.0,70.66666666666667,5.6,8.95,5.397605346934028e-79,b'',,5.397605346934028e-79,b'',,120.0,True
141012.0,36.0,1.0,77.1,182.0,23.3,78.0,115.33333333333331,67.66666666666667,5.3,0.27,3.0,b'W',120.0,2.0,b'W',120.0,600.0,True
141014.0,61.0,1.0,84.0,184.4,24.7,95.9,119.33333333333331,75.0,5.2,0.44,6.0,b'W',120.0,4.0,b'W',45.0,240.0,True
141015.0,72.0,1.0,67.3,176.2,21.7,90.3,,,5.8,11.48,5.397605346934028e-79,b'',,5.397605346934028e-79,b'',,720.0,True
141017.0,14.0,2.0,61.7,161.5,23.7,83.2,89.66666666666667,56.66666666666666,5.6,0.11,,,,,,,,True
141021.0,54.0,1.0,72.1,167.9,25.6,88.5,138.66666666666666,87.0,5.3,0.64,3.0,b'M',120.0,5.0,b'M',90.0,840.0,True
141022.0,12.0,2.0,41.8,153.5,17.7,66.7,105.66666666666669,55.0,5.3,0.24,,,,,,,,True
141024.0,49.0,1.0,111.1,184.2,32.7,105.0,163.66666666666666,94.66666666666669,5.4,1.58,5.0,b'W',30.0,5.397605346934028e-79,b'',,240.0,True
141027.0,59.0,1.0,80.4,169.3,28.1,94.2,131.66666666666666,75.33333333333333,5.6,0.88,3.0,b'D',30.0,2.0,b'W',60.0,240.0,True
141028.0,59.0,2.0,65.2,147.0,30.2,103.4,130.66666666666666,86.33333333333333,8.2,7.07,3.0,b'W',30.0,5.397605346934028e-79,b'',,120.0,True
141030.0,18.0,2.0,47.6,157.2,19.3,68.3,97.0,54.333333333333336,5.0,0.44,1.0,b'M',60.0,5.397605346934028e-79,b'',,540.0,True
141031.0,49.0,1.0,97.3,179.7,30.1,98.5,138.66666666666666,102.66666666666669,6.3,0.85,3.0,b'W',60.0,1.0,b'W',60.0,600.0,True
141032.0,45.0,1.0,76.9,178.4,24.2,84.0,110.33333333333331,63.333333333333336,4.6,0.6,12.0,b'W',30.0,1.0,b'W',30.0,600.0,True
141033.0,70.0,1.0,91.9,171.3,31.3,113.0,121.66666666666669,70.33333333333333,5.7,1.13,5.0,b'W',45.0,1.0,b'D',30.0,540.0,True
141038.0,15.0,2.0,79.9,162.5,30.3,100.4,,,5.6,1.16,,,,,,,,True
141039.0,80.0,2.0,51.4,151.6,22.4,90.5,153.33333333333334,74.66666666666667,5.8,0.56,7.0,b'W',30.0,5.397605346934028e-79,b'',,360.0,True
141040.0,28.0,1.0,128.2,183.1,38.2,129.9,133.66666666666666,90.0,5.6,6.44,1.0,b'W',30.0,3.0,b'M',60.0,720.0,True
141041.0,55.0,2.0,64.4,144.9,30.7,99.4,114.33333333333331,69.0,5.7,4.58,5.0,b'W',120.0,3.0,b'W',120.0,120.0,True
141042.0,8.0,2.0,36.3,142.1,18.0,64.1,121.66666666666669,72.66666666666667,,0.5,,,,,,,,True
141043.0,16.0,2.0,120.7,176.4,38.8,118.0,101.33333333333331,67.66666666666667,5.5,2.0,,,,,,,,True
141047.0,80.0,2.0,74.0,156.7,30.1,110.0,137.0,59.0,5.7,4.36,3.0,b'W',120.0,2.0,b'W',60.0,600.0,True
141048.0,60.0,2.0,63.9,164.8,23.5,85.9,115.33333333333331,75.33333333333333,5.1,4.95,1.0,b'D',60.0,9999.0,b'',,180.0,True
141049.0,61.0,1.0,56.6,159.7,22.2,76.8,147.0,82.66666666666667,5.7,0.92,5.397605346934028e-79,b'',,5.397605346934028e-79,b'',,120.0,True
141050.0,62.0,1.0,102.9,175.0,33.6,117.3,147.33333333333334,81.0,5.3,2.68,2.0,b'W',120.0,5.397605346934028e-79,b'',,360.0,True
141051.0,68.0,1.0,114.9,174.0,38.0,127.0,126.0,77.66666666666667,5.9,0.94,3.0,b'W',3.0,5.397605346934028e-79,b'',,210.0,True
141052.0,15.0,1.0,57.3,175.4,18.6,74.5,116.33333333333331,72.66666666666667,5.3,0.29,,,,,,,,True
141053.0,18.0,1.0,90.5,173.1,30.2,96.4,105.0,57.333333333333336,5.5,0.53,4.0,b'W',120.0,2.0,b'W',60.0,300.0,True
141055.0,13.0,1.0,76.5,166.7,27.5,91.1,115.66666666666669,73.66666666666667,5.3,1.1,,,,,,,,True
141058.0,42.0,1.0,84.9,179.7,26.3,88.2,111.66666666666669,64.33333333333333,4.7,1.36,5.0,b'W',60.0,4.0,b'W',60.0,600.0,True
141060.0,65.0,2.0,57.0,149.9,25.4,85.4,125.0,75.33333333333333,5.7,2.38,5.0,b'W',75.0,2.0,b'W',60.0,600.0,True
141061.0,44.0,2.0,66.6,167.6,23.7,86.2,105.0,66.66666666666667,4.9,0.29,4.0,b'W',30.0,5.397605346934028e-79,b'',,120.0,True
141062.0,63.0,2.0,57.7,153.2,24.6,86.8,139.66666666666666,69.0,5.1,0.99,2.0,b'Y',60.0,2.0,b'W',60.0,60.0,True
141065.0,50.0,1.0,85.6,169.0,30.0,105.0,112.33333333333331,65.66666666666667,6.0,2.51,5.0,b'W',60.0,5.397605346934028e-79,b'',,180.0,True
141066.0,74.0,1.0,83.2,170.3,28.7,105.4,109.33333333333331,62.66666666666666,5.9,0.3,1.0,b'W',120.0,5.397605346934028e-79,b'',,180.0,True
141067.0,17.0,2.0,67.8,164.6,25.0,77.4,101.0,53.66666666666666,5.2,0.88,,,,,,,,True
141068.0,75.0,2.0,76.0,166.7,27.3,97.1,154.66666666666666,69.0,6.2,0.5,3.0,b'W',90.0,5.397605346934028e-79,b'',,360.0,True
141069.0,41.0,2.0,61.1,155.0,25.4,88.0,,,5.1,0.56,5.0,b'W',30.0,2.0,b'W',60.0,120.0,True
141070.0,29.0,2.0,80.0,161.4,30.7,97.2,,,5.6,6.54,3.0,b'W',90.0,1.0,b'W',30.0,240.0,True
141071.0,42.0,1.0,81.2,172.1,27.4,100.5,115.66666666666669,75.33333333333333,5.4,0.82,1.0,b'W',20.0,1.0,b'M',10.0,60.0,True
141072.0,19.0,2.0,92.9,163.4,34.8,88.0,108.33333333333331,68.0,5.3,0.63,5.397605346934028e-79,b'',,5.397605346934028e-79,b'',,240.0,True
141073.0,72.0,1.0,64.6,168.0,22.9,88.4,141.66666666666666,84.0,8.7,0.27,7.0,b'W',120.0,1.0,b'W',60.0,240.0,True
141075.0,61.0,1.0,89.6,174.0,29.6,107.3,112.33333333333331,75.33333333333333,5.2,0.59,5.0,b'W',40.0,5.397605346934028e-79,b'',,240.0,True
141076.0,10.0,2.0,41.3,150.7,18.2,58.0,107.66666666666669,62.66666666666666,,0.11,,,,,,,,True
141077.0,58.0,1.0,112.8,161.8,43.1,127.2,99.66666666666669,54.0,5.3,3.12,5.397605346934028e-79,b'',,5.397605346934028e-79,b'',,300.0,True
141078.0,5.0,2.0,22.8,120.2,15.8,54.2,,,,0.7,,,,,,,,True
141079.0,77.0,2.0,72.7,164.5,26.9,99.5,115.33333333333331,65.33333333333333,6.0,1.09,5.397605346934028e-79,b'',,5.397605346934028e-79,b'',,240.0,True
141081.0,70.0,1.0,96.5,173.8,31.9,111.7,100.0,59.0,6.0,0.66,2.0,b'D',60.0,1.0,b'W',30.0,360.0,True
141083.0,8.0,2.0,46.5,131.4,26.9,81.3,99.66666666666669,69.0,,2.76,,,,,,,,True
141085.0,80.0,1.0,112.9,168.6,39.7,129.1,167.0,59.66666666666666,6.9,6.67,2.0,b'W',30.0,5.397605346934028e-79,b'',,300.0,True
141088.0,58.0,2.0,83.6,172.7,28.0,105.5,100.66666666666669,71.0,6.0,3.27,5.397605346934028e-79,b'',,5.397605346934028e-79,b'',,540.0,True
141089.0,54.0,2.0,53.9,156.8,21.9,87.8,123.33333333333331,78.0,6.7,0.84,1.0,b'D',240.0,1.0,b'D',60.0,30.0,True
141090.0,17.0,1.0,63.7,185.1,18.6,70.1,119.33333333333331,66.33333333333333,4.8,0.39,,,,,,,,True
141092.0,18.0,2.0,,,,,,,5.2,0.57,5.397605346934028e-79,b'',,5.397605346934028e-79,b'',,240.0,True
141093.0,22.0,1.0,58.6,172.0,19.8,69.3,108.0,62.66666666666666,4.6,0.23,1.0,b'W',60.0,2.0,b'W',60.0,300.0,True
141095.0,38.0,2.0,65.7,165.6,24.0,81.0,120.33333333333331,74.66666666666667,5.3,13.37,2.0,b'W',120.0,5.397605346934028e-79,b'',,120.0,True
141096.0,34.0,2.0,59.0,162.4,22.4,80.0,107.0,72.33333333333333,4.8,0.28,1.0,b'D',30.0,4.0,b'W',30.0,120.0,True
141097.0,60.0,2.0,71.5,155.4,29.6,100.7,121.66666666666669,80.33333333333333,5.7,5.0,2.0,b'W',180.0,1.0,b'W',30.0,540.0,True
141100.0,56.0,1.0,142.6,170.3,49.2,151.9,133.66666666666666,97.33333333333331,5.7,5.47,2.0,b'W',30.0,1.0,b'W',30.0,240.0,True
141101.0,59.0,2.0,79.8,160.0,31.2,107.1,129.66666666666666,93.33333333333331,5.6,0.69,2.0,b'W',30.0,5.397605346934028e-79,b'',,360.0,True
141102.0,16.0,2.0,100.7,169.2,35.2,110.0,101.66666666666669,64.66666666666667,5.2,3.48,,,,,,,,True
141103.0,13.0,1.0,82.9,169.4,28.9,101.0,115.66666666666669,68.0,5.3,0.33,,,,,,,,True
141106.0,15.0,1.0,101.8,174.5,33.4,105.7,115.33333333333331,63.66666666666666,5.7,6.6,,,,,,,,True
141109.0,10.0,1.0,61.2,142.4,30.2,89.0,100.33333333333331,63.333333333333336,,0.82,,,,,,,,True
141110.0,65.0,2.0,68.9,171.2,23.5,92.0,129.33333333333334,72.33333333333333,6.5,0.24,5.397605346934028e-79,b'',,5.397605346934028e-79,b'',,300.0,True
141113.0,49.0,1.0,80.3,176.8,25.7,89.6,130.33333333333334,89.66666666666667,5.3,1.12,3.0,b'W',60.0,3.0,b'W',90.0,120.0,True
141114.0,65.0,1.0,84.6,180.7,25.9,99.5,104.0,59.0,6.6,2.58,3.0,b'W',45.0,5.397605346934028e-79,b'',,600.0,True
141115.0,33.0,2.0,62.1,159.8,24.3,86.4,100.0,56.66666666666666,5.5,1.9,4.0,b'W',60.0,5.397605346934028e-79,b'',,180.0,True
141116.0,53.0,2.0,71.0,157.6,28.6,96.9,108.0,71.66666666666667,5.4,0.77,5.397605346934028e-79,b'',,5.397605346934028e-79,b'',,40.0,True
141117.0,34.0,2.0,116.1,174.6,38.1,117.3,101.66666666666669,76.33333333333333,5.5,7.81,4.0,b'M',15.0,5.397605346934028e-79,b'',,300.0,True
141120.0,53.0,1.0,54.3,172.4,18.3,67.6,152.0,89.33333333333333,5.9,0.51,2.0,b'D',120.0,5.397605346934028e-79,b'',,240.0,True
141121.0,30.0,1.0,85.9,178.0,27.1,94.7,109.33333333333331,55.0,5.0,1.47,1.0,b'M',90.0,5.397605346934028e-79,b'',,240.0,True
141122.0,46.0,1.0,87.0,172.5,29.2,105.3,126.0,86.0,5.5,1.68,3.0,b'D',15.0,5.0,b'W',45.0,360.0,True
141123.0,54.0,2.0,45.3,158.0,18.1,81.7,93.0,54.0,8.3,0.27,5.397605346934028e-79,b'',,5.397605346934028e-79,b'',,15.0,True
141125.0,11.0,2.0,47.2,157.2,19.1,70.7,103.66666666666669,61.0,,2.76,,,,,,,,True
141126.0,55.0,2.0,52.8,154.1,22.2,80.1,113.0,65.66666666666667,6.1,0.49,4.0,b'W',30.0,2.0,b'M',35.0,600.0,True
141127.0,71.0,2.0,78.3,164.4,29.0,105.3,97.33333333333331,74.33333333333333,5.5,3.31,2.0,b'W',30.0,2.0,b'W',30.0,300.0,True
141129.0,61.0,1.0,76.1,187.3,21.7,92.7,106.33333333333331,74.33333333333333,5.4,0.66,4.0,b'W',60.0,5.397605346934028e-79,b'',,600.0,True
141130.0,59.0,2.0,69.8,158.6,27.7,103.5,103.66666666666669,75.66666666666667,5.8,6.62,2.0,b'W',30.0,5.397605346934028e-79,b'',,180.0,True
141131.0,19.0,1.0,85.3,161.3,32.8,101.5,99.0,55.66666666666666,5.0,0.85,5.0,b'W',360.0,1.0,b'D',60.0,240.0,True
141133.0,55.0,1.0,86.1,180.3,26.5,103.9,169.66666666666666,107.66666666666669,4.9,0.62,1.0,b'M',30.0,5.397605346934028e-79,b'',,240.0,True
141134.0,70.0,1.0,65.8,173.1,22.0,88.4,167.33333333333334,82.33333333333333,6.7,10.84,3.0,b'W',60.0,3.0,b'M',120.0,300.0,True
141135.0,68.0,2.0,72.2,158.1,28.9,97.2,115.66666666666669,73.0,6.7,12.68,5.397605346934028e-79,b'',,5.397605346934028e-79,b'',,60.0,True
141136.0,28.0,1.0,87.3,172.2,29.4,99.1,109.33333333333331,74.0,5.1,1.21,4.0,b'W',60.0,1.0,b'W',60.0,240.0,True
141138.0,4.0,2.0,15.9,102.2,15.2,49.9,,,,0.22,,,,,,,,True
141139.0,30.0,2.0,103.4,165.8,37.6,103.2,107.66666666666669,77.33333333333333,5.3,1.73,2.0,b'W',30.0,5.397605346934028e-79,b'',,480.0,True
141140.0,7.0,1.0,37.9,136.8,20.3,70.3,,,,0.35,,,,,,,,True
141141.0,51.0,2.0,60.7,159.6,23.8,82.4,104.66666666666669,65.66666666666667,5.5,3.68,1.0,b'M',120.0,2.0,b'Y',60.0,300.0,True
141142.0,11.0,1.0,39.4,153.5,16.7,64.1,100.66666666666669,59.66666666666666,,0.57,,,,,,,,True
141144.0,80.0,2.0,83.2,158.0,33.3,107.6,152.33333333333334,75.66666666666667,5.5,2.72,5.397605346934028e-79,b'',,5.397605346934028e-79,b'',,840.0,True
141145.0,61.0,2.0,68.8,157.5,27.7,94.8,100.66666666666669,66.0,5.4,13.01,5.397605346934028e-79,b'',,5.397605346934028e-79,b'',,420.0,True
141146.0,29.0,2.0,64.2,161.3,24.7,84.8,110.66666666666669,61.0,5.2,1.3,2.0,b'W',30.0,5.397605346934028e-79,b'',,180.0,True
141148.0,48.0,1.0,123.3,187.0,35.3,124.7,121.66666666666669,82.66666666666667,4.9,1.22,5.397605346934028e-79,b'',,5.397605346934028e-79,b'',,660.0,True
141150.0,35.0,2.0,61.1,176.4,19.6,74.8,102.0,62.0,5.2,0.32,3.0,b'W',60.0,5.397605346934028e-79,b'',,420.0,True
141151.0,52.0,1.0,87.9,170.6,30.2,107.4,122.66666666666669,82.66666666666667,5.7,1.15,3.0,b'W',60.0,2.0,b'W',60.0,600.0,True
141155.0,12.0,2.0,36.1,152.8,15.5,62.0,105.0,56.0,5.2,0.16,,,,,,,,True
141159.0,71.0,1.0,76.2,180.1,23.5,98.9,160.0,95.66666666666669,4.8,4.48,5.397605346934028e-79,b'',,5.397605346934028e-79,b'',,420.0,True
141163.0,20.0,1.0,96.1,181.6,29.1,98.6,123.33333333333331,70.33333333333333,5.2,1.0,5.0,b'W',60.0,2.0,b'W',30.0,120.0,True
141165.0,58.0,2.0,71.6,163.0,26.9,91.9,108.0,58.66666666666666,5.0,1.05,3.0,b'D',30.0,3.0,b'W',60.0,300.0,True
141166.0,39.0,2.0,68.3,162.1,26.0,89.3,121.33333333333331,78.66666666666667,5.3,5.01,5.397605346934028e-79,b'',,5.397605346934028e-79,b'',,180.0,True
141167.0,30.0,1.0,58.4,174.1,19.3,72.0,125.66666666666669,79.0,5.4,0.43,5.0,b'M',60.0,3.0,b'M',60.0,720.0,True
141168.0,34.0,2.0,78.0,158.8,30.9,100.4,175.0,104.33333333333331,5.8,4.62,1.0,b'D',15.0,5.397605346934028e-79,b'',,60.0,True
141170.0,70.0,1.0,103.5,177.4,32.9,121.5,104.33333333333331,67.66666666666667,5.6,3.92,5.0,b'W',60.0,5.397605346934028e-79,b'',,780.0,True
141172.0,29.0,2.0,77.3,167.1,27.7,101.0,118.33333333333331,67.0,5.1,2.22,3.0,b'W',60.0,2.0,b'M',60.0,480.0,True
141174.0,64.0,1.0,84.1,163.1,31.6,104.7,129.0,73.33333333333333,5.6,2.71,7.0,b'W',30.0,5.397605346934028e-79,b'',,120.0,True
141176.0,73.0,1.0,87.7,171.4,29.9,109.6,101.0,54.333333333333336,5.6,1.7,3.0,b'W',120.0,2.0,b'M',60.0,360.0,True
141177.0,70.0,2.0,77.0,162.3,29.2,106.5,155.66666666666666,76.33333333333333,5.4,0.17,1.0,b'W',60.0,1.0,b'W',30.0,240.0,True
141178.0,59.0,2.0,86.3,166.4,31.2,103.9,111.0,80.33333333333333,6.3,2.73,1.0,b'W',45.0,2.0,b'M',30.0,480.0,True
141179.0,55.0,2.0,62.5,159.0,24.7,91.6,136.33333333333334,87.66666666666667,5.0,2.69,5.0,b'W',25.0,5.397605346934028e-79,b'',,720.0,True
141180.0,57.0,1.0,124.3,185.3,36.2,131.4,138.33333333333334,91.66666666666669,5.3,8.84,7.0,b'W',20.0,5.397605346934028e-79,b'',,720.0,True
141181.0,14.0,1.0,36.4,149.3,16.3,64.0,88.66666666666667,60.66666666666666,5.6,0.16,,,,,,,,True
141183.0,30.0,2.0,58.5,162.8,22.1,76.2,110.0,70.33333333333333,4.7,0.46,5.0,b'W',20.0,2.0,b'M',30.0,300.0,True
141184.0,79.0,1.0,101.1,173.4,33.6,118.9,156.0,75.0,7.2,0.89,3.0,b'M',60.0,5.397605346934028e-79,b'',,480.0,True
141186.0,71.0,2.0,95.1,151.1,41.7,125.4,132.33333333333334,66.0,6.2,1.66,5.397605346934028e-79,b'',,5.397605346934028e-79,b'',,480.0,True
141187.0,74.0,1.0,109.2,185.9,31.6,119.9,163.0,108.0,5.7,0.48,3.0,b'M',180.0,5.397605346934028e-79,b'',,240.0,True
141189.0,34.0,2.0,77.6,163.2,29.1,90.7,118.0,74.0,5.4,0.69,3.0,b'W',60.0,4.0,b'W',60.0,60.0,True
141191.0,3.0,2.0,13.6,91.5,16.2,47.3,,,,8.77,,,,,,,,True
141193.0,37.0,1.0,96.9,166.3,35.0,110.4,109.66666666666669,66.0,,2.99,5.397605346934028e-79,b'',,5.397605346934028e-79,b'',,480.0,True
141194.0,57.0,1.0,101.9,180.7,31.2,103.0,123.0,70.0,6.0,3.42,4.0,b'W',180.0,2.0,b'M',30.0,180.0,True
141196.0,54.0,2.0,86.5,160.1,33.7,99.1,102.33333333333331,59.66666666666666,5.2,0.85,3.0,b'W',45.0,1.0,b'W',45.0,480.0,True
141197.0,39.0,2.0,118.9,163.0,44.8,134.1,114.33333333333331,85.0,5.5,9.53,3.0,b'W',30.0,5.397605346934028e-79,b'',,780.0,True
141198.0,9.0,2.0,30.2,144.5,14.5,60.9,104.33333333333331,61.0,,0.23,,,,,,,,True
141199.0,68.0,1.0,79.5,163.3,29.8,104.5,111.0,46.333333333333336,7.1,0.67,3.0,b'M',60.0,5.397605346934028e-79,b'',,240.0,True
141201.0,80.0,1.0,64.5,,,90.7,124.66666666666669,46.0,5.6,19.84,5.397605346934028e-79,b'',,5.397605346934028e-79,b'',,480.0,True
141203.0,12.0,1.0,61.5,158.3,24.5,89.5,114.0,64.66666666666667,5.2,0.48,,,,,,,,True
141205.0,71.0,2.0,72.7,162.7,27.5,92.2,124.66666666666669,60.333333333333336,5.7,2.25,1.0,b'W',300.0,5.397605346934028e-79,b'',,480.0,True
141208.0,59.0,1.0,82.6,177.7,26.2,97.4,119.33333333333331,74.0,5.4,0.41,3.0,b'W',120.0,1.0,b'W',60.0,240.0,True
141210.0,80.0,1.0,77.0,176.0,24.9,102.6,121.0,70.33333333333333,6.5,0.9,2.0,b'W',120.0,5.397605346934028e-79,b'',,240.0,True
141211.0,78.0,2.0,58.5,158.6,23.3,85.5,107.0,62.66666666666666,4.9,1.67,2.0,b'W',60.0,1.0,b'M',10.0,480.0,True
141213.0,41.0,1.0,116.8,186.4,33.6,110.5,113.33333333333331,72.33333333333333,5.4,1.53,4.0,b'W',30.0,2.0,b'W',20.0,360.0,True
141214.0,18.0,2.0,43.6,151.6,19.0,71.3,102.33333333333331,60.0,5.8,0.49,1.0,b'W',5.0,5.397605346934028e-79,b'',,180.0,True
141217.0,10.0,2.0,78.2,159.3,30.8,90.0,105.33333333333331,79.66666666666667,,1.38,,,,,,,,True
141218.0,72.0,1.0,68.4,162.0,26.1,95.6,129.0,60.333333333333336,6.5,0.96,4.0,b'W',45.0,5.397605346934028e-79,b'',,15.0,True
141221.0,18.0,2.0,95.6,170.1,33.0,99.0,101.0,63.0,5.2,12.85,2.0,b'W',30.0,2.0,b'W',15.0,360.0,True
141223.0,18.0,2.0,74.1,168.2,26.2,82.7,105.0,71.33333333333333,4.9,7.57,1.0,b'W',60.0,4.0,b'W',60.0,540.0,True
141224.0,33.0,2.0,68.1,161.9,26.0,92.1,,,5.1,2.54,3.0,b'W',5.0,1.0,b'M',30.0,360.0,True
141225.0,67.0,2.0,81.4,150.0,36.2,111.8,159.33333333333334,88.66666666666667,6.1,8.22,5.397605346934028e-79,b'',,5.397605346934028e-79,b'',,360.0,True
141227.0,50.0,2.0,92.7,152.3,40.0,123.3,105.66666666666669,78.0,6.1,15.37,1.0,b'W',30.0,5.397605346934028e-79,b'',,300.0,True
141230.0,32.0,1.0,77.4,169.7,26.9,89.0,122.33333333333331,77.0,5.0,0.65,4.0,b'W',60.0,3.0,b'W',60.0,420.0,True
141232.0,53.0,1.0,85.9,179.5,26.7,99.0,114.0,72.66666666666667,6.2,1.41,5.397605346934028e-79,b'',,5.397605346934028e-79,b'',,480.0,True
141234.0,49.0,1.0,68.1,164.6,25.1,91.9,126.66666666666669,79.0,5.4,7.18,1.0,b'D',60.0,2.0,b'M',15.0,600.0,True
141236.0,72.0,1.0,68.8,166.9,24.7,98.4,125.33333333333331,78.66666666666667,5.6,1.61,1.0,b'D',300.0,5.397605346934028e-79,b'',,300.0,True
141238.0,50.0,2.0,72.1,167.3,25.8,105.5,107.0,69.33333333333333,11.2,1.7,5.397605346934028e-79,b'',,5.397605346934028e-79,b'',,180.0,True
141240.0,19.0,1.0,52.9,173.7,17.5,69.6,106.0,61.66666666666666,5.0,0.33,5.0,b'W',30.0,1.0,b'W',60.0,540.0,True
141242.0,12.0,1.0,54.6,157.3,22.1,84.0,106.33333333333331,59.0,5.4,0.36,,,,,,,,True
141247.0,55.0,2.0,88.1,166.8,31.7,121.1,125.0,92.66666666666669,5.6,0.63,2.0,b'W',30.0,5.397605346934028e-79,b'',,360.0,True
141248.0,15.0,2.0,75.3,156.0,30.9,91.4,98.0,58.0,5.5,3.74,,,,,,,,True
141249.0,45.0,2.0,81.9,171.6,27.8,104.2,117.66666666666669,92.33333333333331,5.1,1.17,3.0,b'W',60.0,5.397605346934028e-79,b'',,9999.0,True
141250.0,69.0,1.0,68.4,167.6,24.4,87.9,158.33333333333334,97.66666666666669,6.2,1.31,5.397605346934028e-79,b'',,5.397605346934028e-79,b'',,360.0,True
141252.0,56.0,1.0,152.2,183.8,45.1,136.3,81.66666666666667,56.0,5.8,18.26,5.397605346934028e-79,b'',,5.397605346934028e-79,b'',,600.0,True
141253.0,53.0,1.0,75.3,175.3,24.5,101.1,116.33333333333331,79.66666666666667,5.2,1.61,1.0,b'D',20.0,5.397605346934028e-79,b'',,180.0,True
141258.0,1.0,2.0,10.7,,,,,,,1.44,,,,,,,,True
141259.0,14.0,1.0,38.7,161.7,14.8,63.0,103.33333333333331,56.333333333333336,5.2,0.11,,,,,,,,True
141260.0,80.0,1.0,111.6,187.6,31.7,120.8,120.33333333333331,80.33333333333333,5.6,1.45,2.0,b'W',120.0,5.397605346934028e-79,b'',,360.0,True
141261.0,51.0,1.0,82.7,168.3,29.2,98.0,106.66666666666669,63.333333333333336,5.6,1.17,4.0,b'W',120.0,5.397605346934028e-79,b'',,360.0,True
141263.0,31.0,2.0,60.9,168.4,21.5,77.7,105.0,69.33333333333333,4.8,0.22,4.0,b'W',60.0,3.0,b'W',30.0,600.0,True
141264.0,50.0,2.0,72.4,156.9,29.4,103.5,120.66666666666669,81.33333333333333,6.3,12.17,3.0,b'W',30.0,3.0,b'W',10.0,240.0,True
141269.0,48.0,1.0,105.0,182.3,31.6,107.7,108.0,71.33333333333333,5.0,2.92,2.0,b'W',60.0,5.397605346934028e-79,b'',,360.0,True
141270.0,67.0,2.0,60.2,155.5,24.9,88.3,112.0,68.33333333333333,5.7,0.89,6.0,b'W',45.0,4.0,b'M',60.0,180.0,True
141271.0,75.0,2.0,78.6,163.1,29.5,102.6,143.33333333333334,84.66666666666667,6.0,2.44,1.0,b'D',120.0,2.0,b'W',60.0,120.0,True
141272.0,18.0,1.0,66.5,173.7,22.0,77.4,110.33333333333331,55.66666666666666,5.3,0.42,4.0,b'W',90.0,1.0,b'W',90.0,240.0,True
141273.0,47.0,2.0,75.1,157.1,30.4,100.0,114.0,77.0,5.0,4.64,7.0,b'W',40.0,4.0,b'W',20.0,300.0,True
141274.0,28.0,2.0,66.6,158.4,26.5,87.4,111.0,66.0,5.5,3.6,1.0,b'D',15.0,1.0,b'W',30.0,720.0,True
141275.0,61.0,2.0,71.0,171.2,24.2,82.1,127.66666666666669,73.0,6.0,0.92,4.0,b'W',45.0,2.0,b'W',30.0,480.0,True
141276.0,31.0,1.0,95.4,182.4,28.7,102.4,118.0,80.0,5.4,0.78,5.0,b'W',90.0,5.0,b'W',30.0,360.0,True
141277.0,65.0,2.0,74.1,163.5,27.7,110.5,128.66666666666666,71.33333333333333,6.7,3.27,3.0,b'W',30.0,5.397605346934028e-79,b'',,180.0,True
141282.0,58.0,1.0,175.8,186.5,50.5,157.4,120.0,76.33333333333333,6.7,2.66,3.0,b'W',60.0,1.0,b'W',30.0,180.0,True
141283.0,61.0,2.0,82.5,163.6,30.8,107.8,123.66666666666669,80.33333333333333,4.9,3.59,5.0,b'W',35.0,2.0,b'M',40.0,540.0,True
141285.0,38.0,2.0,68.5,159.6,26.9,90.4,100.33333333333331,69.33333333333333,5.0,1.71,2.0,b'W',60.0,1.0,b'M',30.0,600.0,True
141286.0,2.0,1.0,14.7,90.8,17.8,49.8,,,,3.02,,,,,,,,True
141287.0,71.0,1.0,71.2,162.7,26.9,,153.66666666666666,84.66666666666667,5.5,1.63,6.0,b'W',30.0,3.0,b'W',90.0,300.0,True
141289.0,80.0,1.0,74.4,179.5,23.1,96.0,92.66666666666669,39.333333333333336,5.8,1.27,2.0,b'W',10.0,5.397605346934028e-79,b'',,120.0,True
141290.0,62.0,1.0,82.9,175.3,27.0,102.8,108.0,71.33333333333333,5.5,0.9,1.0,b'D',30.0,2.0,b'W',15.0,480.0,True
141291.0,64.0,1.0,108.2,184.8,31.7,111.7,,,4.8,4.11,5.397605346934028e-79,b'',,5.397605346934028e-79,b'',,300.0,True
141292.0,13.0,2.0,70.4,150.6,31.0,94.0,94.0,63.0,5.4,1.14,,,,,,,,True
141293.0,23.0,1.0,60.8,173.7,20.2,76.8,128.33333333333334,71.33333333333333,4.8,1.12,6.0,b'M',60.0,3.0,b'M',15.0,720.0,True
141294.0,68.0,2.0,60.5,161.3,23.3,90.4,170.33333333333334,65.66666666666667,5.7,2.64,2.0,b'D',45.0,1.0,b'W',30.0,300.0,True
141295.0,61.0,2.0,59.4,161.2,22.9,83.0,111.0,76.33333333333333,5.3,4.35,5.397605346934028e-79,b'',,5.397605346934028e-79,b'',,480.0,True
141296.0,50.0,2.0,87.7,154.8,36.6,110.9,130.33333333333334,89.66666666666667,4.9,3.08,1.0,b'M',60.0,5.397605346934028e-79,b'',,600.0,True
141297.0,33.0,1.0,85.8,172.0,29.0,97.9,106.66666666666669,61.333333333333336,5.3,0.58,3.0,b'W',60.0,1.0,b'W',60.0,480.0,True
141298.0,49.0,1.0,69.0,178.6,21.6,73.9,125.0,78.33333333333333,4.6,0.32,3.0,b'W',60.0,1.0,b'W',60.0,180.0,True
141300.0,31.0,2.0,82.1,166.4,29.7,,103.66666666666669,66.33333333333333,4.5,6.14,3.0,b'W',45.0,5.397605346934028e-79,b'',,360.0,True
141301.0,70.0,2.0,89.3,156.0,36.7,116.0,156.66666666666666,61.333333333333336,6.2,3.39,5.397605346934028e-79,b'',,5.397605346934028e-79,b'',,240.0,True
141302.0,77.0,2.0,80.0,169.7,27.8,98.9,140.0,80.0,6.3,0.77,1.0,b'D',60.0,1.0,b'M',45.0,120.0,True
141303.0,62.0,1.0,133.7,197.1,34.4,128.7,132.0,70.33333333333333,7.7,3.19,2.0,b'M',20.0,5.397605346934028e-79,b'',,420.0,True
141305.0,71.0,1.0,86.6,179.9,26.8,102.1,95.66666666666669,65.0,5.7,1.59,1.0,b'D',120.0,3.0,b'W',120.0,180.0,True
141306.0,45.0,1.0,103.4,186.5,29.7,108.0,134.0,91.33333333333331,6.0,1.8,5.397605346934028e-79,b'',,4.0,b'W',120.0,240.0,True
141307.0,66.0,2.0,70.8,160.5,27.5,102.5,140.33333333333334,78.66666666666667,5.2,1.23,2.0,b'W',30.0,5.397605346934028e-79,b'',,600.0,True
141308.0,11.0,2.0,71.6,153.3,30.5,88.6,108.33333333333331,65.0,,6.23,,,,,,,,True
141309.0,55.0,1.0,93.4,179.4,29.0,102.0,120.0,76.66666666666667,5.4,2.89,2.0,b'D',20.0,1.0,b'W',60.0,480.0,True
141311.0,74.0,2.0,61.9,164.3,22.9,99.0,146.66666666666666,69.0,5.4,0.56,5.0,b'W',20.0,5.397605346934028e-79,b'',,180.0,True
141312.0,63.0,2.0,108.2,160.2,42.2,119.2,123.33333333333331,86.33333333333333,8.4,3.92,1.0,b'M',120.0,5.397605346934028e-79,b'',,300.0,True
141315.0,47.0,2.0,118.7,165.0,43.6,131.5,82.33333333333333,50.0,6.8,1.97,5.397605346934028e-79,b'',,5.397605346934028e-79,b'',,480.0,True
141317.0,61.0,2.0,111.0,179.2,34.6,120.8,124.66666666666669,78.0,9.1,7.99,5.397605346934028e-79,b'',,5.397605346934028e-79,b'',,360.0,True
141319.0,24.0,2.0,91.5,165.0,33.6,97.2,122.33333333333331,61.333333333333336,5.4,8.6,2.0,b'W',90.0,3.0,b'W',60.0,600.0,True
141322.0,6.0,2.0,25.7,121.4,17.4,63.5,,,,0.24,,,,,,,,True
141323.0,71.0,1.0,150.9,180.5,46.3,154.6,109.66666666666669,62.333333333333336,5.3,0.55,4.0,b'W',30.0,3.0,b'W',10.0,600.0,True
141324.0,26.0,2.0,105.3,169.0,36.9,104.5,131.0,91.33333333333331,4.6,3.6,2.0,b'W',60.0,1.0,b'W',30.0,600.0,True
141325.0,30.0,2.0,73.5,157.9,29.5,97.6,126.33333333333331,89.33333333333333,5.5,18.67,5.0,b'W',30.0,5.397605346934028e-79,b'',,720.0,True
141328.0,61.0,2.0,56.4,158.1,22.6,69.6,114.0,67.33333333333333,5.6,0.5,1.0,b'D',60.0,3.0,b'W',30.0,150.0,True
141329.0,32.0,1.0,70.6,175.7,22.9,82.2,133.0,81.33333333333333,5.0,0.43,1.0,b'W',90.0,2.0,b'M',45.0,720.0,True
141330.0,61.0,1.0,107.2,183.7,31.8,114.5,127.0,74.0,5.9,0.98,7.0,b'W',25.0,5.397605346934028e-79,b'',,360.0,True
141331.0,4.0,1.0,22.8,113.4,17.7,55.7,,,,0.16,,,,,,,,True
141332.0,11.0,2.0,50.8,152.0,22.0,81.7,100.66666666666669,59.333333333333336,,0.32,,,,,,,,True
141334.0,79.0,1.0,91.8,180.9,28.1,109.3,110.66666666666669,64.0,6.3,0.75,4.0,b'W',90.0,3.0,b'W',20.0,300.0,True
141335.0,71.0,2.0,77.7,171.8,26.3,103.0,130.66666666666666,71.0,5.6,0.98,1.0,b'W',15.0,2.0,b'W',60.0,480.0,True
141336.0,17.0,2.0,50.5,167.2,18.1,65.2,109.33333333333331,74.66666666666667,5.0,0.33,,,,,,,,True
141337.0,32.0,2.0,81.4,161.4,31.2,103.8,114.33333333333331,83.33333333333333,4.8,0.74,2.0,b'W',30.0,1.0,b'W',30.0,240.0,True
141339.0,18.0,2.0,70.0,163.7,26.1,83.5,122.0,77.66666666666667,5.1,1.47,3.0,b'D',15.0,1.0,b'W',15.0,240.0,True
141345.0,31.0,2.0,69.9,164.5,25.8,87.5,107.33333333333331,74.0,5.7,0.87,5.397605346934028e-79,b'',,5.397605346934028e-79,b'',,480.0,True
141347.0,39.0,2.0,66.0,154.5,27.6,73.0,109.66666666666669,74.0,5.3,0.74,5.397605346934028e-79,b'',,1.0,b'W',120.0,60.0,True
141349.0,74.0,1.0,92.9,181.5,28.2,109.8,146.33333333333334,79.33333333333333,7.4,2.63,2.0,b'W',60.0,5.397605346934028e-79,b'',,300.0,True
141353.0,56.0,2.0,84.1,149.3,37.7,112.5,113.66666666666669,75.66666666666667,5.6,4.86,3.0,b'W',15.0,1.0,b'W',30.0,240.0,True
141354.0,69.0,2.0,43.7,150.8,19.2,76.5,126.66666666666669,61.66666666666666,5.7,0.72,4.0,b'W',30.0,5.397605346934028e-79,b'',,480.0,True
141355.0,12.0,2.0,57.8,150.0,25.7,79.2,92.0,52.66666666666666,5.7,0.61,,,,,,,,True
141357.0,71.0,1.0,60.2,163.8,22.4,84.7,131.66666666666666,63.333333333333336,6.9,0.2,2.0,b'W',20.0,5.397605346934028e-79,b'',,120.0,True
141358.0,67.0,2.0,76.2,166.2,27.6,90.5,122.33333333333331,72.33333333333333,5.5,3.9,2.0,b'D',20.0,1.0,b'W',10.0,90.0,True
141360.0,6.0,2.0,28.9,127.2,17.9,64.5,,,,0.5,,,,,,,,True
141361.0,17.0,1.0,70.1,172.4,23.6,90.5,107.66666666666669,54.66666666666666,5.3,0.63,,,,,,,,True
141362.0,42.0,1.0,80.0,180.4,24.6,100.6,132.0,86.0,4.9,15.15,4.0,b'W',60.0,1.0,b'M',45.0,480.0,True
141365.0,72.0,2.0,88.1,158.7,35.0,112.9,142.33333333333334,86.33333333333333,5.9,4.44,7.0,b'W',120.0,5.397605346934028e-79,b'',,120.0,True
141366.0,53.0,1.0,75.6,172.0,25.6,93.2,125.66666666666669,81.0,5.6,2.25,3.0,b'W',60.0,2.0,b'W',60.0,180.0,True
141367.0,13.0,2.0,54.7,159.9,21.4,77.0,104.33333333333331,59.333333333333336,5.3,0.11,,,,,,,,True
141368.0,48.0,1.0,76.1,172.0,25.7,98.2,126.66666666666669,78.66666666666667,5.6,4.75,3.0,b'W',60.0,2.0,b'W',30.0,420.0,True
141369.0,17.0,2.0,60.4,164.1,22.4,72.6,103.0,63.0,5.2,1.32,,,,,,,,True
141371.0,17.0,1.0,64.6,176.1,20.8,73.7,120.66666666666669,69.0,5.4,5.26,,,,,,,,True
141372.0,68.0,1.0,83.2,163.3,31.2,108.0,123.66666666666669,69.0,5.1,0.78,3.0,b'W',30.0,1.0,b'W',45.0,480.0,True
141374.0,30.0,2.0,61.6,154.5,25.8,89.9,107.33333333333331,75.33333333333333,5.3,0.69,2.0,b'M',15.0,5.397605346934028e-79,b'',,300.0,True
141375.0,49.0,2.0,83.0,164.7,30.6,95.7,94.33333333333331,62.66666666666666,5.0,4.2,3.0,b'W',120.0,3.0,b'W',60.0,60.0,True
141377.0,74.0,1.0,147.2,166.6,53.0,,,,8.2,8.71,5.397605346934028e-79,b'',,5.397605346934028e-79,b'',,540.0,True
141378.0,35.0,1.0,101.3,180.5,31.1,108.4,111.66666666666669,81.66666666666667,5.4,0.98,5.0,b'W',90.0,5.397605346934028e-79,b'',,60.0,True
141379.0,34.0,1.0,79.5,177.6,25.2,100.5,113.66666666666669,76.66666666666667,5.3,1.24,3.0,b'W',20.0,5.397605346934028e-79,b'',,480.0,True
141381.0,50.0,1.0,98.3,178.0,31.0,105.7,172.33333333333334,109.0,5.9,3.26,1.0,b'M',60.0,5.397605346934028e-79,b'',,180.0,True
141382.0,10.0,1.0,28.6,132.6,16.3,56.5,112.0,49.5,,0.11,,,,,,,,True
141383.0,20.0,1.0,91.1,185.3,26.5,87.3,119.0,73.0,5.0,0.46,5.0,b'W',60.0,2.0,b'W',60.0,180.0,True
141385.0,23.0,2.0,46.4,160.8,17.9,68.6,93.66666666666669,61.0,5.5,0.58,2.0,b'W',60.0,2.0,b'M',60.0,300.0,True
141386.0,60.0,2.0,75.5,156.7,30.7,100.1,104.66666666666669,68.66666666666667,5.4,3.46,5.0,b'D',120.0,2.0,b'D',60.0,120.0,True
141387.0,40.0,2.0,60.6,159.7,23.8,83.5,122.33333333333331,69.0,5.7,0.36,5.397605346934028e-79,b'',,5.397605346934028e-79,b'',,300.0,True
141389.0,66.0,1.0,63.6,165.1,23.3,82.8,163.66666666666666,86.0,5.6,0.33,3.0,b'W',120.0,5.397605346934028e-79,b'',,180.0,True
141391.0,15.0,1.0,33.9,162.1,12.9,60.7,104.0,67.33333333333333,5.4,0.11,,,,,,,,True
141392.0,80.0,2.0,67.7,150.6,29.8,102.4,153.66666666666666,69.33333333333333,8.0,0.88,1.0,b'M',10.0,5.397605346934028e-79,b'',,180.0,True
141393.0,62.0,2.0,73.5,170.7,25.2,92.2,124.33333333333331,82.33333333333333,5.3,1.41,4.0,b'W',30.0,3.0,b'W',30.0,360.0,True
141395.0,59.0,1.0,108.3,165.3,39.6,133.5,95.33333333333331,56.0,7.6,1.34,5.397605346934028e-79,b'',,5.397605346934028e-79,b'',,180.0,True
141396.0,40.0,2.0,49.3,164.2,18.3,77.1,113.66666666666669,75.0,5.1,1.17,1.0,b'W',20.0,5.397605346934028e-79,b'',,720.0,True
141397.0,18.0,1.0,69.0,173.1,23.0,75.3,104.66666666666669,72.33333333333333,5.6,0.16,7.0,b'D',15.0,2.0,b'W',30.0,240.0,True
141399.0,72.0,2.0,57.9,162.8,21.8,87.5,127.33333333333331,66.0,5.5,1.62,3.0,b'W',40.0,5.397605346934028e-79,b'',,300.0,True
141401.0,58.0,2.0,80.9,163.9,30.1,94.4,113.33333333333331,68.33333333333333,5.7,2.09,3.0,b'W',60.0,5.397605346934028e-79,b'',,480.0,True
141403.0,55.0,1.0,82.4,179.0,25.7,95.1,155.33333333333334,99.33333333333331,4.3,0.67,7.0,b'W',15.0,5.397605346934028e-79,b'',,15.0,True
141405.0,70.0,2.0,58.4,151.9,25.3,90.5,126.33333333333331,71.0,5.2,4.18,4.0,b'W',45.0,1.0,b'W',60.0,240.0,True
141407.0,64.0,2.0,86.6,175.3,28.2,98.6,125.66666666666669,78.0,6.0,3.42,1.0,b'D',60.0,5.397605346934028e-79,b'',,360.0,True
141408.0,42.0,2.0,53.9,159.1,21.3,86.5,103.66666666666669,75.66666666666667,4.8,2.77,1.0,b'W',60.0,5.397605346934028e-79,b'',,420.0,True
141412.0,63.0,1.0,144.4,171.0,49.4,146.2,126.66666666666669,87.0,5.9,3.36,5.397605346934028e-79,b'',,5.397605346934028e-79,b'',,720.0,True
141413.0,22.0,2.0,82.0,171.8,27.8,92.2,109.33333333333331,64.0,5.0,0.92,2.0,b'W',20.0,5.397605346934028e-79,b'',,900.0,True
141415.0,68.0,1.0,97.4,173.8,32.2,115.3,141.66666666666666,83.0,4.6,3.53,5.0,b'W',120.0,5.397605346934028e-79,b'',,960.0,True
141417.0,56.0,2.0,49.1,171.5,16.7,73.4,103.33333333333331,72.0,5.3,0.24,3.0,b'W',60.0,5.397605346934028e-79,b'',,240.0,True
141418.0,32.0,1.0,133.6,165.2,49.0,137.0,152.33333333333334,106.66666666666669,5.8,7.67,7.0,b'W',30.0,2.0,b'W',120.0,60.0,True
141420.0,61.0,1.0,111.2,189.0,31.1,110.9,151.0,88.66666666666667,5.1,0.59,3.0,b'W',45.0,2.0,b'W',45.0,720.0,True
141422.0,13.0,2.0,56.0,165.6,20.4,78.2,106.0,69.66666666666667,5.7,0.11,,,,,,,,True
141424.0,71.0,1.0,71.6,180.0,22.1,93.5,105.33333333333331,62.333333333333336,5.9,0.48,7.0,b'W',120.0,2.0,b'W',180.0,240.0,True
141426.0,34.0,2.0,45.3,150.1,20.1,69.8,104.66666666666669,66.66666666666667,5.1,0.47,5.397605346934028e-79,b'',,5.397605346934028e-79,b'',,600.0,True
141428.0,32.0,1.0,127.2,169.2,44.4,134.7,125.0,97.0,8.2,33.23,3.0,b'W',60.0,1.0,b'W',45.0,480.0,True
141431.0,65.0,1.0,113.4,166.3,41.0,127.7,116.33333333333331,70.66666666666667,5.6,3.91,3.0,b'W',15.0,1.0,b'W',15.0,960.0,True
141432.0,7.0,1.0,25.4,125.6,16.1,51.0,,,,0.22,,,,,,,,True
141435.0,35.0,1.0,93.6,174.8,30.6,104.0,125.66666666666669,91.33333333333331,4.7,0.73,3.0,b'W',60.0,1.0,b'M',60.0,360.0,True
141439.0,57.0,2.0,83.4,161.9,31.8,103.8,119.33333333333331,77.0,7.2,2.5,5.397605346934028e-79,b'',,5.397605346934028e-79,b'',,600.0,True
141441.0,56.0,2.0,78.5,170.4,27.0,91.1,150.66666666666666,95.66666666666669,5.4,6.27,5.397605346934028e-79,b'',,3.0,b'W',420.0,120.0,True
141442.0,29.0,1.0,63.4,169.3,22.1,78.7,120.33333333333331,76.66666666666667,5.0,0.46,3.0,b'W',60.0,1.0,b'W',45.0,240.0,True
141444.0,29.0,2.0,67.9,167.7,24.1,79.0,112.0,73.0,5.1,0.31,3.0,b'W',45.0,2.0,b'W',30.0,180.0,True
141445.0,49.0,2.0,50.3,150.2,22.3,77.6,120.66666666666669,79.0,5.2,0.68,3.0,b'M',20.0,5.397605346934028e-79,b'',,300.0,True
141446.0,52.0,2.0,83.8,167.7,29.8,104.9,114.33333333333331,72.0,5.6,1.66,2.0,b'W',30.0,4.0,b'Y',60.0,480.0,True
141447.0,21.0,1.0,98.0,171.3,33.4,107.7,125.66666666666669,65.0,5.6,2.89,7.0,b'W',60.0,6.0,b'W',30.0,120.0,True
141448.0,80.0,2.0,44.3,151.2,19.4,69.7,149.0,63.66666666666666,5.5,3.64,9999.0,b'',,5.397605346934028e-79,b'',,360.0,True
141450.0,74.0,1.0,88.4,179.9,27.3,112.0,141.66666666666666,81.66666666666667,5.6,6.14,5.397605346934028e-79,b'',,5.397605346934028e-79,b'',,120.0,True
141454.0,25.0,1.0,44.3,152.8,19.0,74.9,106.0,70.33333333333333,4.8,0.18,3.0,b'W',60.0,5.397605346934028e-79,b'',,300.0,True
141455.0,1.0,1.0,12.4,,,,,,,0.34,,,,,,,,True
141459.0,79.0,2.0,59.5,159.9,23.3,85.4,136.33333333333334,66.66666666666667,5.2,0.28,5.397605346934028e-79,b'',,5.397605346934028e-79,b'',,9999.0,True
141464.0,43.0,1.0,104.2,173.5,34.6,112.4,116.66666666666669,78.33333333333333,6.0,3.8,5.397605346934028e-79,b'',,5.397605346934028e-79,b'',,40.0,True
141465.0,75.0,2.0,118.7,143.6,57.6,,166.0,95.0,4.5,12.23,7.0,b'W',5.0,5.397605346934028e-79,b'',,480.0,True
141467.0,59.0,2.0,91.3,158.5,36.3,105.6,132.0,81.66666666666667,5.4,1.22,10.0,b'Y',90.0,5.397605346934028e-79,b'',,480.0,True
141468.0,61.0,1.0,75.5,177.4,24.0,80.8,105.66666666666669,71.66666666666667,5.3,0.42,1.0,b'D',120.0,2.0,b'D',45.0,120.0,True
141469.0,64.0,1.0,100.3,184.4,29.5,112.0,134.0,77.33333333333333,4.9,1.32,5.397605346934028e-79,b'',,5.397605346934028e-79,b'',,420.0,True
141471.0,6.0,2.0,24.6,130.5,14.4,56.1,,,,0.17,,,,,,,,True
141476.0,35.0,2.0,99.7,152.8,42.7,102.6,114.66666666666669,79.66666666666667,5.3,7.59,1.0,b'D',15.0,2.0,b'D',30.0,15.0,True
141477.0,77.0,2.0,61.6,143.9,29.7,95.9,,,5.7,4.92,2.0,b'D',10.0,1.0,b'W',10.0,360.0,True
141478.0,40.0,2.0,60.1,160.8,23.2,86.9,103.33333333333331,65.66666666666667,5.4,1.34,1.0,b'W',120.0,1.0,b'W',45.0,720.0,True
141479.0,62.0,2.0,77.5,157.2,31.4,110.1,112.33333333333331,75.0,7.5,1.31,5.397605346934028e-79,b'',,5.397605346934028e-79,b'',,1020.0,True
141480.0,13.0,2.0,50.2,160.3,19.5,75.0,,,5.2,1.86,,,,,,,,True
141482.0,20.0,1.0,71.4,173.6,23.7,83.4,140.0,69.0,5.4,0.32,2.0,b'W',90.0,1.0,b'W',30.0,240.0,True
141483.0,71.0,2.0,53.5,153.5,22.7,80.4,105.33333333333331,63.66666666666666,5.3,0.58,4.0,b'W',60.0,1.0,b'W',15.0,180.0,True
141484.0,36.0,1.0,93.7,184.0,27.7,99.4,125.33333333333331,81.66666666666667,5.6,0.59,3.0,b'W',120.0,3.0,b'W',60.0,720.0,True
141485.0,65.0,2.0,108.1,183.6,32.1,110.1,110.33333333333331,66.33333333333333,5.5,0.59,7.0,b'W',105.0,7.0,b'W',15.0,540.0,True
141487.0,74.0,2.0,65.8,156.5,26.9,100.2,184.0,70.66666666666667,6.1,2.68,5.0,b'W',15.0,5.0,b'W',10.0,60.0,True
141488.0,80.0,1.0,134.8,166.5,48.6,131.5,122.66666666666669,62.333333333333336,5.3,1.8,5.397605346934028e-79,b'',,5.397605346934028e-79,b'',,480.0,True
141489.0,59.0,1.0,89.3,176.9,28.5,103.0,132.0,81.66666666666667,5.4,1.7,5.0,b'W',120.0,2.0,b'W',60.0,180.0,True
141490.0,71.0,1.0,60.9,163.8,22.7,83.0,125.33333333333331,50.333333333333336,7.6,1.04,1.0,b'D',180.0,5.397605346934028e-79,b'',,120.0,True
141495.0,74.0,2.0,89.9,162.3,34.1,113.0,158.0,68.0,5.7,1.92,7.0,b'W',60.0,5.397605346934028e-79,b'',,240.0,True
141496.0,41.0,2.0,104.0,154.2,43.7,,186.66666666666663,129.0,5.9,5.07,2.0,b'W',30.0,2.0,b'W',5.0,600.0,True
141497.0,46.0,2.0,91.4,155.2,37.9,111.3,108.33333333333331,77.33333333333333,5.3,4.67,1.0,b'W',30.0,5.397605346934028e-79,b'',,540.0,True
141499.0,64.0,1.0,69.1,167.9,24.5,92.5,146.0,82.0,5.7,3.02,5.397605346934028e-79,b'',,4.0,b'W',45.0,180.0,True
141500.0,38.0,2.0,70.5,163.9,26.2,89.4,131.66666666666666,67.33333333333333,7.4,0.75,5.0,b'W',60.0,5.397605346934028e-79,b'',,180.0,True
141502.0,80.0,1.0,54.6,154.6,22.8,91.2,130.66666666666666,73.33333333333333,5.1,1.58,5.0,b'W',120.0,5.397605346934028e-79,b'',,300.0,True
141503.0,62.0,2.0,71.5,158.7,28.4,102.4,98.0,54.66666666666666,5.9,0.74,2.0,b'W',45.0,5.397605346934028e-79,b'',,480.0,True
141505.0,24.0,2.0,41.3,160.2,16.1,62.4,102.66666666666669,75.0,5.2,0.4,3.0,b'W',10.0,5.397605346934028e-79,b'',,720.0,True
141506.0,17.0,2.0,47.2,151.1,20.7,65.6,92.33333333333331,60.66666666666666,4.9,0.19,,,,,,,,True
141507.0,41.0,2.0,94.3,164.2,35.0,120.4,106.33333333333331,76.66666666666667,9.2,3.21,1.0,b'W',30.0,5.397605346934028e-79,b'',,240.0,True
141508.0,68.0,1.0,94.5,174.1,31.2,102.8,148.66666666666666,73.66666666666667,5.2,0.77,4.0,b'W',240.0,5.397605346934028e-79,b'',,180.0,True
141510.0,35.0,1.0,72.5,163.7,27.1,93.4,119.66666666666669,69.33333333333333,5.0,1.72,1.0,b'W',120.0,5.397605346934028e-79,b'',,180.0,True
141511.0,73.0,2.0,75.8,157.6,30.5,98.9,134.33333333333334,90.0,5.3,2.69,5.397605346934028e-79,b'',,5.397605346934028e-79,b'',,480.0,True
141512.0,17.0,1.0,74.6,167.7,26.5,92.5,111.66666666666669,64.0,5.4,1.02,,,,,,,,True
141514.0,73.0,2.0,59.8,134.2,33.2,96.3,152.66666666666666,85.33333333333333,5.1,2.16,5.397605346934028e-79,b'',,5.397605346934028e-79,b'',,360.0,True
141515.0,53.0,1.0,76.9,166.6,27.7,96.3,125.0,75.0,6.0,0.59,3.0,b'D',30.0,1.0,b'D',20.0,90.0,True
141516.0,5.0,1.0,19.4,114.0,14.9,53.0,,,,0.16,,,,,,,,True
141521.0,26.0,2.0,60.3,158.5,24.0,80.2,102.66666666666669,71.33333333333333,6.0,2.0,3.0,b'W',25.0,2.0,b'W',60.0,300.0,True
141525.0,31.0,2.0,84.0,163.6,31.4,96.7,96.66666666666669,65.33333333333333,5.1,0.66,3.0,b'W',45.0,5.397605346934028e-79,b'',,420.0,True
141526.0,39.0,1.0,,,,,,,5.4,2.09,3.0,b'W',60.0,2.0,b'Y',30.0,300.0,True
141527.0,17.0,1.0,88.0,186.3,25.4,94.1,140.33333333333334,77.0,5.3,0.55,,,,,,,,True
141528.0,26.0,1.0,74.0,183.6,22.0,85.7,113.33333333333331,71.33333333333333,5.8,0.69,1.0,b'D',30.0,4.0,b'W',90.0,660.0,True
141529.0,48.0,2.0,68.3,149.2,30.7,88.4,120.33333333333331,77.66666666666667,12.8,0.84,2.0,b'M',30.0,5.397605346934028e-79,b'',,180.0,True
141535.0,18.0,1.0,66.9,174.0,22.1,73.0,130.0,78.0,5.3,0.11,2.0,b'Y',60.0,2.0,b'Y',120.0,180.0,True
141537.0,42.0,2.0,58.0,163.9,21.6,74.6,112.33333333333331,72.0,5.3,0.22,1.0,b'D',60.0,4.0,b'W',120.0,180.0,True
141538.0,70.0,2.0,107.8,164.5,39.8,122.6,159.66666666666666,80.66666666666667,6.3,7.64,5.397605346934028e-79,b'',,5.397605346934028e-79,b'',,240.0,True
141539.0,16.0,1.0,106.3,182.3,32.0,103.2,99.0,67.0,5.1,2.12,,,,,,,,True
141540.0,74.0,2.0,90.1,163.2,33.8,112.4,121.0,82.0,6.2,1.56,1.0,b'D',5.0,5.397605346934028e-79,b'',,600.0,True
141545.0,10.0,2.0,23.5,134.9,12.9,54.1,99.0,57.0,,0.18,,,,,,,,True
141547.0,53.0,2.0,69.7,164.3,25.8,89.0,99.66666666666669,70.0,5.2,1.02,7.0,b'W',60.0,5.397605346934028e-79,b'',,240.0,True
141548.0,60.0,2.0,46.8,153.9,19.8,73.7,127.0,68.33333333333333,6.6,0.77,4.0,b'W',90.0,5.397605346934028e-79,b'',,120.0,True
141549.0,48.0,2.0,71.8,166.3,26.0,93.0,185.66666666666663,112.66666666666669,5.4,0.52,2.0,b'W',60.0,5.397605346934028e-79,b'',,240.0,True
141550.0,34.0,1.0,92.0,173.9,30.4,104.6,106.33333333333331,74.33333333333333,5.3,1.81,3.0,b'W',30.0,1.0,b'M',20.0,660.0,True
141555.0,60.0,1.0,69.9,186.9,20.0,77.3,146.33333333333334,74.66666666666667,6.1,1.46,5.397605346934028e-79,b'',,5.397605346934028e-79,b'',,180.0,True
141557.0,59.0,2.0,68.8,160.7,26.6,93.9,118.0,73.33333333333333,5.3,0.3,5.397605346934028e-79,b'',,5.397605346934028e-79,b'',,180.0,True
141558.0,39.0,2.0,77.2,168.2,27.3,98.4,99.66666666666669,69.33333333333333,5.3,1.13,5.397605346934028e-79,b'',,2.0,b'W',45.0,600.0,True
141559.0,4.0,2.0,19.6,108.0,16.8,57.0,,,,0.45,,,,,,,,True
141561.0,66.0,2.0,52.4,158.3,20.9,75.6,103.66666666666669,73.0,5.7,0.68,2.0,b'W',30.0,1.0,b'M',60.0,240.0,True
141562.0,16.0,2.0,55.5,160.0,21.7,69.5,113.33333333333331,63.0,5.4,0.44,,,,,,,,True
141563.0,16.0,2.0,60.9,169.2,21.3,80.4,112.66666666666669,69.66666666666667,4.4,1.1,,,,,,,,True
141564.0,72.0,2.0,84.2,162.0,32.1,111.8,85.0,59.333333333333336,6.6,2.45,5.397605346934028e-79,b'',,5.397605346934028e-79,b'',,360.0,True
141567.0,59.0,1.0,132.6,168.1,46.9,,121.0,68.66666666666667,7.4,10.61,5.397605346934028e-79,b'',,5.397605346934028e-79,b'',,600.0,True
141568.0,72.0,2.0,65.1,154.7,27.2,90.8,104.33333333333331,66.33333333333333,5.7,4.44,3.0,b'W',360.0,2.0,b'W',60.0,120.0,True
141570.0,80.0,2.0,55.4,144.8,26.4,92.1,166.0,94.66666666666669,5.9,0.45,4.0,b'W',30.0,2.0,b'M',15.0,180.0,True
141573.0,37.0,2.0,109.2,155.6,45.1,129.5,98.0,67.0,5.8,5.94,2.0,b'Y',15.0,5.397605346934028e-79,b'',,1140.0,True
141574.0,23.0,2.0,88.6,160.6,34.4,101.5,110.0,77.0,4.9,6.53,3.0,b'W',60.0,3.0,b'W',45.0,600.0,True
141575.0,26.0,1.0,74.2,177.4,23.6,88.1,110.66666666666669,69.66666666666667,4.9,3.2,3.0,b'W',60.0,5.397605346934028e-79,b'',,600.0,True
141576.0,73.0,2.0,97.7,149.2,43.9,131.7,111.66666666666669,76.33333333333333,6.1,6.7,5.0,b'M',45.0,4.0,b'M',10.0,240.0,True
141577.0,64.0,1.0,118.5,184.3,34.9,122.3,125.33333333333331,73.0,6.7,0.8,7.0,b'W',45.0,2.0,b'Y',30.0,720.0,True
141578.0,60.0,1.0,66.6,174.2,21.9,88.9,109.0,64.0,6.4,6.51,5.397605346934028e-79,b'',,5.397605346934028e-79,b'',,360.0,True
141579.0,68.0,2.0,88.0,161.4,33.8,102.2,116.0,75.0,5.4,1.3,2.0,b'M',10.0,5.397605346934028e-79,b'',,420.0,True
141580.0,68.0,2.0,86.4,160.4,33.6,112.4,108.33333333333331,60.333333333333336,5.5,0.41,5.397605346934028e-79,b'',,5.397605346934028e-79,b'',,180.0,True
141582.0,9.0,2.0,42.5,145.7,20.0,64.2,99.33333333333331,52.0,,0.15,,,,,,,,True
141583.0,19.0,2.0,62.6,170.1,21.6,76.2,103.0,67.0,5.0,0.9,3.0,b'W',60.0,2.0,b'W',30.0,300.0,True
141585.0,54.0,2.0,79.9,171.6,27.1,101.4,125.66666666666669,75.66666666666667,4.8,2.44,3.0,b'W',30.0,4.0,b'W',60.0,180.0,True
141587.0,9.0,2.0,33.6,137.9,17.7,65.3,93.0,55.333333333333336,,0.27,,,,,,,,True
141588.0,65.0,2.0,70.7,165.4,25.8,98.2,121.0,69.0,5.9,3.71,7.0,b'W',30.0,5.397605346934028e-79,b'',,240.0,True
141589.0,32.0,1.0,132.5,176.5,42.5,129.6,109.33333333333331,83.66666666666667,5.2,8.49,5.0,b'W',600.0,1.0,b'W',60.0,240.0,True
141590.0,19.0,1.0,87.7,165.2,32.1,97.2,115.66666666666669,77.33333333333333,5.6,0.67,3.0,b'W',180.0,1.0,b'W',45.0,300.0,True
141591.0,57.0,1.0,81.4,177.2,25.9,100.3,89.0,49.66666666666666,5.8,6.31,5.397605346934028e-79,b'',,5.397605346934028e-79,b'',,780.0,True
141592.0,33.0,2.0,41.4,166.9,14.9,69.3,105.0,67.0,6.2,30.24,7.0,b'W',180.0,1.0,b'W',30.0,240.0,True
141594.0,48.0,1.0,73.8,172.5,24.8,88.9,119.66666666666669,74.66666666666667,5.4,0.77,2.0,b'W',60.0,5.0,b'W',120.0,240.0,True
141596.0,71.0,1.0,68.3,168.7,24.0,93.3,124.66666666666669,68.33333333333333,5.6,0.27,5.0,b'W',30.0,2.0,b'W',20.0,360.0,True
141597.0,74.0,1.0,68.8,170.4,23.7,88.4,150.33333333333334,80.0,5.5,0.83,4.0,b'D',45.0,4.0,b'W',60.0,240.0,True
141600.0,26.0,2.0,142.3,160.8,55.0,139.7,84.66666666666667,48.333333333333336,5.7,56.08,3.0,b'M',90.0,3.0,b'W',30.0,180.0,True
141602.0,32.0,2.0,47.7,158.5,19.0,70.4,123.66666666666669,85.66666666666667,5.1,0.51,4.0,b'W',100.0,6.0,b'Y',45.0,600.0,True
141605.0,5.0,2.0,19.7,111.7,15.8,55.7,,,,0.6,,,,,,,,True
141606.0,13.0,1.0,57.9,169.4,20.2,74.2,97.33333333333331,59.333333333333336,5.1,0.64,,,,,,,,True
141608.0,62.0,1.0,152.1,181.0,46.4,149.8,123.0,69.66666666666667,5.5,1.36,5.397605346934028e-79,b'',,5.397605346934028e-79,b'',,840.0,True
141611.0,16.0,2.0,67.4,162.1,25.7,85.5,96.33333333333331,64.66666666666667,5.5,2.53,,,,,,,,True
141612.0,32.0,2.0,86.2,164.7,31.8,97.3,104.0,64.0,5.1,0.94,4.0,b'W',30.0,2.0,b'W',30.0,600.0,True
141614.0,52.0,2.0,71.6,153.8,30.3,90.6,117.33333333333331,74.66666666666667,4.8,1.93,5.397605346934028e-79,b'',,5.397605346934028e-79,b'',,120.0,True
141615.0,58.0,1.0,68.1,170.1,23.5,89.4,139.66666666666666,77.33333333333333,5.2,0.92,3.0,b'D',60.0,3.0,b'W',120.0,180.0,True
141617.0,27.0,1.0,61.4,180.2,18.9,75.4,119.0,71.66666666666667,4.6,0.24,3.0,b'W',60.0,1.0,b'M',120.0,720.0,True
141618.0,13.0,1.0,51.8,177.8,16.4,65.5,99.0,52.333333333333336,4.4,3.69,,,,,,,,True
141619.0,7.0,1.0,32.7,121.5,22.2,69.9,,,,1.03,,,,,,,,True
141621.0,58.0,1.0,87.7,178.4,27.6,96.8,131.0,84.66666666666667,6.0,2.95,2.0,b'W',9999.0,9999.0,b'',,360.0,True
141624.0,11.0,1.0,37.5,150.6,16.5,62.5,92.0,58.333333333333336,,0.15,,,,,,,,True
141625.0,74.0,2.0,91.4,158.3,36.5,112.2,113.66666666666669,63.333333333333336,6.0,4.16,5.397605346934028e-79,b'',,5.397605346934028e-79,b'',,720.0,True
141626.0,38.0,1.0,93.8,182.8,28.1,97.5,104.66666666666669,73.66666666666667,5.5,1.85,1.0,b'W',30.0,1.0,b'M',20.0,480.0,True
141627.0,72.0,1.0,91.9,174.9,30.0,109.9,143.0,82.33333333333333,6.4,9.35,3.0,b'W',30.0,5.397605346934028e-79,b'',,180.0,True
141628.0,58.0,2.0,89.9,164.5,33.2,100.3,94.33333333333331,67.33333333333333,4.1,7.73,1.0,b'M',120.0,5.397605346934028e-79,b'',,660.0,True
141631.0,77.0,2.0,82.8,156.6,33.8,109.7,107.66666666666669,71.33333333333333,5.4,0.49,5.397605346934028e-79,b'',,5.397605346934028e-79,b'',,360.0,True
141634.0,59.0,2.0,65.6,167.4,23.4,87.3,131.66666666666666,85.0,5.6,0.33,6.0,b'W',30.0,3.0,b'W',15.0,360.0,True
141635.0,53.0,2.0,68.0,157.7,27.3,82.0,114.33333333333331,82.33333333333333,5.8,0.79,4.0,b'W',60.0,5.397605346934028e-79,b'',,480.0,True
141636.0,75.0,1.0,67.7,167.9,24.0,89.2,130.0,66.0,6.2,0.79,2.0,b'W',30.0,1.0,b'D',90.0,210.0,True
141640.0,27.0,1.0,123.3,171.0,42.2,124.4,138.66666666666666,76.66666666666667,5.2,30.46,3.0,b'W',90.0,5.0,b'W',540.0,540.0,True
141641.0,36.0,1.0,87.3,181.6,26.5,98.4,111.66666666666669,73.33333333333333,5.6,2.4,5.0,b'W',30.0,1.0,b'W',30.0,720.0,True
141642.0,67.0,2.0,76.3,152.7,32.7,118.0,120.66666666666669,75.0,10.4,30.65,2.0,b'W',20.0,5.397605346934028e-79,b'',,300.0,True
141644.0,57.0,2.0,177.9,171.5,60.5,151.7,105.33333333333331,63.66666666666666,7.8,12.61,2.0,b'W',15.0,1.0,b'M',5.0,420.0,True
141645.0,69.0,2.0,82.6,160.5,32.1,117.7,118.33333333333331,62.66666666666666,6.5,1.19,3.0,b'W',60.0,5.397605346934028e-79,b'',,240.0,True
141646.0,12.0,2.0,61.9,168.0,21.9,76.0,113.33333333333331,59.333333333333336,5.1,0.22,,,,,,,,True
141648.0,33.0,2.0,66.3,152.9,28.4,90.4,97.0,66.33333333333333,5.0,6.44,5.0,b'W',120.0,2.0,b'W',45.0,240.0,True
141650.0,12.0,1.0,46.7,160.6,18.1,71.0,104.0,58.0,4.9,0.11,,,,,,,,True
141651.0,10.0,2.0,34.0,146.6,15.8,61.3,99.0,49.0,,0.31,,,,,,,,True
141654.0,62.0,1.0,78.2,174.9,25.6,90.9,148.0,74.0,5.7,4.25,4.0,b'W',40.0,1.0,b'W',60.0,300.0,True
141655.0,20.0,2.0,69.1,156.6,28.2,88.0,95.0,56.66666666666666,5.0,1.27,5.397605346934028e-79,b'',,5.397605346934028e-79,b'',,240.0,True
141660.0,67.0,2.0,76.5,162.1,29.1,105.8,148.33333333333334,85.33333333333333,5.2,2.0,5.0,b'W',45.0,5.397605346934028e-79,b'',,540.0,True
141663.0,80.0,2.0,78.7,158.7,31.2,101.7,178.66666666666666,103.66666666666669,5.3,2.05,7777.0,b'',,1.0,b'M',5.0,9999.0,True
141664.0,59.0,1.0,118.2,177.5,37.5,128.4,118.33333333333331,76.0,6.7,3.4,3.0,b'W',120.0,5.397605346934028e-79,b'',,300.0,True
141665.0,66.0,2.0,55.0,165.8,20.0,80.6,112.66666666666669,64.33333333333333,5.7,1.27,5.397605346934028e-79,b'',,5.397605346934028e-79,b'',,360.0,True
141669.0,30.0,2.0,62.2,164.7,22.9,77.0,102.33333333333331,62.0,4.7,0.17,1.0,b'W',30.0,5.397605346934028e-79,b'',,720.0,True
141672.0,46.0,1.0,61.4,175.9,19.8,73.2,117.0,69.0,5.5,1.79,2.0,b'W',60.0,3.0,b'W',30.0,240.0,True
141673.0,54.0,2.0,69.6,167.0,25.0,88.6,115.0,81.0,5.4,0.54,5.397605346934028e-79,b'',,5.397605346934028e-79,b'',,480.0,True
141675.0,68.0,2.0,81.9,169.3,28.6,110.2,133.33333333333334,77.66666666666667,5.7,10.25,5.397605346934028e-79,b'',,5.397605346934028e-79,b'',,5.0,True
141676.0,58.0,1.0,88.8,189.9,24.6,95.3,118.33333333333331,74.66666666666667,5.1,0.84,1.0,b'W',120.0,6.0,b'W',90.0,240.0,True
141677.0,61.0,1.0,88.3,168.8,31.0,110.5,129.66666666666666,73.0,5.6,5.55,3.0,b'W',90.0,5.397605346934028e-79,b'',,300.0,True
141678.0,55.0,1.0,98.8,180.7,30.3,119.4,124.66666666666669,83.66666666666667,5.2,8.62,5.397605346934028e-79,b'',,5.397605346934028e-79,b'',,480.0,True
141680.0,71.0,1.0,73.7,176.7,23.6,85.5,117.33333333333331,65.66666666666667,4.9,1.75,3.0,b'W',20.0,5.397605346934028e-79,b'',,480.0,True
141681.0,39.0,2.0,52.8,150.8,23.2,75.5,100.33333333333331,72.0,5.4,0.96,4.0,b'W',60.0,3.0,b'W',90.0,30.0,True
141684.0,54.0,2.0,84.1,164.8,31.0,104.0,147.66666666666666,99.66666666666669,5.4,1.62,4.0,b'M',60.0,5.397605346934028e-79,b'',,240.0,True
141686.0,11.0,2.0,44.8,136.2,24.2,81.7,99.66666666666669,62.66666666666666,,5.98,,,,,,,,True
141687.0,80.0,1.0,108.5,,,,145.0,77.0,5.4,27.15,7777.0,b'',,5.397605346934028e-79,b'',,360.0,True
141689.0,49.0,2.0,76.7,164.9,28.2,109.0,124.66666666666669,91.33333333333331,7.1,4.54,5.397605346934028e-79,b'',,5.397605346934028e-79,b'',,120.0,True
141691.0,55.0,2.0,108.3,160.1,42.3,124.2,124.0,85.33333333333333,6.0,8.67,5.397605346934028e-79,b'',,5.397605346934028e-79,b'',,600.0,True
141694.0,74.0,1.0,72.6,164.4,26.9,99.4,130.0,76.0,6.4,9.05,3.0,b'W',15.0,5.397605346934028e-79,b'',,300.0,True
141696.0,58.0,1.0,104.9,177.2,33.4,124.6,120.0,76.33333333333333,5.9,2.27,1.0,b'W',10.0,1.0,b'M',8.0,720.0,True
141697.0,16.0,1.0,74.2,175.1,24.2,81.1,105.33333333333331,44.333333333333336,5.2,0.45,,,,,,,,True
141699.0,8.0,1.0,27.6,131.2,16.0,58.4,100.66666666666669,50.0,,0.73,,,,,,,,True
141701.0,63.0,2.0,71.0,154.6,29.7,109.5,127.66666666666669,83.66666666666667,8.0,11.7,5.397605346934028e-79,b'',,5.397605346934028e-79,b'',,480.0,True
141702.0,16.0,1.0,67.0,171.0,22.9,76.0,119.0,66.0,5.6,2.23,,,,,,,,True
141703.0,27.0,1.0,99.6,185.3,29.0,103.0,108.33333333333331,62.66666666666666,5.0,0.5,7.0,b'W',30.0,3.0,b'W',60.0,660.0,True
141706.0,68.0,1.0,102.0,180.9,31.2,118.0,139.33333333333334,84.0,6.5,1.02,3.0,b'W',20.0,5.397605346934028e-79,b'',,360.0,True
141707.0,10.0,2.0,60.2,148.1,27.4,95.0,78.33333333333333,52.0,,3.17,,,,,,,,True
141708.0,9.0,1.0,24.8,130.2,14.6,52.4,88.66666666666667,52.333333333333336,,1.25,,,,,,,,True
141709.0,63.0,2.0,99.5,159.7,39.0,112.3,123.33333333333331,71.0,5.5,1.06,5.0,b'W',60.0,3.0,b'W',30.0,300.0,True
141710.0,72.0,2.0,146.9,152.8,62.9,,,,7.1,6.55,3.0,b'W',20.0,5.397605346934028e-79,b'',,600.0,True
141711.0,10.0,2.0,34.2,149.4,15.3,57.4,97.0,53.0,,0.11,,,,,,,,True
141713.0,59.0,1.0,57.8,175.6,18.7,80.5,111.0,65.0,5.9,0.66,2.0,b'D',10.0,5.397605346934028e-79,b'',,240.0,True
141714.0,50.0,2.0,71.6,170.2,24.7,89.5,134.66666666666666,89.33333333333333,5.5,0.59,3.0,b'M',30.0,3.0,b'M',30.0,420.0,True
141717.0,63.0,1.0,109.4,189.1,30.6,126.1,124.33333333333331,75.33333333333333,5.8,1.29,5.397605346934028e-79,b'',,5.397605346934028e-79,b'',,480.0,True
141719.0,80.0,1.0,63.2,160.1,24.7,91.4,,,5.6,0.44,2.0,b'W',60.0,5.397605346934028e-79,b'',,240.0,True
141721.0,80.0,2.0,88.3,162.8,33.3,106.6,129.66666666666666,58.0,5.6,1.41,7.0,b'W',20.0,1.0,b'W',30.0,120.0,True
141722.0,19.0,2.0,60.6,149.5,27.1,85.7,115.33333333333331,67.66666666666667,5.3,3.16,3.0,b'M',30.0,3.0,b'M',30.0,360.0,True
141723.0,41.0,2.0,95.2,164.5,35.2,110.2,107.33333333333331,75.66666666666667,6.3,6.35,3.0,b'W',45.0,5.397605346934028e-79,b'',,360.0,True
141728.0,47.0,2.0,102.7,160.2,40.0,117.6,111.0,81.33333333333333,5.5,6.46,1.0,b'D',120.0,2.0,b'W',60.0,120.0,True
141731.0,68.0,2.0,74.1,157.9,29.7,101.1,126.33333333333331,65.33333333333333,5.6,0.88,1.0,b'D',60.0,20.0,b'Y',300.0,360.0,True
141732.0,65.0,1.0,81.8,177.7,25.9,96.6,110.66666666666669,81.66666666666667,6.2,3.89,5.397605346934028e-79,b'',,5.397605346934028e-79,b'',,240.0,True
141733.0,9.0,1.0,25.1,135.5,13.7,52.8,99.0,61.66666666666666,,0.17,,,,,,,,True
141734.0,75.0,2.0,69.6,157.6,28.0,98.7,144.0,68.0,5.2,2.1,2.0,b'W',30.0,5.397605346934028e-79,b'',,480.0,True
141735.0,33.0,2.0,101.7,152.9,43.5,122.2,106.66666666666669,75.66666666666667,6.4,31.84,5.0,b'W',60.0,3.0,b'W',30.0,30.0,True
141736.0,42.0,2.0,120.7,169.1,42.2,135.3,119.0,84.0,6.5,61.3,4.0,b'D',60.0,2.0,b'D',30.0,240.0,True
141737.0,51.0,1.0,120.3,184.0,35.5,124.2,112.66666666666669,76.33333333333333,4.7,6.51,1.0,b'D',60.0,5.397605346934028e-79,b'',,720.0,True
141739.0,16.0,2.0,71.7,167.6,25.5,84.5,103.66666666666669,64.0,5.3,0.38,,,,,,,,True
141741.0,19.0,2.0,63.6,160.8,24.6,79.2,84.33333333333333,53.0,5.4,0.42,1.0,b'W',90.0,1.0,b'W',90.0,480.0,True
141742.0,26.0,2.0,69.9,180.9,21.4,83.2,110.66666666666669,72.33333333333333,5.3,0.37,2.0,b'W',20.0,3.0,b'W',30.0,240.0,True
141745.0,60.0,2.0,53.5,156.1,22.0,80.5,115.33333333333331,73.0,5.3,0.6,3.0,b'W',30.0,6.0,b'W',20.0,240.0,True
141746.0,80.0,2.0,65.2,146.8,30.3,106.3,,,5.5,1.46,4.0,b'D',5.0,3.0,b'W',5.0,240.0,True
141749.0,16.0,1.0,67.7,175.1,22.1,80.4,137.66666666666666,66.66666666666667,5.4,2.84,,,,,,,,True
141750.0,59.0,2.0,89.9,156.9,36.5,116.8,122.66666666666669,84.33333333333333,6.3,2.56,5.397605346934028e-79,b'',,5.397605346934028e-79,b'',,9999.0,True
141751.0,9.0,2.0,24.6,130.8,14.4,51.4,93.0,59.333333333333336,,0.27,,,,,,,,True
141753.0,10.0,2.0,38.5,148.4,17.5,61.1,106.66666666666669,54.0,,37.59,,,,,,,,True
141756.0,72.0,2.0,55.9,157.4,22.6,79.5,143.66666666666666,79.0,5.3,0.67,1.0,b'D',45.0,5.0,b'M',30.0,240.0,True
141757.0,61.0,1.0,68.1,168.5,24.0,87.0,118.0,71.33333333333333,5.3,0.85,3.0,b'W',120.0,1.0,b'W',120.0,480.0,True
141760.0,74.0,2.0,43.0,141.8,21.4,79.1,143.0,66.0,9.6,1.14,7.0,b'W',30.0,1.0,b'W',10.0,120.0,True
141762.0,77.0,2.0,71.6,156.3,29.3,98.7,139.0,61.66666666666666,5.8,3.19,3.0,b'W',45.0,5.397605346934028e-79,b'',,360.0,True
141763.0,36.0,2.0,123.9,158.8,49.1,139.7,113.66666666666669,76.66666666666667,6.5,6.23,2.0,b'W',120.0,3.0,b'D',40.0,720.0,True
141764.0,62.0,1.0,73.7,,,91.6,151.66666666666666,66.33333333333333,4.2,5.06,5.397605346934028e-79,b'',,5.397605346934028e-79,b'',,660.0,True
141765.0,59.0,2.0,84.9,169.6,29.5,104.0,106.33333333333331,72.0,5.2,4.61,3.0,b'W',60.0,1.0,b'W',180.0,300.0,True
141767.0,10.0,2.0,59.2,152.8,25.4,94.7,105.33333333333331,63.0,,0.6,,,,,,,,True
141768.0,19.0,2.0,58.3,167.1,20.9,75.3,99.33333333333331,64.33333333333333,5.1,2.0,2.0,b'W',60.0,3.0,b'W',120.0,120.0,True
141769.0,46.0,2.0,100.0,164.2,37.1,112.5,111.0,82.66666666666667,4.8,2.01,1.0,b'D',60.0,3.0,b'W',60.0,300.0,True
141770.0,36.0,2.0,91.4,175.8,29.6,97.5,97.0,71.0,5.3,1.11,1.0,b'M',30.0,5.397605346934028e-79,b'',,840.0,True
141771.0,37.0,1.0,89.8,168.5,31.6,95.7,137.66666666666666,88.33333333333333,5.7,0.89,4.0,b'W',30.0,4.0,b'W',30.0,420.0,True
141772.0,71.0,1.0,82.5,179.9,25.5,98.0,124.0,80.0,5.4,2.87,1.0,b'D',30.0,1.0,b'W',30.0,240.0,True
141773.0,64.0,1.0,89.4,179.5,27.7,105.7,114.33333333333331,69.0,5.6,12.84,1.0,b'W',30.0,4.0,b'W',45.0,600.0,True
141774.0,62.0,1.0,76.7,157.9,30.8,107.8,139.0,86.33333333333333,5.9,1.18,3.0,b'W',90.0,5.397605346934028e-79,b'',,420.0,True
141777.0,29.0,1.0,102.4,169.2,35.8,114.7,111.33333333333331,72.66666666666667,5.3,2.44,3.0,b'W',15.0,5.397605346934028e-79,b'',,240.0,True
141778.0,15.0,1.0,81.4,166.4,29.4,100.2,98.66666666666669,68.33333333333333,5.5,1.4,,,,,,,,True
141781.0,67.0,2.0,113.6,171.5,38.6,124.5,125.66666666666669,89.66666666666667,5.8,3.11,2.0,b'M',60.0,1.0,b'M',120.0,90.0,True
141782.0,16.0,1.0,50.8,169.0,17.8,67.9,98.0,62.333333333333336,5.5,0.11,,,,,,,,True
141783.0,59.0,1.0,93.0,169.6,32.3,110.7,140.33333333333334,80.0,6.6,7.47,2.0,b'W',60.0,2.0,b'W',60.0,300.0,True
141785.0,64.0,2.0,126.9,156.4,51.9,125.8,143.66666666666666,87.33333333333333,6.1,4.16,2.0,b'D',10.0,5.397605346934028e-79,b'',,360.0,True
141788.0,7.0,1.0,23.8,120.9,16.3,55.5,,,,0.42,,,,,,,,True
141790.0,59.0,2.0,126.0,171.2,43.0,137.6,107.66666666666669,77.66666666666667,4.9,0.96,3.0,b'W',40.0,5.397605346934028e-79,b'',,720.0,True
141791.0,60.0,2.0,85.5,154.9,35.6,101.1,120.66666666666669,77.66666666666667,6.6,5.11,5.397605346934028e-79,b'',,5.397605346934028e-79,b'',,240.0,True
141792.0,8.0,2.0,,,,,,,,0.42,,,,,,,,True
141793.0,69.0,2.0,62.9,160.5,24.4,90.4,176.0,97.33333333333331,5.7,0.21,2.0,b'W',60.0,2.0,b'W',60.0,600.0,True
141795.0,39.0,2.0,83.8,159.6,32.9,104.9,111.33333333333331,78.66666666666667,5.7,11.31,5.397605346934028e-79,b'',,5.397605346934028e-79,b'',,720.0,True
141796.0,66.0,1.0,86.7,184.3,25.5,101.7,115.33333333333331,64.33333333333333,5.5,0.79,5.0,b'W',30.0,5.397605346934028e-79,b'',,360.0,True
141798.0,15.0,1.0,104.3,169.8,36.2,109.6,118.0,78.0,5.4,3.77,,,,,,,,True
141799.0,16.0,2.0,67.1,159.3,26.4,87.9,83.33333333333333,51.333333333333336,5.2,2.89,,,,,,,,True
141801.0,19.0,1.0,79.8,181.3,24.3,81.2,120.33333333333331,77.33333333333333,5.1,0.16,5.0,b'W',90.0,4.0,b'W',30.0,780.0,True
141802.0,23.0,2.0,94.5,164.6,34.9,99.3,127.66666666666669,87.66666666666667,5.2,3.04,5.0,b'W',60.0,3.0,b'W',30.0,420.0,True
141803.0,25.0,1.0,67.7,168.6,23.8,84.0,121.0,67.33333333333333,5.4,15.89,1.0,b'D',45.0,2.0,b'W',20.0,960.0,True
141804.0,11.0,2.0,53.7,147.4,24.7,86.1,101.66666666666669,58.0,,3.17,,,,,,,,True
141805.0,73.0,2.0,82.8,176.4,26.6,96.0,144.0,76.66666666666667,5.7,0.86,3.0,b'W',30.0,5.397605346934028e-79,b'',,480.0,True
141809.0,6.0,2.0,25.0,120.8,17.1,60.9,,,,0.73,,,,,,,,True
141811.0,60.0,1.0,57.1,171.4,19.4,83.2,111.66666666666669,70.33333333333333,5.5,0.99,5.397605346934028e-79,b'',,5.397605346934028e-79,b'',,360.0,True
141812.0,55.0,2.0,91.5,169.5,31.8,116.8,129.66666666666666,85.66666666666667,5.2,3.42,7.0,b'W',45.0,5.397605346934028e-79,b'',,360.0,True
141813.0,44.0,1.0,64.0,166.7,23.0,82.4,121.66666666666669,75.33333333333333,5.2,0.35,6.0,b'W',60.0,3.0,b'W',60.0,360.0,True
141815.0,73.0,1.0,86.3,179.8,26.7,94.8,99.33333333333331,61.333333333333336,6.1,0.8,5.397605346934028e-79,b'',,5.397605346934028e-79,b'',,360.0,True
141818.0,28.0,1.0,73.5,180.8,22.5,82.7,121.0,68.0,5.1,2.07,4.0,b'W',40.0,1.0,b'W',40.0,480.0,True
141819.0,18.0,1.0,70.4,179.2,21.9,74.5,120.66666666666669,71.33333333333333,5.4,0.4,6.0,b'W',90.0,6.0,b'W',40.0,180.0,True
141821.0,71.0,1.0,80.1,175.4,26.0,96.4,123.33333333333331,76.0,5.2,1.35,3.0,b'W',30.0,3.0,b'W',30.0,600.0,True
141824.0,50.0,2.0,88.1,156.6,35.9,111.0,113.33333333333331,72.33333333333333,5.9,6.77,3.0,b'W',30.0,5.397605346934028e-79,b'',,360.0,True
141825.0,18.0,1.0,48.9,170.0,16.9,65.0,92.0,64.0,5.3,0.23,5.397605346934028e-79,b'',,1.0,b'W',20.0,720.0,True
141826.0,68.0,1.0,85.9,176.5,27.6,102.4,139.66666666666666,78.33333333333333,5.5,1.09,3.0,b'W',60.0,5.397605346934028e-79,b'',,480.0,True
141827.0,20.0,1.0,73.8,174.8,24.2,83.2,128.66666666666666,80.66666666666667,5.8,0.54,4.0,b'W',180.0,3.0,b'W',60.0,300.0,True
141828.0,10.0,1.0,53.4,143.4,26.0,89.7,105.33333333333331,69.66666666666667,,6.95,,,,,,,,True
141829.0,10.0,1.0,49.0,152.9,21.0,71.5,106.33333333333331,75.66666666666667,,0.11,,,,,,,,True
141832.0,50.0,1.0,64.2,170.1,22.2,80.2,116.33333333333331,65.33333333333333,6.5,0.24,5.0,b'W',60.0,5.0,b'W',90.0,120.0,True
141833.0,11.0,2.0,61.2,173.9,20.2,75.5,100.66666666666669,54.66666666666666,,0.49,,,,,,,,True
141834.0,40.0,1.0,80.8,173.8,26.7,93.8,123.0,76.66666666666667,5.0,1.35,1.0,b'W',180.0,5.0,b'W',120.0,420.0,True
141839.0,14.0,2.0,47.4,151.3,20.7,65.4,99.0,56.333333333333336,5.1,0.74,,,,,,,,True
141840.0,13.0,2.0,50.2,143.6,24.3,80.4,111.0,66.66666666666667,5.0,0.25,,,,,,,,True
141842.0,43.0,2.0,58.0,150.6,25.6,79.6,123.0,80.0,5.3,1.21,1.0,b'W',15.0,1.0,b'M',15.0,180.0,True
141843.0,60.0,2.0,104.3,147.1,48.2,,149.66666666666666,93.66666666666669,4.9,62.27,1.0,b'M',60.0,5.397605346934028e-79,b'',,360.0,True
141844.0,45.0,2.0,80.6,174.7,26.4,100.2,93.0,62.333333333333336,5.8,1.7,2.0,b'W',45.0,2.0,b'M',30.0,360.0,True
141845.0,53.0,2.0,89.8,172.6,30.1,106.9,106.66666666666669,78.33333333333333,5.2,0.86,5.0,b'W',30.0,5.397605346934028e-79,b'',,420.0,True
141846.0,77.0,2.0,74.1,159.2,29.2,93.4,111.66666666666669,64.33333333333333,5.8,3.09,4.0,b'W',60.0,5.397605346934028e-79,b'',,300.0,True
141847.0,59.0,2.0,131.6,165.8,47.9,134.7,122.66666666666669,74.33333333333333,5.3,15.29,2.0,b'W',20.0,2.0,b'M',30.0,600.0,True
141848.0,44.0,1.0,76.6,177.6,24.3,93.7,122.33333333333331,68.33333333333333,11.2,0.67,3.0,b'W',90.0,2.0,b'M',15.0,240.0,True
141850.0,70.0,2.0,60.2,155.2,25.0,88.0,138.0,81.66666666666667,5.7,0.89,6.0,b'W',30.0,1.0,b'W',10.0,180.0,True
141851.0,24.0,1.0,77.9,194.1,20.7,79.9,122.66666666666669,72.66666666666667,4.8,1.57,3.0,b'W',90.0,5.0,b'W',90.0,720.0,True
141856.0,30.0,2.0,91.5,169.5,31.8,96.0,107.66666666666669,81.33333333333333,5.1,1.56,6.0,b'W',60.0,5.0,b'W',60.0,60.0,True
141858.0,69.0,1.0,91.4,187.5,26.0,104.8,141.66666666666666,82.33333333333333,6.7,1.6,5.397605346934028e-79,b'',,5.397605346934028e-79,b'',,360.0,True
141860.0,62.0,2.0,80.3,166.4,29.0,105.5,101.66666666666669,62.66666666666666,5.5,1.63,2.0,b'W',45.0,5.397605346934028e-79,b'',,480.0,True
141862.0,34.0,2.0,85.1,166.4,30.7,104.9,94.66666666666669,68.0,5.4,2.92,1.0,b'M',30.0,5.397605346934028e-79,b'',,240.0,True
141865.0,9.0,1.0,57.1,143.9,27.6,90.7,91.33333333333331,50.0,,2.79,,,,,,,,True
141866.0,72.0,1.0,92.2,171.5,31.3,108.5,129.66666666666666,76.66666666666667,5.4,1.45,1.0,b'W',15.0,1.0,b'W',120.0,240.0,True
141867.0,80.0,2.0,99.1,166.0,36.0,114.7,122.0,76.66666666666667,5.8,2.66,1.0,b'M',30.0,5.397605346934028e-79,b'',,300.0,True
141869.0,44.0,2.0,77.2,166.2,27.9,97.8,123.0,89.33333333333333,4.8,0.62,4.0,b'W',9999.0,3.0,b'D',5.0,540.0,True
141871.0,24.0,1.0,120.5,175.7,39.0,117.0,118.33333333333331,74.0,5.1,3.52,2.0,b'M',120.0,5.397605346934028e-79,b'',,600.0,True
141872.0,35.0,2.0,71.1,155.8,29.3,89.2,93.0,58.66666666666666,4.6,2.05,2.0,b'W',120.0,5.397605346934028e-79,b'',,480.0,True
141873.0,26.0,2.0,69.2,161.2,26.6,84.5,97.0,66.0,4.9,5.8,5.0,b'W',30.0,5.397605346934028e-79,b'',,480.0,True
141875.0,54.0,2.0,94.2,171.3,32.1,114.7,123.66666666666669,83.0,6.1,7.26,2.0,b'W',45.0,1.0,b'M',30.0,540.0,True
141877.0,14.0,2.0,53.8,161.3,20.7,72.4,82.0,48.0,5.4,0.94,,,,,,,,True
141878.0,19.0,1.0,88.6,182.3,26.7,91.7,119.33333333333331,70.0,4.4,1.36,1.0,b'D',720.0,1.0,b'D',60.0,120.0,True
141879.0,78.0,1.0,,,,,,,4.5,3.55,5.397605346934028e-79,b'',,7.0,b'W',60.0,300.0,True
141882.0,60.0,1.0,132.6,176.0,42.8,144.2,124.66666666666669,78.33333333333333,9.0,1.35,3.0,b'W',60.0,3.0,b'W',60.0,60.0,True
141884.0,47.0,2.0,82.8,173.4,27.5,99.8,114.66666666666669,80.66666666666667,5.0,1.36,5.0,b'W',45.0,3.0,b'W',30.0,300.0,True
141885.0,70.0,2.0,68.9,146.1,32.3,104.9,112.66666666666669,72.33333333333333,6.5,0.47,1.0,b'D',60.0,1.0,b'D',60.0,180.0,True
141886.0,62.0,2.0,119.1,166.2,43.1,132.8,130.66666666666666,88.66666666666667,6.0,5.64,3.0,b'W',30.0,5.397605346934028e-79,b'',,720.0,True
141888.0,4.0,1.0,20.3,108.9,17.1,55.5,,,,12.16,,,,,,,,True
141889.0,33.0,1.0,119.9,183.5,35.6,120.3,135.33333333333334,90.33333333333331,5.0,2.12,3.0,b'W',120.0,2.0,b'Y',30.0,480.0,True
141890.0,6.0,2.0,22.9,124.0,14.9,55.2,,,,0.41,,,,,,,,True
141894.0,80.0,2.0,57.7,139.9,29.5,90.5,166.0,73.0,5.8,6.38,3.0,b'W',60.0,5.397605346934028e-79,b'',,360.0,True
141895.0,14.0,2.0,47.4,155.2,19.7,67.3,97.33333333333331,53.333333333333336,5.2,1.44,,,,,,,,True
141896.0,25.0,1.0,98.5,191.7,26.8,94.7,131.66666666666666,82.66666666666667,5.2,1.72,4.0,b'W',60.0,4.0,b'W',90.0,360.0,True
141897.0,16.0,2.0,36.9,153.5,15.7,65.4,104.33333333333331,64.0,3.7,0.17,,,,,,,,True
141899.0,12.0,2.0,82.4,159.5,32.4,92.5,100.33333333333331,56.333333333333336,5.5,0.84,,,,,,,,True
141901.0,30.0,2.0,63.5,165.7,23.1,75.7,106.33333333333331,70.0,5.6,0.56,5.0,b'W',30.0,3.0,b'W',45.0,180.0,True
141902.0,19.0,1.0,61.1,169.8,21.2,73.1,110.66666666666669,63.0,4.8,0.11,3.0,b'W',45.0,5.397605346934028e-79,b'',,480.0,True
141903.0,56.0,1.0,73.8,172.8,24.7,93.2,114.33333333333331,68.0,5.5,5.72,1.0,b'W',180.0,5.397605346934028e-79,b'',,600.0,True
141906.0,17.0,1.0,64.3,172.5,21.6,79.1,104.33333333333331,50.0,5.1,0.44,,,,,,,,True
141908.0,77.0,2.0,92.0,151.1,40.3,114.2,115.66666666666669,68.0,8.1,4.84,4.0,b'W',150.0,5.397605346934028e-79,b'',,120.0,True
141909.0,9.0,1.0,34.6,141.8,17.2,67.0,104.66666666666669,57.333333333333336,,0.46,,,,,,,,True
141910.0,60.0,2.0,63.6,164.1,23.6,90.0,137.66666666666666,65.33333333333333,5.4,0.7,2.0,b'W',60.0,2.0,b'W',55.0,540.0,True
141912.0,60.0,1.0,172.0,173.8,56.9,155.7,116.66666666666669,77.66666666666667,10.7,8.11,1.0,b'W',60.0,3.0,b'W',60.0,480.0,True
141913.0,65.0,1.0,80.4,172.8,26.9,98.0,161.0,91.0,5.5,2.84,1.0,b'M',30.0,5.397605346934028e-79,b'',,300.0,True
141914.0,35.0,1.0,71.1,173.2,23.7,86.8,112.33333333333331,68.66666666666667,4.2,0.7,2.0,b'W',60.0,2.0,b'W',45.0,600.0,True
141915.0,79.0,1.0,78.4,161.3,30.1,105.2,141.33333333333334,75.0,5.4,2.91,1.0,b'W',30.0,9999.0,b'',,240.0,True
141916.0,27.0,2.0,54.8,156.5,22.4,78.0,100.0,62.66666666666666,5.3,0.25,4.0,b'W',90.0,1.0,b'W',40.0,240.0,True
141918.0,67.0,2.0,65.7,160.7,25.4,95.8,140.66666666666666,90.0,4.9,0.45,5.397605346934028e-79,b'',,5.397605346934028e-79,b'',,480.0,True
141921.0,64.0,2.0,69.1,160.0,27.0,101.2,202.0,114.66666666666669,5.4,3.61,5.397605346934028e-79,b'',,5.397605346934028e-79,b'',,720.0,True
141922.0,74.0,2.0,61.4,157.1,24.9,89.1,101.0,72.33333333333333,5.9,3.22,7.0,b'W',120.0,2.0,b'D',120.0,180.0,True
141923.0,37.0,2.0,80.9,159.2,31.9,92.2,115.0,93.0,5.0,0.38,5.0,b'W',60.0,1.0,b'W',40.0,900.0,True
141924.0,34.0,1.0,63.0,158.2,25.2,88.7,111.0,61.333333333333336,5.6,1.16,2.0,b'M',60.0,2.0,b'M',120.0,180.0,True
141926.0,65.0,1.0,,,,99.0,100.0,47.66666666666666,5.6,1.16,4.0,b'W',30.0,5.397605346934028e-79,b'',,240.0,True
141928.0,18.0,2.0,99.0,167.4,35.3,99.2,108.0,66.0,4.7,1.55,3.0,b'W',10.0,2.0,b'W',30.0,420.0,True
141929.0,15.0,1.0,77.6,179.1,24.2,79.6,121.0,72.0,5.5,0.39,,,,,,,,True
141931.0,1.0,2.0,10.9,,,,,,,0.39,,,,,,,,True
141932.0,59.0,1.0,90.7,186.6,26.0,94.5,110.66666666666669,70.33333333333333,5.3,0.79,5.397605346934028e-79,b'',,3.0,b'W',45.0,840.0,True
141933.0,34.0,1.0,86.4,182.8,25.9,96.4,99.33333333333331,62.333333333333336,5.3,0.88,1.0,b'W',60.0,2.0,b'M',30.0,600.0,True
141934.0,71.0,1.0,106.7,176.5,34.3,122.6,131.33333333333334,69.0,7.1,1.95,5.397605346934028e-79,b'',,5.397605346934028e-79,b'',,300.0,True
141938.0,37.0,1.0,77.9,181.7,23.6,83.5,117.33333333333331,71.66666666666667,5.1,0.3,1.0,b'M',30.0,5.397605346934028e-79,b'',,480.0,True
141944.0,72.0,2.0,58.1,154.2,24.4,91.0,120.0,67.0,5.9,7.45,3.0,b'W',30.0,2.0,b'M',30.0,480.0,True
141945.0,5.0,2.0,15.7,101.4,15.3,49.9,,,,0.18,,,,,,,,True
141949.0,50.0,2.0,112.1,159.5,44.1,132.0,104.66666666666669,69.33333333333333,6.2,7.17,20.0,b'M',90.0,5.397605346934028e-79,b'',,480.0,True
141951.0,60.0,1.0,74.5,164.8,27.4,93.0,125.33333333333331,68.66666666666667,5.7,3.51,7.0,b'W',30.0,3.0,b'W',60.0,300.0,True
141952.0,63.0,2.0,57.3,156.3,23.5,79.0,110.66666666666669,80.33333333333333,5.4,0.26,4.0,b'W',120.0,1.0,b'W',60.0,180.0,True
141953.0,12.0,2.0,53.5,158.8,21.2,74.7,105.66666666666669,63.0,5.3,0.29,,,,,,,,True
141954.0,16.0,2.0,52.8,165.7,19.2,72.8,106.66666666666669,59.333333333333336,4.2,0.66,,,,,,,,True
141956.0,15.0,2.0,68.2,156.1,28.0,91.2,120.0,76.0,5.2,7.4,,,,,,,,True
141957.0,64.0,1.0,110.2,182.5,33.1,113.2,108.66666666666669,77.0,6.3,12.39,2.0,b'W',120.0,5.397605346934028e-79,b'',,300.0,True
141958.0,76.0,2.0,66.5,154.5,27.9,99.1,141.66666666666666,67.33333333333333,5.4,1.65,5.397605346934028e-79,b'',,5.397605346934028e-79,b'',,360.0,True
141959.0,13.0,1.0,52.0,171.0,17.8,71.2,103.33333333333331,52.66666666666666,5.3,0.11,,,,,,,,True
141960.0,41.0,1.0,83.1,162.8,31.4,103.3,124.0,84.0,5.9,2.53,4.0,b'M',45.0,5.397605346934028e-79,b'',,480.0,True
141961.0,28.0,2.0,94.3,168.2,33.3,105.5,103.66666666666669,78.0,5.2,3.27,1.0,b'W',30.0,5.397605346934028e-79,b'',,300.0,True
141962.0,3.0,1.0,15.7,102.5,14.9,47.7,,,,0.11,,,,,,,,True
141963.0,80.0,2.0,85.9,159.5,33.8,120.1,135.33333333333334,74.0,5.6,1.96,7.0,b'W',7.0,5.397605346934028e-79,b'',,480.0,True
141964.0,11.0,1.0,37.2,150.7,16.4,61.9,111.33333333333331,64.0,,0.11,,,,,,,,True
141966.0,62.0,1.0,144.0,171.8,48.8,143.9,111.0,78.66666666666667,5.9,2.58,1.0,b'W',30.0,5.397605346934028e-79,b'',,360.0,True
141967.0,68.0,2.0,108.7,169.8,37.7,116.6,117.0,76.0,5.2,4.41,2.0,b'W',30.0,5.397605346934028e-79,b'',,600.0,True
141968.0,75.0,2.0,107.8,152.1,46.6,130.2,106.0,56.66666666666666,6.2,13.29,5.397605346934028e-79,b'',,5.397605346934028e-79,b'',,300.0,True
141969.0,80.0,2.0,64.6,158.6,25.7,100.1,137.0,77.66666666666667,5.2,8.56,5.397605346934028e-79,b'',,5.397605346934028e-79,b'',,300.0,True
141974.0,65.0,1.0,123.7,179.1,38.6,130.0,122.33333333333331,85.0,5.2,4.76,1.0,b'D',40.0,5.397605346934028e-79,b'',,420.0,True
141975.0,70.0,1.0,99.7,173.7,33.0,113.4,139.0,74.0,6.2,0.78,1.0,b'D',30.0,5.397605346934028e-79,b'',,60.0,True
141976.0,64.0,2.0,87.2,161.2,33.6,99.7,130.66666666666666,68.66666666666667,5.4,3.33,5.397605346934028e-79,b'',,5.397605346934028e-79,b'',,480.0,True
141979.0,48.0,2.0,,,,,110.33333333333331,78.66666666666667,5.4,2.78,3.0,b'M',60.0,5.0,b'W',45.0,600.0,True
141980.0,18.0,1.0,106.8,185.4,31.1,102.5,125.0,78.33333333333333,5.1,0.9,6.0,b'W',30.0,1.0,b'W',60.0,600.0,True
141981.0,21.0,1.0,72.1,175.7,23.4,88.4,114.33333333333331,64.33333333333333,5.2,0.62,9999.0,b'',,9999.0,b'',,300.0,True
141984.0,18.0,1.0,38.4,160.7,14.9,,,,5.3,0.11,5.397605346934028e-79,b'',,1.0,b'W',60.0,600.0,True
141985.0,67.0,2.0,55.5,153.5,23.6,79.4,116.0,57.333333333333336,5.4,0.46,5.0,b'W',60.0,5.397605346934028e-79,b'',,120.0,True
141986.0,16.0,2.0,71.0,152.2,30.6,94.5,111.33333333333331,69.66666666666667,5.6,0.9,,,,,,,,True
141987.0,37.0,2.0,69.2,172.2,23.3,86.0,99.66666666666669,65.0,4.6,0.49,3.0,b'W',45.0,3.0,b'Y',30.0,420.0,True
141989.0,79.0,2.0,70.0,152.9,29.9,102.2,148.33333333333334,57.0,8.1,0.19,1.0,b'D',120.0,5.397605346934028e-79,b'',,240.0,True
141990.0,10.0,1.0,37.6,153.9,15.9,63.0,125.33333333333331,79.0,,3.27,,,,,,,,True
141992.0,31.0,1.0,107.0,170.6,36.8,121.0,105.66666666666669,72.33333333333333,5.5,4.65,6.0,b'M',6.0,5.397605346934028e-79,b'',,720.0,True
141993.0,58.0,2.0,86.7,161.4,33.3,108.2,131.0,91.66666666666669,5.7,3.17,5.397605346934028e-79,b'',,5.397605346934028e-79,b'',,480.0,True
141994.0,67.0,2.0,54.3,170.6,18.7,75.2,177.66666666666666,110.33333333333331,5.4,0.39,1.0,b'M',15.0,5.397605346934028e-79,b'',,360.0,True
141997.0,9.0,1.0,33.4,142.8,16.4,55.5,106.33333333333331,61.66666666666666,,0.43,,,,,,,,True
141998.0,52.0,1.0,56.2,158.0,22.5,79.0,147.0,87.66666666666667,6.0,0.84,1.0,b'D',30.0,5.0,b'W',15.0,480.0,True
141999.0,60.0,2.0,83.9,154.3,35.2,113.1,99.66666666666669,70.0,5.8,2.86,7.0,b'W',20.0,1.0,b'W',10.0,180.0,True
142002.0,64.0,2.0,83.2,169.6,28.9,100.0,116.0,73.66666666666667,5.7,2.99,2.0,b'W',30.0,2.0,b'Y',60.0,240.0,True
142004.0,13.0,1.0,79.9,156.8,32.5,99.3,118.33333333333331,60.66666666666666,5.5,2.05,,,,,,,,True
142007.0,71.0,1.0,88.6,169.6,30.8,112.6,138.0,81.33333333333333,5.6,0.77,4.0,b'W',45.0,5.397605346934028e-79,b'',,360.0,True
142008.0,17.0,2.0,108.0,163.2,40.5,115.3,103.66666666666669,63.66666666666666,5.5,8.12,,,,,,,,True
142010.0,7.0,2.0,22.8,127.2,14.1,53.4,,,,0.18,,,,,,,,True
142011.0,33.0,2.0,112.9,167.9,40.0,,109.33333333333331,83.33333333333333,5.3,7.37,2.0,b'M',30.0,1.0,b'M',30.0,540.0,True
142013.0,19.0,2.0,55.1,159.7,21.6,78.8,114.33333333333331,72.0,5.2,1.71,15.0,b'Y',60.0,5.397605346934028e-79,b'',,360.0,True
142015.0,73.0,2.0,77.1,151.6,33.5,101.8,109.0,67.0,5.5,1.79,6.0,b'W',45.0,5.397605346934028e-79,b'',,180.0,True
142016.0,68.0,1.0,88.4,184.7,25.9,100.8,115.33333333333331,75.33333333333333,4.8,0.82,4.0,b'W',90.0,5.397605346934028e-79,b'',,240.0,True
142017.0,6.0,2.0,29.9,129.5,17.8,62.3,,,,0.23,,,,,,,,True
142019.0,80.0,1.0,87.2,166.8,31.3,109.9,124.66666666666669,76.33333333333333,5.4,0.75,7.0,b'W',75.0,4.0,b'W',20.0,180.0,True
142020.0,65.0,2.0,102.9,160.3,40.0,128.0,122.66666666666669,74.33333333333333,8.4,17.52,5.397605346934028e-79,b'',,5.397605346934028e-79,b'',,600.0,True
142021.0,80.0,1.0,90.7,173.7,30.1,111.4,141.66666666666666,72.0,5.9,1.8,5.397605346934028e-79,b'',,5.397605346934028e-79,b'',,360.0,True
142024.0,74.0,1.0,87.4,184.4,25.7,103.2,142.66666666666666,78.0,5.7,1.73,7.0,b'W',1.0,4.0,b'W',60.0,540.0,True
142025.0,71.0,2.0,81.9,162.3,31.1,108.0,109.0,63.0,5.1,0.39,2.0,b'W',30.0,1.0,b'W',30.0,300.0,True
142030.0,24.0,2.0,99.4,168.3,35.1,121.7,97.66666666666669,65.66666666666667,5.3,1.11,1.0,b'W',30.0,5.397605346934028e-79,b'',,420.0,True
142032.0,22.0,2.0,62.7,168.0,22.2,69.2,110.66666666666669,68.0,4.9,0.76,1.0,b'D',15.0,4.0,b'W',60.0,180.0,True
142033.0,78.0,1.0,101.8,174.3,33.5,117.1,122.0,74.0,5.7,1.18,2.0,b'W',30.0,5.397605346934028e-79,b'',,240.0,True
142034.0,45.0,1.0,133.9,174.0,44.2,131.9,152.0,100.0,6.8,6.29,5.397605346934028e-79,b'',,5.397605346934028e-79,b'',,600.0,True
142035.0,60.0,1.0,,,,,,,5.8,0.41,7.0,b'W',120.0,7.0,b'W',60.0,540.0,True
142036.0,67.0,2.0,109.0,157.7,43.8,136.6,129.33333333333334,65.0,6.6,10.5,5.397605346934028e-79,b'',,5.397605346934028e-79,b'',,360.0,True
142037.0,75.0,2.0,52.9,154.6,22.1,84.2,111.66666666666669,63.66666666666666,5.8,2.44,1.0,b'W',90.0,5.397605346934028e-79,b'',,480.0,True
142038.0,23.0,2.0,80.1,159.9,31.3,90.8,116.0,76.0,5.1,0.36,1.0,b'D',30.0,2.0,b'W',60.0,600.0,True
142039.0,58.0,1.0,79.7,179.1,24.8,88.2,161.66666666666666,108.0,5.4,0.43,5.397605346934028e-79,b'',,5.397605346934028e-79,b'',,120.0,True
142040.0,10.0,2.0,32.1,133.3,18.1,63.2,81.66666666666667,52.333333333333336,,0.45,,,,,,,,True
142042.0,19.0,2.0,51.1,158.8,20.3,67.6,100.66666666666669,56.0,5.0,1.4,2.0,b'W',60.0,2.0,b'W',60.0,480.0,True
142045.0,13.0,2.0,41.0,152.7,17.6,56.4,108.33333333333331,68.33333333333333,4.8,0.11,,,,,,,,True
142046.0,8.0,2.0,32.6,127.5,20.1,63.6,101.66666666666669,66.0,,0.63,,,,,,,,True
142047.0,40.0,2.0,95.0,168.5,33.5,114.3,101.66666666666669,75.0,5.6,4.56,1.0,b'M',60.0,5.397605346934028e-79,b'',,720.0,True
142048.0,21.0,1.0,79.3,182.9,23.7,82.7,117.0,66.66666666666667,5.1,0.98,4.0,b'W',120.0,5.397605346934028e-79,b'',,240.0,True
142049.0,15.0,2.0,53.9,152.6,23.1,76.2,103.0,63.0,5.5,0.39,,,,,,,,True
142050.0,48.0,1.0,147.5,183.0,44.0,144.9,115.66666666666669,84.0,5.2,3.05,5.0,b'W',360.0,3.0,b'W',240.0,240.0,True
142051.0,51.0,2.0,78.6,160.0,30.7,102.4,110.0,65.33333333333333,5.6,4.76,7.0,b'W',120.0,2.0,b'W',60.0,180.0,True
142052.0,16.0,2.0,48.3,165.1,17.7,63.3,96.33333333333331,56.333333333333336,5.3,0.11,,,,,,,,True
142053.0,10.0,2.0,78.1,160.2,30.4,89.1,100.33333333333331,57.66666666666666,,40.24,,,,,,,,True
142055.0,60.0,2.0,105.3,163.7,39.3,105.5,114.66666666666669,71.33333333333333,6.5,11.89,7.0,b'D',8.0,4.0,b'W',600.0,300.0,True
142056.0,27.0,1.0,67.6,175.0,22.1,75.5,119.66666666666669,58.333333333333336,4.8,0.26,4.0,b'W',40.0,6.0,b'W',40.0,360.0,True
142057.0,33.0,1.0,82.4,178.7,25.8,,,,5.2,0.65,3.0,b'W',30.0,3.0,b'W',120.0,480.0,True
142058.0,63.0,2.0,64.1,159.9,25.1,80.0,153.0,88.66666666666667,5.3,0.35,1.0,b'D',60.0,4.0,b'W',120.0,180.0,True
142060.0,43.0,2.0,83.0,155.3,34.4,105.9,110.0,71.66666666666667,5.6,2.48,1.0,b'W',120.0,5.397605346934028e-79,b'',,60.0,True
142062.0,67.0,2.0,105.5,160.4,41.0,116.4,96.66666666666669,73.33333333333333,6.9,3.92,5.397605346934028e-79,b'',,5.397605346934028e-79,b'',,480.0,True
142063.0,33.0,2.0,89.1,169.0,31.2,110.8,107.33333333333331,74.0,5.2,6.53,7.0,b'W',45.0,5.397605346934028e-79,b'',,180.0,True
142066.0,64.0,2.0,94.7,166.0,34.4,112.5,114.33333333333331,68.33333333333333,6.0,4.6,4.0,b'W',40.0,5.397605346934028e-79,b'',,480.0,True
142067.0,76.0,1.0,74.5,166.6,26.8,102.8,145.66666666666666,57.0,6.2,2.4,5.397605346934028e-79,b'',,5.397605346934028e-79,b'',,30.0,True
142068.0,27.0,2.0,80.0,169.5,27.8,88.7,113.33333333333331,65.33333333333333,4.8,0.32,7.0,b'W',30.0,5.0,b'W',60.0,480.0,True
142069.0,59.0,1.0,110.4,168.2,39.0,127.7,104.0,62.0,6.6,12.57,5.397605346934028e-79,b'',,5.397605346934028e-79,b'',,720.0,True
142070.0,16.0,2.0,56.0,152.6,24.0,71.8,106.0,60.333333333333336,5.2,0.21,,,,,,,,True
142071.0,10.0,1.0,48.7,147.5,22.4,76.0,94.66666666666669,59.0,,0.39,,,,,,,,True
142072.0,6.0,2.0,31.0,114.4,23.7,73.1,,,,3.3,,,,,,,,True
142073.0,13.0,1.0,73.8,168.4,26.0,88.4,106.0,65.0,5.0,2.38,,,,,,,,True
142074.0,32.0,2.0,55.0,167.8,19.5,73.0,112.0,66.0,4.7,0.36,7.0,b'W',45.0,2.0,b'M',480.0,480.0,True
142075.0,9.0,2.0,31.0,136.2,16.7,64.6,110.33333333333331,70.33333333333333,,0.25,,,,,,,,True
142076.0,77.0,1.0,78.5,180.8,24.0,101.0,143.33333333333334,67.33333333333333,5.4,1.45,4.0,b'W',60.0,4.0,b'W',50.0,720.0,True
142077.0,80.0,2.0,65.3,157.5,26.3,91.4,144.66666666666666,72.0,5.5,1.65,4.0,b'W',30.0,9999.0,b'',,180.0,True
142078.0,69.0,2.0,83.2,159.6,32.7,110.5,150.0,81.33333333333333,7.2,8.83,5.397605346934028e-79,b'',,5.397605346934028e-79,b'',,480.0,True
142079.0,56.0,1.0,144.9,182.8,43.4,145.3,130.0,80.33333333333333,6.8,2.26,6.0,b'Y',45.0,5.397605346934028e-79,b'',,660.0,True
142080.0,18.0,1.0,63.5,186.0,18.4,70.5,104.0,60.0,4.8,0.35,3.0,b'W',90.0,1.0,b'W',30.0,600.0,True
142082.0,8.0,1.0,31.8,135.2,17.4,62.8,,,,0.15,,,,,,,,True
142084.0,57.0,2.0,72.3,174.7,23.7,86.8,140.33333333333334,92.33333333333331,5.4,0.55,7.0,b'W',45.0,5.0,b'W',120.0,300.0,True
142085.0,80.0,2.0,46.4,146.7,21.6,82.8,151.0,56.66666666666666,5.6,8.88,3.0,b'W',90.0,5.397605346934028e-79,b'',,420.0,True
142088.0,47.0,2.0,71.7,165.6,26.1,87.2,107.66666666666669,77.0,5.3,0.92,7.0,b'D',30.0,1.0,b'W',45.0,600.0,True
142095.0,60.0,1.0,57.8,156.9,23.5,90.8,120.33333333333331,70.66666666666667,6.3,76.02,7.0,b'D',45.0,7.0,b'D',45.0,360.0,True
142099.0,3.0,1.0,16.6,99.1,16.9,52.2,,,,1.02,,,,,,,,True
142100.0,10.0,1.0,31.0,142.5,15.3,58.2,97.33333333333331,58.0,,1.2,,,,,,,,True
142103.0,66.0,2.0,59.2,147.7,27.1,97.0,140.33333333333334,49.66666666666666,5.3,3.4,5.397605346934028e-79,b'',,5.397605346934028e-79,b'',,480.0,True
142105.0,71.0,2.0,96.2,168.2,34.0,120.4,118.33333333333331,61.0,5.9,5.89,5.397605346934028e-79,b'',,5.397605346934028e-79,b'',,360.0,True
142106.0,40.0,2.0,86.0,161.9,32.8,110.5,89.66666666666667,63.0,5.3,1.23,2.0,b'W',60.0,5.397605346934028e-79,b'',,360.0,True
142107.0,61.0,1.0,85.7,168.2,30.3,107.9,163.0,86.66666666666667,5.2,8.13,6.0,b'W',60.0,,b'',60.0,,True
142108.0,11.0,2.0,38.9,148.3,17.7,63.2,95.33333333333331,57.0,,0.16,,,,,,,,True
142109.0,10.0,1.0,35.8,140.3,18.2,64.6,98.33333333333331,58.333333333333336,,0.46,,,,,,,,True
142110.0,67.0,2.0,104.9,163.5,39.2,122.9,151.33333333333334,77.66666666666667,7.0,3.14,1.0,b'W',30.0,5.397605346934028e-79,b'',,360.0,True
142111.0,10.0,2.0,35.4,143.7,17.1,62.5,100.66666666666669,58.333333333333336,,0.15,,,,,,,,True
142112.0,39.0,2.0,54.7,164.1,20.3,77.8,95.33333333333331,64.66666666666667,5.2,0.65,3.0,b'W',30.0,3.0,b'M',60.0,480.0,True
142115.0,34.0,1.0,148.2,183.8,43.9,141.9,132.66666666666666,91.33333333333331,5.3,2.35,3.0,b'W',60.0,1.0,b'M',180.0,780.0,True
142116.0,6.0,2.0,34.5,128.3,21.0,73.0,,,,1.16,,,,,,,,True
142117.0,29.0,2.0,78.9,174.1,26.0,90.9,108.0,73.66666666666667,5.3,5.51,3.0,b'W',40.0,2.0,b'W',20.0,660.0,True
142118.0,14.0,2.0,46.2,158.5,18.4,68.3,110.0,65.66666666666667,5.2,0.43,,,,,,,,True
142119.0,18.0,1.0,74.0,173.3,24.6,81.3,117.33333333333331,68.66666666666667,5.2,1.55,1.0,b'D',60.0,5.0,b'M',60.0,420.0,True
142122.0,24.0,2.0,67.5,170.7,23.2,,114.0,68.0,5.8,0.11,5.397605346934028e-79,b'',,5.397605346934028e-79,b'',,90.0,True
142129.0,24.0,1.0,93.2,178.1,29.4,107.0,112.33333333333331,63.66666666666666,5.0,0.62,5.397605346934028e-79,b'',,5.397605346934028e-79,b'',,360.0,True
142130.0,11.0,2.0,80.7,166.4,29.1,94.5,105.0,64.33333333333333,,1.0,,,,,,,,True
142132.0,62.0,2.0,62.9,159.5,24.7,86.0,98.0,70.33333333333333,5.5,3.86,5.0,b'W',40.0,5.397605346934028e-79,b'',,120.0,True
142133.0,61.0,1.0,91.4,161.2,35.2,111.1,132.66666666666666,87.33333333333333,6.7,3.62,5.397605346934028e-79,b'',,5.397605346934028e-79,b'',,840.0,True
142135.0,5.0,1.0,21.8,118.2,15.6,56.7,,,,0.34,,,,,,,,True
142139.0,4.0,1.0,29.5,114.4,22.5,69.5,,,,1.11,,,,,,,,True
142140.0,5.0,2.0,16.2,101.9,15.6,53.5,,,,0.33,,,,,,,,True
142142.0,17.0,1.0,83.5,177.3,26.6,79.6,117.66666666666669,64.66666666666667,5.2,1.25,,,,,,,,True
142143.0,44.0,1.0,90.4,184.5,26.6,95.7,124.66666666666669,73.33333333333333,5.2,0.65,2.0,b'W',40.0,2.0,b'W',120.0,240.0,True
142145.0,23.0,2.0,82.1,168.9,28.8,95.4,104.0,66.66666666666667,4.4,2.44,1.0,b'W',120.0,5.397605346934028e-79,b'',,420.0,True
142148.0,36.0,1.0,75.0,165.6,27.3,90.0,104.33333333333331,70.0,5.1,1.14,5.397605346934028e-79,b'',,5.397605346934028e-79,b'',,120.0,True
142151.0,65.0,2.0,50.9,149.4,22.8,,,,5.7,5.14,1.0,b'M',10.0,5.397605346934028e-79,b'',,60.0,True
142152.0,53.0,2.0,99.6,162.5,37.7,113.9,143.33333333333334,101.66666666666669,5.8,1.22,3.0,b'W',30.0,9999.0,b'',,240.0,True
142153.0,9.0,1.0,49.8,134.1,27.7,85.0,108.66666666666669,64.0,,0.82,,,,,,,,True
142155.0,51.0,2.0,50.6,159.4,19.9,75.7,97.66666666666669,59.66666666666666,5.5,0.17,2.0,b'D',60.0,1.0,b'D',45.0,90.0,True
142156.0,17.0,2.0,62.0,156.2,25.4,76.0,106.66666666666669,63.0,5.6,0.51,,,,,,,,True
142157.0,44.0,2.0,77.3,147.8,35.4,108.8,125.0,83.33333333333333,5.1,11.89,3.0,b'W',60.0,3.0,b'W',120.0,300.0,True
142161.0,78.0,2.0,79.5,153.4,33.8,112.2,142.33333333333334,64.66666666666667,6.2,34.74,5.397605346934028e-79,b'',,5.397605346934028e-79,b'',,180.0,True
142162.0,78.0,1.0,92.8,180.5,28.5,109.5,129.33333333333334,57.66666666666666,5.6,1.73,2.0,b'W',30.0,5.397605346934028e-79,b'',,300.0,True
142164.0,62.0,1.0,82.3,180.2,25.3,103.4,152.66666666666666,76.66666666666667,7.1,1.18,5.0,b'W',120.0,5.397605346934028e-79,b'',,240.0,True
142166.0,2.0,1.0,15.8,98.0,16.5,50.3,,,,0.23,,,,,,,,True
142168.0,15.0,2.0,53.9,165.4,19.7,72.0,86.33333333333333,56.0,5.6,0.34,,,,,,,,True
142169.0,65.0,1.0,110.8,176.6,35.5,119.0,117.0,60.0,5.9,1.25,3.0,b'W',60.0,2.0,b'W',30.0,360.0,True
142170.0,57.0,2.0,115.5,163.5,43.2,127.5,165.33333333333334,103.33333333333331,5.9,3.03,1.0,b'W',30.0,1.0,b'M',30.0,960.0,True
142171.0,31.0,1.0,98.7,172.9,33.0,108.6,118.66666666666669,75.33333333333333,5.1,11.14,5.0,b'W',60.0,3.0,b'W',30.0,180.0,True
142172.0,75.0,1.0,57.0,162.6,21.6,81.9,176.66666666666666,77.0,5.6,0.78,5.397605346934028e-79,b'',,5.397605346934028e-79,b'',,180.0,True
142176.0,65.0,1.0,90.2,180.4,27.7,103.0,138.66666666666666,87.33333333333333,5.7,0.68,1.0,b'D',20.0,3.0,b'W',10.0,720.0,True
142177.0,51.0,1.0,94.6,167.4,33.8,108.0,139.33333333333334,75.66666666666667,6.0,0.8,1.0,b'W',40.0,1.0,b'M',90.0,180.0,True
142178.0,42.0,1.0,66.7,161.5,25.6,85.0,122.66666666666669,77.0,5.4,1.53,6.0,b'W',60.0,5.397605346934028e-79,b'',,180.0,True
142179.0,24.0,2.0,53.7,164.5,19.8,72.7,97.66666666666669,55.333333333333336,5.0,0.43,3.0,b'W',360.0,8.0,b'M',90.0,600.0,True
142184.0,1.0,1.0,11.7,,,,,,,0.24,,,,,,,,True
142185.0,69.0,2.0,81.1,162.8,30.6,108.5,122.0,84.66666666666667,5.2,3.67,3.0,b'W',30.0,5.397605346934028e-79,b'',,360.0,True
142186.0,68.0,1.0,64.1,164.8,23.6,86.0,200.0,98.66666666666669,5.4,1.17,5.397605346934028e-79,b'',,5.397605346934028e-79,b'',,360.0,True
142187.0,12.0,1.0,89.8,165.2,32.9,103.1,116.66666666666669,68.0,5.3,1.47,,,,,,,,True
142189.0,18.0,1.0,69.2,169.6,24.1,78.8,111.33333333333331,53.66666666666666,5.1,0.4,5.0,b'W',60.0,3.0,b'W',30.0,180.0,True
142191.0,77.0,2.0,60.9,162.7,23.0,81.1,130.66666666666666,61.333333333333336,5.8,0.56,4.0,b'W',30.0,5.397605346934028e-79,b'',,240.0,True
142193.0,66.0,1.0,85.5,175.2,27.9,108.7,130.0,65.0,5.7,0.97,1.0,b'W',15.0,1.0,b'M',30.0,240.0,True
142194.0,8.0,1.0,35.2,140.2,17.9,61.0,104.66666666666669,63.333333333333336,,0.32,,,,,,,,True
142196.0,80.0,1.0,59.5,163.3,22.3,83.5,121.0,75.0,5.4,2.43,2.0,b'D',30.0,3.0,b'W',60.0,120.0,True
142198.0,68.0,1.0,94.8,178.6,29.7,104.8,120.0,80.33333333333333,5.4,3.69,5.0,b'D',20.0,4.0,b'D',15.0,180.0,True
142200.0,75.0,1.0,90.3,179.3,28.1,107.2,119.66666666666669,61.333333333333336,5.2,1.24,2.0,b'W',15.0,5.397605346934028e-79,b'',,840.0,True
142201.0,7.0,1.0,21.9,112.1,17.4,55.5,,,,0.34,,,,,,,,True
142203.0,59.0,1.0,63.6,171.0,21.8,81.0,191.66666666666663,115.66666666666669,5.4,3.48,5.397605346934028e-79,b'',,5.397605346934028e-79,b'',,240.0,True
142204.0,80.0,1.0,80.7,164.1,30.0,,132.66666666666666,78.33333333333333,6.1,1.29,5.397605346934028e-79,b'',,5.397605346934028e-79,b'',,480.0,True
142205.0,57.0,2.0,86.1,166.8,30.9,108.4,114.0,69.66666666666667,5.8,2.1,3.0,b'W',60.0,5.397605346934028e-79,b'',,120.0,True
142206.0,60.0,1.0,100.7,176.8,32.2,111.3,113.66666666666669,66.0,5.3,0.38,3.0,b'W',90.0,5.397605346934028e-79,b'',,480.0,True
142208.0,28.0,2.0,88.1,159.0,34.8,104.4,105.33333333333331,66.0,5.3,6.05,3.0,b'W',60.0,1.0,b'W',30.0,120.0,True
142210.0,4.0,2.0,17.7,107.4,15.3,,,,,3.41,,,,,,,,True
142211.0,50.0,1.0,86.0,179.6,26.7,100.8,121.66666666666669,74.66666666666667,5.1,0.93,1.0,b'D',90.0,1.0,b'W',90.0,540.0,True
142212.0,71.0,2.0,62.2,167.9,22.1,82.4,136.33333333333334,87.66666666666667,5.5,2.4,5.0,b'W',20.0,5.397605346934028e-79,b'',,420.0,True
142213.0,59.0,2.0,51.5,153.6,21.8,80.2,107.0,63.66666666666666,5.4,0.31,3.0,b'W',60.0,2.0,b'W',30.0,480.0,True
142214.0,61.0,1.0,71.4,173.3,23.8,89.0,102.66666666666669,70.0,5.8,1.76,5.0,b'W',30.0,2.0,b'W',20.0,360.0,True
142215.0,48.0,1.0,134.7,170.0,46.6,142.5,110.33333333333331,76.0,6.5,7.55,4.0,b'W',60.0,3.0,b'W',30.0,180.0,True
142216.0,57.0,2.0,72.1,171.4,24.5,90.1,129.0,88.0,5.6,0.39,4.0,b'W',720.0,5.0,b'W',45.0,180.0,True
142218.0,24.0,1.0,76.6,161.8,29.3,91.5,,,5.5,1.85,7.0,b'W',90.0,2.0,b'W',120.0,120.0,True
142219.0,76.0,2.0,55.8,160.3,21.7,69.0,114.33333333333331,62.66666666666666,5.5,0.63,3.0,b'W',30.0,5.397605346934028e-79,b'',,180.0,True
142221.0,69.0,1.0,80.4,172.7,27.0,97.0,155.33333333333334,89.66666666666667,5.2,0.83,1.0,b'D',20.0,5.397605346934028e-79,b'',,720.0,True
142225.0,17.0,2.0,73.0,165.9,26.5,88.2,95.33333333333331,57.333333333333336,5.6,0.48,,,,,,,,True
142227.0,68.0,2.0,109.3,168.7,38.4,120.7,127.33333333333331,74.66666666666667,6.6,2.91,5.397605346934028e-79,b'',,5.397605346934028e-79,b'',,720.0,True
142230.0,43.0,1.0,169.6,178.6,53.2,157.1,114.66666666666669,84.0,5.7,1.55,5.397605346934028e-79,b'',,5.397605346934028e-79,b'',,1020.0,True
142232.0,62.0,2.0,55.6,154.7,23.2,86.5,92.33333333333331,49.0,5.5,6.06,5.397605346934028e-79,b'',,5.397605346934028e-79,b'',,720.0,True
142233.0,19.0,1.0,102.1,175.8,33.0,103.6,117.0,77.66666666666667,5.2,2.27,3.0,b'W',60.0,1.0,b'M',30.0,480.0,True
142236.0,62.0,2.0,65.7,155.5,27.2,95.8,157.33333333333334,82.66666666666667,5.6,0.44,5.397605346934028e-79,b'',,5.397605346934028e-79,b'',,180.0,True
142241.0,51.0,1.0,102.4,173.5,34.0,123.5,120.66666666666669,79.0,7.7,0.78,1.0,b'D',35.0,2.0,b'W',60.0,720.0,True
142242.0,70.0,2.0,42.8,155.4,17.7,74.5,114.66666666666669,62.66666666666666,5.4,0.66,7.0,b'W',20.0,2.0,b'W',30.0,300.0,True
142243.0,78.0,1.0,79.2,173.3,26.4,106.5,128.0,68.33333333333333,8.2,0.63,7.0,b'W',90.0,5.397605346934028e-79,b'',,120.0,True
142245.0,67.0,2.0,52.4,162.3,19.9,83.5,116.66666666666669,70.0,5.9,1.24,1.0,b'W',20.0,5.397605346934028e-79,b'',,600.0,True
142247.0,43.0,1.0,85.0,178.7,26.6,92.0,105.0,74.66666666666667,4.8,2.14,4.0,b'W',60.0,2.0,b'M',180.0,60.0,True
142249.0,54.0,2.0,96.1,152.4,41.4,116.9,106.0,76.33333333333333,9.1,11.24,4.0,b'W',30.0,5.397605346934028e-79,b'',,360.0,True
142252.0,61.0,1.0,80.6,182.8,24.1,92.1,118.0,69.0,5.5,0.45,7.0,b'W',120.0,5.397605346934028e-79,b'',,600.0,True
142253.0,74.0,2.0,68.5,158.5,27.3,91.2,150.33333333333334,93.66666666666669,5.4,0.67,1.0,b'D',60.0,24.0,b'Y',30.0,240.0,True
142255.0,70.0,2.0,63.9,161.4,24.5,90.7,116.66666666666669,65.0,5.8,1.67,2.0,b'W',30.0,5.397605346934028e-79,b'',,180.0,True
142258.0,80.0,2.0,59.4,154.9,24.8,93.0,142.33333333333334,60.66666666666666,5.9,3.34,1.0,b'D',90.0,1.0,b'D',30.0,360.0,True
142259.0,64.0,2.0,122.2,168.5,43.0,120.8,94.33333333333331,58.333333333333336,5.7,2.27,5.397605346934028e-79,b'',,5.397605346934028e-79,b'',,600.0,True
142263.0,44.0,2.0,61.3,164.8,22.6,80.4,108.66666666666669,74.66666666666667,5.4,0.35,5.0,b'W',90.0,5.0,b'W',90.0,480.0,True
142264.0,63.0,2.0,71.2,159.1,28.1,89.3,113.33333333333331,70.33333333333333,5.2,4.65,2.0,b'D',120.0,5.397605346934028e-79,b'',,120.0,True
142265.0,6.0,2.0,25.3,115.4,19.0,62.5,,,,0.18,,,,,,,,True
142267.0,57.0,1.0,74.4,176.9,23.8,91.6,128.0,82.0,5.2,0.42,4.0,b'W',30.0,3.0,b'W',30.0,480.0,True
142268.0,32.0,1.0,75.9,179.8,23.5,88.9,111.66666666666669,64.33333333333333,5.6,3.94,6.0,b'W',360.0,1.0,b'W',120.0,300.0,True
142269.0,32.0,2.0,152.4,,,149.3,112.66666666666669,81.66666666666667,5.4,10.42,5.397605346934028e-79,b'',,5.397605346934028e-79,b'',,600.0,True
142272.0,12.0,2.0,49.8,166.3,18.0,67.2,96.0,63.0,5.2,0.24,,,,,,,,True
142275.0,15.0,1.0,48.5,159.7,19.0,68.5,100.33333333333331,51.0,5.1,0.44,,,,,,,,True
142277.0,2.0,1.0,17.0,89.5,21.2,56.0,,,,1.07,,,,,,,,True
142278.0,51.0,2.0,83.1,166.0,30.2,111.0,155.0,107.66666666666669,5.9,0.64,1.0,b'D',30.0,5.397605346934028e-79,b'',,180.0,True
142279.0,72.0,1.0,95.7,177.0,30.5,109.4,121.0,69.66666666666667,6.2,0.39,2.0,b'W',150.0,5.397605346934028e-79,b'',,420.0,True
142280.0,23.0,2.0,112.9,171.4,38.4,124.1,99.0,66.33333333333333,5.5,3.76,1.0,b'W',120.0,1.0,b'W',60.0,180.0,True
142283.0,29.0,2.0,134.3,171.3,45.8,137.2,116.33333333333331,80.66666666666667,5.4,53.63,9999.0,b'',,2.0,b'W',60.0,300.0,True
142287.0,70.0,1.0,71.3,173.2,23.8,88.5,121.33333333333331,64.0,5.6,2.32,2.0,b'D',60.0,5.397605346934028e-79,b'',,300.0,True
142288.0,54.0,2.0,58.2,158.7,23.1,84.6,109.66666666666669,68.0,5.2,0.53,7.0,b'W',30.0,5.397605346934028e-79,b'',,360.0,True
142289.0,68.0,2.0,46.4,148.9,20.9,68.6,131.0,69.66666666666667,5.6,1.18,3.0,b'W',60.0,3.0,b'W',60.0,150.0,True
142290.0,60.0,1.0,104.3,177.5,33.1,113.9,133.66666666666666,84.66666666666667,5.4,3.87,1.0,b'D',60.0,2.0,b'W',60.0,240.0,True
142295.0,80.0,2.0,94.0,168.5,33.1,111.2,136.0,79.0,5.3,1.37,5.397605346934028e-79,b'',,5.397605346934028e-79,b'',,480.0,True
142298.0,60.0,1.0,111.4,170.0,38.5,136.3,109.0,72.66666666666667,5.4,1.32,5.397605346934028e-79,b'',,5.397605346934028e-79,b'',,480.0,True
142299.0,33.0,1.0,113.8,178.5,35.7,121.8,113.33333333333331,77.0,9.5,8.81,1.0,b'D',60.0,1.0,b'D',30.0,120.0,True
142300.0,46.0,2.0,75.2,151.8,32.6,97.6,141.66666666666666,91.0,5.1,2.85,5.397605346934028e-79,b'',,5.397605346934028e-79,b'',,90.0,True
142301.0,80.0,2.0,82.2,164.3,30.5,,,,5.6,1.11,5.397605346934028e-79,b'',,5.397605346934028e-79,b'',,360.0,True
142302.0,70.0,1.0,55.8,161.5,21.4,79.7,122.33333333333331,70.0,5.2,0.83,1.0,b'D',45.0,1.0,b'D',20.0,120.0,True
142303.0,69.0,2.0,70.8,159.2,27.9,111.0,127.0,69.33333333333333,8.1,2.15,2.0,b'D',60.0,5.397605346934028e-79,b'',,360.0,True
142305.0,76.0,2.0,60.4,151.4,26.4,89.0,143.66666666666666,79.33333333333333,6.0,2.5,2.0,b'W',40.0,5.397605346934028e-79,b'',,480.0,True
142307.0,49.0,2.0,,143.8,,,130.0,73.33333333333333,6.2,4.3,3.0,b'W',15.0,5.397605346934028e-79,b'',,480.0,True
142309.0,40.0,1.0,81.9,179.1,25.5,96.0,126.66666666666669,81.33333333333333,5.2,0.53,2.0,b'D',15.0,5.397605346934028e-79,b'',,240.0,True
142310.0,80.0,2.0,72.1,161.7,27.6,110.8,126.0,80.0,5.3,5.7,5.397605346934028e-79,b'',,5.397605346934028e-79,b'',,360.0,True
