patient_id,time_hours,stimulus,il6_actual,il6_predicted,crp_actual,crp_predicted
P000003,0.0,0.2774263220256121,1.001775847791469,1.3520772,0.965913378726994,5.4333134
P000003,1.0,0.3423998006592657,1.2897865866219165,1.3742537,1.5546766692637708,5.5023537
P000003,2.0,0.3761727176347033,1.580804953016514,1.3855126,2.250157771370873,5.538126
P000003,3.0,0.3698311871001448,1.804476404207836,1.3847933,3.017109505020145,5.537526
P000003,4.0,0.3423346754481781,1.923951890293144,1.3777308,3.7888754497235535,5.5176926
P000003,5.0,0.3252725090454277,1.9635384970487209,1.3736451,4.503896601262465,5.5068836
P000003,6.0,0.3383347479022106,1.98869318133089,1.3787999,5.139571152877298,5.5240574
P000003,7.0,0.3740189046545189,2.0544148745686712,1.3904426,5.717136862082622,5.5608187
P000003,8.0,0.4031204365274575,2.161654393720977,1.3996689,6.273720750956189,5.5902042
P000003,9.0,0.396883395753358,2.25512603342728,1.3990018,6.82285819279402,5.589677
P000003,10.0,0.34912050898149,2.264551374133855,1.3864567,7.333725146903946,5.5532894
P000003,11.0,0.2816140395799864,2.158497942097521,1.3667042,7.745354197366765,5.4951344
P000003,12.0,0.2286799264165209,1.970341444738024,1.3500831,8.005766274810018,5.44645
P000003,13.0,0.2124528433919585,1.7767363819698878,1.3455694,8.107102666548737,5.434349
P000003,14.0,0.2274263220256121,1.644624087657671,1.3520105,8.090700479005442,5.4553037
P000003,15.0,0.2458072180303588,1.5864027598241497,1.3594465,8.018487871700613,5.479222
P000003,16.0,0.2395701772562594,1.5566666504041566,1.3584795,7.93221142589422,5.477785
P000003,17.0,0.2025279263525831,1.4925760453158436,1.3467739,7.830939226398844,5.4440002
P000003,18.0,0.1557321350697342,1.367051415155541,1.3307812,7.683303199783367,5.3973284
P000003,19.0,0.1320873437876141,1.2143446197001906,1.3229113,7.464597154712339,5.375138
P000003,20.0,0.1517322075237667,1.1083850565299411,1.3316705,7.18998683229588,5.402981
P000003,21.0,0.2067156439069573,1.1099289878526435,1.3528268,6.917927754184436,5.468033
P000003,22.0,0.2665178961490134,1.2221205940051132,1.3738945,6.720294073987971,5.532705
P000003,23.0,0.3002908131244511,1.3878408984957549,1.3854294,6.640825845089725,5.5686727
P000003,24.0,0.29912050898149,1.5308616390747405,1.386075,6.672396751345977,5.5719557
P000003,25.0,0.2816140395799864,1.6099419834303172,1.3817172,6.769584919130732,5.560243
P000003,26.0,0.2786799264165209,1.6453580505130811,1.3818083,6.886642431908191,5.561852
P000003,27.0,0.3090454260208653,1.6981968500840643,1.3919718,7.012061083207209,5.5935755
P000003,28.0,0.3640288624040559,1.8183776186917304,1.4084659,7.173737797997673,5.6441426
P000003,29.0,0.4131104787779204,2.000949217998273,1.4221468,7.411123515104582,5.6862006
P000003,30.0,0.4261727176347034,2.1839892463979345,1.4262257,7.73582476862461,5.699577
P000003,31.0,0.3957130916103969,2.2900842292046613,1.4194305,8.11101259442365,5.680566
P000003,32.0,0.3423346754481782,2.280506400461248,1.4060857,8.46597482457081,5.642044
P000003,33.0,0.2993906045351757,2.1815714798462253,1.3947341,8.735771726741307,5.60946
P000003,34.0,0.2883347479022107,2.063520691975317,1.392374,8.89707701994719,5.60367
P000003,35.0,0.3033082265358641,1.9879180303754536,1.39768,8.974120235446446,5.620696
P000003,36.0,0.3165178961490136,1.96315392886294,1.4023535,9.011060763484435,5.635809
P000003,37.0,0.3002908131244513,1.941435060038286,1.3985689,9.03224702486821,5.6257606
P000003,38.0,0.2491205089814901,1.8593015789869087,1.3840683,9.020738322768604,5.5838675
P000003,39.0,0.1850214569510796,1.690852937901442,1.3640842,8.93148552971357,5.525693
P000003,40.0,0.142077386038077,1.4732314747074335,1.3499732,8.729223722871765,5.4850035
P000003,41.0,0.1417421652733038,1.2847665925110745,1.3508444,8.422278666624527,5.488847
P000003,42.0,0.177426322025612,1.191820811307384,1.3643486,8.066341517741106,5.5301704
P000003,43.0,0.2199253135201067,1.2039664165485433,1.3793464,7.734689603121794,5.5758524
P000003,44.0,0.2395701772562594,1.2708947087456683,1.3864284,7.476453265198027,5.5980115
P000003,45.0,0.2284098308628354,1.323104660367215,1.3838031,7.293441942443096,5.591399
P000003,46.0,0.2057321350697341,1.3255404234689638,1.3774233,7.152041063309942,5.573678
P000003,47.0,0.2027980219062688,1.3036988344215168,1.3773456,7.020320232804185,5.5746064
P000003,48.0,0.2383347479022105,1.3225672133474604,1.389441,6.9016079633666765,5.6115046
P000003,49.0,0.303308226535864,1.4343786555721891,1.4092808,6.838603026666688,5.671191
P000003,50.0,0.3665178961490136,1.6347515763350062,1.4267974,6.884477254338582,5.7238984
P000003,51.0,0.7355990480997565,2.2084979224391503,1.4981925,7.139075655324844,5.9338007
P000003,52.0,1.0631543540527306,3.272226125333244,1.5346415,7.89134901328617,6.037794
P000003,53.0,1.3684716747378367,4.611735046464485,1.5553343,9.30639108561362,6.092492
P000003,54.0,1.683542535802115,6.130366323566284,1.5686824,11.431545987297438,6.122057
P000003,55.0,2.02850559226311,7.811410862871451,1.5777242,14.27600765839338,6.1344013
P000003,56.0,2.396322776482447,9.65437873234872,1.5836039,17.846178654766668,6.133039
P000003,57.0,2.758238140692458,11.623032276389322,1.5871904,22.137808697155755,6.122814
P000003,58.0,3.085897936405891,13.637390650354744,1.5893207,27.109547678813925,6.109215
P000003,59.0,3.3734432846093285,15.61093380726121,1.5906334,32.67043514830344,6.095502
P000003,60.0,3.64288865853372,17.501621803842916,1.5915303,38.69915536902071,6.0819244
P000003,61.0,3.928670197716652,19.335886284533,1.5922105,45.08605727560901,6.067194
P000003,62.0,4.252922576058992,21.18572630606588,1.5927153,51.76975654980063,6.050522
P000003,63.0,4.610019124410138,23.114765778506104,1.59301,58.74276711202714,6.0326743
P000003,64.0,4.318697159094952,24.46173710631541,1.5928857,65.87522306522999,6.048803
P000003,65.0,4.00384026115138,24.799082121414084,1.5925817,72.55777864748529,6.066965
P000003,66.0,3.658858957948275,24.39153668016024,1.5920079,78.30904728822797,6.087411
P000003,67.0,3.304356324228813,23.435935729786145,1.5910776,82.85126220525167,6.108363
P000003,68.0,2.9727724806472646,22.119268937791222,1.5897577,86.06224405318757,6.1268816
P000003,69.0,2.683797487213945,20.61937348420321,1.5880694,87.95174465149145,6.1410103
P000003,70.0,2.429078062277202,19.06747469992816,1.585947,88.62722192021864,6.1507483
P000003,71.0,2.1777660547115536,17.514362383846482,1.5829661,88.23936771394592,6.1564436
P000003,72.0,1.8987811035286968,15.935070276914145,1.5780847,86.92477072969982,6.156111
P000003,73.0,1.5830891222069368,14.275095667560684,1.569448,84.77332912026249,6.143651
P000003,74.0,1.2492971666061303,12.50799426037366,1.5544281,81.83492252854785,6.1097207
P000003,75.0,0.9284339588927736,10.664317069770927,1.530349,78.15409133783304,6.0457377
P000003,76.0,0.6394589654594536,8.812547563977569,1.4951813,73.80300028899808,5.9466405
P000003,77.0,0.3740189046545191,7.0082266892356735,1.4450908,68.88606221720823,5.80274
P000003,78.0,0.4165178961490136,5.574064777491017,1.4551389,63.58327607993824,5.8326674
P000003,79.0,0.4227653002636101,4.63496630187938,1.4569666,58.26341039646318,5.8387694
P000003,80.0,0.385723049359934,3.958276829510541,1.4492786,53.160462704307,5.8173504
P000003,81.0,0.3264428131883895,3.3996434825636395,1.4357262,48.35803751198163,5.7789774
P000003,82.0,0.2786799264165213,2.913734708652908,1.4239938,43.87031829368773,5.745883
P000003,83.0,0.2642166524124627,2.522337787178372,1.420649,39.7055642466927,5.7370605
P000003,84.0,0.277426322025612,2.2543094278111813,1.424717,35.8903958750744,5.74966
P000003,85.0,0.2906359916387616,2.0959340438711647,1.428693,32.45418097634455,5.7619724
P000003,86.0,0.2761727176347034,1.9843607432013668,1.4254153,29.397019999243227,5.753338
P000003,87.0,0.228409830862836,1.845675702770904,1.412863,26.67311313740238,5.7179594
P000003,88.0,0.1691295946912912,1.6464590535786274,1.3958867,24.206870993225625,5.6698494
P000003,89.0,0.132087343787614,1.4181471317687662,1.3847432,21.93248605034448,5.6385922
P000003,90.0,0.1383347479022105,1.2344446388576484,1.3873315,19.828623181807515,5.6469297
P000003,91.0,0.1808337393967047,1.157716864465937,1.4010911,17.922595926256683,5.6874104
P000003,92.0,0.2299153557705694,1.193911157466622,1.4158473,16.2607182150308,5.730692
P000003,93.0,0.2554620395160485,1.2893512522798294,1.4233315,14.866572491826702,5.753009
P000003,94.0,0.2491205089814901,1.3714070931888145,1.4220932,13.717797791633776,5.750245
P000003,95.0,0.2298502305594821,1.402175211305451,1.4172814,12.757963338681227,5.7372255
P000003,96.0,0.2286799264165208,1.4046634055397829,1.4174268,11.933695727764762,5.7384367
P000003,97.0,0.264216652412462,1.4418179752617035,1.4274864,11.228323458370964,5.7680607
P000003,98.0,0.3274263220256118,1.5643630878275054,1.4437456,10.666103920717337,5.815391
P000003,99.0,0.3872285742676685,1.767005409486626,1.4577496,10.28347360627668,5.8561845
P000003,100.0,0.4127752580131473,1.9863305263818625,1.4635468,10.088841858276616,5.873458
P000003,101.0,0.3957130916103967,2.1423669678390564,1.460304,10.041326203463354,5.864891
P000003,102.0,0.3557321350697344,2.1929250684604,1.451869,10.06479920691062,5.841503
P000003,103.0,0.3252725090454279,2.16018226829476,1.4451797,10.087229501776353,5.823114
P000003,104.0,0.3249372882806548,2.1098413864615253,1.4454722,10.076409371015634,5.824659
P000003,105.0,0.3481370001442669,2.098833216431387,1.4512231,10.045982340561856,5.8417597
P000003,106.0,0.3665178961490135,2.131133229945955,1.4556987,10.028086013930496,5.8552017
P000003,107.0,0.3520546221449557,2.1550503870031044,1.4528053,10.03403691476797,5.847645
P000003,108.0,0.2991205089814903,2.104008725542377,1.4407156,10.033398442290768,5.8139186
P000003,109.0,0.2298502305594829,1.9499846584074805,1.4232697,9.967784291765188,5.764982
P000003,110.0,0.1786799264165208,1.7291346426732157,1.4093082,9.78940221246417,5.7259984
P000003,111.0,0.1676240697835559,1.52000613297113,1.4064727,9.49549053627292,5.7186823
P000003,112.0,0.1908237816471681,1.3903684904997538,1.413589,9.132654458050682,5.739643
P000003,113.0,0.2199253135201064,1.3522935636378846,1.4220676,8.767537754201486,5.764441
P000003,114.0,0.2261727176347033,1.3588944633309676,1.4241188,8.445395809370781,5.7709694
P000003,115.0,0.2025279263525831,1.3447809379252524,1.4179981,8.167059297478644,5.7543197
P000003,116.0,0.1691295946912905,1.2794166755511096,1.4088428,7.900788147417124,5.729086
P000003,117.0,0.157969248297866,1.1929187669442327,1.4059331,7.61915696385811,5.721567
P000003,118.0,0.1883347479022104,1.1546806126879596,1.4150753,7.332240395408197,5.748165
P000003,119.0,0.2515444175153592,1.2208269273264036,1.4324667,7.091193376522572,5.7980537
P000003,120.0,0.3165178961490125,1.390088062773965,1.4486918,6.958715803624514,5.844575
P000003,121.0,0.3520546221449553,1.601448107698048,1.4570277,6.967983681690347,5.8687525
P000003,122.0,0.34912050898149,1.7755632162996868,1.4566412,7.100513477694329,5.8682837
P000003,123.0,0.3264428131883892,1.8690698830014163,1.4517999,7.29939949677746,5.8552475
P000003,124.0,0.3152824667949647,1.9012585970607676,1.4494894,7.507972536643309,5.8493576
P000003,125.0,0.334927330531117,1.9334345920751737,1.4542363,7.705028654082888,5.8633537
P000003,126.0,0.3774263220256119,2.016924064013564,1.4637349,7.910584745191689,5.8907075
P000003,127.0,0.4131104787779205,2.149275518569524,1.4712715,8.158503147956397,5.9125032
P000003,128.0,0.4127752580131474,2.2719884202149467,1.4714181,8.457420884008714,5.913493
P000003,129.0,0.3698311871001455,2.311760108316633,1.4628015,8.770314782347405,5.8898544
P000003,130.0,0.3057321350697345,2.2343823791826227,1.4487455,9.029026980242438,5.850959
P000003,131.0,0.2545618309267729,2.070791224825085,1.4365766,9.173711779742703,5.817403
P000003,132.0,0.2383347479022102,1.8956339626481296,1.4326935,9.188299418178977,5.8071303
P000003,133.0,0.2515444175153605,1.7743662138549912,1.4362972,9.105917819818409,5.8178606
P000003,134.0,0.2665178961490136,1.718490354739541,1.4402564,8.980637617240955,5.8295717
P000003,135.0,0.2554620395160487,1.6823332331482612,1.4377387,8.847036287295602,5.8231273
P000003,136.0,0.2125179686030456,1.6034189200502522,1.4269028,8.698005922064128,5.7934074
P000003,137.0,0.1591395524408272,1.4556274680133583,1.412425,8.497249105593417,5.7535324
P000003,138.0,0.1286799264165209,1.274693448872832,1.4037805,8.216562376550819,5.730008
P000003,139.0,0.1417421652733033,1.1364460682737667,1.407887,7.869150428266205,5.742139
P000003,140.0,0.1908237816471679,1.1038256004435656,1.421974,7.513058742814793,5.782119
P000003,141.0,0.245807218030358,1.1822932562887314,1.4365757,7.221225623947522,5.8234825
P000003,142.0,0.2761727176347036,1.3170205953395548,1.444226,7.039764953079704,5.8454094
P000003,143.0,0.2732386044712376,1.4338861951199535,1.4436994,6.964991603665126,5.844517
P000003,144.0,0.2557321350697343,1.493428030778012,1.4396069,6.955687379852325,5.833692
P000003,145.0,0.2545618309267731,1.5172512532965274,1.439493,6.970722697779781,5.833953
P000003,146.0,0.2883347479022095,1.567231200726551,1.447793,7.003254171114952,5.85762
P000003,147.0,0.3481370001442672,1.6934807659833844,1.4613748,7.085525647509698,5.8959475
P000003,148.0,0.4031204365274572,1.890634429786236,1.47283,7.260680450851423,5.928323
P000003,149.0,0.4227653002636102,2.095775496376376,1.4767687,7.543076236663925,5.9397783
P000003,150.0,0.3991205089814909,2.2299839641206702,1.4722767,7.897475945127025,5.9278097
P000003,151.0,0.3523247176986411,2.2526159203831546,1.4627864,8.253465168635666,5.901984
P000003,152.0,0.3152824667949651,2.187791863435947,1.4548209,8.545064560975177,5.8804173
P000003,153.0,0.3090454260208651,2.103428296932544,1.4535387,8.746621806602215,5.877395
P000003,154.0,0.3274263220256126,2.0587934022519963,1.457753,8.878895246054086,5.889597
P000003,155.0,0.3423998006592657,2.0601671536599264,1.4611151,8.981649522339318,5.8994255
P000003,156.0,0.3261727176347039,2.05797493288682,1.4576926,9.07420128208167,5.8904705
P000003,157.0,0.2732386044712389,1.9874261591996445,1.4457071,9.13427269636134,5.857852
P000003,158.0,0.205732135069734,1.8218307875891675,1.4290183,9.111526124216692,5.8122845
P000003,159.0,0.1579692482978662,1.5981366976620397,1.4162667,8.965808709888117,5.777642
P000003,160.0,0.1517322075237665,1.3950871232744402,1.414655,8.701284654372106,5.7737703
P000003,161.0,0.1808337393967047,1.2800385011049922,1.4227777,8.370487184693799,5.7967434
P000003,162.0,0.2165178961490129,1.264069384583616,1.4322555,8.044749045731963,5.8234205
P000003,163.0,0.2295801350057967,1.2987870432298143,1.4356639,7.772597105249417,5.8333497
P000003,164.0,0.212517968603046,1.3168855490246425,1.4314253,7.556615435202037,5.822217
P000003,165.0,0.1850214569510796,1.2856336913587627,1.4243245,7.365285841339784,5.8032227
P000003,166.0,0.178679926416521,1.232824061376681,1.4227221,7.169950087973377,5.799364
P000003,167.0,0.2124528433919589,1.225554399389261,1.4316685,6.978158952956738,5.8244934
P000005,0.0,0.1180728047152652,0.1994097311357923,1.2917016,0.739772143027604,5.249618
P000005,1.0,0.1830462833489188,0.4252468004888766,1.3193018,0.8298438716637914,5.3353252
P000005,2.0,0.2168192003243564,0.6747346541637442,1.3333209,1.0866408976076278,5.3796387
P000005,3.0,0.2104776697897979,0.8737641614514842,1.3323066,1.4662066385826282,5.3782287
P000005,4.0,0.1829811581378312,0.9810937517902448,1.3233297,1.8869217214755296,5.352639
P000005,5.0,0.1659189917350809,1.0156073263448666,1.3180988,2.27501211048982,5.3384323
P000005,6.0,0.1789812305918637,1.0378375048577408,1.3244555,2.604173436502205,5.3593693
P000005,7.0,0.214665387344172,1.1002736261421964,1.33898,2.8993663280525244,5.4050183
P000005,8.0,0.2437669192171106,1.204376080489444,1.3504999,3.202254609896276,5.4414988
P000005,9.0,0.2375298784430112,1.297058435718967,1.3495545,3.524913605067299,5.4402084
P000005,10.0,0.1897669916711431,1.309561405548452,1.3336539,3.827401634787049,5.3936777
P000005,11.0,0.1222605222696395,1.209598407443336,1.3087838,4.036834921171876,5.320058
P000005,12.0,0.069326409106174,1.027535557565218,1.2879477,4.0942737929333815,5.258691
P000005,13.0,0.0530993260816117,0.8368032155199931,1.2822359,3.9946304600127527,5.2430687
P000005,14.0,0.0680728047152652,0.7030932744769014,1.2901518,3.789853306452748,5.2686
P000005,15.0,0.0864537007200119,0.6403106171187423,1.2993243,3.553052112788611,5.297883
P000005,16.0,0.0802166599459126,0.6060923224369676,1.298023,3.330384259627877,5.29554
P000005,17.0,0.0431744090422362,0.5398699958987871,1.2833543,3.1164895968391426,5.252901
P000005,18.0,0.0,0.4179836227283655,1.2651267,2.872268298928288,5.199573
P000005,19.0,0.0,0.2942454839059661,1.2665238,2.576869487313308,5.205386
P000005,20.0,0.0,0.2071382707147885,1.2679093,2.2609227862120536,5.211149
P000005,21.0,0.0473621265966104,0.1926833676112766,1.2905235,1.9640958859538555,5.2807417
P000005,22.0,0.1071643788386665,0.2832967282137375,1.316741,1.755744119319419,5.3610606
P000005,23.0,0.1409372958141042,0.4330483241198695,1.3311224,1.6842991124627291,5.4057207
P000005,24.0,0.1397669916711431,0.5669840789419718,1.3318458,1.7379766960859295,5.409333
P000005,25.0,0.1222605222696394,0.6429188957636326,1.3262868,1.860441960123323,5.394094
P000005,26.0,0.119326409106174,0.6780891617217972,1.3263161,1.9973304020411144,5.395613
P000005,27.0,0.1496919087105184,0.7303168206692254,1.339004,2.136330752479193,5.4350405
P000005,28.0,0.204675345093709,0.8481702181727098,1.3597238,2.311163916426447,5.4984384
P000005,29.0,0.2537569614675735,1.028012008990946,1.3769641,2.567130745235302,5.551324
P000005,30.0,0.2668192003243564,1.210664215319928,1.3820572,2.9149941869456955,5.567841
P000005,31.0,0.23635957430005,1.3205815429070964,1.3733547,3.308876124651713,5.54315
P000005,32.0,0.1829811581378313,1.3183778884405115,1.3563886,3.665853806027008,5.4938045
P000005,33.0,0.1400370872248287,1.2274327780229062,1.3419948,3.913572987480066,5.4521666
P000005,34.0,0.1289812305918638,1.114738645077347,1.3389473,4.031068172014575,5.4444065
P000005,35.0,0.1439547092255172,1.0405084203926702,1.3455513,4.053002083908455,5.465419
P000005,36.0,0.1571643788386667,1.0144803537159122,1.351367,4.03492931676375,5.4840484
P000005,37.0,0.1409372958141044,0.9917070787348996,1.3465211,4.006334406442576,5.470908
P000005,38.0,0.0897669916711432,0.9107841493901974,1.3282173,3.947158210884198,5.417723
P000005,39.0,0.0256679396407327,0.7454304799810195,1.303155,3.805574395237583,5.3444624
P000005,40.0,0.0,0.5473090546575973,1.293206,3.5480294923526348,5.3162136
P000005,41.0,0.0,0.3852859511160765,1.294354,3.202674384295784,5.32098
P000005,42.0,0.0180728047152651,0.2891107751732503,1.3032882,2.827143365598827,5.348869
P000005,43.0,0.0605717962097598,0.2793395948852665,1.321959,2.484460440592414,5.4056168
P000005,44.0,0.0802166599459126,0.3292409447211311,1.3307705,2.229017196883534,5.433032
P000005,45.0,0.0690563135524885,0.3705870397385445,1.3274143,2.0617367541139764,5.4243407
P000005,46.0,0.0463786177593872,0.3674474683128582,1.3193641,1.9414281141817424,5.4017434
P000005,47.0,0.0434445045959219,0.3424085849440804,1.319206,1.830305886755388,5.4025364
P000005,48.0,0.0789812305918636,0.3573681585535455,1.3343005,1.7329635983254028,5.4484577
P000005,49.0,0.1439547092255171,0.463415054529021,1.3592157,1.6992139186590742,5.5233326
P000005,50.0,0.2071643788386667,0.6577029779080618,1.3813245,1.7885483868484306,5.5897865
P000005,51.0,0.2375298784430111,0.8800599368360582,1.3916504,2.0230578902948344,5.6213684
P000005,52.0,0.2263695320495868,1.0522281121989443,1.3890231,2.364560808872432,5.614721
P000005,53.0,0.1929712003882942,1.1305743835665845,1.3792512,2.7336768389369523,5.587021
P000005,54.0,0.169326409106174,1.13298560668002,1.3722923,3.0571997271169806,5.5676274
P000005,55.0,0.1755738132207704,1.1200897937041452,1.3752031,3.308976006984615,5.5773067
P000005,56.0,0.204675345093709,1.1452971365800395,1.385427,3.5144981150789865,5.608477
P000005,57.0,0.2278750569573215,1.2115682188334285,1.39341,3.716792867399752,5.6330113
P000005,58.0,0.2168192003243564,1.2676648228601384,1.3907788,3.9303130604620233,5.626334
P000005,59.0,0.1656488961813953,1.246807075670211,1.3751588,4.118487971651087,5.581521
P000005,60.0,0.0963786177593879,1.1186201438716274,1.351836,4.2126248015854735,5.514118
P000005,61.0,0.043444504595922,0.9151389141062926,1.3326628,4.158514241374421,5.458938
P000005,62.0,0.0289812305918637,0.7110741129570506,1.3278384,3.955991482421624,5.445911
P000005,63.0,0.0473621265966103,0.5729000258827546,1.3359544,3.661745373045805,5.470846
P000005,64.0,0.0705618384602228,0.5147369245585902,1.3456597,3.3530745838565608,5.5003986
P000005,65.0,0.0702266176954496,0.4938445360832577,1.3463688,3.079441388378522,5.503563
P000005,66.0,0.0397669916711432,0.4487023037849275,1.3355832,2.8376365163689075,5.473076
P000005,67.0,0.0,0.3508109635912597,1.3205674,2.5884654007468253,5.430232
P000005,68.0,0.0,0.2469583402996411,1.3214419,2.3059368825186444,5.4339037
P000005,69.0,0.0082705524732087,0.1820336383191423,1.3256595,2.015091418967022,5.4473376
P000005,70.0,0.0680728047152651,0.2027708852513418,1.3496096,1.7599543363954866,5.518367
P000005,71.0,0.1312824743284147,0.3324602592637877,1.3727689,1.614569799906672,5.586956
P000005,72.0,0.1668192003243563,0.5144591526046098,1.3851874,1.6206731078384606,5.624136
P000005,73.0,0.1656488961813954,0.6726455911330079,1.3854959,1.758036189983181,5.6260033
P000005,74.0,0.1463786177593873,0.76390670739715,1.3799217,1.9627262568151995,5.6107483
P000005,75.0,0.1400370872248289,0.8049447114971213,1.3785145,2.173706422950853,5.6076236
P000005,76.0,0.1655837709703074,0.8535408929316579,1.3874791,2.3730771557490087,5.63464
P000005,77.0,0.2146653873441723,0.9587639560807298,1.4031768,2.590237649653756,5.681161
P000005,78.0,0.2571643788386666,1.1180153103037285,1.4159355,2.867596535287652,5.7190785
P000005,79.0,0.2634117829532632,1.2736455004442853,1.4182265,3.2145650130769994,5.7266
P000005,80.0,0.2263695320495871,1.3520389576722571,1.4083879,3.585490431740383,5.6989717
P000005,81.0,0.1670892958780426,1.3160199818332925,1.391134,3.8992025909829775,5.649887
P000005,82.0,0.1193264091061744,1.1913162759282556,1.3762574,4.086486382446623,5.6077213
P000005,83.0,0.1048631351021158,1.0472516422213276,1.3720057,4.130676007734359,5.5963464
P000005,84.0,0.1180728047152651,0.9461985247311075,1.3771088,4.071595128925054,5.6120396
P000005,85.0,0.1312824743284147,0.8997383607189425,1.3821015,3.970466144289325,5.6273885
P000005,86.0,0.1168192003243565,0.8643269341879535,1.3779318,3.8625615660851698,5.616249
P000005,87.0,0.0690563135524891,0.7794286264362067,1.3620954,3.733336799551936,5.5714273
P000005,88.0,0.0097760773809443,0.6190385879440294,1.3408039,3.5358323404210683,5.5108824
P000005,89.0,0.0,0.4443705643835766,1.337702,3.2430345103773552,5.5028906
P000005,90.0,0.0,0.3128209447468849,1.3383801,2.8921172071784627,5.50581
P000005,91.0,0.0214802220863578,0.2414696935059113,1.3472543,2.532229769105069,5.5323496
P000005,92.0,0.0705618384602226,0.2586811333421544,1.3657348,2.221271796405048,5.586505
P000005,93.0,0.0961085222057016,0.339200927208162,1.3751307,2.013291850748868,5.6144347
P000005,94.0,0.0897669916711432,0.4120551306857541,1.3735507,1.9078113572344328,5.61077
P000005,95.0,0.0704967132491352,0.4387017978438048,1.3674796,1.8604879086276696,5.594202
P000005,96.0,0.0693264091061739,0.4393705435100695,1.3676453,1.8291232841351373,5.59556
P000005,97.0,0.1048631351021152,0.4739771087474698,1.3802865,1.8131213246707896,5.6327114
P000005,98.0,0.1680728047152649,0.592109470004248,1.400816,1.856804224176776,5.692412
P000005,99.0,0.4681115417099298,1.0277008852827123,1.4742551,2.078065660345719,5.9033594
P000005,100.0,0.733894710208017,1.8609618162089925,1.5160251,2.7532579496322787,6.022797
P000005,101.0,0.9570690285578748,2.901907700198893,1.5396802,4.016208401169754,6.089485
P000005,102.0,1.1573245567698207,4.028940315235586,1.5547764,5.8558767631780215,6.130817
P000005,103.0,1.3671014154981225,5.205859157576875,1.5661721,8.205247130044032,6.1602693
P000005,104.0,1.6070026794859575,6.456070377856414,1.5752997,11.009389576916178,6.1811275
P000005,105.0,1.8704388761021784,7.807633257708793,1.5820467,14.247499321949952,6.1926208
P000005,106.0,2.129056256859533,9.246454381069746,1.5864398,17.90966170515486,6.195536
P000005,107.0,2.3548294676080834,10.709968462579315,1.5890555,21.95722662235321,6.193141
P000005,108.0,2.542131839197226,12.123940092826272,1.5906196,26.30393948763553,6.1885495
P000005,109.0,2.7130980455278277,13.453068975719098,1.5916879,30.83654059820292,6.182699
P000005,110.0,2.421691256632257,14.250593891530707,1.5898688,35.33440449322333,6.194228
P000005,111.0,2.1703989152466834,14.307325833441114,1.5874152,39.2457973581425,6.1998906
P000005,112.0,1.9533621423576877,13.911708337345768,1.5843172,42.247031548996624,6.200527
P000005,113.0,1.7422271894780177,13.233591090662522,1.5800536,44.2488482482587,6.196154
P000005,114.0,1.5082381088400063,12.339175225673246,1.5732746,45.2645119867231,6.183737
P000005,115.0,1.2443568328052776,11.242833752288725,1.5618477,45.33004607058539,6.1569176
P000005,116.0,0.9707220163913768,9.9684283348469,1.5435843,44.485310974520445,6.1088705
P000005,117.0,0.7193251852453441,8.582107274349166,1.5180063,42.79613230662219,6.038376
P000005,118.0,0.5094542000970803,7.177631037824456,1.4871945,40.37854146380207,5.9521475
P000005,119.0,0.3324273849576209,5.829359968498164,1.4520793,37.392572789618505,5.8535094
P000005,120.0,0.1571643788386656,4.551258637443505,1.406774,34.00137473216709,5.726104
P000005,121.0,0.1927011048346085,3.532693156798934,1.4173145,30.38489087224181,5.756592
P000005,122.0,0.1897669916711432,2.843980008996258,1.4168179,26.8470659474387,5.7558784
P000005,123.0,0.1670892958780423,2.3341327542914305,1.4106867,23.555927725463825,5.7392664
P000005,124.0,0.1559289494846178,1.9442498627456677,1.407764,20.5693426548568,5.731718
P000005,125.0,0.1755738132207701,1.6794192796075105,1.413759,17.9176953633617,5.7493067
P000005,126.0,0.218072804715265,1.552302004122039,1.4257846,15.636311774505096,5.783854
P000005,127.0,0.2537569614675736,1.535467003257652,1.43535,13.749734388142986,5.811429
P000005,128.0,0.2534217407028005,1.5546373730461789,1.4355292,12.237674115568154,5.812571
P000005,129.0,0.2104776697897986,1.525344362507981,1.424587,11.020425657737963,5.7824492
P000005,130.0,0.1463786177593876,1.4035641527158784,1.406821,9.98288231926072,5.7331877
P000005,131.0,0.095208313616426,1.210881953085899,1.3915231,9.02446893112126,5.6909037
P000005,132.0,0.0789812305918633,1.0142237120796855,1.3866634,8.100878180310195,5.6779623
P000005,133.0,0.0921909002050136,0.8745968382404437,1.3911865,7.22830899095406,5.6913557
P000005,134.0,0.1071643788386667,0.802727445188534,1.3961604,6.448156874658015,5.7059927
P000005,135.0,0.0961085222057018,0.7543502595952756,1.3930101,5.779154932356228,5.697849
P000005,136.0,0.0531644512926988,0.6680866771227233,1.3794672,5.192860974481383,5.6606064
P000005,137.0,0.0,0.5170211596407406,1.3615441,4.630443252843275,5.611122
P000005,138.0,0.0,0.3639643589743677,1.3618686,4.055321273846605,5.6127615
P000005,139.0,0.0,0.2562178590440497,1.3621867,3.495601654671699,5.6143785
P000005,140.0,0.0314702643368211,0.211508429808489,1.3733871,2.985212852461757,5.6464124
P000005,141.0,0.0864537007200111,0.2620922766576675,1.391619,2.5764661433743923,5.698023
P000005,142.0,0.1168192003243567,0.3760588701824258,1.4012148,2.3150406682194613,5.725458
P000005,143.0,0.1138850871608906,0.4800640813372052,1.4005659,2.1909522381768167,5.7242975
P000005,144.0,0.0963786177593874,0.5333791260392973,1.3954532,2.150480313369395,5.710699
P000005,145.0,0.0952083136164262,0.5543711958369035,1.395325,2.142345211414612,5.7109947
P000005,146.0,0.1289812305918626,0.6015393401886004,1.4057369,2.1574013910144125,5.7406163
P000005,147.0,0.1887834828339203,0.7235931756031542,1.4228306,2.2322239911815824,5.7887735
P000005,148.0,0.2437669192171103,0.9164658284964649,1.4373112,2.414297112317737,5.829608
P000005,149.0,0.2634117829532634,1.1199904285754043,1.4423058,2.715598331432303,5.8440485
P000005,150.0,0.239766991671144,1.2571282600785554,1.4366231,3.090281636012953,5.828836
P000005,151.0,0.1929712003882942,1.286588204214736,1.4246485,3.454158138176539,5.7961884
P000005,152.0,0.1559289494846181,1.2295567788431296,1.4146388,3.732298496913712,5.769025
P000005,153.0,0.1496919087105183,1.150690485884473,1.4130433,3.8999465931904687,5.7652016
P000005,154.0,0.1680728047152657,1.1078795076060823,1.4183502,3.986948484466805,5.7804923
P000005,155.0,0.1830462833489188,1.1087086489211495,1.4225917,4.0432869099536815,5.792814
P000005,156.0,0.166819200324357,1.1063916279363413,1.418304,4.092451486127815,5.7815323
P000005,157.0,0.1138850871608919,1.038123855564698,1.4033053,4.10833433874991,5.740657
P000005,158.0,0.0463786177593871,0.8767575357706978,1.3825464,4.033386476122016,5.683899
P000005,159.0,0.0,0.6579556985574697,1.3672714,3.824804954497923,5.6423235
P000005,160.0,0.0,0.4631772212676993,1.3674648,3.495365686343435,5.6435127
P000005,161.0,0.0214802220863579,0.3473151212630595,1.374903,3.1128985877498025,5.6646986
P000005,162.0,0.0571643788386661,0.3199355556607581,1.3866737,2.752128597314526,5.697796
P000005,163.0,0.0702266176954498,0.3449398937540001,1.3909335,2.465819787064333,5.7101493
P000005,164.0,0.0531644512926991,0.3571357382639689,1.3857014,2.253083537394025,5.696347
P000005,165.0,0.0256679396407327,0.3235216139770869,1.3769433,2.0735177000867404,5.6728497
P000005,166.0,0.0193264091061741,0.269424078108882,1.3749976,1.892109998941098,5.6681185
P000005,167.0,0.053099326081612,0.259188217199596,1.3860941,1.7176432708762033,5.699255
P000019,0.0,0.216455740817445,0.3147460895291129,1.330534,0.1042482064554606,5.3677816
P000019,1.0,0.2814292194510985,0.7385104507388349,1.3546829,0.9590207807846964,5.442895
P000019,2.0,0.3152021364265361,1.17200207980936,1.3669419,2.440440659250189,5.4817686
P000019,3.0,0.3088606058919776,1.543509035818806,1.3661168,4.44069741384828,5.480877
P000019,4.0,0.2813640942400109,1.806549269188145,1.3583617,6.758688950165903,5.4589562
P000019,5.0,0.2643019278372606,1.9736672732267668,1.3538616,9.184957981584091,5.4469137
P000019,6.0,0.2773641666940435,2.104370146669655,1.359453,11.596464597148056,5.4654565
P000019,7.0,0.3130483234463518,2.257060615437702,1.372139,13.98780010630276,5.5054426
P000019,8.0,0.3421498553192904,2.441859479453426,1.3821938,16.414726750485574,5.5373974
P000019,9.0,0.3359128145451909,2.6104406638926534,1.381427,18.893076477295512,5.536595
P000019,10.0,0.2881499277733229,2.6910097904194306,1.3676703,21.330488016999823,5.4965353
P000019,11.0,0.2206434583718193,2.6424250656506296,1.346062,23.54426497371424,5.4327602
P000019,12.0,0.1677093452083538,2.4868958144827684,1.3279047,25.354026631277225,5.379448
P000019,13.0,0.1514822621837914,2.296673433656506,1.3229532,26.6814695267621,5.3660583
P000019,14.0,0.166455740817445,2.144647443622792,1.3299339,27.583926863883526,5.388688
P000019,15.0,0.1848366368221917,2.0558064747976963,1.3380039,28.197785471416186,5.414567
P000019,16.0,0.1785995960480923,1.9957611838394655,1.3369157,28.63506760707551,5.4128
P000019,17.0,0.141557345144416,1.9045342861375945,1.3241277,28.91102537633145,5.3757772
P000019,18.0,0.0947615538615671,1.7496853976061413,1.3066947,28.956479574414324,5.324792
P000019,19.0,0.0711167625794469,1.5582642260374584,1.2981107,28.704082682470204,5.3004875
P000019,20.0,0.0907616263155996,1.40304995980806,1.3075969,28.181363568173268,5.3305674
P000019,21.0,0.1457450626987902,1.3530141375725393,1.3305895,27.537780860795227,5.401204
P000019,22.0,0.2055473149408463,1.4249709843439569,1.3535354,26.982352751357062,5.471586
P000019,23.0,0.239320231916284,1.572595370183173,1.3661041,26.675615704889783,5.5107145
P000019,24.0,0.2381499277733229,1.720976697677567,1.3667781,26.654114721416736,5.5141172
P000019,25.0,0.2206434583718192,1.8207218446824784,1.3619847,26.84139960812062,5.5011234
P000019,26.0,0.2177093452083538,1.8810320407116332,1.3620536,27.134822719680997,5.5026994
P000019,27.0,0.2480748448126982,1.9571333451804005,1.373133,27.500978075953174,5.53722
P000019,28.0,0.3030582811958888,2.1019155604361788,1.3911545,28.006860170687236,5.592432
P000019,29.0,0.3521398975697533,2.3186623971714986,1.4061174,28.76304159372758,5.638397
P000019,30.0,0.3652021364265362,2.5509786431746906,1.4105611,29.82225238395741,5.652905
P000019,31.0,0.3347425104022298,2.7180200280724964,1.4030805,31.11111899724135,5.6318474
P000019,32.0,0.2813640942400111,2.7689923226998405,1.3884306,32.44854817982843,5.5894165
P000019,33.0,0.2384200233270085,2.716317137807299,1.3759792,33.639551307538206,5.553553
P000019,34.0,0.2273641666940435,2.622837697897523,1.3733699,34.57687282884651,5.5470486
P000019,35.0,0.242337645327697,2.552934470756429,1.3791463,35.27708116032659,5.5655193
P000019,36.0,0.2555473149408465,2.524468919018333,1.384233,35.82708629287781,5.581906
P000019,37.0,0.2393202319162841,2.4977145480498386,1.3800645,36.28424022137882,5.5707364
P000019,38.0,0.188149927773323,2.40944869142251,1.3641841,36.60767490093513,5.524742
P000019,39.0,0.1240508757429125,2.2262490226938847,1.3423486,36.67439057839498,5.4610653
P000019,40.0,0.0811068048299099,1.9764741261846577,1.3269525,36.369046544342815,5.4165754
P000019,41.0,0.0807715840651366,1.7363821048685053,1.3278775,35.68009274172887,5.420619
P000019,42.0,0.1164557408174449,1.580331139386434,1.3425641,34.72927500279659,5.4655123
P000019,43.0,0.1589547323119396,1.5320425810414604,1.3589022,33.71092673468796,5.5152316
P000019,44.0,0.1785995960480923,1.553132103646694,1.3666134,32.78469532103007,5.5393023
P000019,45.0,0.1674392496546682,1.5771095796584222,1.3637218,31.999860167653456,5.531932
P000019,46.0,0.144761553861567,1.5628979103432312,1.3567333,31.30523332335748,5.5124326
P000019,47.0,0.1418274406981017,1.5273349741113411,1.3566258,30.63401608927023,5.51331
P000019,48.0,0.1773641666940434,1.532077125795313,1.3698132,29.99658599856141,5.5534916
P000019,49.0,0.2423376453276969,1.6347946603974368,1.3914933,29.5084745715915,5.618688
P000019,50.0,0.3055473149408465,1.8415720139119616,1.410667,29.33005247842904,5.6763597
P000019,51.0,0.3359128145451908,2.096640726777959,1.4196181,29.56154329311073,5.7038035
P000019,52.0,0.3247524681517665,2.31756392809003,1.4173813,30.17136663713513,5.698268
P000019,53.0,0.291354136490474,2.449841836576405,1.4089675,31.01152710519836,5.6745505
P000019,54.0,0.2677093452083539,2.500328383936917,1.4029758,31.909048150828298,5.6579723
P000019,55.0,0.6319845813535834,2.8864891318930925,1.4844165,32.97221285539008,5.897643
P000019,56.0,1.019113945257155,3.927313931397174,1.5323155,35.12219642996858,6.035183
P000019,57.0,1.4003414891514003,5.506531644072686,1.5580788,39.23129046006994,6.1031055
P000019,58.0,1.7473134645490684,7.475681444157384,1.571554,45.86319622282595,6.1315136
P000019,59.0,2.0541709924367404,9.683690305578844,1.5789614,55.27078635826648,6.140415
P000019,60.0,2.342928546045366,12.026631240576142,1.5835645,67.46524012115734,6.1396537
P000019,61.0,2.648022264912533,14.47690001391124,1.5868287,82.3482708818027,6.1322823
P000019,62.0,2.991586822939108,17.067069781454684,1.5892513,99.84221051444749,6.118744
P000019,63.0,3.3679955509744874,19.8382138312992,1.5909619,119.94660681688303,6.1003704
P000019,64.0,3.749223094868733,22.7895589340992,1.592068,142.6989815071417,6.0802317
P000019,65.0,4.106915706134592,25.86558798805309,1.5927203,168.0843378299651,6.0612464
P000019,66.0,3.718428248079653,28.26538482816427,1.5921388,195.559827626376,6.084035
P000019,67.0,3.3204194595083574,29.416296283035607,1.5911326,223.08150831766577,6.107481
P000019,68.0,2.9453294610749743,29.583835154177443,1.5896139,248.8126630135756,6.128219
P000019,69.0,2.61284831278982,29.03037564169344,1.587518,271.5423980442189,6.1437025
P000019,70.0,2.3146227330012428,27.97551037741352,1.5846584,290.5865129532894,6.1533365
P000019,71.0,2.01980457058376,26.55566050634121,1.580359,305.6264694947986,6.156521
P000019,72.0,1.6973134645490684,24.819500142713977,1.5729344,316.52454200659656,6.149086
P000019,73.0,1.338115328375474,22.76766469318056,1.5590382,323.188820051481,6.120347
P000019,74.0,0.9608172179228328,20.4109942416006,1.5330985,325.53841083040913,6.0526013
P000019,75.0,0.5964478553576414,17.806925467269405,1.487936,323.55522995821144,5.9250116
P000019,76.0,0.2639667070724872,15.049561889367933,1.4166508,317.35288812345306,5.7193747
P000019,77.0,0.313048323446352,12.585071828507242,1.4302347,307.3941155380463,5.759673
P000019,78.0,0.3555473149408464,10.705364158049198,1.441256,294.91533764664496,5.7924714
P000019,79.0,0.361794719055443,9.249990096619364,1.4432497,281.00576824820854,5.799082
P000019,80.0,0.3247524681517669,8.055877269861943,1.434789,266.370154423584,5.775429
P000019,81.0,0.2654722319802224,7.007436272294429,1.4199035,251.405721774282,5.7331934
P000019,82.0,0.2177093452083542,6.066157191316733,1.4070339,236.34205004106883,5.6968164
P000019,83.0,0.2032460712042956,5.25490792950529,1.4033599,221.3787378624804,5.687066
P000019,84.0,0.2164557408174449,4.60667908727199,1.4078021,206.74952054591125,5.7007833
P000019,85.0,0.2296654104305945,4.114597018808738,1.4121454,192.6904241555952,5.7141914
P000019,86.0,0.2152021364265363,3.719289547572148,1.4085438,179.35642540157173,5.704647
P000019,87.0,0.1674392496546689,3.341719696402037,1.394799,166.76534254241574,5.665841
P000019,88.0,0.1081590134831241,2.9354855450169457,1.3762486,154.82334618748422,5.613201
P000019,89.0,0.0711167625794469,2.5180283381218667,1.3640924,143.42176054247545,5.5790424
P000019,90.0,0.0773641666940434,2.1561714870724025,1.3669057,132.53838245782475,5.5880685
P000019,91.0,0.1198631581885376,1.915906797667566,1.3819044,122.27083147869496,5.632173
P000019,92.0,0.1689447745624023,1.8133831591844929,1.3980165,112.7787315920113,5.679407
P000019,93.0,0.1944914583078814,1.803279117251864,1.4061937,104.178680526402,5.7037563
P000019,94.0,0.188149927773323,1.812736612474244,1.4048305,96.470400614909,5.7006626
P000019,95.0,0.1688796493513149,1.794883310562836,1.3995602,89.54823697216345,5.686351
P000019,96.0,0.1677093452083537,1.761385633554971,1.3997121,83.28749640072206,5.6876116
P000019,97.0,0.2032460712042949,1.7694300171341564,1.4107077,77.63867374914086,5.719962
P000019,98.0,0.2664557408174447,1.8730035882366036,1.4285111,72.65685801783893,5.771763
P000019,99.0,0.3262579930595013,2.075370108926802,1.4438682,68.44283371066395,5.816476
P000019,100.0,0.3518046768049802,2.318855168173433,1.4502265,65.03947211247849,5.8353868
P000019,101.0,0.3347425104022296,2.52004872534737,1.446655,62.36136919523292,5.8258963
P000019,102.0,0.2947615538615672,2.6243876032601623,1.437387,60.21139256370255,5.8001394
P000019,103.0,0.2643019278372608,2.639505077129534,1.430043,58.37308011779184,5.779898
P000019,104.0,0.2639667070724877,2.6227046076963774,1.4303565,56.71136410212648,5.7815285
P000019,105.0,0.2871664189360998,2.6324063804844564,1.4366553,55.20834664024337,5.8002243
P000019,106.0,0.3055473149408464,2.6804600040787427,1.4415584,53.9101136473509,5.8149137
P000019,107.0,0.2910840409367886,2.721455511433946,1.4383767,52.827720597894206,5.8065567
P000019,108.0,0.2381499277733232,2.687178704826449,1.4251184,51.86993955153924,5.769518
P000019,109.0,0.1688796493513158,2.540228853039897,1.4060266,50.861177589936695,5.71591
P000019,110.0,0.1177093452083537,2.3062552233466325,1.3907797,49.63338623539587,5.6732883
P000019,111.0,0.1066534885753888,2.060248214729884,1.3876855,48.12444753081728,5.665266
P000019,112.0,0.129853200439001,1.876816635296836,1.3954461,46.4099072707658,5.688098
P000019,113.0,0.1589547323119393,1.7814259882490608,1.4047005,44.64430771133906,5.7151365
P000019,114.0,0.1652021364265362,1.7388045902257545,1.4069386,42.95562044274968,5.722227
P000019,115.0,0.1415573451444159,1.6867263954574154,1.4002528,41.3708118640034,5.7040005
P000019,116.0,0.1081590134831234,1.589235297332935,1.3902647,39.82643936560195,5.6764297
P000019,117.0,0.0969986670896988,1.468794943546725,1.3870938,38.253596851892624,5.6682005
P000019,118.0,0.1273641666940433,1.392806335457826,1.3970602,36.67017100858681,5.697174
P000019,119.0,0.1905738363071921,1.4244097962645648,1.4160507,35.2076984457554,5.751628
P000019,120.0,0.2555473149408454,1.5745107949380803,1.4338024,34.04941074761099,5.802499
P000019,121.0,0.2910840409367882,1.7911830833706452,1.4429336,33.323194878479335,5.8289523
P000019,122.0,0.2881499277733229,1.9945903170685249,1.4425066,33.027604613984025,5.8283916
P000019,123.0,0.2654722319802221,2.1314135172594044,1.4371982,33.04479365559078,5.81406
P000019,124.0,0.2543118855867976,2.2081865716410505,1.4346652,33.22953272775222,5.8075666
P000019,125.0,0.2739567493229499,2.2789013652728296,1.4398623,33.50699744465639,5.822858
P000019,126.0,0.3164557408174447,2.396725111295583,1.4502721,33.9062428488693,5.852804
P000019,127.0,0.3521398975697534,2.566707066706608,1.4585378,34.505503293624535,5.8766785
P000019,128.0,0.3518046768049803,2.735581751879649,1.4586954,35.3325531668756,5.87772
P000019,129.0,0.3088606058919784,2.826782629441646,1.4492404,36.29776210104664,5.8517413
P000019,130.0,0.2447615538615674,2.7946473668902168,1.433842,37.21323743765472,5.8090963
P000019,131.0,0.1935912497186058,2.657232054759924,1.420536,37.88679506223852,5.7723713
P000019,132.0,0.1773641666940431,2.4831315219895367,1.416296,38.22310962545933,5.761124
P000019,133.0,0.1905738363071933,2.342201822509192,1.4202328,38.25873258288707,5.7728167
P000019,134.0,0.2055473149408465,2.2571298915951155,1.4245598,38.1070130661852,5.785586
P000019,135.0,0.1944914583078816,2.1920349924523608,1.4218104,37.85618430812488,5.7785196
P000019,136.0,0.1515473873948785,2.0862978179013885,1.4099865,37.49840552651608,5.7460585
P000019,137.0,0.0981689712326601,1.907679106857346,1.394218,36.94342669412672,5.702594
P000019,138.0,0.0677093452083538,1.6842192072001874,1.3848224,36.10599165590256,5.6769915
P000019,139.0,0.0807715840651362,1.4903780642479814,1.3892927,34.999779140601795,5.690176
P000019,140.0,0.1298532004390008,1.3973580762500366,1.4046297,33.765062257383306,5.7336884
P000019,141.0,0.1848366368221909,1.4245820530363584,1.4205551,32.606623742751545,5.7787795
P000019,142.0,0.2152021364265365,1.528517150039098,1.4289122,31.685667807121085,5.802703
P000019,143.0,0.2122680232630704,1.6370254825737531,1.4283395,31.04393991020198,5.8017087
P000019,144.0,0.1947615538615671,1.703267741575492,1.4238744,30.61405790051825,5.789871
P000019,145.0,0.193591249718606,1.7385977473669294,1.4237535,30.305397680066108,5.790139
P000019,146.0,0.2273641666940424,1.799839614786908,1.4328203,30.09843682028445,5.815964
P000019,147.0,0.2871664189361,1.9408124752678548,1.4476745,30.074709703948184,5.857849
P000019,148.0,0.3421498553192901,2.1649930874802057,1.4602213,30.35875539298138,5.893276
P000019,149.0,0.3617947190554431,2.415426477245815,1.4645395,31.01552459620309,5.9058046
P000019,150.0,0.3381499277733238,2.609991254846344,1.4596174,31.98108288981666,5.8926625
P000019,151.0,0.291354136490474,2.695983595780877,1.449228,33.080165251265086,5.864368
P000019,152.0,0.2543118855867979,2.683411456083708,1.4405205,34.11943305349075,5.84077
P000019,153.0,0.248074844812698,2.632363459486472,1.4391232,34.98883482520897,5.837453
P000019,154.0,0.2664557408174455,2.6043111514899646,1.4437323,35.69774634581783,5.85077
P000019,155.0,0.2814292194510985,2.61425011293708,1.447412,36.32184996109378,5.861497
P000019,156.0,0.2652021364265368,2.619825613068991,1.4436743,36.903883585849584,5.8516946
P000019,157.0,0.2122680232630717,2.5556029458408,1.4305918,37.38586893793834,5.816074
P000019,158.0,0.1447615538615669,2.386514241935682,1.4124148,37.62627026799805,5.766423
P000019,159.0,0.096998667089699,2.139950823818525,1.3985608,37.49096182297923,5.728759
P000019,160.0,0.0907616263155994,1.891947445951536,1.3968201,36.950561482436655,5.72456
P000019,161.0,0.1198631581885376,1.7173978470067777,1.405654,36.11108067292623,5.749527
P000019,162.0,0.1555473149408458,1.6412811636332123,1.4159703,35.154224678587084,5.7785444
P000019,163.0,0.1686095537976296,1.6271072210647362,1.4196885,34.230922238921835,5.7893524
P000019,164.0,0.1515473873948789,1.610787209941237,1.4150844,33.386186037370614,5.77724
P000019,165.0,0.1240508757429124,1.5539887779312616,1.4073737,32.5692575064333,5.7565928
P000019,166.0,0.1177093452083539,1.4764508541026868,1.405643,31.7183922301365,5.75241
P000019,167.0,0.1514822621837918,1.442689387257456,1.4153764,30.853264729792837,5.77973
P000022,0.0,0.1222911725017054,0.3518295933112943,1.2934747,1.40837906827398,5.2550144
P000022,1.0,0.187264651135359,0.4453544354847231,1.3209205,1.5640835472397154,5.340248
P000022,2.0,0.2210375681107966,0.5710263111035928,1.3348606,1.814355493388015,5.3843174
P000022,3.0,0.2146960375762381,0.6888193454256998,1.3338547,2.15298981048183,5.3829303
P000022,4.0,0.1871995259242714,0.770555389018883,1.3249328,2.5348666399042683,5.3575053
P000022,5.0,0.1701373595215211,0.8174032484338877,1.3197346,2.9088193594115985,5.343396
P000022,6.0,0.1831995983783039,0.855063021866218,1.3260572,3.251001436411737,5.3642254
P000022,7.0,0.2188837551306122,0.910540929615446,1.3404989,3.5743634443514054,5.4096203
P000022,8.0,0.2479852870035508,0.9882766774665346,1.3519528,3.908000559044952,5.445897
P000022,9.0,0.2417482462294514,1.0638485503096886,1.3510156,4.2629289624160265,5.4446287
P000022,10.0,0.1939853594575833,1.1002039495750804,1.3352115,4.611119817692709,5.398389
P000022,11.0,0.1264788900560797,1.0743459377674625,1.3104877,4.894622996544219,5.325211
P000022,12.0,0.0735447768926142,0.9944675145108816,1.2897713,5.0588766141387005,5.264203
P000022,13.0,0.0573176938680519,0.8946473473919371,1.2840934,5.085947602191113,5.248681
P000022,14.0,0.0722911725017054,0.8110453258397853,1.2919676,5.003310065903591,5.2740827
P000022,15.0,0.0906720685064521,0.7573991860815807,1.3010912,4.861958514741303,5.303214
P000022,16.0,0.0844350277323527,0.7180901652102049,1.2997994,4.700489581294407,5.3008966
P000022,17.0,0.0473927768286764,0.6637687882159744,1.2852147,4.5220890278769685,5.2585077
P000022,18.0,0.0005969855458275,0.5775124081208194,1.2654049,4.30138965695415,5.200411
P000022,19.0,0.0,0.4830669997630757,1.2665238,4.0199838942003945,5.205386
P000022,20.0,0.0,0.4038318605692422,1.2679093,3.6994077956769904,5.211149
P000022,21.0,2.0229164033891456,1.3491351077306346,1.569694,3.761504976514938,6.0761046
P000022,22.0,4.054054564637297,4.107741135630761,1.589077,5.933643987510517,6.0188947
P000022,23.0,2.7736035422753385,6.730163261264903,1.5820684,10.97777081708762,6.072503
P000022,24.0,1.4582092987949802,7.6616554707205635,1.5502865,16.917494609569907,6.0459967
P000022,25.0,0.1264788900560796,7.154947350612755,1.3279204,21.84399603201329,5.398993
P000022,26.0,0.1235447768926142,6.102699409153563,1.3279514,24.76069683333292,5.400515
P000022,27.0,0.1539102764969586,5.236848767626561,1.3405674,26.02945784664045,5.439722
P000022,28.0,0.2088937128801492,4.554814196046738,1.3611655,26.188357857285613,5.5027514
P000022,29.0,0.2579753292540137,4.0350880294790805,1.3783028,25.655193293433925,5.5553246
P000022,30.0,0.2710375681107967,3.630256935384263,1.3833666,24.72435709789972,5.571751
P000022,31.0,0.2405779420864902,3.2827489826307765,1.3747194,23.570070184699382,5.547224
P000022,32.0,0.1871995259242715,2.95120453775443,1.3578577,22.27439232307714,5.498191
P000022,33.0,0.1442554550112689,2.627429061751106,1.3435514,20.87534494251095,5.456813
P000022,34.0,0.133199598378304,2.331007784130583,1.3405237,19.41184103619039,5.449109
P000022,35.0,0.1481730770119574,2.085487596151876,1.3470905,17.941750408248783,5.4700065
P000022,36.0,0.1613827466251069,1.893896115228285,1.3528733,16.52743778496061,5.488536
P000022,37.0,0.1451556636005446,1.73183740836556,1.348058,15.205805782039029,5.475484
P000022,38.0,0.0939853594575834,1.563130907340358,1.3298628,13.970068224346818,5.4226213
P000022,39.0,0.0298863074271729,1.3659454132984332,1.3049445,12.780425429594835,5.3497887
P000022,40.0,0.0,1.1559711215431403,1.293206,11.60060388428374,5.3162136
P000022,41.0,0.0,0.9663627799167296,1.294354,10.434509140369885,5.32098
P000022,42.0,0.0222911725017053,0.819001483573108,1.3050816,9.315695198281414,5.3541965
P000022,43.0,0.0647901639962,0.7275605455738416,1.3236482,8.289827282210794,5.41063
P000022,44.0,0.0844350277323527,0.6809565916908894,1.3324103,7.397949255224358,5.4378967
P000022,45.0,0.0732746813389286,0.6456680770549184,1.3290749,6.643755596313542,5.429263
P000022,46.0,0.0505969855458274,0.5995719565615238,1.3210721,5.997046537371002,5.4068046
P000022,47.0,0.0476628723823621,0.5488893999828727,1.3209164,5.424760658659332,5.4076014
P000022,48.0,0.0831995983783038,0.5229080534752036,1.3359256,4.922311531699132,5.4532657
P000022,49.0,0.1481730770119573,0.5504139368731921,1.3606956,4.520996985826996,5.5277066
P000022,50.0,0.2113827466251069,0.6356152168732979,1.3826718,4.26539349485796,5.5937634
P000022,51.0,0.2417482462294513,0.7517942790964914,1.3929358,4.177433001511415,5.625159
P000022,52.0,0.2305878998360269,0.8576372117236823,1.390326,4.2341086085360855,5.618561
P000022,53.0,0.1971895681747344,0.9241626699411558,1.3806152,4.375731145947102,5.5910416
P000022,54.0,0.1735447768926142,0.9522237844922098,1.3737001,4.538889339601477,5.5717745
P000022,55.0,0.1797921810072106,0.9676704904776688,1.3765948,4.689879115642412,5.581403
P000022,56.0,0.2088937128801492,0.9980777653484172,1.3867574,4.834191816775404,5.61239
P000022,57.0,0.2320934247437617,1.0488038185506323,1.3946922,4.995805668913452,5.63678
P000022,58.0,0.2210375681107966,1.0966071654036085,1.3920786,5.182829407949089,5.630152
P000022,59.0,0.1698672639678355,1.105775478923911,1.3765554,5.366324138175377,5.585623
P000022,60.0,0.1005969855458281,1.0547030285402714,1.353373,5.489139933359135,5.518632
P000022,61.0,0.0476628723823622,0.9529152936447188,1.334312,5.498874025397085,5.463781
P000022,62.0,0.0331995983783039,0.8356614705372226,1.3295162,5.380712165127699,5.4508343
P000022,63.0,0.0515804943830505,0.7400198759033035,1.3375866,5.165780562206638,5.475633
P000022,64.0,0.074780206246663,0.680323304377893,1.3472369,4.908828922494968,5.505019
P000022,65.0,0.0744449854818898,0.6411768756994743,1.3479428,4.6519026789760485,5.508172
P000022,66.0,0.0439853594575834,0.5930624997907858,1.3372202,4.400964977662511,5.477868
P000022,67.0,0.0040044029169207,0.5185028377789339,1.3222029,4.132455364302037,5.435019
P000022,68.0,0.0,0.4353412246432799,1.3214419,3.82661918260942,5.4339037
P000022,69.0,0.0124889202596489,0.3701792895097692,1.3273551,3.499127281671002,5.4522934
P000022,70.0,0.0722911725017052,0.3514908726700846,1.3511691,3.188123112998345,5.5229187
P000022,71.0,0.1355008421148549,0.3956394630776147,1.3741922,2.9559138906792257,5.5911064
P000022,72.0,0.1710375681107965,0.4800853364325998,1.3865366,2.846089922420032,5.628067
P000022,73.0,0.1698672639678355,0.5668309720948883,1.3868442,2.857101033028849,5.629929
P000022,74.0,0.1505969855458275,0.6291610446594774,1.3813047,2.94948348768387,5.614773
P000022,75.0,0.1442554550112691,0.669020949876334,1.3799069,3.0778248942208037,5.611673
P000022,76.0,0.1698021387567476,0.7121306484342432,1.388818,3.223304254271309,5.6385307
P000022,77.0,0.2188837551306124,0.7847434559101223,1.4044201,3.402461594131373,5.6847706
P000022,78.0,0.2613827466251068,0.8898124374723764,1.4171,3.645994567200925,5.722456
P000022,79.0,0.2676301507397034,1.0007865495942914,1.4193776,3.964168629385567,5.7299356
P000022,80.0,0.2305878998360273,1.0779777072492531,1.4096012,4.325686527625139,5.7024875
P000022,81.0,0.1713076636644828,1.0954197594498052,1.3924546,4.666853862810018,5.6537123
P000022,82.0,0.1235447768926146,1.05819911580212,1.3776681,4.925128358803289,5.611807
P000022,83.0,0.109081502888556,0.9973571734162472,1.3734424,5.072777045713609,5.600505
P000022,84.0,0.1222911725017053,0.9462886650840684,1.3785157,5.1262157756737645,5.616109
P000022,85.0,0.1355008421148549,0.9164232217988174,1.3834791,5.124786612147508,5.6313705
P000022,86.0,0.1210375681107967,0.8904453917169314,1.3793349,5.095558668321702,5.620302
P000022,87.0,0.0732746813389293,0.8380336054480599,1.3635924,5.031037855279712,5.5757504
P000022,88.0,0.0139944451673845,0.7420819161069679,1.3424234,4.896699944544342,5.515559
P000022,89.0,0.0,0.626952573687799,1.337702,4.667083059988564,5.5028906
P000022,90.0,0.0,0.5241165810233255,1.3383801,4.361853520276652,5.50581
P000022,91.0,0.025698589872798,0.450998635260984,1.3488379,4.019043022099929,5.5369134
P000022,92.0,0.0747802062466627,0.4265195967139225,1.3672123,3.690638301220021,5.5907593
P000022,93.0,0.1003268899921418,0.4419453825882173,1.3765535,3.427197295888884,5.6185284
P000022,94.0,0.0939853594575834,0.4637012707468212,1.3749831,3.240852496049872,5.614889
P000022,95.0,0.0747150810355753,0.4692661325915638,1.368948,3.107871946217965,5.598422
P000022,96.0,0.0735447768926141,0.4642575765159493,1.369113,2.99978632257949,5.5997753
P000022,97.0,0.1090815028885553,0.4772892207714114,1.3816803,2.9149537785326984,5.63671
P000022,98.0,0.1722911725017051,0.5365270056739481,1.402087,2.886295746713408,5.6960545
P000022,99.0,0.2320934247437618,0.645720832344232,1.4197402,2.9590811587642416,5.7474136
P000022,100.0,0.2576401084892405,0.7779427115853532,1.4270551,3.155422183409687,5.7691145
P000022,101.0,0.2405779420864899,0.891976434737311,1.4229257,3.4523953915698646,5.7580614
P000022,102.0,0.2005969855458277,0.9592781096974112,1.412245,3.7906806592447504,5.7282934
P000022,103.0,0.1701373595215212,0.9814803006112592,1.403795,4.107844865948171,5.7049255
P000022,104.0,0.1698021387567481,0.9855280265653868,1.4041457,4.37201543406983,5.7067094
P000022,105.0,0.1930018506203602,1.0003547646660411,1.4113736,4.591519129909267,5.7281103
P000022,106.0,0.2113827466251068,1.032866780371788,1.4170029,4.794222903609688,5.7449207
P000022,107.0,0.196919472621049,1.0614703535235417,1.4133348,4.993125199532918,5.735216
P000022,108.0,0.1439853594575836,1.0521014204209131,1.3981054,5.165030288979251,5.6925907
P000022,109.0,0.0747150810355762,0.9847016229107132,1.3762558,5.259155027792671,5.6311483
P000022,110.0,0.0235447768926141,0.8701466139483389,1.3588729,5.2297932398459865,5.5824637
P000022,111.0,0.0124889202596493,0.7447541956658733,1.3553541,5.068821839975283,5.57328
P000022,112.0,0.0356886321232614,0.6463232886682976,1.3641865,4.813701248886688,5.5992384
P000022,113.0,0.0647901639961997,0.5895155231258973,1.3747361,4.524816659902908,5.630032
P000022,114.0,0.0710375681107966,0.5588551416853897,1.3772895,4.248843418386166,5.638075
P000022,115.0,0.0473927768286764,0.524342709115478,1.3696656,3.995119657101347,5.6172247
P000022,116.0,0.0139944451673838,0.4676549968349024,1.3582997,3.742031605605216,5.5857744
P000022,117.0,0.0028340987739593,0.3989557387555584,1.3547003,3.4676875232800994,5.576377
P000022,118.0,0.0331995983783037,0.3514528677088882,1.3660369,3.180799532018181,5.6093163
P000022,119.0,0.0964092679914525,0.3576499039436401,1.3876953,2.927536230373837,5.6714115
P000022,120.0,0.1613827466251058,0.4250888259105822,1.4080136,2.768270598538881,5.7296076
P000022,121.0,0.1969194726210487,0.5298355058383004,1.4184902,2.7409466908541877,5.7599125
P000022,122.0,0.1939853594575833,0.632670127714652,1.4179969,2.838048022580469,5.759207
P000022,123.0,0.1713076636644825,0.70591566325382,1.4119027,3.0141323631864463,5.742697
P000022,124.0,0.160147317271058,0.7508862724645236,1.4089973,3.218130474677524,5.7351956
P000022,125.0,0.1797921810072103,0.7930477900491815,1.4149563,3.4262172904943435,5.752681
P000022,126.0,0.2222911725017052,0.8587968639801618,1.426909,3.6508828105466526,5.78702
P000022,127.0,0.2579753292540138,0.9516201156427636,1.4364154,3.9199760265486665,5.8144274
P000022,128.0,0.2576401084892407,1.0458560383538538,1.4365935,4.242288890524074,5.815564
P000022,129.0,0.2146960375762387,1.103003214501766,1.4257185,4.586512122229748,5.7856293
P000022,130.0,0.1505969855458278,1.0984999016807713,1.4080591,4.890392125672933,5.736666
P000022,131.0,0.0994266814028662,1.0389601883799875,1.3928504,5.094176008755023,5.6946316
P000022,132.0,0.0831995983783035,0.9569733464192538,1.3880186,5.174075087025347,5.681766
P000022,133.0,0.0964092679914538,0.8873975586864966,1.3925152,5.151333785099445,5.6950827
P000022,134.0,0.1113827466251069,0.8429424727881081,1.39746,5.070677390467936,5.7096357
P000022,135.0,0.100326889992142,0.8073025932670145,1.3943274,4.964746305711708,5.7015395
P000022,136.0,0.0573828190791389,0.7508279251910728,1.3808615,4.831426951244647,5.6645117
P000022,137.0,0.0040044029169205,0.6567003698140987,1.3629615,4.641019328308184,5.6150923
P000022,138.0,0.0,0.5508708851566452,1.3618686,4.372673060254449,5.6127615
P000022,139.0,0.0,0.4605142031961206,1.3621867,4.049710791105452,5.6143785
P000022,140.0,0.0356886321232612,0.4028240813937258,1.3748131,3.707341013563729,5.650397
P000022,141.0,0.0906720685064513,0.398898333137247,1.392942,3.3998508803729326,5.7017155
P000022,142.0,0.1210375681107969,0.4366952533647945,1.402482,3.1771036969004194,5.7289925
P000022,143.0,0.1181034549473308,0.4811261436278548,1.4018364,3.0484009757308623,5.7278395
P000022,144.0,0.1005969855458276,0.5081334556235472,1.3967524,2.986047133192503,5.714319
P000022,145.0,0.0994266814028664,0.5218809237454327,1.3966246,2.9567404237769224,5.714613
P000022,146.0,0.1331995983783028,0.5497101550072472,1.406976,2.9534623983181545,5.7440643
P000022,147.0,0.1930018506203605,0.6187838256310145,1.4239693,3.003576593014167,5.7919393
P000022,148.0,0.2479852870035505,0.732185856867402,1.4383626,3.1469889013425068,5.832529
P000022,149.0,0.2676301507397035,0.8627050883154579,1.4433265,3.401006878913843,5.8468833
P000022,150.0,0.2439853594575842,0.96924436263927,1.4376781,3.738786946147425,5.831764
P000022,151.0,0.1971895681747344,1.0237730455881515,1.4257748,4.098239451445711,5.7993126
P000022,152.0,0.1601473172710583,1.0287962692288355,1.4158235,4.415500414925399,5.772309
P000022,153.0,0.1539102764969585,1.0124315344704753,1.4142368,4.658702106941977,5.768508
P000022,154.0,0.1722911725017059,1.005004868202689,1.4195125,4.837611210914816,5.7837095
P000022,155.0,0.187264651135359,1.014940301109862,1.4237285,4.98287134692527,5.7959595
P000022,156.0,0.1710375681107971,1.022183700174711,1.4194651,5.111405054237887,5.784744
P000022,157.0,0.1181034549473321,0.9941275235945244,1.4045522,5.204820661832552,5.7441044
P000022,158.0,0.0505969855458273,0.911987638029709,1.3839085,5.217691657765055,5.687663
P000022,159.0,0.0028340987739595,0.7876448110234076,1.368242,5.109856055362177,5.645006
P000022,160.0,0.0,0.6597859832239353,1.3674648,4.879214801798776,5.6435127
P000022,161.0,0.025698589872798,0.5644148428261048,1.3763039,4.569562727816495,5.668565
P000022,162.0,0.0613827466251062,0.5146334096574783,1.3880098,4.242469495871664,5.70148
P000022,163.0,0.07444498548189,0.4963546866474962,1.3922453,3.9469299793083614,5.713763
P000022,164.0,0.0573828190791393,0.4786940763210272,1.3870411,3.693991765875281,5.7000365
P000022,165.0,0.0298863074271729,0.4421453397372107,1.3783293,3.4622459697927086,5.6766653
P000022,166.0,0.0235447768926143,0.3954708594324939,1.3763931,3.228517764153145,5.671958
P000022,167.0,0.0573176938680522,0.3703534451029217,1.3874288,2.9988589333125666,5.7029243
P000025,0.0,0.3282687653019522,0.2007164142909102,1.3686681,0.2294430152929996,5.4837546
P000025,1.0,0.3932422439356058,0.6445303981907028,1.3892999,0.9152945374475828,5.548025
P000025,2.0,0.4270151609110434,1.027883260219044,1.3997779,2.21627209116981,5.581369
P000025,3.0,0.4206736303764849,1.3184800892032835,1.3991404,3.943580581557028,5.5809965
P000025,4.0,0.3931771187245182,1.5013531408431675,1.392617,5.883407980198053,5.562794
P000025,5.0,0.3761149523217679,1.6012879265165236,1.3888543,7.851372608462663,5.5529494
P000025,6.0,0.3891771911785507,1.670937037923091,1.3936679,9.750101695295305,5.56905
P000025,7.0,0.424861347930859,1.7551778181961653,1.4044962,11.57820815019712,5.6032887
P000025,8.0,0.4539628798037976,1.859753755876811,1.4130778,13.378673816043037,5.6306696
P000025,9.0,0.4477258390296982,1.9486974876874716,1.4124875,15.162510694463592,5.6303554
P000025,10.0,0.3999629522578302,1.973105264239587,1.4008844,16.863728899251743,5.5968323
P000025,11.0,0.3324564828563265,1.9100133426628805,1.3825815,18.359068381713275,5.543079
P000025,12.0,0.2795223696928611,1.7823419906401248,1.3671658,19.537765019379727,5.4980354
P000025,13.0,0.2632952866682987,1.6449790846972845,1.3629961,20.36919822315115,5.486949
P000025,14.0,0.2782687653019522,1.5474479161464807,1.3690119,20.917864010451048,5.5065823
P000025,15.0,0.2966496613066989,1.5011361719925815,1.3759491,21.294598691169377,5.5289564
P000025,16.0,0.2904126205325996,1.47555331958282,1.3750772,21.58067364914455,5.5277796
P000025,17.0,0.2533703696289233,1.4261752348774563,1.3642228,21.78143027195222,5.496545
P000025,18.0,0.2065745783460743,1.3326254421385677,1.3493674,21.84347858946049,5.4532833
P000025,19.0,0.1829297870639542,1.2181600802634551,1.3420622,21.72124030180884,5.432768
P000025,20.0,0.2025746508001069,1.135527117890318,1.3502455,21.44114211733097,5.4588375
P000025,21.0,0.2575580871832974,1.1296363858343783,1.3699522,21.11330792147404,5.519477
P000025,22.0,0.3173603394253536,1.2050006107551237,1.3895452,20.880017957311885,5.579658
P000025,23.0,0.3511332564007913,1.3223883744052505,1.4002714,20.837828017621472,5.613149
P000025,24.0,0.3499629522578302,1.427212432687215,1.4008942,20.990211381726876,5.616338
P000025,25.0,0.3324564828563265,1.488359689876663,1.3968763,21.264855997968755,5.605629
P000025,26.0,0.329522369692861,1.5183814420269168,1.3969848,21.581419559008697,5.607263
P000025,27.0,0.3598878692972054,1.5600632900046587,1.4064329,21.917985576914187,5.6367974
P000025,28.0,0.414871305680396,1.6497606782412932,1.4217374,22.32592828881748,5.6837397
P000025,29.0,0.4639529220542605,1.7854133365571625,1.4344239,22.88224745708504,5.7227583
P000025,30.0,0.4770151609110435,1.923639365492587,1.4382198,23.616007956845216,5.7352552
P000025,31.0,0.446555534886737,2.008401548330076,1.4319551,24.465456312266383,5.7178335
P000025,32.0,0.3931771187245183,2.009932678066104,1.4196231,25.299644110232684,5.682356
P000025,33.0,0.3502330478115158,1.9448316144354068,1.4091282,25.990067453413896,5.6523323
P000025,34.0,0.3391771911785508,1.8623556044491831,1.4069624,26.48030149127861,5.6471014
P000025,35.0,0.3541506698122043,1.8073135364299333,1.4119015,26.80312143520188,5.662998
P000025,36.0,0.3673603394253537,1.7875034007871793,1.4162521,27.034017251207477,5.6771164
P000025,37.0,0.3511332564007914,1.77013391487074,1.4127667,27.21765620528249,5.667944
P000025,38.0,0.2999629522578303,1.7097686484614645,1.3993442,27.32386343542458,5.629261
P000025,39.0,0.2358639002274197,1.5865286014543094,1.3808134,27.26702741077948,5.57541
P000025,40.0,0.1929198293144172,1.4255141655738357,1.3677156,26.974590083321605,5.5377197
P000025,41.0,0.1925846085496439,1.282517915386712,1.3685448,26.452814883202684,5.541406
P000025,42.0,0.2282687653019521,1.2064723735599272,1.3811166,25.799586969245183,5.579915
P000025,43.0,0.2707677567964468,1.206606369382008,1.3950608,25.15344691203028,5.6224236
P000025,44.0,0.2904126205325996,1.2487690948803118,1.40165,24.615716917700848,5.6430826
P000025,45.0,0.2792522741391755,1.2834668373593678,1.3992331,24.20258487089373,5.6370664
P000025,46.0,0.2565745783460743,1.2843420239923742,1.3933313,23.861318222296024,5.620743
P000025,47.0,0.2536404651826089,1.2680366660468223,1.3932767,23.53648468123084,5.6217127
P000025,48.0,0.2891771911785507,1.2804815592136416,1.4045165,23.234527209173628,5.656035
P000025,49.0,0.3541506698122041,1.360016101870346,1.422919,23.03652874025405,5.711415
P000025,50.0,0.4173603394253538,1.505266549728181,1.4391477,23.04836996765331,5.760255
P000025,51.0,0.4477258390296981,1.672192614266312,1.4467285,23.325062463056703,5.7835617
P000025,52.0,0.4365654926362738,1.8027981430703264,1.4448802,23.825971798775026,5.7791414
P000025,53.0,0.4031671609749813,1.8641895888201507,1.4378226,24.434888583185156,5.7594166
P000025,54.0,0.3795223696928611,1.8688848673667429,1.4328005,25.03056133872844,5.7456737
P000025,55.0,0.3857697738074575,1.861383606916351,1.4349868,25.55574469428178,5.7530975
P000025,56.0,0.4148713056803961,1.881384496971956,1.4425032,26.03429333659384,5.7761364
P000025,57.0,0.4380710175440085,1.9315709088091135,1.4483707,26.52520990354677,5.794299
P000025,58.0,0.4270151609110434,1.9743810076706945,1.4465144,27.050163868509408,5.7898254
P000025,59.0,0.3758448567680824,1.960276936818047,1.4351809,27.550978878675775,5.7576036
P000025,60.0,0.306574578346075,1.8662268673832692,1.4181294,27.91089206364356,5.708625
P000025,61.0,0.2536404651826091,1.7153417964429625,1.4040227,28.025118182097938,5.6682825
P000025,62.0,0.2391771911785508,1.5627238950891016,1.4004934,27.86876987333679,5.6589494
P000025,63.0,0.2575580871832973,1.4579613114990124,1.4065542,27.511741258979946,5.677697
P000025,64.0,0.2807577990469099,1.4122398410777193,1.4137738,27.069613649409,5.699801
P000025,65.0,1.0114661392411703,1.928950833222817,1.5347729,26.93408152589786,6.049906
P000025,66.0,1.7120500741758975,3.28572795666398,1.572196,28.41506387302056,6.1415577
P000025,67.0,2.403112678594269,5.214620251611684,1.5852745,32.49031454306563,6.1476026
P000025,68.0,1.6550069512324848,6.4929713248480905,1.5708447,39.08145658597456,6.141336
P000025,69.0,0.9495100740189296,6.400600152745989,1.5304482,45.88433774670401,6.0412664
P000025,70.0,0.2782687653019521,5.3841361083268335,1.416951,51.0162757265657,5.714778
P000025,71.0,0.3414784349151017,4.268312059356688,1.4340191,53.69550841952237,5.7653885
P000025,72.0,0.3770151609110433,3.5402516929982126,1.4431434,54.61332207178185,5.792804
P000025,73.0,0.3758448567680824,3.043675427649832,1.4434116,54.45148851403084,5.7944536
P000025,74.0,0.3565745783460743,2.6749157593456463,1.4393811,53.60520172158578,5.783616
P000025,75.0,0.3502330478115159,2.3949023870011743,1.4383924,52.31302332043133,5.781611
P000025,76.0,0.3757797315569944,2.209878356157424,1.4449837,50.76776644485598,5.801586
P000025,77.0,0.4248613479308593,2.130546712482092,1.4564555,49.16309921300272,5.835657
P000025,78.0,0.4673603394253537,2.1370728517563773,1.4657509,47.66853061825736,5.8633585
P000025,79.0,0.4736077435399503,2.1739972629611746,1.4674506,46.371970488580565,5.869068
P000025,80.0,0.4365654926362741,2.177306982259104,1.46036,45.24825218915981,5.849383
P000025,81.0,0.3772852564647296,2.1121811991225004,1.4478421,44.18874175006873,5.8140135
P000025,82.0,0.3295223696928614,1.9922035457688108,1.4369955,43.07846855846068,5.7834787
P000025,83.0,0.3150590956888028,1.864984590184794,1.4339082,41.86942497919853,5.775383
P000025,84.0,0.3282687653019522,1.7745434756852778,1.4376848,40.60001483624303,5.7871118
P000025,85.0,0.3414784349151017,1.7283545962831752,1.441375,39.34992127448578,5.798572
P000025,86.0,0.3270151609110436,1.6934744043211325,1.43835,38.167224134246936,5.7906494
P000025,87.0,0.2792522741391761,1.624270079735059,1.4267302,37.02455135978427,5.7579536
P000025,88.0,0.2199720379676313,1.5004745405018962,1.4109905,35.83834115370023,5.713401
P000025,89.0,0.1829297870639542,1.3465201419359416,1.4006462,34.537011036160585,5.6844316
P000025,90.0,0.1891771911785506,1.217215239868085,1.4030578,33.12633657888459,5.6922293
P000025,91.0,0.2316761826730448,1.1602007631949809,1.4158423,31.70188105354042,5.729862
P000025,92.0,0.2807577990469096,1.1831530665430177,1.4295359,30.39774340154852,5.770048
P000025,93.0,0.3063044827923887,1.2501841895370571,1.4364781,29.30853050732324,5.790777
P000025,94.0,0.2999629522578302,1.3099758807644488,1.4353385,28.44144745910629,5.7882752
P000025,95.0,0.2806926738358222,1.3343679489576703,1.430886,27.732688715166294,5.776268
P000025,96.0,0.279522369692861,1.3383338388894768,1.4310277,27.114001815642744,5.777445
P000025,97.0,0.3150590956888022,1.3663759060359135,1.4403553,26.577751407226373,5.8049383
P000025,98.0,0.3782687653019519,1.455737138711405,1.4554121,26.190287227615038,5.8487854
P000025,99.0,0.4380710175440086,1.604350252763549,1.4683664,26.042778435165182,5.8865356
P000025,100.0,0.4636177012894874,1.767928789408885,1.4737301,26.17624970931765,5.902541
P000025,101.0,0.4465555348867368,1.8886926016291656,1.470742,26.537484597184605,5.8946915
P000025,102.0,0.4065745783460745,1.934410198703422,1.4629529,26.999706058442992,5.873145
P000025,103.0,0.376114952321768,1.918661485559751,1.456773,27.43360484349016,5.8562007
P000025,104.0,0.3757797315569949,1.887334925988152,1.4570498,27.776733604140052,5.8576813
P000025,105.0,0.3989794434206071,1.8817497364558156,1.4623752,28.05077182492782,5.8735437
P000025,106.0,0.4173603394253536,1.9063307081003171,1.4665196,28.315556389220436,5.8860183
P000025,107.0,0.4028970654212959,1.9252593858646736,1.4638507,28.59639438626237,5.879086
P000025,108.0,0.3499629522578305,1.8906242601026677,1.4526703,28.84116814868105,5.847942
P000025,109.0,0.2806926738358231,1.7807918524275412,1.4365122,28.941060685368715,5.802659
P000025,110.0,0.2295223696928609,1.619948125050187,1.4235611,28.80046946903981,5.766534
P000025,111.0,0.2184665130598961,1.4638735051428875,1.4209304,28.40420298499548,5.759776
P000025,112.0,0.2416662249235083,1.362391418405617,1.4275408,27.83161552955801,5.779272
P000025,113.0,0.2707677567964466,1.326463891600299,1.4354115,27.206789065120624,5.8023148
P000025,114.0,0.2770151609110435,1.3243974638935805,1.4373167,26.621541705834275,5.8084054
P000025,115.0,0.2533703696289232,1.3097124337030084,1.4316409,26.08806682377597,5.7929964
P000025,116.0,0.2199720379676306,1.2594164880565553,1.4231417,25.55533592409858,5.769603
P000025,117.0,0.2088116915742061,1.1936387989766293,1.4204397,24.9751284234028,5.7626486
P000025,118.0,0.2391771911785505,1.1616815717668942,1.4289331,24.36604798460938,5.787382
P000025,119.0,0.3023868607916993,1.2049101017230033,1.445071,23.8253981379634,5.8336945
P000025,120.0,0.3673603394253527,1.3244248149435311,1.4601045,23.47818042653713,5.8768206
P000025,121.0,0.4028970654212955,1.4779392533174764,1.4678221,23.40007574921927,5.899229
P000025,122.0,0.3999629522578302,1.6083712322063313,1.467468,23.571215132970806,5.8988333
P000025,123.0,0.3772852564647293,1.6828390226042784,1.4629908,23.894796317505996,5.8868093
P000025,124.0,0.3661249100713049,1.7129694027941478,1.4608548,24.266258748138448,5.8813934
P000025,125.0,0.3857697738074572,1.7415286363557865,1.4652514,24.641162580065696,5.894383
P000025,126.0,0.428268765301952,1.8057579465230769,1.4740427,25.051381452006133,5.9197216
P000025,127.0,0.4639529220542606,1.9053266085548364,1.481014,25.558578297729248,5.9399047
P000025,128.0,0.4636177012894875,1.9993074673283504,1.4811528,26.18151993645678,5.940857
P000025,129.0,0.4206736303764856,2.034675462224044,1.4731874,26.853741562533976,5.919039
P000025,130.0,0.3565745783460746,1.9850273240254093,1.4601777,27.445352340160397,5.88307
P000025,131.0,0.305404274203113,1.8704481309854797,1.4488993,27.83447752882441,5.851995
P000025,132.0,0.2891771911785504,1.743565868196919,1.4452968,27.976328381374945,5.84249
P000025,133.0,0.3023868607917006,1.6522148423005754,1.4486403,27.919428541076886,5.8524694
P000025,134.0,0.3173603394253538,1.6066668729956155,1.452313,27.75796402796575,5.863356
P000025,135.0,0.3063044827923888,1.5758842649416498,1.4499776,27.5568893803084,5.857402
P000025,136.0,0.2633604118793858,1.5153443824382278,1.4399188,27.30645166511509,5.829837
P000025,137.0,0.2099819957171673,1.4051799202142967,1.4264598,26.94013766408968,5.7927904
P000025,138.0,0.1795223696928611,1.269600044422005,1.4184113,26.401802678643023,5.770912
P000025,139.0,0.1925846085496435,1.1626639022810354,1.4222312,25.71026620786847,5.7822156
P000025,140.0,0.2416662249235081,1.130846505488369,1.4353321,24.97120819610344,5.819415
P000025,141.0,0.2966496613066982,1.1803625554574926,1.4488935,24.325628086444343,5.857855
P000025,142.0,0.3270151609110437,1.2736959011447937,1.4559913,23.87176445474514,5.8782225
P000025,143.0,0.3240810477475777,1.3578656097917674,1.4555018,23.617354136455276,5.8774137
P000025,144.0,0.3065745783460744,1.4031426566900305,1.4517028,23.49639053956518,5.8673854
P000025,145.0,0.3054042742031133,1.4231431260639638,1.4515953,23.436220641871305,5.867644
P000025,146.0,0.3391771911785496,1.4613236217471215,1.459295,23.42326812541652,5.8896246
P000025,147.0,0.3989794434206073,1.5542696964055056,1.471884,23.51713953856257,5.9251757
P000025,148.0,0.4539628798037973,1.6996936270689598,1.4824905,23.80222514530633,5.955176
P000025,149.0,0.4736077435399504,1.8535432991300531,1.4861355,24.31347815087491,5.9657993
P000025,150.0,0.449962952257831,1.958713692203162,1.4819784,24.9929882115544,5.9547467
P000025,151.0,0.4031671609749812,1.9840446196467307,1.4731891,25.711214922263387,5.930849
P000025,152.0,0.3661249100713052,1.944511460767162,1.4658039,26.33841582077907,5.910873
P000025,153.0,0.3598878692972053,1.887627937782156,1.4646127,26.814261225282277,5.908085
P000025,154.0,0.3782687653019528,1.856458059131112,1.4685192,27.165127595817136,5.9194183
P000025,155.0,0.3932422439356058,1.8571723989519413,1.4716344,27.45796388882997,5.928548
P000025,156.0,0.377015160911044,1.8555805621101895,1.4684594,27.727260214096283,5.9202585
P000025,157.0,0.324081047747579,1.8051706101734029,1.4573338,27.93165365383236,5.8899946
P000025,158.0,0.2565745783460741,1.6853848999042589,1.4418182,27.97403474432079,5.847642
P000025,159.0,0.2088116915742063,1.521088269653045,1.4299402,27.7707659703139,5.8153877
P000025,160.0,0.2025746508001066,1.368296866030302,1.428432,27.318155170298017,5.811779
P000025,161.0,0.2316761826730449,1.276610661045798,1.4359934,26.70588963289672,5.8331823
P000025,162.0,0.2673603394253531,1.256324316469238,1.4448102,26.06658836174034,5.8580194
P000025,163.0,0.2804225782821368,1.274678599102668,1.4479756,25.498295821246654,5.867261
P000025,164.0,0.2633604118793862,1.2838022754339833,1.4440267,25.016756985448733,5.856904
P000025,165.0,0.2358639002274197,1.2590805838434098,1.4374096,24.57163232911565,5.839218
P000025,166.0,0.2295223696928612,1.2188999069090418,1.4359105,24.11252931374019,5.835623
P000025,167.0,0.2632952866682991,1.2108180941342093,1.4442358,23.65321045912392,5.859027
P000026,0.0,0.2165594126980474,1.113529693708831,1.3305724,0.0860462625100716,5.367898
P000026,1.0,0.281532891331701,1.0892806082251336,1.3547177,1.8379953462527887,5.443001
P000026,2.0,0.3153058083071386,1.115120910354066,1.3669748,3.325836406010157,5.4818687
P000026,3.0,0.30896427777258,1.1468363803774744,1.3661499,4.634498805714194,5.4809775
P000026,4.0,0.2814677661206133,1.1554275607953346,1.358396,5.773598386983884,5.4590607
P000026,5.0,0.264405599717863,1.141879089751532,1.3538966,6.728618697845793,5.4470205
P000026,6.0,0.2774678385746459,1.1301819616803517,1.3594873,7.510460276770792,5.4655604
P000026,7.0,0.3131519953269542,1.1439037841363158,1.3721714,8.170498043924757,5.505541
P000026,8.0,0.3422535271998927,1.1840188320136449,1.3822248,8.773659476501331,5.537491
P000026,9.0,0.3360164864257933,1.224764487995694,1.3814583,9.353164708333562,5.5366898
P000026,10.0,0.2882535996539253,1.2306995637677969,1.3677037,9.883959152530926,5.4966364
P000026,11.0,0.2207471302524217,1.18214204143925,1.3460984,10.297398396582214,5.432871
P000026,12.0,0.1678130170889562,1.089810664630417,1.327944,10.528285811797534,5.379566
P000026,13.0,0.1515859340643938,0.9875756002171854,1.3229935,10.560592002297144,5.3661795
P000026,14.0,0.1665594126980474,0.9086580315871065,1.329973,10.438752256659065,5.3888063
P000026,15.0,0.1849403087027941,0.8630360447413779,1.338042,10.236921829576696,5.414682
P000026,16.0,0.1787032679286947,0.8328679814972104,1.3369539,10.009790940429596,5.412915
P000026,17.0,0.1416610170250184,0.7891503784865513,1.3241677,9.762026661631964,5.375898
P000026,18.0,0.0948652257421695,0.716824670130332,1.3067374,9.458995582984294,5.32492
P000026,19.0,0.0712204344600493,0.6291868689813248,1.2981548,9.070000811197051,5.30062
P000026,20.0,0.090865298196202,0.560526828504176,1.3076396,8.61051607132024,5.3306956
P000026,21.0,0.1458487345793926,0.5423488504095011,1.3306291,8.150469530972533,5.4013224
P000026,22.0,0.2056509868214487,0.5809328943986524,1.3535714,7.781100205455081,5.4716945
P000026,23.0,0.2394239037968864,0.6530395504217512,1.3661385,7.564104384151049,5.5108175
P000026,24.0,0.2382535996539253,0.7229586859474265,1.3668125,7.500216135633142,5.51422
P000026,25.0,0.2207471302524216,0.7680908539702549,1.3620198,7.539906197353104,5.5012283
P000026,26.0,0.2178130170889562,0.7938845093409697,1.3620889,7.627412720901574,5.5028048
P000026,27.0,0.2481785166933006,0.8270206026934983,1.3731663,7.744515894974595,5.53732
P000026,28.0,0.3031619530764912,0.8921598573162256,1.3911853,7.920991318228789,5.592524
P000026,29.0,0.3522435694503557,0.9899766409560984,1.406146,8.204107351682863,5.6384826
P000026,30.0,0.3653058083071386,1.0932508030704178,1.410589,8.610696432270803,5.6529884
P000026,31.0,0.3348461822828322,1.164191351406323,1.4031096,9.098739357721644,5.631934
P000026,32.0,0.2814677661206134,1.1801625623170957,1.3884621,9.580937776503324,5.58951
P000026,33.0,0.2385236952076109,1.148625905408884,1.3760123,9.971289189403226,5.553653
P000026,34.0,0.2274678385746459,1.1001891809460598,1.3734038,10.230900558569695,5.5471487
P000026,35.0,0.2424413172082994,1.0650875223697207,1.3791792,10.379834510904912,5.565617
P000026,36.0,0.2556509868214489,1.0508384115684284,1.3842652,10.467256979353907,5.5820017
P000026,37.0,0.2394239037968865,1.0378679649843852,1.3800974,10.523370835629413,5.570834
P000026,38.0,0.1882535996539254,0.9963141443635684,1.3642194,10.530083066265387,5.524847
P000026,39.0,0.1241545476235149,0.911212996679683,1.3423872,10.432942590681378,5.46118
P000026,40.0,0.0812104767105123,0.7969181269488057,1.3269935,10.185473950658402,5.4166965
P000026,41.0,0.080875255945739,0.6896804311903942,1.327918,9.79229535080413,5.4207397
P000026,42.0,0.1165594126980473,0.6237447500253913,1.3426027,9.317998468026085,5.4656267
P000026,43.0,0.159058404192542,0.6087317979685114,1.3589385,8.854260829510153,5.515339
P000026,44.0,0.1787032679286947,0.6251212481899486,1.3666484,8.46888201376698,5.5394063
P000026,45.0,0.1675429215352706,0.6410513942439209,1.3637576,8.173888573616592,5.5320377
P000026,46.0,0.1448652257421694,0.6376417419151066,1.35677,7.93541931413919,5.512541
P000026,47.0,0.1419311125787041,0.6236794479638192,1.3566625,7.716655975107446,5.5134187
P000026,48.0,0.1774678385746458,0.6285784437720288,1.369848,7.52028336926925,5.5535946
P000026,49.0,0.2424413172082993,0.6789420526480276,1.3915248,7.397501200690394,5.618781
P000026,50.0,0.3056509868214488,0.7764657035964077,1.4106956,7.416049346599094,5.6764445
P000026,51.0,0.3360164864257933,0.8939601325854871,1.4196453,7.610875631035267,5.703884
P000026,52.0,0.3248561400323689,0.992673686197708,1.417409,7.954479791540852,5.6983495
P000026,53.0,0.2914578083710764,1.0480844647394318,1.4089966,8.369492679512863,5.674636
P000026,54.0,0.2678130170889562,1.0649712233046291,1.4030058,8.774572154488128,5.658061
P000026,55.0,0.2740604212035527,1.0706456689842807,1.4055543,9.129897648215964,5.6666117
P000026,56.0,0.3031619530764912,1.091658347163197,1.4144235,9.449078831527297,5.693718
P000026,57.0,0.3263616649401037,1.1317049565604045,1.4213457,9.769742752642593,5.715061
P000026,58.0,0.3153058083071386,1.1675132389293343,1.4191031,10.106253890036491,5.709485
P000026,59.0,0.2641355041641775,1.1658983479467424,1.4056277,10.42146096301786,5.6709614
P000026,60.0,0.1948652257421701,1.109175625711427,1.3854287,10.639933940635352,5.612728
P000026,61.0,0.1419311125787042,1.0097655586952634,1.3687665,10.693727882119427,5.5649014
P000026,62.0,0.1274678385746459,0.902905304836232,1.3645813,10.566964585440267,5.5536966
P000026,63.0,0.1458487345793925,0.8228144744217175,1.3716803,10.306109692069963,5.5755653
P000026,64.0,0.169048446443005,0.7800788117742901,1.3801527,9.9883208061503,5.6014214
P000026,65.0,0.1687132256782317,0.7570675403055926,1.3807914,9.671473657825304,5.6043177
P000026,66.0,0.1382535996539254,0.7246042741975371,1.371419,9.362943739090182,5.57793
P000026,67.0,0.0982726431132627,0.6671066252850516,1.3582537,9.029808925485105,5.5404735
P000026,68.0,0.0812104767105123,0.5970478930638075,1.3528678,8.641716506172056,5.5257816
P000026,69.0,0.1067571604559909,0.5476649928676643,1.3628154,8.212903012566455,5.555883
P000026,70.0,0.1665594126980472,0.5492605501379973,1.3837125,7.810419078067304,5.617877
P000026,71.0,0.2297690823111968,0.6068535182757299,1.4038427,7.52107474477221,5.677524
P000026,72.0,0.2653058083071385,0.6959758913912972,1.4146163,7.400807846789522,5.70983
P000026,73.0,0.2641355041641775,0.7798095619365154,1.4149039,7.443597725556622,5.711584
P000026,74.0,0.2448652257421695,0.8348466983509603,1.4100997,7.592580789872326,5.698529
P000026,75.0,0.2385236952076111,0.8658915409831331,1.4089003,7.784549128267921,5.6959586
P000026,76.0,0.2640703789530896,0.8992909640086321,1.4166794,7.994209374531486,5.7194576
P000026,77.0,0.3131519953269545,0.9597061146440092,1.4302611,8.245101472505835,5.7597494
P000026,78.0,0.3556509868214488,1.0481474884368658,1.4412808,8.579509171074182,5.7925434
P000026,79.0,0.3618983909360453,1.1380448118096962,1.443274,9.010862806442038,5.799153
P000026,80.0,0.3248561400323693,1.192527165772474,1.4348149,9.495549838000196,5.775503
P000026,81.0,0.2655759038608248,1.190086962590743,1.4199317,9.946592237072892,5.7332745
P000026,82.0,0.2178130170889566,1.139445428402729,1.407064,10.280197351892369,5.6969037
P000026,83.0,0.203349743084898,1.0725162290345702,1.4033904,10.461419592084852,5.687155
P000026,84.0,0.2165594126980473,1.020797741566999,1.4078321,10.515736979074248,5.70087
P000026,85.0,0.2297690823111969,0.9929421837125356,1.4121747,10.49882956638356,5.7142763
P000026,86.0,0.2153058083071387,0.9703047256248672,1.4085739,10.44806928767187,5.704734
P000026,87.0,0.1675429215352712,0.9236835077205314,1.3948312,10.352698913800896,5.6659336
P000026,88.0,0.1082626853637265,0.83846098362368,1.3762834,10.16527040767559,5.6133013
P000026,89.0,0.0712204344600493,0.728999857852102,1.3641291,9.845501886696056,5.5791473
P000026,90.0,0.0774678385746458,0.6312222542047746,1.3669422,9.402974121140817,5.588173
P000026,91.0,0.11996683006914,0.5787288175426827,1.3819385,8.90567268744592,5.632271
P000026,92.0,0.1690484464430047,0.5802245770914858,1.3980479,8.446869569530984,5.6794972
P000026,93.0,0.1945951301884838,0.6150644592339728,1.4062243,8.094051179454167,5.703844
P000026,94.0,0.1882535996539254,0.6501296186394884,1.4048612,7.857045063008139,5.7007513
P000026,95.0,0.1689833212319173,0.6652357173144948,1.3995917,7.698055436560811,5.6864414
P000026,96.0,0.1678130170889561,0.667908229937974,1.3997436,7.574862364717618,5.6877017
P000026,97.0,0.2033497430848973,0.6864275581635828,1.4107375,7.483650334081238,5.720048
P000026,98.0,0.2665594126980471,0.7464689031362479,1.4285383,7.468463341362463,5.771841
P000026,99.0,0.3263616649401037,0.8490682346867566,1.443893,7.589718074000031,5.8165464
P000026,100.0,0.3519083486855826,0.9666904378483184,1.4502501,7.875370965144537,5.835455
P000026,101.0,0.334846182282832,1.0605751889176882,1.4466794,8.291738802133946,5.825966
P000026,102.0,0.2948652257421696,1.1065296919338763,1.437413,8.75649944973923,5.800214
P000026,103.0,0.6517709578122346,1.2949301425267974,1.5058544,9.289887482620696,5.995906
P000026,104.0,1.038801095141833,1.7814837719201384,1.5469251,10.297445628333964,6.1110897
P000026,105.0,1.4493661650998164,2.5227459566067,1.5699315,12.149503857649051,6.170399
P000026,106.0,1.8551124191989343,3.4687388791290417,1.5818422,15.086129594939226,6.193226
P000026,107.0,1.453283787100505,4.185161538412569,1.5703595,19.007002424934463,6.172705
P000026,108.0,1.0129843158426686,4.352362587663799,1.5456576,23.00350017920302,6.1100235
P000026,109.0,0.5563486793262897,4.070721427879839,1.4928763,26.26187807454058,5.9628277
P000026,110.0,0.1178130170889561,3.4438999154355625,1.3908126,28.258014099665395,5.6733813
P000026,111.0,0.1067571604559912,2.762502601907022,1.3877189,28.824965197420987,5.6653605
P000026,112.0,0.1299568723196034,2.2424509873188887,1.3954782,28.33953600372306,5.688189
P000026,113.0,0.1590584041925417,1.86483175373697,1.4047315,27.21337911122393,5.7152243
P000026,114.0,0.1653058083071386,1.5888942306312588,1.4069691,25.744753805401075,5.722314
P000026,115.0,0.1416610170250183,1.3672147327956066,1.4002843,24.110937762414014,5.70409
P000026,116.0,0.1082626853637258,1.169699135597157,1.3902979,22.396270998676687,5.676523
P000026,117.0,0.0971023389703012,0.9971948544697512,1.3871269,20.648501705531743,5.668295
P000026,118.0,0.1274678385746457,0.8735709370480534,1.3970923,18.93100848834364,5.6972647
P000026,119.0,0.1906775081877945,0.8215617080911408,1.4160798,17.338773958517816,5.75171
P000026,120.0,0.2556509868214478,0.8400859809696974,1.4338288,15.971243844233785,5.802574
P000026,121.0,0.2911877128173906,0.8998051562338492,1.4429588,14.886235349922474,5.8290234
P000026,122.0,0.2882535996539253,0.960086620487018,1.4425316,14.072356768034524,5.8284626
P000026,123.0,0.2655759038608245,0.9945337363336024,1.4372241,13.462841878924344,5.8141336
P000026,124.0,0.2544155574674,1.0058830200478317,1.4346914,12.982157361082944,5.807641
P000026,125.0,0.2740604212035523,1.0191427580335897,1.4398878,12.59188552914974,5.8229303
P000026,126.0,0.3165594126980472,1.058276017251078,1.4502959,12.30286972747593,5.852872
P000026,127.0,0.3522435694503557,1.1241443823419537,1.4585607,12.14601597127093,5.8767424
P000026,128.0,0.3519083486855827,1.1904806958340812,1.4587181,12.125296307576445,5.877784
P000026,129.0,0.3089642777725807,1.2210656574817478,1.4492643,12.189904440302133,5.851809
P000026,130.0,0.2448652257421698,1.195283390086832,1.4338686,12.24805318593146,5.8091707
P000026,131.0,0.1936949215992082,1.1228767188756426,1.4205644,12.21344991128678,5.772451
P000026,132.0,0.1774678385746455,1.03680299535382,1.4163251,12.050718198082134,5.7612057
P000026,133.0,0.1906775081877957,0.9695257531674344,1.4202614,11.786603193490471,5.772897
P000026,134.0,0.2056509868214489,0.930495286366969,1.4245877,11.479283721784917,5.7856636
P000026,135.0,0.194595130188484,0.9016257812140178,1.4218388,11.169338789345282,5.778599
P000026,136.0,0.1516510592754809,0.8539836501801965,1.4100163,10.849384982117092,5.7461424
P000026,137.0,0.0982726431132625,0.7729000978312587,1.3942502,10.474992941809951,5.702684
P000026,138.0,0.0678130170889562,0.6723624452458803,1.384856,10.008077242160104,5.677086
P000026,139.0,0.0808752559457386,0.5876126195096438,1.3893256,9.459211044901204,5.6902676
P000026,140.0,0.1299568723196032,0.5513077742566316,1.4046605,8.8958957414287,5.733774
P000026,141.0,0.1849403087027933,0.5710067155444529,1.4205837,8.409295716192286,5.7788587
P000026,142.0,0.2153058083071388,0.6247906432296313,1.4289393,8.063152869135912,5.8027787
P000026,143.0,0.2123716951436728,0.6782240564613395,1.4283669,7.862031751601625,5.8017845
P000026,144.0,0.1948652257421695,0.7098510398017654,1.4239023,7.761595148987627,5.7899485
P000026,145.0,0.1936949215992084,0.7260558953526893,1.4237814,7.712146456249496,5.7902174
P000026,146.0,0.2274678385746448,0.7541849995223746,1.432847,7.701879272592109,5.816038
P000026,147.0,0.2872700908167024,0.8192495349379187,1.4476988,7.766800877006075,5.857917
P000026,148.0,0.3422535271998924,0.9219360990094704,1.4602439,7.959727655464469,5.8933387
P000026,149.0,0.3618983909360455,1.0346981866063707,1.4645615,8.301913981630449,5.905865
P000026,150.0,0.3382535996539262,1.1191024770146698,1.4596398,8.754281504058063,5.8927245
P000026,151.0,0.2914578083710764,1.1515990035380714,1.4492524,9.230746447100849,5.8644347
P000026,152.0,0.2544155574674003,1.1385256029330737,1.4405458,9.644674440589014,5.8408403
P000026,153.0,0.2481785166933004,1.1092337969476114,1.4391487,9.95470592362244,5.8375235
P000026,154.0,0.2665594126980479,1.092655539764502,1.4437573,10.176744279563843,5.8508387
P000026,155.0,0.281532891331701,1.0950471444440504,1.4474366,10.354365023260357,5.8615646
P000026,156.0,0.2653058083071392,1.0957015941197317,1.4436994,10.511112064832252,5.8517637
P000026,157.0,0.2123716951436741,1.0638290345554486,1.4306185,10.621603303379397,5.816148
P000026,158.0,0.1448652257421692,0.9838062900353356,1.4124444,10.623952284666256,5.7665052
P000026,159.0,0.0971023389703014,0.8696412972929111,1.398592,10.464597773730834,5.728845
P000026,160.0,0.0908652981962018,0.7575764231366946,1.3968518,10.14189559037882,5.7246475
P000026,161.0,0.11996683006914,0.6821857208817166,1.4056845,9.715417555284382,5.7496104
P000026,162.0,0.1556509868214482,0.6537344410097995,1.4159992,9.273399547321072,5.7786236
P000026,163.0,0.168713225678232,0.6536182047448686,1.4197168,8.882006853981386,5.7894306
P000026,164.0,0.1516510592754813,0.6511002553792343,1.4151134,8.553545933097805,5.7773194
P000026,165.0,0.1241545476235148,0.628557394334802,1.4074037,8.256326800334232,5.7566757
P000026,166.0,0.1178130170889563,0.5960807432204005,1.4056733,7.957442536610461,5.752493
P000026,167.0,0.1515859340643942,0.58434600901,1.4154053,7.664960172533542,5.779809
P000028,0.0,0.3103216861328033,0.6603850291889115,1.3629494,0.928722940015016,5.4663715
P000028,1.0,0.3752951647664568,0.9441031069751806,1.3841162,1.690730803833386,5.532295
P000028,2.0,0.4090680817418944,1.224304671661344,1.3948643,2.6361124677087338,5.56648
P000028,3.0,0.4027265512073359,1.4564709126062658,1.3941987,3.696960869091708,5.5660286
P000028,4.0,0.3752300395553692,1.6134142151212123,1.3874888,4.773625153159479,5.547262
P000028,5.0,0.3581678731526189,1.7064841645107682,1.3836143,5.777136180760203,5.5370836
P000028,6.0,0.3712301120094018,1.7765124503931589,1.388546,6.670160397531299,5.553556
P000028,7.0,0.4069142687617101,1.8619178395144127,1.399656,7.473242053963969,5.588668
P000028,8.0,0.4360158006346487,1.96850465097856,1.4084604,8.23036948558151,5.616742
P000028,9.0,0.4297787598605492,2.0641209750109866,1.4078438,8.95933536852005,5.616355
P000028,10.0,0.3820158730886812,2.1025251644644314,1.3959153,9.624342811701023,5.5818405
P000028,11.0,0.3145094036871776,2.0587124046246257,1.3771107,10.151864606362055,5.526563
P000028,12.0,0.2615752905237121,1.9492196178190533,1.3612776,10.47831632951583,5.480257
P000028,13.0,0.2453482074991497,1.822137068902852,1.3569884,10.594125408676732,5.468819
P000028,14.0,0.2603216861328033,1.7242718661367311,1.3631518,10.55135880395769,5.4889107
P000028,15.0,0.27870258213755,1.6700304517613382,1.3702619,10.429301617768497,5.51182
P000028,16.0,0.2724655413634507,1.635225242063551,1.3693571,10.283784969016189,5.5105534
P000028,17.0,0.2354232904597743,1.5801938664816753,1.3582077,10.118024446877874,5.4784346
P000028,18.0,0.1886274991769254,1.484519776381977,1.3429577,9.896269474789449,5.4339886
P000028,19.0,0.1649827078948053,1.3669030178776844,1.3354564,9.589098488352723,5.412891
P000028,20.0,0.1846275716309579,1.2749308300211455,1.3438399,9.215191852923937,5.439577
P000028,21.0,0.2396110080141485,1.2522032984106486,1.3640494,8.846963302344584,5.5017486
P000028,22.0,0.2994132602562046,1.3073788143144214,1.3841534,8.57462096694243,5.5634866
P000028,23.0,0.3331861772316423,1.4083295988571083,1.3951597,8.454588837110974,5.5978355
P000028,24.0,0.3320158730886812,1.5057690419517935,1.3957903,8.480131101211557,5.601057
P000028,25.0,0.3145094036871775,1.568602747092705,1.391655,8.595506744424853,5.59
P000028,26.0,0.3115752905237121,1.6045073766733418,1.3917572,8.74246252746245,5.591626
P000028,27.0,0.3419407901280565,1.6504373669405883,1.401453,8.90381896819442,5.6219177
P000028,28.0,0.3969242265112471,1.7404635461714857,1.4171689,9.1114086305419,5.670114
P000028,29.0,0.4460058428851116,1.8754590240419255,1.4301987,9.41278118165066,5.7101827
P000028,30.0,0.4590680817418945,2.0177783549803188,1.4340923,9.822425539059038,5.7229843
P000028,31.0,0.4286084557175881,2.115255568034044,1.4276443,10.295159782928138,5.7050133
P000028,32.0,0.3752300395553694,2.136747328636481,1.4149628,10.742826543156031,5.668483
P000028,33.0,0.3322859686423668,2.0927119541611363,1.4041717,11.082927489302222,5.6375732
P000028,34.0,0.3212301120094019,2.0255241247421707,1.4019387,11.28380424508509,5.6321497
P000028,35.0,0.3362035906430553,1.976942241230185,1.4070046,11.37351502886924,5.6484365
P000028,36.0,0.3494132602562048,1.957268970724533,1.4114668,11.406756314156125,5.6629
P000028,37.0,0.3331861772316425,1.9393866849169763,1.4078782,11.415563962860745,5.653424
P000028,38.0,0.2820158730886813,1.8820371763746209,1.3940825,11.3814790248906,5.6136293
P000028,39.0,0.2179168210582708,1.764620811313958,1.3750482,11.250398466636604,5.55828
P000028,40.0,0.1749727501452682,1.6070564984839382,1.3615992,10.978869411703377,5.5195484
P000028,41.0,0.1746375293804949,1.4594512826066088,1.362443,10.57659304931137,5.5232897
P000028,42.0,0.2103216861328032,1.3690404510527372,1.3753381,10.112469389221005,5.5627747
P000028,43.0,0.2528206776272979,1.348974604786222,1.3896477,9.678724673090198,5.6063843
P000028,44.0,0.2724655413634507,1.3721608345273606,1.3964071,9.339045919361574,5.6275625
P000028,45.0,0.2613051949700266,1.394540613609442,1.3939183,9.098582368300416,5.62134
P000028,46.0,0.2386274991769253,1.3900796808650249,1.387851,8.917181305876026,5.6045313
P000028,47.0,0.23569338601346,1.370998287912989,1.387788,8.754726668323947,5.6054873
P000028,48.0,0.2712301120094017,1.3779653798040972,1.3993242,8.613411512729124,5.640702
P000028,49.0,0.3362035906430552,1.4476818436130716,1.4182241,8.544291142744676,5.6975718
P000028,50.0,0.3994132602562048,1.5823854436089289,1.4348977,8.612623920830698,5.7477493
P000028,51.0,0.4297787598605491,1.744435660116468,1.4426851,8.847841442319039,5.771681
P000028,52.0,0.4186184134671248,1.880310362173903,1.4407785,9.21588265178582,5.767091
P000028,53.0,0.3852200818058323,1.956240602137237,1.4335163,9.635100337871798,5.746763
P000028,54.0,0.3615752905237122,1.978967955755433,1.4283478,10.024426345136416,5.7325907
P000028,55.0,0.3678226946383086,1.986312055262921,1.4305887,10.348433909319477,5.740185
P000028,56.0,0.3969242265112471,2.014948006024859,1.4383097,10.626453739255073,5.7638397
P000028,57.0,0.4201239383748596,2.06991307259524,1.4443362,10.900076181920806,5.7824826
P000028,58.0,0.4090680817418945,2.119000731564722,1.4424217,11.184733825821436,5.7778425
P000028,59.0,0.3578977775989334,2.1163870227341843,1.4307647,11.442989216386907,5.744666
P000028,60.0,0.288627499176926,2.037740723314755,1.4132359,11.600671115076295,5.6942825
P000028,61.0,0.2356933860134601,1.9003375205015869,1.3987403,11.594529967867276,5.6527996
P000028,62.0,0.2212301120094018,1.7529096606235626,1.3951104,11.41608571560087,5.643181
P000028,63.0,0.2396110080141484,1.642679687895637,1.4013298,11.118907327486696,5.662404
P000028,64.0,0.2628107198777609,1.5841483389661974,1.4087398,10.78378154403262,5.6850777
P000028,65.0,0.2624754991129877,1.552843675022788,1.4093199,10.467624197005282,5.687751
P000028,66.0,0.2320158730886813,1.5084203332232395,1.4011703,10.173940818421546,5.664909
P000028,67.0,0.1920349165480186,1.429396343089461,1.3896914,9.86617262865576,5.6323557
P000028,68.0,0.1749727501452682,1.3330731268979252,1.3849988,9.512788718270642,5.619646
P000028,69.0,0.2005194338907468,1.2653833947587578,1.3937194,9.128972237017514,5.646087
P000028,70.0,0.2603216861328031,1.2681156669288982,1.4119747,8.782287279990674,5.7002773
P000028,71.0,0.3235313557459527,1.3480724879532746,1.429508,8.556893854639439,5.75226
P000028,72.0,0.3590680817418944,1.4713441777181475,1.4388816,8.502229293032997,5.7804165
P000028,73.0,0.3578977775989335,1.5870512492610245,1.4391527,8.60397848802583,5.7820816
P000028,74.0,0.3386274991769254,1.6627991082421143,1.435005,8.798634312205055,5.7709074
P000028,75.0,0.332285968642367,1.7053417305610237,1.4339843,9.02042627200339,5.768816
P000028,76.0,0.3578326523878455,1.7511483484327903,1.4407554,9.245340057251871,5.7893248
P000028,77.0,0.4069142687617103,1.8342728930472008,1.4525456,9.499455660991533,5.824337
P000028,78.0,0.4494132602562047,1.9560393081472436,1.462101,9.825989412685162,5.852806
P000028,79.0,0.4556606643708013,2.07968865865354,1.4638448,10.236765629010286,5.858651
P000028,80.0,0.4186184134671252,2.154315720476326,1.456548,10.685750110474965,5.8383675
P000028,81.0,0.3593381772955807,2.15032543391787,1.4436729,11.085772160563748,5.80196
P000028,82.0,0.3115752905237124,2.0799057976207176,1.4325199,11.357065870146762,5.7705398
P000028,83.0,0.2971120165196539,1.9872242349669769,1.4293435,11.47224342920011,5.762192
P000028,84.0,0.3103216861328032,1.9157724177260924,1.4332211,11.464863143231623,5.7742224
P000028,85.0,0.3235313557459528,1.877408413205263,1.43701,11.395961830390682,5.7859774
P000028,86.0,0.4920313802135478,1.9669972767099615,1.4739971,11.354842343849942,5.8933296
P000028,87.0,0.6272317919133337,2.227089673728114,1.4973917,11.54060573067822,5.961158
P000028,88.0,0.7509148542134421,2.5908526126961693,1.5147979,12.062731096423342,6.011424
P000028,89.0,0.8968359017814181,3.0422185164884423,1.5312822,12.9607332526288,6.05847
P000028,90.0,1.0860466043676678,3.603097801916321,1.5475633,14.273299247779525,6.103783
P000028,91.0,1.3115088943338151,4.29845711416189,1.5614874,16.063119459883573,6.1405573
P000028,92.0,1.5435538091793333,5.123708294173533,1.5714839,18.3941432736328,6.1643105
P000028,93.0,1.7520637913964654,6.037511474560336,1.5778706,21.2887968497057,6.1768427
P000028,94.0,1.92868555933356,6.984292282355908,1.5819061,24.70420413127301,6.182582
P000028,95.0,2.092378579383205,7.928682063024188,1.5847943,28.549636479385438,6.1846943
P000028,96.0,2.274171573711897,8.875355869266391,1.5872457,32.73467543725358,6.18392
P000028,97.0,2.492671598179492,9.858948318035251,1.589397,37.21335574618136,6.1794386
P000028,98.0,2.738844566264295,10.911437320492126,1.5910819,41.99193822007423,6.1708965
P000028,99.0,2.981610116978005,12.031500210757258,1.5922194,47.09502475793812,6.159924
P000028,100.0,2.8241935022518305,12.937555769695006,1.5916426,52.41493144982472,6.168922
P000028,101.0,2.6241680373774265,13.408681546564145,1.5906425,57.464590695101386,6.178725
P000028,102.0,2.401223782365111,13.503755005395352,1.5890613,61.8211400834748,6.187152
P000028,103.0,2.1878008578691515,13.301454208269458,1.5869126,65.22643406779326,6.192175
P000028,104.0,2.004502338632725,12.8956137773593,1.5843914,67.57792221328953,6.1935534
P000028,105.0,1.844738752024684,12.366653126033992,1.5815153,68.89934226266426,6.192016
P000028,106.0,1.6801563495577772,11.753857323139096,1.5776706,69.28123126633558,6.1870136
P000028,107.0,1.4827297770820662,11.051872487426548,1.571481,68.81375769921509,6.175223
P000028,108.0,1.2468323654469478,10.235920192292207,1.5609863,67.5471585935294,6.150591
P000028,109.0,0.9945987885532872,9.298107496006333,1.5443687,65.49921906464333,6.107094
P000028,110.0,0.760465185938672,8.26845080640778,1.52158,62.697230525039,6.0444493
P000028,111.0,0.5664460308340535,7.205421627464208,1.4950233,59.21821530501788,5.9701257
P000028,112.0,0.4066824442260125,6.163522145757617,1.4661677,55.194028169480575,5.888937
P000028,113.0,0.2528206776272976,5.162506088685482,1.4308155,50.77535027420024,5.7892704
P000028,114.0,0.2590680817418945,4.302197214888823,1.432771,46.13065196009967,5.7955127
P000028,115.0,0.2354232904597742,3.627381770240411,1.4269409,41.52649383346802,5.7796736
P000028,116.0,0.2020249587984817,3.0710120810350983,1.4182141,37.1274079914185,5.7556415
P000028,117.0,0.1908646124050572,2.614697942461862,1.4154398,33.01535984500595,5.7484913
P000028,118.0,0.2212301120094016,2.276330011194193,1.4241586,29.25917312583288,5.7738705
P000028,119.0,0.2844397816225504,2.0756265904695197,1.4407303,25.94011166423646,5.8214216
P000028,120.0,0.3494132602562037,2.0020302388485773,1.456176,23.13031262168372,5.8657217
P000028,121.0,0.3849499862521465,2.00803324059649,1.4641073,20.85155477421538,5.8887415
P000028,122.0,0.3820158730886812,2.032204206432023,1.463742,19.053328938424883,5.888321
P000028,123.0,0.3593381772955804,2.0340960842550992,1.4591389,17.63234330626823,5.8759465
P000028,124.0,0.3481778309021559,2.0144831299342867,1.4569423,16.482841079186947,5.870366
P000028,125.0,0.3678226946383082,2.0055833623847747,1.4614604,15.542881878541603,5.883703
P000028,126.0,0.410321686132803,2.038638396152651,1.4704959,14.80411948712743,5.909739
P000028,127.0,0.4460058428851117,2.113343957704396,1.4776621,14.27967737276565,5.930479
P000028,128.0,0.4456706221203386,2.1922638987624152,1.4778035,13.95600143511978,5.9314437
P000028,129.0,0.4027265512073367,2.2245477926626576,1.4696133,13.766433203168138,5.908996
P000028,130.0,0.3386274991769257,2.1811793214302155,1.4562418,13.60771279320065,5.872015
P000028,131.0,0.2874571950339641,2.075252262210922,1.4446552,13.388106896856431,5.840081
P000028,132.0,0.2712301120094014,1.951983775178456,1.4409556,13.071828019618232,5.83031
P000028,133.0,0.2844397816225517,1.8558941707832644,1.4443889,12.686954558086848,5.8405485
P000028,134.0,0.2994132602562048,1.799706887343712,1.4481604,12.291264331570956,5.85172
P000028,135.0,0.2883574036232399,1.758163202991748,1.4457619,11.921782079031102,5.8455963
P000028,136.0,0.2454133327102368,1.6911323034167622,1.4354339,11.565793170173388,5.8172836
P000028,137.0,0.1920349165480184,1.578300492291668,1.4216213,11.174609137417711,5.7792563
P000028,138.0,0.1615752905237121,1.4389861561391952,1.4133654,10.708904012937069,5.7568064
P000028,139.0,0.1746375293804945,1.3218306171885903,1.4172847,10.18043973778334,5.768396
P000028,140.0,0.2237191457543591,1.2718229717614449,1.430728,9.657552549881814,5.80656
P000028,141.0,0.2787025821375493,1.2992285564244996,1.4446497,9.228968972467143,5.846013
P000028,142.0,0.3090680817418947,1.373617749801587,1.4519389,8.95188704813258,5.8669195
P000028,143.0,0.3061339685784288,1.4473643207775488,1.4514363,8.822177355613947,5.866082
P000028,144.0,0.2886274991769255,1.4908730993071542,1.4475358,8.788049966911407,5.8557773
P000028,145.0,0.2874571950339643,1.5130487744802328,1.4474258,8.796019703389128,5.856036
P000028,146.0,0.3212301120094007,1.551712850777747,1.4553332,8.833952367083196,5.8786
P000028,147.0,0.3810323642514583,1.6413784986260669,1.4682658,8.93848115460462,5.9151125
P000028,148.0,0.4360158006346484,1.7829026935324352,1.4791656,9.161237350463235,5.9459343
P000028,149.0,0.4556606643708014,1.938163700516435,1.4829121,9.519672877953012,5.956845
P000028,150.0,0.4320158730886821,2.054089421124893,1.4786391,9.970148305776885,5.9454746
P000028,151.0,0.3852200818058323,2.0982606561970374,1.4696071,10.424440953408382,5.920911
P000028,152.0,0.3481778309021562,2.0795757978474048,1.4620214,10.798316423519408,5.900383
P000028,153.0,0.3419407901280563,2.0386708666369997,1.4607985,11.05677260845018,5.897514
P000028,154.0,0.3603216861328038,2.015504601091582,1.4648113,11.22309903161093,5.9091473
P000028,155.0,0.3752951647664568,2.018641065246036,1.4680119,11.346086586002963,5.918518
P000028,156.0,0.3590680817418951,2.01940312139783,1.4647512,11.451101013130724,5.9099984
P000028,157.0,0.30613396857843,1.97525807873188,1.4533277,11.512678718583029,5.8789186
P000028,158.0,0.2386274991769252,1.8647034336607864,1.4374051,11.46983487280922,5.835451
P000028,159.0,0.1908646124050574,1.7071881625164358,1.4252238,11.272810379859733,5.802367
P000028,160.0,0.1846275716309577,1.5528141819131067,1.4236791,10.925992333240494,5.7986674
P000028,161.0,0.2137291035038959,1.4492766829829966,1.4314356,10.494310189569717,5.820615
P000028,162.0,0.2494132602562041,1.4106197666884397,1.4404817,10.067625061459545,5.84609
P000028,163.0,0.2624754991129879,1.4110166570341651,1.4437311,9.70901838357299,5.85557
P000028,164.0,0.2454133327102372,1.407961253236233,1.4396815,9.424828907789,5.844943
P000028,165.0,0.2179168210582708,1.3771521743505055,1.4328966,9.177802832411048,5.8268023
P000028,166.0,0.2115752905237122,1.33260488049897,1.4313612,8.932231102492862,5.8231153
P000028,167.0,0.2453482074991501,1.316723487485518,1.4399021,8.695918518433773,5.8471174
P000034,0.0,0.2427449827986643,0.9723297623146324,1.3400502,1.180242434118427,5.3967314
P000034,1.0,0.3077184614323178,1.1390446763800912,1.3633327,2.5932548220047664,5.46918
P000034,2.0,0.3414913784077554,1.3360537710306557,1.3751516,4.098211598959622,5.50669
P000034,3.0,0.3351498478731969,1.5024414818261185,1.3743734,5.681268748745219,5.505927
P000034,4.0,0.3076533362212302,1.6010829084613944,1.3669229,7.252563217926113,5.4849243
P000034,5.0,0.2905911698184799,1.6421955222339206,1.3626051,8.713944806507115,5.473424
P000034,6.0,0.3036534086752628,1.6710878397813245,1.3680048,10.02619902035928,5.4913654
P000034,7.0,0.3393375654275711,1.7297426150167658,1.3802319,11.226127641284814,5.529934
P000034,8.0,0.3684390973005096,1.821532086021764,1.3899221,12.382065003288314,5.5607586
P000034,9.0,0.3622020565264102,1.9059424342082196,1.3891993,13.523081115393842,5.560078
P000034,10.0,0.3144391697545422,1.9275090672104316,1.3759758,14.597104333461912,5.521633
P000034,11.0,0.2469327003530386,1.8573128804234265,1.3551834,15.491438153804978,5.460327
P000034,12.0,0.1939985871895731,1.7158321885177126,1.3377008,16.10203886271024,5.409045
P000034,13.0,0.1777715041650107,1.559886925819833,1.3329413,16.40094969089497,5.39622
P000034,14.0,0.1927449827986643,1.443358600637884,1.3396852,16.45231336781294,5.418116
P000034,15.0,0.211125878803411,1.3810357139792533,1.3474772,16.365662674684458,5.4431353
P000034,16.0,0.2048888380293116,1.3425160963492058,1.3464422,16.221925567827544,5.441513
P000034,17.0,0.1678465871256353,1.280420072065763,1.3341293,16.027618352698845,5.4059095
P000034,18.0,0.1210507958427864,1.1713110265239577,1.3173273,15.730984263902316,5.3568144
P000034,19.0,0.0974060045606662,1.0381552115103343,1.3090558,15.28675195352596,5.3334346
P000034,20.0,0.1170508682968189,0.9370825466918208,1.3182237,14.719222965847097,5.3625355
P000034,21.0,0.1720343046800095,0.9181432303822016,1.3404119,14.134409025453111,5.430726
P000034,22.0,0.2318365569220656,0.9894064959718686,1.3625333,13.670183672982422,5.498603
P000034,23.0,0.2656094738975033,1.111315047479762,1.3746479,13.420098332067298,5.536343
P000034,24.0,0.2644391697545422,1.225517783095109,1.3753092,13.3864842754365,5.5396934
P000034,25.0,0.2469327003530385,1.2965347928476012,1.3707075,13.496670541584717,5.527262
P000034,26.0,0.2439985871895731,1.3350354588348832,1.3707862,13.66898497736721,5.5288525
P000034,27.0,0.2743640867939175,1.3854354448678483,1.381463,13.87816078649908,5.5621443
P000034,28.0,0.3293475231771081,1.4874502497396302,1.398812,14.170709352702811,5.6153135
P000034,29.0,0.3784291395509725,1.6408972348768316,1.4132104,14.619001427299429,5.6595583
P000034,30.0,0.3914913784077555,1.800611646747861,1.4174931,15.249437134331078,5.673568
P000034,31.0,0.3610317523834491,1.9056609070740649,1.4103148,16.000027842274292,5.6534114
P000034,32.0,0.3076533362212303,1.921185105486387,1.39624,16.740913093567432,5.6127014
P000034,33.0,0.2647092653082278,1.861632527166742,1.3842723,17.344185379799978,5.5782804
P000034,34.0,0.2536534086752628,1.7780988764926615,1.381773,17.752383286139082,5.572089
P000034,35.0,0.2686268873089163,1.719425416938481,1.3873425,17.996002286462662,5.589925
P000034,36.0,0.2818365569220658,1.696378958480549,1.3922474,18.148618564282813,5.6057515
P000034,37.0,0.2656094738975035,1.6758215925341615,1.3882477,18.254934358683084,5.595075
P000034,38.0,0.2144391697545423,1.609105297221249,1.3729739,18.287075584452257,5.550883
P000034,39.0,0.1503401177241318,1.4730752014201312,1.3519509,18.162751736744603,5.4896207
P000034,40.0,0.1073960468111292,1.292507391117696,1.3371181,17.8118108798057,5.446796
P000034,41.0,0.1070608260463559,1.126744278903631,1.3380194,17.240772533874953,5.4507513
P000034,42.0,0.1427449827986642,1.0302307206875894,1.3521879,16.545957153876525,5.4940796
P000034,43.0,0.1852439742931589,1.0163121098397951,1.3679378,15.864105740975807,5.542028
P000034,44.0,0.2048888380293116,1.051228372682,1.3753729,15.29610467952612,5.565259
P000034,45.0,0.1937284916358875,1.082550963361126,1.3725982,14.859440669062568,5.558222
P000034,46.0,0.1710507958427863,1.0804437569373462,1.3658769,14.50325735986316,5.539502
P000034,47.0,0.168116682679321,1.0605561665865224,1.3657823,14.172757735031148,5.5404024
P000034,48.0,0.2036534086752627,1.0712804766051367,1.3784902,13.872681541527054,5.579142
P000034,49.0,0.2686268873089162,1.1550341891617726,1.3993611,13.68054821013287,5.6419163
P000034,50.0,0.3318365569220658,1.3128777603889823,1.417805,13.698550917009282,5.697403
P000034,51.0,0.3622020565264101,1.499345792301107,1.4264159,13.979629890725793,5.7238207
P000034,52.0,0.3510417101329858,1.6516817248700568,1.4242756,14.483189671028065,5.718561
P000034,53.0,0.3176433784716933,1.7318025652344302,1.4161985,15.094109502272383,5.695833
P000034,54.0,0.2939985871895731,1.749754014590813,1.4104469,15.691521372601592,5.6799564
P000034,55.0,0.3002459913041695,1.7513496843620682,1.4129062,16.216786729503195,5.688229
P000034,56.0,0.3293475231771081,1.7796291748339192,1.4214408,16.6910556252212,5.71433
P000034,57.0,0.3525472350407206,1.839433415981477,1.428102,17.170999742281243,5.734887
P000034,58.0,0.3414913784077555,1.8919782261126323,1.425955,17.677985732952457,5.7295833
P000034,59.0,0.2903210742647944,1.88363368992282,1.4130092,18.155942272560434,5.692615
P000034,60.0,0.221050795842787,1.7872669218200918,1.3935862,18.491423466228728,5.6366606
P000034,61.0,0.1681166826793211,1.6249509610056323,1.3775516,18.582271325683813,5.59067
P000034,62.0,0.1536534086752628,1.454784344361085,1.3735266,18.404316193239453,5.5799236
P000034,63.0,0.1720343046800094,1.3315119876629764,1.3803709,18.02658581851472,5.6010265
P000034,64.0,0.1952340165436219,1.2703028284621174,1.3885357,17.56377466968843,5.625961
P000034,65.0,0.1948987957788486,1.24061954804833,1.3891573,17.10146231097732,5.6287913
P000034,66.0,0.1644391697545423,1.1944359393989548,1.3801389,16.649603754008208,5.60343
P000034,67.0,0.1244582132138796,1.107197787028148,1.3674605,16.158092673470083,5.56739
P000034,68.0,0.1073960468111292,1.0003560299484444,1.3622744,15.581106871954406,5.5532694
P000034,69.0,0.1329427305566078,0.9282287296483854,1.3718677,14.939969057652483,5.5823126
P000034,70.0,0.1927449827986641,0.9388795844503508,1.3920004,14.335255296752354,5.642048
P000034,71.0,0.2559546524118137,1.03835088631291,1.411377,13.897114016729835,5.6994705
P000034,72.0,0.2914913784077554,1.1851552086061892,1.4217434,13.709430925190029,5.7305703
P000034,73.0,0.2903210742647945,1.3192390058162176,1.4220259,13.763434537354334,5.732298
P000034,74.0,0.2710507958427864,1.403763136634062,1.4174128,13.974535348278708,5.719789
P000034,75.0,0.2647092653082279,1.4484732243087657,1.416265,14.249021075837575,5.717357
P000034,76.0,0.2902559490537065,1.4973593225490602,1.4237506,14.55018090070559,5.7399864
P000034,77.0,0.3393375654275713,1.590238266542617,1.4368107,14.914368662202032,5.778741
P000034,78.0,0.3818365569220657,1.7275486398517432,1.447403,15.405698373999805,5.8102736
P000034,79.0,0.3880839610366623,1.865224345654864,1.4493232,16.044709169697573,5.81666
P000034,80.0,0.3510417101329862,1.943833938562589,1.4412034,16.766287699737546,5.793991
P000034,81.0,0.2917614739614417,1.9303187526111305,1.4269052,17.440346826305092,5.753456
P000034,82.0,0.2439985871895734,1.841105628467784,1.4145358,17.941621383443906,5.718523
P000034,83.0,0.2295353131855149,1.729311265406651,1.4110065,18.21794263204769,5.709181
P000034,84.0,0.2427449827986642,1.645702606514989,1.4152842,18.30735483373404,5.722406
P000034,85.0,0.2559546524118138,1.6027455738313632,1.4194655,18.292695520538206,5.735332
P000034,86.0,0.2414913784077556,1.5686589963460205,1.4160063,18.22898442330376,5.726187
P000034,87.0,0.1937284916358881,1.4957167444246282,1.4027858,18.09899603789341,5.6888876
P000034,88.0,0.1344482554643434,1.3611881598768956,1.3849263,17.830674812223403,5.638236
P000034,89.0,0.0974060045606662,1.1897469465000992,1.3732138,17.362976123405456,5.605349
P000034,90.0,0.1036534086752627,1.0401135119610685,1.3759284,16.70976418604568,5.6140723
P000034,91.0,0.1461524001697569,0.9656334695361128,1.3903835,15.972428569666311,5.656587
P000034,92.0,0.1952340165436216,0.9781506411372364,1.4059002,15.290147573195814,5.7020836
P000034,93.0,0.2207807002891007,1.0421033804080573,1.4137726,14.763437608329191,5.72554
P000034,94.0,0.2144391697545423,1.1030843402948811,1.4124644,14.406625229227789,5.7225914
P000034,95.0,0.1951688913325342,1.1292362170412134,1.4073951,14.163112087738655,5.7088466
P000034,96.0,0.193998587189573,1.1342826065441254,1.4075441,13.970162517934645,5.710085
P000034,97.0,0.2295353131855142,1.1649165779937225,1.4181283,13.822916677792133,5.7412367
P000034,98.0,0.292744982798664,1.262198818854143,1.4352524,13.78828307283678,5.791071
P000034,99.0,0.3525472350407206,1.4262678352820746,1.4500129,13.957551751838864,5.8340564
P000034,100.0,0.3780939187861994,1.6112339731474412,1.4561241,14.373207189799516,5.852246
P000034,101.0,0.3610317523834488,1.7544430222664191,1.4526973,14.985355093479106,5.8431616
P000034,102.0,0.3210507958427865,1.81843397048968,1.4437964,15.67136389711401,5.818448
P000034,103.0,0.2905911698184801,1.81435174352516,1.4367406,16.30515239803655,5.7990217
P000034,104.0,0.290255949053707,1.789511510689465,1.4370446,16.82551978889797,5.800614
P000034,105.0,0.3134556609173191,1.7887544347933166,1.4431021,17.253877722304896,5.8186073
P000034,106.0,0.3318365569220657,1.8189002394127272,1.4478168,17.649964039522896,5.832747
P000034,107.0,0.3173732829180079,1.8431859159838,1.444762,18.04080588224026,5.8247423
P000034,108.0,0.2644391697545425,1.8099073622228996,1.4320178,18.37819988806438,5.7891603
P000034,109.0,0.1951688913325351,1.6936309044574058,1.4136496,18.55823845057572,5.7376056
P000034,110.0,0.143998587189573,1.517786394207414,1.3989668,18.48932134674328,5.696581
P000034,111.0,0.1329427305566081,1.3413943165448396,1.3959858,18.15813594622494,5.688867
P000034,112.0,0.1561424424202203,1.219623842054092,1.4034634,17.644125774888863,5.7108774
P000034,113.0,0.3222458316067741,1.2742681572193906,1.4479296,17.12703510651568,5.837839
P000034,114.0,0.4654950930349864,1.5441360128382169,1.4782746,16.937330192731284,5.924516
P000034,115.0,0.5788521590664816,1.935664884417233,1.4979444,17.279221205089172,5.980756
P000034,116.0,0.6824556847188045,2.3895374290271203,1.5130773,18.211743584725244,6.0239773
P000034,117.0,0.8082971956389954,2.9005064348496883,1.5283267,19.73830876740459,6.067236
P000034,118.0,0.9756645525569552,3.502275846254902,1.5443029,21.88796361846112,6.1119123
P000034,119.0,1.1758760794837195,4.226939478744509,1.5585053,24.740931695830493,6.150515
P000034,120.0,1.3778514154309882,5.068173074775292,1.5688806,28.38875281963218,6.17723
P000034,121.0,1.5503899987405465,5.9749750092748295,1.575459,32.86564442353624,6.1927805
P000034,122.0,1.6844577428906966,6.88008533568916,1.5794768,38.1073939389379,6.201314
P000034,123.0,1.7987819044112112,7.741364493986329,1.5822964,43.972086053615264,6.206558
P000034,124.0,1.924623415331402,8.564856527462043,1.5848467,50.30964758120611,6.2102876
P000034,125.0,1.8072664217539391,9.178747533337962,1.5826452,56.918462222874325,6.2084036
P000034,126.0,1.7127635559348184,9.48170405277196,1.5805502,63.31121076256555,6.2057486
P000034,127.0,1.6114458553735116,9.56276368653669,1.5779026,69.13043198908865,6.201404
P000034,128.0,1.474108777295123,9.444856288938103,1.573503,74.14597779855463,6.1925287
P000034,129.0,1.2941628490685058,9.11937512805594,1.5660048,78.16235814266433,6.1750236
P000034,130.0,1.0930619397244792,8.591934607324504,1.5545805,81.00253472237266,6.145814
P000034,131.0,0.9048897782679022,7.908448740793242,1.5399559,82.55088461841127,6.1066055
P000034,132.0,0.751660837929724,7.144518592562899,1.5243149,82.80200436749017,6.063806
P000034,133.0,0.627868650229259,6.367998581254724,1.5085754,81.86373638252506,6.0204015
P000034,134.0,0.5058402715492966,5.604229696953162,1.4897258,79.90158785842208,5.968175
P000034,135.0,0.3577825576027162,4.830974236349581,1.4614608,77.05883057340687,5.8895617
P000034,136.0,0.1778366293760978,4.007383610639119,1.4174604,73.40689279786918,5.766979
P000034,137.0,0.1244582132138794,3.2221817540355597,1.4022574,69.01493967768587,5.725088
P000034,138.0,0.0939985871895731,2.573003996006473,1.3931906,64.13909731704018,5.700396
P000034,139.0,0.1070608260463555,2.0757407035261606,1.3975012,59.05483102938298,5.7131176
P000034,140.0,0.1561424424202201,1.751000035289534,1.4122903,54.03456266851218,5.7550807
P000034,141.0,0.2111258788034102,1.5854438969985438,1.427635,49.32298577943197,5.798535
P000034,142.0,0.2414913784077557,1.5240314406268067,1.4356816,45.079101435102416,5.821581
P000034,143.0,0.2385572652442897,1.4972349308688742,1.4351287,41.34236454431292,5.82063
P000034,144.0,0.2210507958427864,1.461466368902554,1.4308271,38.05810251416504,5.8092375
P000034,145.0,0.2198804916998253,1.4214110950296792,1.4307091,35.14988077801432,5.8095007
P000034,146.0,0.2536534086752617,1.416912024964356,1.4394388,32.5892029518222,5.8343773
P000034,147.0,0.3134556609173193,1.4839960819999571,1.4537334,30.41369033440722,5.8746977
P000034,148.0,0.3684390973005094,1.6192997857053055,1.4657998,28.68292946837037,5.908781
P000034,149.0,0.3880839610366624,1.7747321224746828,1.4699509,27.40770952294264,5.9208364
P000034,150.0,0.3644391697545431,1.886536515390014,1.4652178,26.50823169144274,5.9082108
P000034,151.0,0.3176433784716932,1.9170604870158048,1.4552243,25.83500757595572,5.8810024
P000034,152.0,0.2806011275680172,1.877984427863294,1.4468427,25.23896011415906,5.8582964
P000034,153.0,0.2743640867939173,1.817701940280703,1.4454956,24.64018464929416,5.8551083
P000034,154.0,0.2927449827986648,1.7824917116556076,1.4499309,24.045780175194484,5.8679347
P000034,155.0,0.3077184614323178,1.78078949388888,1.453471,23.50537672020972,5.8782663
P000034,156.0,0.2914913784077561,1.7774548368554692,1.4498718,23.03967328874049,5.868836
P000034,157.0,0.238557265244291,1.7222558613693095,1.4372709,22.597303509350173,5.834533
P000034,158.0,0.1710507958427861,1.590945802872427,1.4197464,22.07361086038896,5.7866745
P000034,159.0,0.1232879090709183,1.4077492869765031,1.4063747,21.377828456883705,5.750333
P000034,160.0,0.1170508682968187,1.23201586258806,1.40469,20.498203424913637,5.746277
P000034,161.0,0.1461524001697569,1.118741098134757,1.4132125,19.51564123825003,5.770369
P000034,162.0,0.1818365569220651,1.0823162666046182,1.4231613,18.554723744230643,5.79836
P000034,163.0,0.1948987957788489,1.0904429230735664,1.4267433,17.707683135963673,5.8087816
P000034,164.0,0.1778366293760982,1.0924641968882154,1.4222991,16.986933647143427,5.7970977
P000034,165.0,0.1503401177241317,1.0605003857739397,1.4148552,16.340021156066147,5.777175
P000034,166.0,0.1439985871895732,1.0122053311853143,1.4131806,15.713736003032675,5.7731333
P000034,167.0,0.1777715041650111,0.9978845967671132,1.422569,15.117132328185043,5.7994914
P000043,0.0,0.2158979195758699,0.4908177961940212,1.3303282,1.108044277582198,5.367156
P000043,1.0,0.2808713982095235,0.7422729164493141,1.3544958,1.9121709639550744,5.4423265
P000043,2.0,0.3146443151849611,1.009074830078892,1.3667641,3.002273249559805,5.48123
P000043,3.0,0.3083027846504026,1.236546256084817,1.365938,4.307316587503068,5.480335
P000043,4.0,0.2808062729984359,1.3898709192317986,1.3581767,5.691314001246262,5.458394
P000043,5.0,0.2637441065956856,1.478360036676973,1.3536725,7.021393765129342,5.44634
P000043,6.0,0.2768063454524684,1.5456953069125634,1.359268,8.235662829733105,5.464896
P000043,7.0,0.3124905022047768,1.6340277348748653,1.3719637,9.358551199611489,5.5049124
P000043,8.0,0.3415920340777153,1.7494418546241783,1.3820267,10.451900159911244,5.5368915
P000043,9.0,0.3353549933036159,1.855193685865368,1.381259,11.539186321425964,5.5360866
P000043,10.0,0.2875921065317479,1.8981287972970429,1.3674905,12.560983941039993,5.4959927
P000043,11.0,0.2200856371302442,1.84860228815296,1.3458645,13.396489144554378,5.432164
P000043,12.0,0.1671515239667788,1.7239491374531395,1.327693,13.93621775428486,5.3788075
P000043,13.0,0.1509244409422164,1.5778328062051925,1.3227375,14.152307886791077,5.3654065
P000043,14.0,0.1658979195758699,1.463391548436934,1.3297229,14.11437104288112,5.388052
P000043,15.0,0.1842788155806166,1.3977405885961125,1.3377991,13.939440244606097,5.413949
P000043,16.0,0.1780417748065173,1.3542912823230244,1.3367095,13.713725379595395,5.412179
P000043,17.0,0.1409995239028409,1.2883462360934457,1.3239114,13.444626331848584,5.375126
P000043,18.0,0.094203732619992,1.1763404366356498,1.3064649,13.078196484328176,5.3240995
P000043,19.0,0.0705589413378719,1.0388169587862852,1.2978745,12.567544142311524,5.299776
P000043,20.0,0.0902038050740245,0.9294940335737616,1.3073673,11.938968717500986,5.3298764
P000043,21.0,0.1451872414572151,0.8983583487189722,1.3303773,11.304112498828536,5.4005656
P000043,22.0,0.2049894936992712,0.956343398656712,1.3533406,10.80696708549261,5.4710016
P000043,23.0,0.238762410674709,1.068039682000658,1.3659194,10.543672546586697,5.51016
P000043,24.0,0.2375921065317479,1.1778672614175032,1.3665936,10.513712491294374,5.513564
P000043,25.0,0.2200856371302442,1.2500399657847796,1.3617961,10.63776669016937,5.500558
P000043,26.0,0.2171515239667787,1.2923594151885596,1.3618648,10.82769121158434,5.5021334
P000043,27.0,0.2475170235711231,1.3461390125971608,1.3729527,11.055321096402569,5.5366807
P000043,28.0,0.3025004599543137,1.450133694192417,1.3909886,11.368198187836931,5.591937
P000043,29.0,0.3515820763281783,1.6059767183303584,1.4059639,11.840821403755966,5.637939
P000043,30.0,0.3646443151849612,1.7715181860321665,1.4104109,12.499069117683614,5.6524577
P000043,31.0,0.3341846891606548,1.887452660841112,1.4029241,13.276081837961076,5.63138
P000043,32.0,0.280806272998436,1.917533899435048,1.3882618,14.034546961450523,5.588913
P000043,33.0,0.2378622020854335,1.8723975992113489,1.3757997,14.640552816762288,5.5530186
P000043,34.0,0.2268063454524685,1.7992901916451207,1.3731883,15.03544214945902,5.5465064
P000043,35.0,0.2417798240861219,1.7455926523605156,1.378969,15.25355881579154,5.564991
P000043,36.0,0.2549894936992714,1.723668175314765,1.3840597,15.374346436446311,5.5813894
P000043,37.0,0.2387624106747091,1.7034684754218063,1.3798876,15.446389936579504,5.5702095
P000043,38.0,0.187592106531748,1.638335927533308,1.3639941,15.441713245299937,5.5241766
P000043,39.0,0.1234930545013374,1.5043557618286816,1.3421409,15.275382142886407,5.460448
P000043,40.0,0.0805489835883349,1.3233379657592623,1.3267329,14.875761510936346,5.415922
P000043,41.0,0.0802137628235616,1.1517841950577614,1.3276582,14.252101601980495,5.4199677
P000043,42.0,0.1158979195758698,1.0437805634267263,1.342356,13.507637321186923,5.4648943
P000043,43.0,0.1583969110703645,1.0153881437949817,1.3587067,12.78697547712282,5.5146513
P000043,44.0,0.1780417748065173,1.0369970873345675,1.3664238,12.195681558547292,5.538741
P000043,45.0,0.1668814284130932,1.0590987433094317,1.3635299,11.750682509961171,5.531363
P000043,46.0,0.1442037326199919,1.0518320371466252,1.3565354,11.396799594047556,5.5118465
P000043,47.0,0.1412696194565267,1.028370517054494,1.3564277,11.074969524324947,5.512724
P000043,48.0,0.1768063454524683,1.0344777565952925,1.3696256,10.788966997266412,5.552937
P000043,49.0,0.2417798240861218,1.1121318740535548,1.3913229,10.6188712692473,5.618185
P000043,50.0,0.3049894936992714,1.2647411321522208,1.4105122,10.670026526267288,5.6759043
P000043,51.0,0.3353549933036158,1.450360292730509,1.419471,10.995300246372762,5.70337
P000043,52.0,0.3241946469101915,1.608303347575137,1.417232,11.549073834893433,5.6978283
P000043,53.0,0.2907963152488989,1.6994515950233344,1.4088109,12.208035005275946,5.6740894
P000043,54.0,0.2671515239667787,1.7302715629729128,1.4028139,12.844039717992748,5.6574965
P000043,55.0,0.2733989280813752,1.7428274715887282,1.405365,13.395540466228312,5.6660547
P000043,56.0,0.3025004599543138,1.778657847922006,1.4142425,13.885502799362468,5.6931863
P000043,57.0,0.3257001718179262,1.8440210755463051,1.4211717,14.374256521073168,5.7145505
P000043,58.0,0.3146443151849611,1.9029175123373656,1.4189262,14.884820562630548,5.708967
P000043,59.0,0.2634740110420001,1.903297034160152,1.4054375,15.358926795439867,5.6704025
P000043,60.0,0.1942037326199927,1.8167785866401684,1.3852186,15.678673665789653,5.6121116
P000043,61.0,0.1412696194565268,1.6619363524330724,1.3685405,15.739018744362866,5.5642376
P000043,62.0,0.1268063454524685,1.4934870950572172,1.364351,15.517632130023555,5.5530214
P000043,63.0,0.145187241457215,1.3653045218607731,1.3714561,15.0901399057422,5.574909
P000043,64.0,0.1683869533208276,1.2948242101485787,1.3799369,14.579386232974258,5.600789
P000043,65.0,0.1680517325560543,1.255304016617609,1.3805759,14.076497663511212,5.6036873
P000043,66.0,0.1375921065317479,1.2014007369655806,1.3711946,13.592265272221342,5.5772734
P000043,67.0,0.0976111499910853,1.1084325915072295,1.3580167,13.07409180740282,5.5397806
P000043,68.0,0.0805489835883349,0.9954132924763504,1.3526258,12.474033682918764,5.525074
P000043,69.0,0.1060956673338135,0.914209434243776,1.3625824,11.814763043502726,5.5552025
P000043,70.0,0.1658979195758698,0.9127490902883112,1.3834989,11.201744284187225,5.6172543
P000043,71.0,0.2291075891890194,0.9998319242006036,1.4036484,10.770462612506552,5.676958
P000043,72.0,0.2646443151849611,1.1379781221743668,1.4144325,10.606626810765947,5.7092953
P000043,73.0,0.2634740110420001,1.2697368069642645,1.4147203,10.697920512,5.7110505
P000043,74.0,0.244203732619992,1.357773641286355,1.4099112,10.952524027374904,5.697981
P000043,75.0,0.2378622020854336,1.408767145918683,1.4087107,11.269829235519149,5.695407
P000043,76.0,0.2634088858309121,1.4634067127596757,1.416497,11.609990609948088,5.7189283
P000043,77.0,0.312490502204777,1.5603629096196363,1.4300923,12.010362182291718,5.75926
P000043,78.0,0.3549894936992713,1.7017284748927315,1.441123,12.53736768660811,5.792086
P000043,79.0,0.3612368978138679,1.8463243158818223,1.4431183,13.21140972495975,5.7987013
P000043,80.0,0.3241946469101918,1.9362600224721451,1.4346502,13.96307153346931,5.7750263
P000043,81.0,0.2649144107386473,1.9370514239490824,1.4197516,14.65553009240302,5.7327547
P000043,82.0,0.2171515239667791,1.8613226729404413,1.4068716,15.158337905735111,5.6963468
P000043,83.0,0.2026882499627205,1.7583990734768054,1.4031942,15.419007522404886,5.6865873
P000043,84.0,0.2158979195758699,1.677688862632472,1.4076402,15.480310017357215,5.7003155
P000043,85.0,0.2291075891890194,1.6333924507738933,1.4119868,15.431775966323968,5.7137337
P000043,86.0,0.2146443151849613,1.5969833020421689,1.4083822,15.333029912561091,5.7041807
P000043,87.0,0.1668814284130938,1.5229061971826026,1.3946261,15.167319217669824,5.6653423
P000043,88.0,0.107601192241549,1.3878541674863616,1.3760612,14.86033819463118,5.6126595
P000043,89.0,0.0705589413378719,1.213708870884231,1.3638952,14.34974943121745,5.578473
P000043,90.0,0.0768063454524683,1.0565025363169482,1.3667109,13.65212671891882,5.5875063
P000043,91.0,0.1193053369469625,0.9693426795253708,1.381721,12.875547122223953,5.6316447
P000043,92.0,0.1683869533208273,0.9668692435696824,1.3978457,12.16664145631414,5.678916
P000043,93.0,0.1939336370663064,1.0177055258840295,1.4060297,11.630037465340171,5.7032847
P000043,94.0,0.1875921065317479,1.0703506752561418,1.4046652,11.278821778232576,5.700188
P000043,95.0,0.1683218281097399,1.0928618107605763,1.3993907,11.051330543955222,5.6858644
P000043,96.0,0.1671515239667787,1.09638292099797,1.3995426,10.87980923384129,5.687125
P000043,97.0,0.2026882499627199,1.1248385628849538,1.4105473,10.757724737356002,5.719502
P000043,98.0,0.2658979195758696,1.218683695283553,1.4283652,10.753932127989264,5.771345
P000043,99.0,0.3257001718179263,1.3802230703620844,1.4437351,10.9623980543447,5.816095
P000043,100.0,0.3512468555634051,1.566902783524,1.4500988,11.425232893945957,5.835021
P000043,101.0,0.3341846891606545,1.7179644782345376,1.4465241,12.087413163945063,5.8255224
P000043,102.0,0.2942037326199922,1.7947583486428167,1.4372482,12.818213747670402,5.799743
P000043,103.0,0.2637441065956857,1.8047291046709424,1.4298983,13.484574107867092,5.779484
P000043,104.0,0.2634088858309126,1.7913617705324338,1.4302118,14.02286087884077,5.7811155
P000043,105.0,0.2866085976945247,1.7979614717889223,1.4365158,14.45692592022744,5.799826
P000043,106.0,0.3049894936992713,1.832778592560544,1.4414229,14.850896602612284,5.8145275
P000043,107.0,0.2905262196952136,1.8618951404628516,1.4382386,15.234241458719678,5.806163
P000043,108.0,0.2375921065317481,1.8352904282877007,1.4249692,15.55735411486934,5.7690926
P000043,109.0,0.1683218281097407,1.7264223222055528,1.4058619,15.712616350417685,5.7154408
P000043,110.0,0.1171515239667786,1.5553880890151752,1.3906028,15.606189614162986,5.6727843
P000043,111.0,0.1060956673338138,1.3780079438202577,1.3875062,15.227104702910127,5.664756
P000043,112.0,0.129295379197426,1.2487642142117965,1.3952725,14.661730839559102,5.687605
P000043,113.0,0.1583969110703643,1.1851647896313762,1.4045343,14.042305503700325,5.7146654
P000043,114.0,0.1646443151849611,1.1599986026191729,1.4067743,13.467358491406944,5.721761
P000043,115.0,0.1409995239028409,1.1269442446449358,1.4000831,12.952589435701224,5.70352
P000043,116.0,0.1076011922415483,1.0598991145817351,1.3900874,12.447480369544556,5.675927
P000043,117.0,0.0964408458481238,0.9761103125283416,1.3869138,11.903195954307346,5.6676908
P000043,118.0,0.1268063454524682,0.925452421636318,1.3968883,11.33860626375614,5.6966867
P000043,119.0,0.190016015065617,0.953771857284318,1.4158936,10.85272236471894,5.7511835
P000043,120.0,0.2549894936992704,1.067838839587121,1.4336598,10.5723646269002,5.802096
P000043,121.0,0.2905262196952132,1.2283346290634152,1.4427986,10.572955949752872,5.8285713
P000043,122.0,0.2875921065317479,1.3762852603061697,1.4423714,10.830973979757903,5.8280096
P000043,123.0,0.2649144107386471,1.4732529412981936,1.4370584,11.24323658697501,5.8136654
P000043,124.0,0.2537540643452226,1.5253075701088223,1.4345233,11.698391069178866,5.807166
P000043,125.0,0.2733989280813749,1.573066224568113,1.4397247,12.147197390857317,5.8224697
P000043,126.0,0.5379564448641635,1.8212684388246143,1.4936965,12.71441815333444,5.975006
P000043,127.0,0.7956991269047657,2.389675320798916,1.5285683,13.8636917391647,6.0731454
P000043,128.0,1.0174224314282865,3.177367313589975,1.5489523,15.929882234201456,6.1296988
P000043,129.0,1.1965368858035783,4.08031060007113,1.5608704,19.017775025551167,6.161896
P000043,130.0,1.3544963590614612,5.028483235190199,1.5688913,23.068597560831385,6.1826916
P000043,131.0,1.5253845802067934,6.007192485716672,1.5755529,27.96582932986069,6.1987476
P000043,132.0,1.7312160224705244,7.04476407370283,1.5814726,33.629733733223055,6.2110124
P000043,133.0,1.9664842173719683,8.174405628575592,1.5861938,40.050816530006536,6.217742
P000043,134.0,2.2035162212939152,9.397709579220678,1.5893958,47.25245374766983,6.218542
P000043,135.0,2.414518889949244,10.67618342682461,1.5913234,55.22166194574527,6.2153907
P000043,136.0,2.5936333443245347,11.9562094684745,1.5924668,63.86739745516005,6.2104874
P000043,137.0,2.76231345345061,13.207760633908178,1.5932312,73.04226798455795,6.204299
P000043,138.0,2.953912352714598,14.446928894484136,1.5938163,82.61365282741016,6.195604
P000043,139.0,3.1890331168596737,15.724600314308825,1.5942395,92.53140377501244,6.1829715
P000043,140.0,3.460173258521832,17.0891966616691,1.5944648,102.84068670649172,6.1665306
P000043,141.0,3.737215220193316,18.551033723676035,1.5945184,113.62901418100674,6.148519
P000043,142.0,3.989639245085956,20.07473936278046,1.5944717,124.94557141417854,6.131675
P000043,143.0,3.7769831913724334,21.283161624779364,1.5945168,136.56721313024786,6.1472425
P000043,144.0,3.549754781420876,21.914201298523977,1.5945206,147.60202920177397,6.1635747
P000043,145.0,3.3388625367278597,22.095125176648747,1.5944579,157.32203043181755,6.1782174
P000043,146.0,3.1629135131532404,21.960738749003017,1.5943296,165.34271698580696,6.189866
P000043,147.0,3.012993824845243,21.622777191398672,1.594142,171.5516001152317,6.1992116
P000043,148.0,2.858255320678378,21.139637584880266,1.5938387,175.9954211442335,6.207985
P000043,149.0,2.6681782438644754,20.513109776393804,1.5932503,178.7579799433346,6.217148
P000043,150.0,2.434811512032301,19.717697167604083,1.5920684,179.8825077040461,6.2255487
P000043,151.0,2.178293780199396,18.742982740037775,1.589922,179.37022826603632,6.230443
P000043,152.0,1.9315295887456647,17.619181602438466,1.5866308,177.2377806451976,6.229828
P000043,153.0,1.7155706074215096,16.40826934733463,1.5823324,173.5780469690648,6.2238884
P000043,154.0,1.5242295628762017,15.16864363829198,1.5769823,168.57085345651387,6.2132683
P000043,155.0,1.3294811009597995,13.92089867082712,1.5695,162.4309234776192,6.1957917
P000043,156.0,1.1035320773851829,12.641184640732892,1.5572553,155.3298544162181,6.1644416
P000043,157.0,0.8408760236716624,11.287616848555524,1.5360985,147.34980833109077,6.1075234
P000043,158.0,0.5636476137201023,9.840108982816869,1.5017285,138.50348992624123,6.0132155
P000043,159.0,0.3061627863981793,8.323725768020452,1.4535317,128.80539790459923,5.8805213
P000043,160.0,0.0902038050740243,6.79792286612723,1.3966501,118.34074752194854,5.724091
P000043,161.0,0.1193053369469626,5.476025989406493,1.4054906,107.36958459276956,5.749077
P000043,162.0,0.1549894936992708,4.487138803821286,1.4158149,96.47631300842008,5.778116
P000043,163.0,0.1680517325560545,3.746763514229806,1.4195359,86.11952985060158,5.7889323
P000043,164.0,0.1509895661533038,3.163049229301216,1.4149284,76.52909158687909,5.7768106
P000043,165.0,0.1234930545013374,2.6735747019511,1.407212,67.76522231087044,5.7561483
P000043,166.0,0.1171515239667788,2.266529066108433,1.4054801,59.81782642839912,5.7519617
P000043,167.0,0.1509244409422168,1.9685034292659875,1.415221,52.69564207001572,5.7793026
P000051,0.0,0.2628734855301862,0.0987031343171921,1.3471024,1.332011281481885,5.4181833
P000051,1.0,0.3278469641638397,0.3307691113255269,1.3697379,1.291568932495911,5.488638
P000051,2.0,0.3616198811392773,0.5230201373869012,1.3812289,1.4591277334200672,5.525131
P000051,3.0,0.3552783506047188,0.6573920154009963,1.380485,1.74970983146,5.5244637
P000051,4.0,0.3277818389527521,0.7277454224103282,1.3732617,2.080914232491567,5.504145
P000051,5.0,0.3107196725500018,0.7532615609918679,1.3690798,2.3920549207365105,5.4930496
P000051,6.0,0.3237819114067847,0.7688708560289763,1.3743362,2.661160735581461,5.510542
P000051,7.0,0.359466068159093,0.8015447492949292,1.3862212,2.901553570076481,5.548053
P000051,8.0,0.3885676000320315,0.851381388190422,1.3956399,3.137367759147993,5.5780354
P000051,9.0,0.3823305592579321,0.8924385631321202,1.3949497,3.3746560083857946,5.5774446
P000051,10.0,0.3345676724860641,0.8931420579297001,1.3821235,3.588922154012176,5.540203
P000051,11.0,0.2670612030845605,0.8411740125280891,1.3619397,3.7380575913933183,5.4807415
P000051,12.0,0.214127089921095,0.7542371989925623,1.3449612,3.790793056470232,5.430979
P000051,13.0,0.1979000068965326,0.6686248776684205,1.3403454,3.749198845920848,5.4185767
P000051,14.0,0.2128734855301862,0.6141617018874479,1.3469121,3.648250064296308,5.439922
P000051,15.0,0.2312543815349328,0.5942873477050179,1.3544958,3.532683159461976,5.464298
P000051,16.0,0.2250173407608335,0.5861432594078688,1.3535008,3.4283762105415145,5.462784
P000051,17.0,0.1879750898571572,0.5604380064350019,1.341543,3.3295045075338834,5.4282436
P000051,18.0,0.1411792985743083,0.5059663973952055,1.3252141,3.2107455334742925,5.3805647
P000051,19.0,0.1175345072921881,0.4401607513321304,1.317177,3.054865606250869,5.3578796
P000051,20.0,0.1371793710283408,0.3975911194893389,1.3261063,2.874386885864951,5.3862453
P000051,21.0,0.1921628074115313,0.4049670879081763,1.3476913,2.710474201403307,5.452602
P000051,22.0,0.2519650596535875,0.4613973990336984,1.3691967,2.609354672575926,5.518605
P000051,23.0,0.2857379766290252,0.5387485427308754,1.3809719,2.5935567715421373,5.555308
P000051,24.0,0.2845676724860641,0.6018546342593523,1.381624,2.6492443714545377,5.5586195
P000051,25.0,0.2670612030845604,0.6334272596954909,1.3771651,2.738915918389737,5.5466084
P000051,26.0,0.2641270899210949,0.6450151438880323,1.3772511,2.829771712119185,5.548209
P000051,27.0,0.482327504427921,0.7566132427863016,1.4370286,2.946774259063599,5.7280593
P000051,28.0,0.7251458557135934,1.0360609929437097,1.4836664,3.23254205591246,5.867199
P000051,29.0,0.9620623869899396,1.4306291134678364,1.5149331,3.788726288081944,5.958625
P000051,30.0,1.1629595407492042,1.879258074313152,1.533839,4.643958944838032,6.0120277
P000051,31.0,1.3203348296273796,2.32662898573006,1.5451775,5.764995421568144,6.042699
P000051,32.0,1.4547913283676424,2.744065240872249,1.5530167,7.084114683121156,6.062841
P000051,33.0,1.5996821723571215,3.1378134058251126,1.5598855,8.536367318275913,6.0790663
P000051,34.0,1.7764612306266383,3.536083828741197,1.5664971,10.087391628641097,6.0924597
P000051,35.0,1.6244703404580858,3.791714788344686,1.5614829,11.678796930981427,6.0849104
P000051,36.0,1.4707156412690294,3.8185043872880313,1.555156,13.093934719624103,6.0727572
P000051,37.0,1.287524189442261,3.6834350890559455,1.5454073,14.18789485270462,6.0504427
P000051,38.0,1.069389516497094,3.415366393937771,1.5295753,14.88392784436393,6.009585
P000051,39.0,0.8383260956644775,3.041172164468389,1.5057867,15.143246189275208,5.943634
P000051,40.0,0.6284176559492691,2.603699589673815,1.4753261,14.966864327756516,5.8561583
P000051,41.0,0.4611180663822898,2.1549589458031555,1.4429009,14.401881090235053,5.761759
P000051,42.0,0.3298378543323921,1.7340593484686255,1.411089,13.53135271514645,5.6687565
P000051,43.0,0.2053724770246807,1.349269901408111,1.3746288,12.44555216487866,5.5618677
P000051,44.0,0.2250173407608335,1.0600858141491585,1.3818572,11.237329238152494,5.5844707
P000051,45.0,0.2138569943674094,0.8771977498560994,1.37917,10.041048443269103,5.5776825
P000051,46.0,0.1911792985743082,0.7442050628646837,1.3726485,8.923270064731419,5.5595465
P000051,47.0,0.1882451854108429,0.6479999833394624,1.3725636,7.906592129528075,5.5604634
P000051,48.0,0.2237819114067846,0.6021829070867372,1.3849134,7.012166189342125,5.598126
P000051,49.0,0.2887553900404381,0.6188927131884207,1.4051809,6.271753999474153,5.659093
P000051,50.0,0.3519650596535877,0.6871059166283011,1.4230816,5.712506879999893,5.7129526
P000051,51.0,0.382330559257932,0.7717897125332303,1.4314396,5.333554802389133,5.7386074
P000051,52.0,0.3711702128645077,0.8333648136693961,1.4293711,5.096798842685655,5.733553
P000051,53.0,0.3377718812032152,0.8521346365684611,1.4215443,4.941861706420121,5.711561
P000051,54.0,0.314127089921095,0.8389074246873625,1.4159718,4.815910969762438,5.696207
P000051,55.0,0.3203744940356914,0.8236218793584151,1.4183638,4.6972453358284,5.7042713
P000051,56.0,0.34947602590863,0.8304552897236793,1.4266489,4.595855861747425,5.729622
P000051,57.0,0.3726757377722425,0.8581213657364416,1.433115,4.531277260084337,5.749591
P000051,58.0,0.3616198811392774,0.8801694935911506,1.4310393,4.504981367228694,5.744491
P000051,59.0,0.3104495769963163,0.8650245524215274,1.4184892,4.488540668552761,5.708686
P000051,60.0,0.2411792985743089,0.8006165058004695,1.3996468,4.4367877244908085,5.654437
P000051,61.0,0.188245185410843,0.7049616240409509,1.3840826,4.316243730471947,5.609825
P000051,62.0,0.1737819114067847,0.6146043018202694,1.3801785,4.127455638937514,5.599422
P000051,63.0,0.1921628074115313,0.5594723660861799,1.3868315,3.904329720010849,5.6199503
P000051,64.0,0.2153625192751438,0.5429097105107936,1.3947656,3.69073648390224,5.6441936
P000051,65.0,0.2150272985103705,0.5417413443971738,1.3953743,3.511652998116384,5.6469755
P000051,66.0,0.1845676724860642,0.5261421949385074,1.3866215,3.360117091395133,5.622383
P000051,67.0,0.1445867159454015,0.4841809559637086,1.3743093,3.209282506937274,5.587408
P000051,68.0,0.1275245495426511,0.432413375171616,1.3692737,3.039915743728267,5.5737176
P000051,69.0,0.1530712332881297,0.4044374187829306,1.3786004,2.862036254558583,5.601966
P000051,70.0,0.212873485530186,0.4259582424843981,1.3981595,2.713837590687273,5.6600065
P000051,71.0,0.2760831551433356,0.4951142875266469,1.4169717,2.6381964059473457,5.715764
P000051,72.0,0.3116198811392773,0.5829007277588645,1.4270337,2.6540463836995314,5.7459617
P000051,73.0,0.3104495769963163,0.6534379120629175,1.4273126,2.743880305977762,5.74767
P000051,74.0,0.2911792985743083,0.688929329020365,1.422842,2.866636209912401,5.7355695
P000051,75.0,0.2848377680397498,0.7006555652763004,1.4217334,2.9862555225043463,5.733242
P000051,76.0,0.3103844517852284,0.7178895845462054,1.4289999,3.094545820537401,5.755221
P000051,77.0,0.3594660681590932,0.7632568389031287,1.44167,3.211405321995394,5.7928267
P000051,78.0,0.4019650596535876,0.8332714974601353,1.4519434,3.3626295972045748,5.8234186
P000051,79.0,0.4082124637681842,0.8988707491315149,1.4538095,3.552491135164502,5.8296385
P000051,80.0,0.3711702128645081,0.9256873020985747,1.4459424,3.752274493974103,5.807702
P000051,81.0,0.3118899766929636,0.8989043513889095,1.432081,3.913953961923275,5.768433
P000051,82.0,0.2641270899210953,0.8340465186315242,1.4200847,3.999248822109905,5.734576
P000051,83.0,0.2496638159170368,0.7656059349943682,1.4166632,4.00265592723765,5.725538
P000051,84.0,0.2628734855301861,0.7220466927466748,1.4208183,3.951505888017342,5.7383966
P000051,85.0,0.2760831551433357,0.7059431917599307,1.4248796,3.8832754630313584,5.7509637
P000051,86.0,0.2616198811392775,0.6941014549400538,1.4215264,3.817380987751347,5.7421174
P000051,87.0,0.21385699436741,0.6574316810945389,1.4086969,3.742689566129236,5.7059417
P000051,88.0,0.1545767581958653,0.5854435632894626,1.3913541,3.630005075528888,5.656777
P000051,89.0,0.1175345072921881,0.4967423868663421,1.3799739,3.4598455669646206,5.624842
P000051,90.0,0.1237819114067846,0.4274451714925976,1.3826149,3.2441990795566293,5.63334
P000051,91.0,0.1662809029012788,0.4060743900628817,1.3966632,3.025391367356874,5.6746645
P000051,92.0,0.2153625192751435,0.4336923371736818,1.411735,2.852379269229617,5.718866
P000051,93.0,0.2409092030206226,0.4841254923628746,1.4193802,2.7517641270227795,5.7416553
P000051,94.0,0.2345676724860642,0.5240401241464574,1.4181128,2.7148152320127483,5.738815
P000051,95.0,0.2152973940640561,0.5377268253482212,1.4131942,2.7097936708743195,5.7254934
P000051,96.0,0.2141270899210949,0.5379522842609293,1.4133413,2.7099042702792504,5.726717
P000051,97.0,0.2496638159170361,0.5547733174932624,1.4236183,2.715550818034876,5.756974
P000051,98.0,0.3128734855301859,0.6108435817308198,1.4402361,2.753994069028435,5.8053417
P000051,99.0,0.3726757377722425,0.701947892359916,1.4545534,2.8566724461132544,5.847044
P000051,100.0,0.3982224215177213,0.7975862382087695,1.4604807,3.0314098592722694,5.8646965
P000051,101.0,0.3811602551149707,0.8613442287858064,1.4571614,3.2507192501809974,5.855915
P000051,102.0,0.3411792985743084,0.8758875714358152,1.4485338,3.46540501603803,5.831978
P000051,103.0,0.310719672550002,0.8539245757652114,1.4416924,3.6337048944025474,5.813159
P000051,104.0,0.3103844517852289,0.8270241649025162,1.4419897,3.744565407179415,5.8147235
P000051,105.0,0.333584163648841,0.8208195397005293,1.4478674,3.818080855836178,5.8321943
P000051,106.0,0.3519650596535876,0.835339446350105,1.4524419,3.8833025632518874,5.845925
P000051,107.0,0.3375017856495298,0.8453029742511096,1.449482,3.950609499098381,5.838182
P000051,108.0,0.2845676724860644,0.8201343301721671,1.4371207,3.99983780645108,5.803687
P000051,109.0,0.215297394064057,0.7485594246525465,1.4192924,3.993384247046046,5.753664
P000051,110.0,0.1641270899210949,0.6491553835948592,1.4050312,3.904558155157852,5.713833
P000051,111.0,0.15307123328813,0.5587686093937435,1.4021354,3.739829833712477,5.7063513
P000051,112.0,0.1762709451517422,0.5073587936475721,1.4094017,3.5380753787615147,5.727748
P000051,113.0,0.2053724770246805,0.4980353415778261,1.4180608,3.347106010453609,5.753067
P000051,114.0,0.2116198811392774,0.5071422280781773,1.4201555,3.1947602728196056,5.759726
P000051,115.0,0.1879750898571571,0.5041620386130997,1.413903,3.0758437439650157,5.742708
P000051,116.0,0.1545767581958645,0.4763085772081219,1.4045534,2.9642123591703347,5.71693
P000051,117.0,0.14341641180244,0.439179425602571,1.4015827,2.840343457375746,5.709245
P000051,118.0,0.1737819114067845,0.4253770553890593,1.4109168,2.7130957029144445,5.7363963
P000051,119.0,0.2369915810199332,0.4596420575959261,1.4286804,2.618791157913148,5.787347
P000051,120.0,0.3019650596535866,0.5392452401854909,1.4452603,2.597918675244565,5.834878
P000051,121.0,0.3375017856495294,0.6344703748576106,1.4537807,2.666725112689229,5.859584
P000051,122.0,0.3345676724860641,0.7089312307809897,1.4533846,2.8049450032019907,5.8590927
P000051,123.0,0.3118899766929632,0.7445641327153137,1.4484351,2.968910949559633,5.8457556
P000051,124.0,0.3007296302995388,0.7526401716545134,1.4460726,3.12031886084036,5.8397255
P000051,125.0,0.3203744940356911,0.7626811601606864,1.4509239,3.249267800689733,5.854022
P000051,126.0,0.3628734855301859,0.7978028037684397,1.4606338,3.374620498047744,5.881977
P000051,127.0,0.3985576422824946,0.8552175317442902,1.4683392,3.521896566871643,5.904254
P000051,128.0,0.3982224215177214,0.9067212223018632,1.4684882,3.6958838508725247,5.905256
P000051,129.0,0.3552783506047196,0.9189071887731676,1.4596772,3.8691490080202775,5.881074
P000051,130.0,0.2911792985743086,0.8779556867199273,1.4453096,3.9956363851371752,5.8413076
P000051,131.0,0.240008994431347,0.8003569077061136,1.4328763,4.039596010977508,5.8070145
P000051,132.0,0.2237819114067843,0.7214712615529916,1.4289098,3.998449386193279,5.7965155
P000051,133.0,0.2369915810199345,0.6704746569889872,1.432591,3.902650982677701,5.8074684
P000051,134.0,0.2519650596535877,0.650448339576388,1.4366357,3.792791505647912,5.819425
P000051,135.0,0.2409092030206228,0.6384656667946637,1.4340639,3.691182168813463,5.8128357
P000051,136.0,0.1979651321076197,0.60544644272122,1.4229975,3.5891710904959013,5.7824774
P000051,137.0,0.1445867159454013,0.540651581948296,1.4082184,3.459462242998493,5.741764
P000051,138.0,0.114127089921095,0.4621961615335972,1.3993981,3.283765008423528,5.7177553
P000051,139.0,0.1271893287778774,0.4054989699941915,1.4035895,3.0744701427330505,5.7301307
P000051,140.0,0.176270945151742,0.3982238095447343,1.417968,2.873491145221331,5.770934
P000051,141.0,0.2312543815349321,0.4404723815842096,1.4328783,2.7285866069313727,5.8131657
P000051,142.0,0.2616198811392776,0.5050741127900498,1.4406931,2.6644560063427543,5.835557
P000051,143.0,0.2586857679758116,0.5577297066696196,1.4401555,2.669893349269471,5.8346405
P000051,144.0,0.2411792985743083,0.581861480555991,1.4359763,2.7102801768376032,5.8235793
P000051,145.0,0.2400089944313472,0.5895243083130504,1.4358606,2.755734132936404,5.823841
P000051,146.0,0.2737819114067836,0.610268162162094,1.4443388,2.803574886122618,5.84801
P000051,147.0,0.3335841636488412,0.6664793650519341,1.4582162,2.878192568826502,5.887164
P000051,148.0,0.3885676000320313,0.7539331276361574,1.4699249,3.008564314288243,5.920247
P000051,149.0,0.4082124637681843,0.8423782175616805,1.4739516,3.2006299775790725,5.9319506
P000051,150.0,0.384567672486065,0.895890452842136,1.4693596,3.425724212850408,5.91971
P000051,151.0,0.3377718812032151,0.8978337721147917,1.4596605,3.634259307288824,5.8933105
P000051,152.0,0.3007296302995391,0.8617751557573033,1.4515226,3.784893878496995,5.871271
P000051,153.0,0.2944925895254392,0.8202441201542722,1.4502132,3.8677797101120697,5.86818
P000051,154.0,0.3128734855301867,0.799870919056548,1.454519,3.904918670531224,5.880641
P000051,155.0,0.3278469641638397,0.801649863687758,1.4579549,3.927842006101464,5.8906775
P000051,156.0,0.3116198811392779,0.8011683189539863,1.4544592,3.9498120035585176,5.8815255
P000051,157.0,0.2586857679758129,0.7685623060626837,1.4422181,3.953755055663101,5.8482075
P000051,158.0,0.191179298574308,0.6930645799468892,1.4251823,3.905154537329319,5.801689
P000051,159.0,0.1434164118024402,0.5935196002501034,1.4121728,3.780192433285891,5.7663403
P000051,160.0,0.1371793710283406,0.5067833741023247,1.4105303,3.587801985185856,5.762391
P000051,161.0,0.1662809029012788,0.4625668142849169,1.4188197,3.368744685008005,5.7858295
P000051,162.0,0.201965059653587,0.4634891175152413,1.428493,3.172011130902817,5.8130517
P000051,163.0,0.2150272985103707,0.4851960273951854,1.4319735,3.025832863660099,5.8231854
P000051,164.0,0.1979651321076201,0.49631145861843,1.4276493,2.92459530242031,5.811823
P000051,165.0,0.1704686204556536,0.4830886219547107,1.4204059,2.8409497070929164,5.792443
P000051,166.0,0.1641270899210951,0.4601280462454901,1.4187732,2.7534663265013237,5.7885084
P000051,167.0,0.197900006896533,0.4590666380507249,1.4279034,2.668524289241846,5.814148
P000052,0.0,0.0935390763995149,0.7818695934239434,1.2811899,0.8799990674400242,5.2176294
P000052,1.0,0.1585125550331685,0.7428388057667286,1.3097,1.5675889350420018,5.306125
P000052,2.0,0.1922854720086061,0.7881857789399347,1.3241856,2.1236656469065887,5.3518767
P000052,3.0,0.1859439414740475,0.83894264592185,1.3231206,2.625363545943191,5.3503284
P000052,4.0,0.1584474298220808,0.8483031027628144,1.3138192,3.0571289215954103,5.323767
P000052,5.0,0.1413852634193305,0.8218680545228201,1.3083947,3.383512718691589,5.3089876
P000052,6.0,0.1544475022761134,0.8015925496840681,1.3149538,3.608519333799796,5.3305564
P000052,7.0,0.1901316590284217,0.8249640312158187,1.3299656,3.786163168285223,5.3777046
P000052,8.0,0.2192331909013603,0.8898194942749408,1.3418753,3.981144724381328,5.415387
P000052,9.0,0.2129961501272608,0.9510922756824108,1.3408821,4.214365180502181,5.413965
P000052,10.0,0.1652332633553928,0.9517945452204992,1.3244109,4.438138794481711,5.365717
P000052,11.0,0.0977267939538892,0.8647709383778011,1.2986777,4.562630273625058,5.2894974
P000052,12.0,0.0447926807904237,0.7136248566553958,1.2771375,4.515696876902366,5.2260165
P000052,13.0,0.0285655977658613,0.5568606812396881,1.2712266,4.292511235196882,5.20981
P000052,14.0,0.0435390763995149,0.446935497102375,1.2793872,3.958470529655125,5.2361
P000052,15.0,0.0619199724042616,0.3947610751524779,1.2888489,3.603571870993852,5.2662754
P000052,16.0,0.0556829316301622,0.3660559986150925,1.2874916,3.282536047544708,5.2637806
P000052,17.0,0.0186406807264859,0.3119426344998626,1.2723303,2.9853092387650677,5.2196712
P000052,18.0,0.0,0.2328112231633318,1.2651267,2.6687172558756207,5.199573
P000052,19.0,0.0,0.1639171877606991,1.2665238,2.3302717900978287,5.205386
P000052,20.0,0.0,0.1154104345928636,1.2679093,1.996358891911401,5.211149
P000052,21.0,0.0228283982808601,0.0994338789886755,1.2796841,1.693468274906198,5.248144
P000052,22.0,0.0826306505229162,0.151939869570481,1.306761,1.473426417040958,5.331073
P000052,23.0,0.1164035674983539,0.2580796743125606,1.3216212,1.4001767373813667,5.3771925
P000052,24.0,0.1152332633553928,0.3557567472137297,1.3223574,1.4668872534586035,5.380861
P000052,25.0,0.0977267939538891,0.4097629158138764,1.3165958,1.608163563527077,5.365028
P000052,26.0,0.0947926807904237,0.4330738519962921,1.3166146,1.7601374589650425,5.3665323
P000052,27.0,0.1251581803947681,0.4715890849162854,1.3297284,1.9108576732715523,5.407257
P000052,28.0,0.1801416167779587,0.5639536851919171,1.351165,2.1046108586168275,5.472827
P000052,29.0,0.2292232331518232,0.7069388221112429,1.3690133,2.398378833669155,5.527558
P000052,30.0,0.2422854720086061,0.8527134093808667,1.3742802,2.804658071123696,5.544613
P000052,31.0,0.2118258459842997,0.9403333867105192,1.3652506,3.265147231352138,5.518951
P000052,32.0,0.158447429822081,0.9379891410274716,1.3476665,3.676565261713547,5.4677644
P000052,33.0,0.1155033589090784,0.8644068248078458,1.3327572,3.950570195006972,5.4245954
P000052,34.0,0.1044475022761134,0.7734340769014036,1.3295937,4.063978120077502,5.4165034
P000052,35.0,0.1194209809097669,0.7134873405660709,1.3364167,4.062631487275278,5.438188
P000052,36.0,0.1326306505229164,0.6923842989804845,1.3424261,4.016953402851889,5.4574137
P000052,37.0,0.1164035674983541,0.6739456464430631,1.3374002,3.963337892679308,5.4437513
P000052,38.0,0.0652332633553929,0.6087487074974995,1.3184559,3.87588524153696,5.3886657
P000052,39.0,0.0011342113249824,0.4756308038881809,1.2925458,3.6898138624854657,5.312887
P000052,40.0,0.0,0.3356829493097125,1.293206,3.3725043657327807,5.3162136
P000052,41.0,0.0,0.2363468748732204,1.294354,2.9852477752504325,5.32098
P000052,42.0,0.0,0.1664065612424047,1.2954912,2.5831819120362005,5.3257027
P000052,43.0,0.0360380678940095,0.145856650751529,1.3119414,2.210059537698394,5.3758802
P000052,44.0,0.0556829316301622,0.1725088670345748,1.3210425,1.9252334523914305,5.4041777
P000052,45.0,0.0445225852367381,0.1962775857529798,1.3175642,1.7354527507197195,5.3951387
P000052,46.0,0.0218448894436369,0.1870660203949884,1.3092351,1.594491647389581,5.371727
P000052,47.0,0.0189107762801716,0.1622105889806923,1.3090644,1.459119997886975,5.3724995
P000052,48.0,0.0544475022761133,0.1709302867778909,1.3246608,1.338126466915947,5.4199333
P000052,49.0,0.1194209809097668,0.2539267572215355,1.3504322,1.2952631211569272,5.4973707
P000052,50.0,0.1826306505229164,0.4086279378521877,1.3733225,1.4044097962904318,5.566162
P000052,51.0,0.2129961501272607,0.5864172301474029,1.3840165,1.691271696718643,5.5988503
P000052,52.0,0.2018358037338364,0.7241779189985929,1.3812847,2.106192395436367,5.591906
P000052,53.0,0.1684374720725439,0.7866897878841592,1.3711498,2.5494045544530755,5.5631447
P000052,54.0,0.1447926807904237,0.7882636605882553,1.3639333,2.9307275198721268,5.543001
P000052,55.0,0.1510400849050202,0.7776285801058136,1.366941,3.2199267560029194,5.5529814
P000052,56.0,0.1801416167779587,0.7977283453207555,1.377526,3.451075133859364,5.5852365
P000052,57.0,0.2033413286415712,0.8509271761550441,1.3857923,3.6789195351106416,5.6106224
P000052,58.0,0.1922854720086061,0.8959833249863576,1.3830574,3.921347759775751,5.603652
P000052,59.0,0.141115167865645,0.8791478306193972,1.3668659,4.1323917941358825,5.557164
P000052,60.0,0.0718448894436376,0.7759628114832786,1.3427153,4.227012763443328,5.4873314
P000052,61.0,0.0189107762801717,0.6121907879029899,1.3228815,4.139664905332184,5.430215
P000052,62.0,0.0044475022761134,0.4479413129913934,1.3178897,3.87290131310699,5.41671
P000052,63.0,0.02282839828086,0.3367059337051552,1.3262732,3.499461171922467,5.4424534
P000052,64.0,0.0460281101444725,0.2898548925641607,1.3363035,3.115983723765732,5.4729805
P000052,65.0,0.0456928893796993,0.2730039273894424,1.3370314,2.782616017274233,5.476218
P000052,66.0,0.0152332633553929,0.2366505809622446,1.3258743,2.4931396794097487,5.4446526
P000052,67.0,0.0,0.1773906486065752,1.3205674,2.2052612730314785,5.430232
P000052,68.0,0.0,0.1248967977554783,1.3214419,1.910974248927845,5.4339037
P000052,69.0,0.0,0.0879370486105469,1.3223071,1.6278551857939614,5.437539
P000052,70.0,0.0435390763995147,0.0965803194738212,1.3403587,1.3831235778956472,5.4913588
P000052,71.0,0.1067487460126643,0.183776473987775,1.3643188,1.2471350810383937,5.562316
P000052,72.0,0.142285472008606,0.318154313179142,1.3771746,1.2766926504030898,5.600792
P000052,73.0,0.141115167865645,0.436960208145346,1.3774891,1.4530761479952805,5.602691
P000052,74.0,0.121844889443637,0.5044383644795362,1.3717108,1.7008052955959023,5.586852
P000052,75.0,0.1155033589090786,0.5332745894247696,1.3702488,1.9475689249226464,5.583582
P000052,76.0,0.1410500426545571,0.5694341949025123,1.3795288,2.174632018864336,5.611535
P000052,77.0,0.1901316590284219,0.6520342127446203,1.3957908,2.4212545599150133,5.6597185
P000052,78.0,0.2326306505229163,0.7787305226734926,1.4090152,2.7412577692668467,5.6990075
P000052,79.0,0.2388780546375129,0.9029564783471344,1.4113867,3.14591267524307,5.7067747
P000052,80.0,0.2018358037338368,0.9653452209521212,1.4011784,3.577622443855821,5.6780825
P000052,81.0,0.1425555675622923,0.93588313609259,1.3832927,3.93564127298573,5.6271706
P000052,82.0,0.0947926807904241,0.8351982964515772,1.367883,4.135793253531474,5.583467
P000052,83.0,0.0803294067863655,0.719023271781235,1.3634789,4.160395303250832,5.571663
P000052,84.0,0.0935390763995148,0.6375187106586677,1.3687575,4.061747577552887,5.587882
P000052,85.0,0.1067487460126644,0.5999902335827019,1.3739228,3.917249901247979,5.6037483
P000052,86.0,0.0922854720086062,0.5713911428568021,1.3696029,3.770321569060921,5.5921865
P000052,87.0,0.0445225852367387,0.5030005032963792,1.3532145,3.601664136993532,5.5457745
P000052,88.0,0.0,0.3856298856112894,1.3370156,3.357123863761564,5.49994
P000052,89.0,0.0,0.2715133983104236,1.337702,3.021829667669203,5.5028906
P000052,90.0,0.0,0.191166525761396,1.3383801,2.646303701640913,5.50581
P000052,91.0,0.0,0.1345960854937282,1.3390498,2.271999383452888,5.508697
P000052,92.0,0.0460281101444722,0.1314136745553974,1.3569682,1.9371062309369964,5.561263
P000052,93.0,0.0715747938899513,0.1820561691076112,1.3666866,1.707610997434576,5.5901427
P000052,94.0,0.0652332633553929,0.2307253653944946,1.3650498,1.590155911810939,5.5863295
P000052,95.0,0.0459629849333848,0.2451656654472713,1.3587682,1.534649741131605,5.569166
P000052,96.0,0.0447926807904236,0.2407764487791446,1.3589382,1.4924264422935476,5.570553
P000052,97.0,0.0803294067863648,0.2651530037927394,1.3720145,1.4659152300070055,5.6089764
P000052,98.0,0.1435390763995146,0.3577687736106183,1.3932686,1.5121969912550894,5.670779
P000052,99.0,0.2033413286415712,0.5152826510908748,1.4116728,1.6987361409958028,5.724314
P000052,100.0,0.2288880123870501,0.6888064405009175,1.419302,2.0455848163590025,5.7469316
P000052,101.0,0.2118258459842995,0.8154578462322365,1.41499,2.4986220484636616,5.735368
P000052,102.0,0.1718448894436371,0.8607341143769652,1.4038472,2.955131295194861,5.7042885
P000052,103.0,0.1413852634193307,0.8400927532117873,1.3950369,3.323709976425296,5.679902
P000052,104.0,0.1410500426545576,0.8037570982172413,1.3954005,3.5747160108887663,5.681738
P000052,105.0,0.1642497545181697,0.7964085725832414,1.4029322,3.74458836590464,5.7040243
P000052,106.0,0.1826306505229163,0.8222722163465803,1.4087992,3.89204974711416,5.72153
P000052,107.0,0.1681673765188585,0.8419622751295134,1.4049728,4.040298780156962,5.711387
P000052,108.0,0.1152332633553931,0.8034536186967075,1.389102,4.149647194654457,5.6669426
P000052,109.0,0.0459629849333857,0.683761957665737,1.36636,4.141872712958878,5.6029596
P000052,110.0,0.0,0.5139183869925383,1.3502374,3.9600415118178063,5.557866
P000052,111.0,0.0,0.3618384697684088,1.3507485,3.6220929242223145,5.560169
P000052,112.0,0.0069365360210709,0.2602852621068783,1.3538146,3.2097569640045034,5.5697355
P000052,113.0,0.0360380678940092,0.2168588340597618,1.3647816,2.7997953789914574,5.6017447
P000052,114.0,0.0422854720086061,0.2118328649204285,1.3674378,2.4548048936300644,5.6100993
P000052,115.0,0.0186406807264859,0.1938852663104497,1.3595128,2.174116481316453,5.588404
P000052,116.0,0.0,0.1496896643093517,1.3531933,1.9142856621275124,5.571284
P000052,117.0,0.0,0.1053931527743315,1.3536606,1.6546406044952446,5.5734277
P000052,118.0,0.0044475022761132,0.0777460679368176,1.3557472,1.4082915460937606,5.5801573
P000052,119.0,0.067657171889262,0.1117523837360608,1.3782661,1.2109518870071752,5.644726
P000052,120.0,0.1326306505229153,0.232117981949298,1.3994172,1.1500538315606208,5.7053046
P000052,121.0,0.1681673765188581,0.391096738429346,1.4103329,1.2722489880175387,5.7368693
P000052,122.0,0.1652332633553928,0.5258192459074045,1.4098186,1.5450451278946489,5.7361183
P000052,123.0,0.142555567562292,0.600543896766163,1.4034693,1.882034945040728,5.7189
P000052,124.0,0.1313952211688675,0.6282363568425656,1.4004438,2.2024622707956234,5.711074
P000052,125.0,0.1510400849050198,0.6554846252857314,1.4066513,2.481464908671296,5.7292767
P000052,126.0,0.1935390763995147,0.7223965671852293,1.4191079,2.754421889005449,5.765053
P000052,127.0,0.2292232331518232,0.8279672209269892,1.4290209,3.073464747074472,5.7936187
P000052,128.0,0.2288880123870502,0.9272597494239516,1.4292066,3.450275999635049,5.7947893
P000052,129.0,0.1859439414740482,0.9627403325023292,1.4178679,3.8296144300255706,5.763562
P000052,130.0,0.1218448894436372,0.9063233549845284,1.3994732,4.114794840434032,5.712542
P000052,131.0,0.0706745853006757,0.7805401821059984,1.3836496,4.227084470712645,5.6687875
P000052,132.0,0.054447502276113,0.642880516966167,1.3786278,4.155230389763303,5.6554008
P000052,133.0,0.0676571718892632,0.5450020477984618,1.3833058,3.9585003620793215,5.6692467
P000052,134.0,0.0826306505229164,0.4973494118585353,1.3884513,3.721321177741111,5.6843805
P000052,135.0,0.0715747938899515,0.4655821639807066,1.3851962,3.4937209888727536,5.6759543
P000052,136.0,0.0286307229769484,0.4012067556375955,1.3712025,3.2621456401895514,5.637453
P000052,137.0,0.0,0.3027232804003629,1.3615441,2.980247615500512,5.611122
P000052,138.0,0.0,0.2131407073880986,1.3618686,2.643965163950509,5.6127615
P000052,139.0,0.0,0.1500676164906035,1.3621867,2.291583477104058,5.6143785
P000052,140.0,0.0069365360210707,0.111182129331238,1.3649368,1.9546635590438637,5.6227913
P000052,141.0,0.0619199724042608,0.1324858132398325,1.3837752,1.6738290577732595,5.6761236
P000052,142.0,0.0922854720086064,0.2105367753044965,1.393698,1.518068811695174,5.70449
P000052,143.0,0.0893513588451403,0.2846236567635926,1.3930299,1.4896249587268848,5.703288
P000052,144.0,0.0718448894436371,0.3207734458577183,1.3877473,1.5317917719202137,5.689227
P000052,145.0,0.0706745853006759,0.3329164480973707,1.3876183,1.5888290464150188,5.6895323
P000052,146.0,0.1044475022761123,0.3675286251210901,1.3983858,1.6560823253218524,5.7201614
P000052,147.0,0.1642497545181699,0.4633910308051537,1.4160736,1.783998146915288,5.769986
P000052,148.0,0.2192331909013599,0.6169449321797931,1.4310691,2.0342900655090808,5.8122625
P000052,149.0,0.6046165025206078,1.0707754461544077,1.5071383,2.5438075011431764,6.0241194
P000052,150.0,0.9467101591215832,1.9351568387360336,1.5453382,3.7447444619645136,6.129885
P000052,151.0,1.2656528157218283,3.0395583771273937,1.5662687,5.8559114590228845,6.185946
P000052,152.0,1.594349012701247,4.304350242235564,1.5790672,8.90710204345509,6.216919
P000052,153.0,1.9538504198102415,5.713492430229729,1.5870361,12.871912608784289,6.230785
P000052,154.0,2.3379697636980845,7.265649223164662,1.5915031,17.725137413089335,6.230316
P000052,155.0,1.9872047944486424,8.350790063863826,1.587632,23.18983488260494,6.2324114
P000052,156.0,1.605239263540986,8.562694019822054,1.5795598,28.206567457743706,6.2197905
P000052,157.0,1.1865667024944262,8.10848574903697,1.5623434,31.986876122283185,6.178261
P000052,158.0,0.7533217852098265,7.147727530424706,1.5268576,34.11519517222868,6.082552
P000052,159.0,0.339820450554864,5.83573565424622,1.4609456,34.44496065318425,5.9009953
P000052,160.0,0.0,4.349071854825635,1.3674648,33.051672980356514,5.6435127
P000052,161.0,0.0,3.0620844567793437,1.3676524,30.2893244519342,5.644683
P000052,162.0,0.0326306505229157,2.181925863665353,1.378757,26.868149146311417,5.6759653
P000052,163.0,0.0456928893796995,1.5956965816081574,1.3831596,23.338562863716117,5.6887283
P000052,164.0,0.0286307229769488,1.17859602215214,1.3777645,19.98779922664637,5.6744857
P000052,165.0,0.0011342113249823,0.8509687767690359,1.3687341,16.9204003916889,5.650243
P000052,166.0,0.0,0.5999500414991129,1.3685088,14.165723634954809,5.6502595
P000052,167.0,0.0285655977658617,0.4451553624984683,1.3781867,11.758708211908193,5.6775126
P000053,0.0,0.1712103172222298,0.2207048384080667,1.3133206,0.787111470748066,5.315407
P000053,1.0,0.2361837958558833,0.3683559736328259,1.3390164,0.9139659397633916,5.395273
P000053,2.0,0.2699567128313209,0.5330557456229985,1.3520627,1.1479296958991208,5.4365816
P000053,3.0,0.2636151822967624,0.6783712678919215,1.3511534,1.4742949656440458,5.435459
P000053,4.0,0.2361186706447957,0.7799334182190056,1.3428524,1.8551270613580464,5.411896
P000053,5.0,0.2190565042420454,0.8416451923340061,1.3380256,2.249183279129233,5.3988853
P000053,6.0,0.2321187430988283,0.8902217692305191,1.3439596,2.6335933122056825,5.4185004
P000053,7.0,0.2678028998511366,0.9524786193140036,1.3574677,3.010896388363792,5.4610214
P000053,8.0,0.2969044317240751,1.032754699727351,1.3681767,3.396295646427275,5.494999
P000053,9.0,0.2906673909499757,1.1077211526530777,1.3673306,3.795073912219365,5.493979
P000053,10.0,0.2429045041781077,1.1426862898966952,1.3526165,4.187654550453412,5.451027
P000053,11.0,0.1753980347766041,1.117261944067213,1.3295484,4.534106958944081,5.3828416
P000053,12.0,0.1224639216131386,1.0411412240416664,1.310189,4.79526926862664,5.3259125
P000053,13.0,0.1062368385885762,0.948115092510862,1.3048959,4.955108644277864,5.3115196
P000053,14.0,0.1212103172222297,0.8727739697448855,1.3122969,5.027920390514958,5.3354535
P000053,15.0,0.1395912132269764,0.827316682575889,1.3208623,5.045257002940554,5.3628626
P000053,16.0,0.1333541724528771,0.79575523555538,1.3196785,5.032586612718902,5.3608365
P000053,17.0,0.0963119215492008,0.7496642704656374,1.3060455,4.993242390694406,5.321289
P000053,18.0,0.0495161302663519,0.6733756654568832,1.2874923,4.911559031504316,5.2669516
P000053,19.0,0.0258713389842317,0.5793984481131375,1.2783551,4.772478620649897,5.24101
P000053,20.0,0.0455162027203844,0.5022141981759871,1.2884045,4.582362609296401,5.2728233
P000053,21.0,0.1004996391035749,0.4749078991008733,1.3128257,4.374726802545871,5.3478017
P000053,22.0,0.1603018913456311,0.5060603128919203,1.3372402,4.195898256467297,5.4226456
P000053,23.0,0.1940748083210688,0.574183807115927,1.3506207,4.080686453074538,5.4642525
P000053,24.0,0.1929045041781077,0.6438340561211334,1.3513172,4.035702436956134,5.4677496
P000053,25.0,0.175398034776604,0.6912728167020762,1.3461812,4.042268724112336,5.4537497
P000053,26.0,0.1724639216131386,0.7204295899983881,1.3462324,4.076220598571396,5.4553003
P000053,27.0,0.202829421217483,0.7572750562364807,1.3580315,4.129324393475887,5.4920177
P000053,28.0,0.2578128576006736,0.827026550308806,1.3772585,4.215989999033705,5.550889
P000053,29.0,0.306894473974538,0.9315722508160126,1.3932364,4.360211113834185,5.5999413
P000053,30.0,0.319956712831321,1.0443595732811013,1.3979695,4.572739062625433,5.615345
P000053,31.0,0.2894970868070146,1.1268491893824304,1.389945,4.836022122170284,5.5926676
P000053,32.0,0.2361186706447958,1.15438641575586,1.3742621,5.108743219128885,5.5471506
P000053,33.0,0.1931745997317933,1.1322234637112196,1.3609424,5.347146002705643,5.5087047
P000053,34.0,0.1821187430988283,1.089801223520051,1.3581374,5.5277711835901,5.5016375
P000053,35.0,0.1970922217324818,1.057717029133192,1.364284,5.655190679463308,5.521245
P000053,36.0,0.2103018913456312,1.0447812205629992,1.3696966,5.749603519385315,5.5386353
P000053,37.0,0.1940748083210689,1.0324330032906874,1.3652253,5.824254661550066,5.526584
P000053,38.0,0.1429045041781078,0.990649192937768,1.3482599,5.87019195016528,5.4773693
P000053,39.0,0.0788054521476973,0.9032347191776648,1.324976,5.8602064614859,5.4093904
P000053,40.0,0.0358613812346947,0.7832679430036235,1.3085797,5.769186893303076,5.3619423
P000053,41.0,0.0355261604699214,0.6668487589273793,1.3095462,5.595576041883891,5.3661427
P000053,42.0,0.0712103172222297,0.5896122820845404,1.3251538,5.367604056107077,5.413817
P000053,43.0,0.1137093087167243,0.5634418696309607,1.3425398,5.129264631646844,5.466692
P000053,44.0,0.1333541724528771,0.5706753774351472,1.350744,4.916105608076852,5.492262
P000053,45.0,0.122193826059453,0.5799525162070578,1.3476443,4.738460085140345,5.484298
P000053,46.0,0.0995161302663518,0.5715963579503909,1.340179,4.584067224872887,5.4634085
P000053,47.0,0.0965820171028865,0.5532958398277674,1.3400488,4.437403255637174,5.464247
P000053,48.0,0.1321187430988282,0.5542210688064335,1.3540912,4.3004804053778045,5.507002
P000053,49.0,0.1970922217324817,0.6020091993150669,1.377219,4.198833210075783,5.5765295
P000053,50.0,0.2603018913456313,0.7000224514537627,1.3977025,4.1676751393602975,5.6381216
P000053,51.0,0.2906673909499756,0.8221350278349039,1.4072661,4.228284660558893,5.66741
P000053,52.0,0.2795070445565513,0.9291572203086086,1.4048553,4.372206236028854,5.661378
P000053,53.0,0.2461087128952588,0.9947504513571098,1.3958364,4.565149287297585,5.6358843
P000053,54.0,0.2224639216131386,1.0215637365069337,1.3894129,4.767818503768645,5.6180487
P000053,55.0,0.228711325727735,1.0356924336178517,1.3921235,4.958331017916548,5.627104
P000053,56.0,0.2578128576006736,1.0638736452982034,1.4015975,5.139829585338667,5.6560245
P000053,57.0,0.2810125694642861,1.110805562578442,1.4089925,5.328163818795871,5.678791
P000053,58.0,0.269956712831321,1.1538433281703675,1.4065764,5.529594676385631,5.6727233
P000053,59.0,0.2187864086883599,1.1591859152950827,1.3921435,5.726017831048261,5.6313896
P000053,60.0,0.1495161302663525,1.1074239332119218,1.3705463,5.879519264886345,5.5690513
P000053,61.0,0.0965820171028866,1.0092038720384158,1.352757,5.953451702646479,5.5179243
P000053,62.0,0.0821187430988283,0.8991418333453545,1.348284,5.934670619872231,5.5059004
P000053,63.0,0.1004996391035749,0.8124382547190363,1.3558397,5.840551298459605,5.5291452
P000053,64.0,0.1236993509671874,0.7616204885123312,1.3648655,5.705699593153912,5.5566587
P000053,65.0,0.2170945911702116,0.7756601382503556,1.3960025,5.570498861070141,5.648813
P000053,66.0,0.2803654261137027,0.8590929650694933,1.4149818,5.493690210306956,5.7052608
P000053,67.0,0.3341149305408375,0.9806504365911018,1.4298139,5.50734396625819,5.749496
P000053,68.0,0.4107832251058846,1.1397952129488509,1.4486911,5.627072023704595,5.805417
P000053,69.0,0.5300603698191607,1.3600296513986732,1.4736133,5.876776616192017,5.878702
P000053,70.0,0.6835930830290144,1.665161482835576,1.499341,6.297496437087413,5.953827
P000053,71.0,0.8405332136099615,2.055927506553201,1.5198395,6.935537606199025,6.0131073
P000053,72.0,0.9698004005737006,2.50423499194012,1.5333033,7.820128243588371,6.0515966
P000053,73.0,1.062360557398537,2.969133647282448,1.5414531,8.948342046428705,6.0747204
P000053,74.0,1.1368207399443266,3.422376328652238,1.5472445,10.28931711308623,6.0910473
P000053,75.0,1.2242096703775656,3.864301773364293,1.5531833,11.805131310703691,6.107362
P000053,76.0,1.3434868150908417,4.3181402403154765,1.5600004,13.47310253498202,6.125228
P000053,77.0,1.486298892432504,4.807152879567352,1.5666263,15.293220165917976,6.1414213
P000053,78.0,1.6225283448947958,5.331984627425417,1.5717382,17.27566032728867,6.152796
P000053,79.0,1.7225062099771895,5.865471766946408,1.574918,19.41840313139909,6.1593184
P000053,80.0,1.7791944200413112,6.369003632519126,1.5765905,21.69249224088354,6.1628313
P000053,81.0,1.8136446448375645,6.818290463460614,1.5776017,24.04677632311189,6.165202
P000053,82.0,1.6721512970978984,7.129363035383829,1.5739841,26.405086990258788,6.160592
P000053,83.0,1.5639575621260424,7.265962554843525,1.5706747,28.63125461718867,6.155203
P000053,84.0,1.4834367707713945,7.289535654895664,1.5678699,30.63267545858151,6.150118
P000053,85.0,1.4029159794167465,7.234016038275214,1.5646851,32.36620579094231,6.1437044
P000053,86.0,1.2947222444448907,7.101225390723319,1.559643,33.80726834088215,6.132299
P000053,87.0,1.153228896705226,6.877575530485815,1.5515296,34.92803329679402,6.112221
P000053,88.0,1.0002181995658836,6.560004831131826,1.5404108,35.6961689078483,6.083012
P000053,89.0,0.8694454876944091,6.171957439065704,1.5285268,36.09111710509516,6.0507793
P000053,90.0,0.7819624308412081,5.757581189291474,1.5191557,36.12236623330976,6.025117
P000053,91.0,0.7307309613679048,5.358628407507407,1.5131454,35.83322595379918,6.00879
P000053,92.0,0.6860821167739721,4.99150907700866,1.5075262,35.28493660020774,5.993515
P000053,93.0,0.6178983395516537,4.641801164980836,1.4979599,34.5310777393888,5.966955
P000053,94.0,0.5178263480492977,4.280372821689176,1.4817364,33.59981564420736,5.9212966
P000053,95.0,0.4048256086594922,3.889013082819935,1.4600179,32.49586734363916,5.8598127
P000053,96.0,0.3099248435487337,3.476338991668215,1.4386787,31.219441056516352,5.799382
P000053,97.0,0.2517311085768773,3.0721102440115517,1.4241729,29.78685780382222,5.7585635
P000053,98.0,0.2212103172222294,2.7043873624380224,1.4162714,28.23652641750416,5.7367
P000053,99.0,0.2810125694642861,2.421887809258495,1.4327002,26.627333205023767,5.784515
P000053,100.0,0.3065592532097649,2.2322717404305683,1.4395044,25.044080754286504,5.8047256
P000053,101.0,0.2894970868070143,2.0820725557850035,1.4356725,23.533968319074848,5.7945056
P000053,102.0,0.249516130266352,1.9337390328965776,1.425745,22.101515983007296,5.7668757
P000053,103.0,0.2190565042420456,1.7812422298514707,1.4178839,20.733684540159512,5.7451725
P000053,104.0,0.2187212834772725,1.6440788287530843,1.4182143,19.42565955662234,5.746873
P000053,105.0,0.2419209953408846,1.5440692047253264,1.424947,18.19107634335486,5.7668314
P000053,106.0,0.2603018913456312,1.4823264613381126,1.4301889,17.05169385556293,5.78251
P000053,107.0,0.2458386173415734,1.4336420346937804,1.4267797,16.016584576195,5.7735224
P000053,108.0,0.1929045041781079,1.3623985440688948,1.4125993,15.068429599286384,5.7338705
P000053,109.0,0.1236342257561006,1.2478782768136267,1.3922145,14.168811989092012,5.676592
P000053,110.0,0.0724639216131385,1.0997227860261498,1.3759637,13.279766113901031,5.631123
P000053,111.0,0.0614080649801736,0.9516773694707388,1.3726687,12.38628233297871,5.622553
P000053,112.0,0.0846077768437858,0.8380727715366487,1.380933,11.503442104401229,5.6468515
P000053,113.0,0.1137093087167241,0.7704713752367356,1.3907955,10.663143484109828,5.6756506
P000053,114.0,0.119956712831321,0.7317693305373428,1.3931808,9.890479655433944,5.6831865
P000053,115.0,0.0963119215492007,0.6919039079235613,1.386054,9.187388552437312,5.663727
P000053,116.0,0.0629135898879082,0.6330640799600963,1.3754172,8.535518236597063,5.6343327
P000053,117.0,0.0517532434944836,0.565179112901726,1.3720438,7.915629655104044,5.625551
P000053,118.0,0.0821187430988281,0.5198271818858372,1.3826544,7.3283025629388865,5.6563864
P000053,119.0,0.1453284127119768,0.5270134362570266,1.4028974,6.799679608721015,5.7144227
P000053,120.0,0.2103018913456302,0.5922312773867333,1.4218509,6.367254390825166,5.7687206
P000053,121.0,0.245838617341573,0.6910754227845365,1.4316111,6.055791906728004,5.7969737
P000053,122.0,0.2429045041781077,0.7855256075018603,1.4311526,5.861001168835895,5.796344
P000053,123.0,0.2202268083850068,0.8497631937835908,1.4254763,5.752880358075966,5.7809925
P000053,124.0,0.2090664619915824,0.8862570399565052,1.4227686,5.696006070869237,5.774026
P000053,125.0,0.2287113257277347,0.9202222598986723,1.4283216,5.671458849047498,5.790342
P000053,126.0,0.2712103172222295,0.9768656864923184,1.4394519,5.684026982827721,5.822339
P000053,127.0,0.3068944739745382,1.058801468835577,1.4482965,5.749587580368632,5.8478613
P000053,128.0,0.306559253209765,1.1408824605057235,1.4484634,5.872639416259204,5.848946
P000053,129.0,0.2636151822967632,1.1865523665287605,1.438345,6.031493633347803,5.8211193
P000053,130.0,0.1995161302663521,1.1735770607393514,1.4218886,6.182936573058692,5.7755184
P000053,131.0,0.1483458261233906,1.1098978885674102,1.4076903,6.283544745657965,5.7363048
P000053,132.0,0.1321187430988279,1.027726962772743,1.4031718,6.312273156245604,5.7242966
P000053,133.0,0.1453284127119781,0.9603234615565964,1.4073708,6.277913238027739,5.736749
P000053,134.0,0.1603018913456313,0.9188666768336972,1.4119871,6.206301866458262,5.7503524
P000053,135.0,0.1492460347126664,0.886708723064533,1.4090574,6.117267755918099,5.7428017
P000053,136.0,0.1063019637996633,0.8351515363423175,1.3964615,6.0088615290632,5.7081957
P000053,137.0,0.0529235476374448,0.7486459536602207,1.3796887,5.860749574858324,5.661931
P000053,138.0,0.0224639216131386,0.6401921065074088,1.3697119,5.654038639964879,5.6347146
P000053,139.0,0.035526160469921,0.5450921210559313,1.374466,5.392254436116901,5.6487246
P000053,140.0,0.0846077768437856,0.4975175785664309,1.3907764,5.107180734510705,5.694998
P000053,141.0,0.1395912132269757,0.5073217941310042,1.4077373,4.844551263217988,5.74301
P000053,142.0,0.1699567128313212,0.554384028926046,1.4166489,4.639684607904354,5.768504
P000053,143.0,0.1670225996678552,0.6046240811876107,1.4160414,4.500698271348017,5.767433
P000053,144.0,0.1495161302663519,0.6355688958703569,1.4112852,4.411251709904594,5.7548056
P000053,145.0,0.1483458261233908,0.652225414154178,1.4111605,4.350130076928657,5.755083
P000053,146.0,0.1821187430988272,0.6813784851622726,1.4208295,4.312408770566655,5.782606
P000053,147.0,0.2419209953408848,0.7487391602558284,1.4366851,4.315892954808065,5.8272934
P000053,148.0,0.2969044317240749,0.8563338629571078,1.4500949,4.38778378956762,5.8651323
P000053,149.0,0.3165492954602279,0.9773822498987492,1.4547143,4.541595478303246,5.878512
P000053,150.0,0.2929045041781086,1.0727658523914216,1.4494524,4.761872190893549,5.8644447
P000053,151.0,0.2461087128952587,1.1169382052052312,1.4383547,5.00855251348705,5.8342056
P000053,152.0,0.2090664619915827,1.114007281100341,1.4290643,5.2381828846138925,5.8090115
P000053,153.0,0.2028294212174828,1.0920947767729152,1.4275773,5.426609256692446,5.805466
P000053,154.0,0.2212103172222303,1.0803933930262088,1.4324985,5.576737262729219,5.819664
P000053,155.0,0.2361837958558833,1.0863188087239684,1.4364288,5.706222785853527,5.8311024
P000053,156.0,0.2199567128313215,1.0900203317089343,1.4324443,5.825047377147111,5.8206363
P000053,157.0,0.1670225996678565,1.0603773436826032,1.4185026,5.92048284066323,5.7826614
P000053,158.0,0.0995161302663516,0.9803644272076476,1.3991649,5.961275873203228,5.729821
P000053,159.0,0.0517532434944838,0.8625531360723024,1.3844557,5.918266572604491,5.689806
P000053,160.0,0.0455162027203842,0.742894527388642,1.3826175,5.786110686160337,5.6853585
P000053,161.0,0.0746177345933224,0.6572429041909953,1.3920043,5.589762021682636,5.7118816
P000053,162.0,0.1103018913456306,0.6180538287137907,1.4029744,5.370664065392198,5.742729
P000053,163.0,0.1233641302024144,0.6085513269444667,1.4069355,5.162707464595482,5.7542286
P000053,164.0,0.1063019637996637,0.5985148073510692,1.4020479,4.975568007798667,5.741356
P000053,165.0,0.0788054521476972,0.5695828612934325,1.3938646,4.797366887965078,5.719425
P000053,166.0,0.0724639216131387,0.5308460860567275,1.3920362,4.613970988402223,5.7149925
P000053,167.0,0.1062368385885766,0.5128668441088972,1.4023829,4.429692934518199,5.744025
P000057,0.0,0.1443352075232603,0.6483163819516544,1.3025801,1.2098120956075629,5.2827225
P000057,1.0,0.2093086861569139,0.7264139754139409,1.3292274,2.184553927810529,5.3655086
P000057,2.0,0.2430816031323515,0.8395526469745569,1.3427594,3.252851271877638,5.408318
P000057,3.0,0.236740072597793,0.949828843572924,1.3417976,4.433943156611249,5.407052
P000057,4.0,0.2092435609458263,1.0293899712675951,1.3331592,5.692280312965449,5.3824778
P000057,5.0,0.192181394543076,1.0777240052210626,1.328131,6.9718050168376,5.3688693
P000057,6.0,0.2052436333998588,1.1180637771967348,1.3342762,8.239322748647783,5.389145
P000057,7.0,0.2409277901521672,1.1758862836154909,1.3482914,9.504436635239824,5.4332275
P000057,8.0,0.2700293220251057,1.2559716647119836,1.3594048,10.801577813504686,5.4684534
P000057,9.0,0.2637922812510063,1.335553934250144,1.3585093,12.148584141817128,5.4672995
P000057,10.0,0.2160293944791383,1.3789434605180937,1.3432035,13.514253611926195,5.4225616
P000057,11.0,0.1485229250776346,1.3627827353829862,1.3192356,14.820771232925368,5.3516617
P000057,12.0,0.0955888119141692,1.293028344304139,1.2991378,15.98077876426946,5.292513
P000057,13.0,0.0793617288896068,1.2009132965008615,1.2936351,16.94279250358686,5.2775044
P000057,14.0,0.0943352075232603,1.1209001535378091,1.3012941,17.71230069671271,5.302238
P000057,15.0,0.112716103528007,1.0671268077901428,1.3101633,18.33399446121702,5.3305845
P000057,16.0,0.1064790627539077,1.02591876127486,1.3089206,18.84957095860688,5.3284
P000057,17.0,0.0694368118502313,0.9697913997095888,1.2947695,19.263587972774435,5.287306
P000057,18.0,0.0226410205673824,0.8821460514653651,1.2755315,19.543384373283736,5.23092
P000057,19.0,0.0,0.7742681156098126,1.2665238,19.65325640020705,5.205386
P000057,20.0,0.018641093021415,0.679440340569167,1.2764497,19.59646393478697,5.23685
P000057,21.0,0.0736245294046055,0.6319008855173756,1.3017445,19.430620067635868,5.314483
P000057,22.0,0.1334267816466617,0.6440764939490946,1.3270607,19.24847798256582,5.3920655
P000057,23.0,0.1671996986220994,0.69777816382719,1.340941,19.1319909443507,5.435198
P000057,24.0,0.1660293944791382,0.7590358528342719,1.3416507,19.11509909235172,5.438752
P000057,25.0,0.1485229250776346,0.8032361463925498,1.3363035,19.18160206053814,5.424133
P000057,26.0,0.1455888119141691,0.8321890241510118,1.336344,19.297920352451406,5.4256682
P000057,27.0,0.1759543115185136,0.8703720890068813,1.3485868,19.454744132081547,5.4637384
P000057,28.0,0.2309377479017041,0.9433434717882402,1.3685584,19.685157682396635,5.5248685
P000057,29.0,0.2800193642755686,1.054793917784951,1.3851655,20.04489584757596,5.5758314
P000057,30.0,0.2930816031323516,1.1797705760740156,1.3900778,20.569305567774265,5.59179
P000057,31.0,0.2626219771080452,1.2794474890147254,1.3817155,21.239548831930144,5.5681095
P000057,32.0,0.2092435609458264,1.3265942109810407,1.3653932,21.9840375958312,5.5206833
P000057,33.0,0.1662994900328239,1.322820945533631,1.3515377,22.71493737225827,5.4806447
P000057,34.0,0.1552436333998589,1.294836409935238,1.3486116,23.37348299959537,5.4732313
P000057,35.0,0.1702171120335124,1.272708711336473,1.3549864,23.951444821725936,5.4935403
P000057,36.0,0.1834267816466618,1.266610101688139,1.3606002,24.47417374979262,5.511549
P000057,37.0,0.1671996986220995,1.259599076795612,1.3559418,24.95960816937053,5.498954
P000057,38.0,0.1160293944791384,1.2218449176363195,1.3383081,25.38563953107111,5.4477563
P000057,39.0,0.0519303424487278,1.1354833087194856,1.3141348,25.69174784745729,5.377136
P000057,40.0,0.0089862715357253,1.0112231978656834,1.297127,25.81473004732027,5.3278775
P000057,41.0,0.008651050770952,0.8839846040436226,1.2981193,25.732317443533805,5.332175
P000057,42.0,0.0443352075232603,0.7905999135888113,1.3142903,25.48213620755953,5.3815517
P000057,43.0,0.0868341990177549,0.7460976664484035,1.3323188,25.14161000946661,5.4363637
P000057,44.0,0.1064790627539077,0.7361537122403796,1.3408265,24.783401870897706,5.4628563
P000057,45.0,0.0953187163604836,0.7311373875699752,1.3375986,24.43903495872608,5.454528
P000057,46.0,0.0726410205673823,0.710953504684227,1.3298409,24.09685868505436,5.432784
P000057,47.0,0.0697069074039171,0.681801244761834,1.3296967,23.734433072611168,5.4336
P000057,48.0,0.1052436333998587,0.6721193017106163,1.344265,23.35935547713816,5.477937
P000057,49.0,0.1702171120335122,0.71072887241773,1.3682852,23.026173695768765,5.5501347
P000057,50.0,0.2334267816466618,0.803663394429146,1.389579,22.815124099089918,5.614151
P000057,51.0,0.2637922812510062,0.9272327052022497,1.3995223,22.78737115060832,5.644582
P000057,52.0,0.2526319348575819,1.042707499257775,1.3970037,22.949401789668077,5.6382427
P000057,53.0,0.2192336031962893,1.1217813756287809,1.3876095,23.25268828669745,5.6116505
P000057,54.0,0.1955888119141692,1.1638893129501398,1.380919,23.62857686312805,5.593037
P000057,55.0,0.2018362160287656,1.1926137835105557,1.3837295,24.03225547327859,5.6024027
P000057,56.0,0.2309377479017042,1.2341586878725217,1.3935771,24.463230687718315,5.6324453
P000057,57.0,0.2541374597653166,1.2943574577433103,1.4012651,24.94780942084937,5.6560926
P000057,58.0,0.2430816031323515,1.3517508459638048,1.398742,25.498006718785103,5.6497207
P000057,59.0,0.1919112989893904,1.3721193510430836,1.3837173,26.079283071014924,5.6066523
P000057,60.0,0.1226410205673831,1.3336379294200953,1.361259,26.61299701510685,5.5417867
P000057,61.0,0.0697069074039172,1.2437527771913952,1.342778,27.01334018689132,5.488635
P000057,62.0,0.0552436333998589,1.1350414933086326,1.338129,27.23246873087701,5.4761086
P000057,63.0,0.0736245294046055,1.043074011507504,1.3459649,27.2811816906505,5.5001984
P000057,64.0,0.096824241268218,0.9827824237783652,1.3553305,27.21062837044659,5.5287294
P000057,65.0,0.0964890205034447,0.9409187119374908,1.3560197,27.069518637695907,5.5318193
P000057,66.0,0.0660293944791383,0.8900275906884172,1.3456233,26.869355293903773,5.502462
P000057,67.0,0.0260484379384757,0.8131402499117368,1.3310525,26.583744974741865,5.4609137
P000057,68.0,0.0089862715357253,0.7203201922679136,1.3250916,26.181768818780927,5.4445777
P000057,69.0,0.0345329552812039,0.6443450314152922,1.3360617,25.66936971222194,5.4777365
P000057,70.0,0.0943352075232602,0.6185537933864598,1.3591712,25.106361874823502,5.5462747
P000057,71.0,0.1575448771364098,0.6533687728352512,1.3814929,24.58479478870584,5.6123905
P000057,72.0,0.1930816031323515,0.7290605999330574,1.3934555,24.18337327753052,5.648219
P000057,73.0,0.1919112989893905,0.8101627769112197,1.3937578,23.93064300149401,5.650054
P000057,74.0,0.1726410205673824,0.870711371308676,1.3883972,23.80313730985476,5.6354084
P000057,75.0,0.166299490032824,0.9114038563552678,1.3870473,23.75854600858609,5.6324363
P000057,76.0,0.1918461737783025,0.9559191886676274,1.3956828,23.777876600563854,5.658477
P000057,77.0,0.2409277901521674,1.0293851681102344,1.4107931,23.88416100834712,5.7032676
P000057,78.0,0.2834267816466618,1.135459875573796,1.4230673,24.12332411604565,5.7397585
P000057,79.0,0.2896741857612583,1.2495577098937831,1.4252753,24.521745244899268,5.7470255
P000057,80.0,0.2526319348575823,1.3335948685613537,1.4158206,25.053007739854987,5.720504
P000057,81.0,0.1933516986860378,1.3614074059882395,1.3992252,25.639789715157757,5.6733227
P000057,82.0,0.1455888119141695,1.335923704475354,1.3849046,26.19070137007047,5.632762
P000057,83.0,0.1311255379101109,1.285332519160615,1.3808126,26.645789420669928,5.621835
P000057,84.0,0.1443352075232603,1.2412430025794847,1.3857327,26.99803381917463,5.6369805
P000057,85.0,0.1575448771364098,1.2153244489835493,1.3905449,27.27626295835839,5.65179
P000057,86.0,0.1430816031323517,1.191986380319605,1.3865325,27.503878994032984,5.6410913
P000057,87.0,0.0953187163604842,1.142511024176027,1.3712742,27.66580914396592,5.5979333
P000057,88.0,0.0360384801889394,1.0498330925835844,1.3507376,27.70962226048742,5.5395684
P000057,89.0,0.0,0.9255694339159772,1.337702,27.580918674322405,5.5028906
P000057,90.0,0.0052436333998587,0.8041094854193565,1.340409,27.26648436147246,5.5116634
P000057,91.0,0.0477426248943529,0.7214977091052611,1.3569679,26.81068412342329,5.560343
P000057,92.0,0.0968242412682177,0.6925434899405511,1.374795,26.29703902639723,5.612586
P000057,93.0,0.1223709250136968,0.7018542780353635,1.3838537,25.80280965134031,5.6395245
P000057,94.0,0.1160293944791383,0.7184795861632036,1.3823333,25.362002851708528,5.636017
P000057,95.0,0.0967591160571303,0.720842763916445,1.3764832,24.96314571988593,5.6200714
P000057,96.0,0.0955888119141691,0.7136007131170848,1.3766446,24.58163609993212,5.621401
P000057,97.0,0.1311255379101103,0.7236940166548281,1.3888304,24.22069600846035,5.6572223
P000057,98.0,0.19433520752326,0.7785919196815805,1.4086041,23.92856331969517,5.714731
P000057,99.0,0.2541374597653167,0.8832141114948183,1.4256973,23.77764132798765,5.7644687
P000057,100.0,0.2796841435107955,1.0130707077487906,1.4327786,23.8202544726594,5.7854877
P000057,101.0,0.2626219771080449,1.1290011405129432,1.4287851,24.053628481908092,5.7748156
P000057,102.0,0.2226410205673826,1.202665537679088,1.4184489,24.42016858537832,5.7460256
P000057,103.0,0.1921813945430761,1.2338654289380364,1.4102681,24.842951111962087,5.723418
P000057,104.0,0.191846173778303,1.2469248365786425,1.4106095,25.27024073865569,5.725164
P000057,105.0,0.2150458856419151,1.2691136371091891,1.4176111,25.696425846065857,5.7459044
P000057,106.0,0.2334267816466618,1.3075829870720408,1.4230628,26.14483644154017,5.7621965
P000057,107.0,0.218963507642604,1.3423532840654522,1.4195132,26.62684291830444,5.7528195
P000057,108.0,0.1660293944791385,1.3407457315122069,1.4047632,27.109626064402764,5.7115536
P000057,109.0,0.0967591160571312,1.2824320332770651,1.3835819,27.51850182836853,5.6520123
P000057,110.0,0.045588811914169,1.1762091562129289,1.3667152,27.77357667332928,5.6047945
P000057,111.0,0.0345329552812042,1.0557674246986992,1.3632979,27.834466463679973,5.59589
P000057,112.0,0.0577326671448164,0.9574756084290242,1.3718717,27.7204575867696,5.621091
P000057,113.0,0.0868341990177547,0.8966962946343412,1.3821075,27.491627522994506,5.650974
P000057,114.0,0.0930816031323515,0.8602142718065181,1.384584,27.205438795475423,5.658785
P000057,115.0,0.0694368118502313,0.8202071281132839,1.3771865,26.881367403881168,5.6385684
P000057,116.0,0.0360384801889387,0.7589640050239467,1.3661528,26.49966333562286,5.608055
P000057,117.0,0.0248781337955142,0.685481997589673,1.3626561,26.034261878187262,5.598938
P000057,118.0,0.0552436333998586,0.6312206207789404,1.373662,25.493833821772974,5.6309175
P000057,119.0,0.1184533030130074,0.628038932079124,1.3946748,24.938603264856116,5.6911597
P000057,120.0,0.1834267816466608,0.6848182408044481,1.4143698,24.45867807354753,5.7475753
P000057,121.0,0.2189635076426036,0.7803321868294522,1.4245188,24.12859706385186,5.7769413
P000057,122.0,0.2160293944791383,0.8777632912835807,1.4240413,23.970794492140023,5.77627
P000057,123.0,0.1933516986860374,0.9500347141026164,1.418138,23.95415876518379,5.760289
P000057,124.0,0.4652580956433627,1.1316280642677805,1.4806266,24.09817129972066,5.9371057
P000057,125.0,0.7679697027302649,1.556039966866278,1.5251832,24.70013186022021,6.0627046
P000057,126.0,1.0935354375755095,2.2155772712154045,1.5541599,26.099694188695132,6.142702
P000057,127.0,1.4122863376785677,3.085868055940219,1.5710416,28.594157070612745,6.1862736
P000057,128.0,1.6950178602645445,4.118474606223146,1.5802691,32.40674973204438,6.2064943
P000057,129.0,1.9351405327022924,5.2550790354186026,1.585402,37.66257295552431,6.214341
P000057,130.0,2.1541082240226315,6.45238758417497,1.5886059,44.398315387097,6.215937
P000057,131.0,2.3860046632304197,7.698831250423744,1.5909083,52.60569845018344,6.2130384
P000057,132.0,2.6528443235566064,9.01030212191042,1.5925899,62.28250516005342,6.2050834
P000057,133.0,2.949120736520506,10.407921838517703,1.5936584,73.45864350724077,6.191918
P000057,134.0,2.706760812108024,11.63739971807127,1.5929079,86.04828765302892,6.2044163
P000057,135.0,2.4383715524289222,12.46479466861336,1.5914929,99.4594220242644,6.2147512
P000057,136.0,2.1380940784697837,12.916997619709656,1.5887668,113.0495941271398,6.220503
P000057,137.0,1.8273822592614288,13.024843462520696,1.5839314,126.2552593908836,6.217837
P000057,138.0,1.539589230190986,12.840617117652007,1.5765591,138.6089751811439,6.204666
P000057,139.0,1.2953180660016324,12.434511112540624,1.566936,149.7668954690975,6.1822805
P000057,140.0,1.0870662793293608,11.873086991303296,1.5551355,159.51377152341976,6.1519947
P000057,141.0,0.8847163126664149,11.196273275829366,1.5391653,167.73084955651274,6.1090984
P000057,142.0,0.6577484092246244,10.410492931522905,1.513824,174.34108306483546,6.0394287
P000057,143.0,0.3974808930150223,9.503351044072366,1.4710374,179.26413930372283,5.92072
P000057,144.0,0.1226410205673825,8.46908234307573,1.4034224,182.4072167856484,5.732902
P000057,145.0,0.1214707164244214,7.4482235619659,1.4032958,183.7556503300804,5.7331877
P000057,146.0,0.1552436333998578,6.579605920482928,1.4133358,183.57679274633747,5.761758
P000057,147.0,0.2150458856419154,5.871051251906559,1.4298093,182.20167949068755,5.8081765
P000057,148.0,0.2700293220251054,5.310627903513007,1.443753,179.9408559657478,5.847508
P000057,149.0,0.2896741857612585,4.859512754407783,1.448559,177.04684468803612,5.861416
P000057,150.0,0.2660293944791391,4.466471555173976,1.4430873,173.68502950124287,5.846778
P000057,151.0,0.2192336031962893,4.093103209240665,1.4315522,169.93910158161316,5.8153367
P000057,152.0,0.1821913522926133,3.730919517014569,1.4219027,165.85103929194358,5.78916
P000057,153.0,0.1759543115185134,3.397488673761521,1.4203613,161.46948137555862,5.785475
P000057,154.0,0.1943352075232609,3.114623980113185,1.4254749,156.87392797752403,5.8002176
P000057,155.0,0.2093086861569139,2.885089156554855,1.4295602,152.16027445300543,5.812096
P000057,156.0,0.1930816031323521,2.685363949049952,1.4254241,147.40211808553647,5.801223
P000057,157.0,0.1401474899688871,2.479865451327497,1.4109542,142.62027337493316,5.761799
P000057,158.0,0.0726410205673822,2.245804647277348,1.3909054,137.786429186494,5.707
P000057,159.0,0.0248781337955144,1.989790176407514,1.3756742,132.86077818508366,5.6655464
P000057,160.0,0.0186410930214147,1.7434522259734402,1.3737769,127.8374103450686,5.6609483
P000057,161.0,0.047742624894353,1.5411139638432143,1.3835022,122.76491107125148,5.688427
P000057,162.0,0.0834267816466612,1.3960262878025114,1.3948731,117.7277441206748,5.7204
P000057,163.0,0.0964890205034449,1.2927495563631202,1.3989832,112.80299513677372,5.7323256
P000057,164.0,0.0794268541006942,1.201110737434999,1.393923,108.02509524239552,5.718987
P000057,165.0,0.0519303424487278,1.1009394142902522,1.3854516,103.38467464775502,5.6962714
P000057,166.0,0.0455888119141693,0.998708004569544,1.3835642,98.86160914004871,5.6916895
P000057,167.0,0.0793617288896072,0.9233510619855684,1.3942859,94.46628160674533,5.721773
P000060,0.0,0.2422665903758478,0.8612173203066146,1.33988,0.6123704579872922,5.3962145
P000060,1.0,0.3072400690095014,1.1519578875906116,1.3631783,1.064981867702833,5.46871
P000060,2.0,0.6109973107545671,1.6880707504391776,1.4432144,1.649362267920538,5.712528
P000060,3.0,0.8746401049896366,2.578378440563129,1.4883857,2.5348098606099474,5.848283
P000060,4.0,1.117127918107298,3.7191406055883593,1.5166428,3.8308647475616135,5.930606
P000060,5.0,1.370050076474176,5.062737682791932,1.5370038,5.5826918945222745,5.9863663
P000060,6.0,1.6530966401005869,6.608719698050475,1.5525069,7.814824789209751,6.023864
P000060,7.0,1.9587651216225237,8.365560926579018,1.5637369,10.55165957484578,6.0449095
P000060,8.0,2.2578509782650897,10.311378837811354,1.5712428,13.81021249307998,6.052998
P000060,9.0,2.015377653317566,11.978120335231823,1.5659513,17.49767179062249,6.051177
P000060,10.0,1.731378482372273,12.96874311463862,1.557225,21.21087313953365,6.039681
P000060,11.0,1.4276357287973451,13.34414639033297,1.5433023,24.577232684048045,6.0109625
P000060,12.0,1.138465331460455,13.199360096984444,1.5230784,27.340850307015,5.9597616
P000060,13.0,0.8860019642624679,12.657808284711775,1.4967303,29.35938863446065,5.886528
P000060,14.0,0.664739158722697,11.835491590713136,1.4636717,30.58844106415337,5.790672
P000060,15.0,0.4468837705540192,10.80351181663576,1.4180851,31.04640647448213,5.6557293
P000060,16.0,0.2044104456064951,9.57825029385566,1.346272,30.77194529089838,5.441
P000060,17.0,0.1673681947028188,8.336228743265877,1.3339505,29.83303010019133,5.4053717
P000060,18.0,0.1205724034199699,7.227256974461846,1.3171372,28.412717021854476,5.3562417
P000060,19.0,0.0969276121378497,6.241232728979974,1.3088601,26.6748929521652,5.3328457
P000060,20.0,0.1165724758740024,5.41058104113125,1.3180339,24.759614968641376,5.361964
P000060,21.0,0.171555912257193,4.771379673323182,1.3402362,22.801402787598285,5.430198
P000060,22.0,0.2313581644992491,4.323550725731004,1.3623726,20.91989277686681,5.4981203
P000060,23.0,0.2651310814746868,4.019352861946927,1.3744953,19.19690776063396,5.5358853
P000060,24.0,0.2639607773317257,3.788280556807333,1.3751571,17.662488025176778,5.5392365
P000060,25.0,0.246454307930222,3.5792416407830814,1.3705516,16.304385718802163,5.5267954
P000060,26.0,0.2435201947667566,3.388045058888625,1.3706305,15.096914232234822,5.5283856
P000060,27.0,0.273885694371101,3.249449278717216,1.3813143,14.029804696790393,5.5616994
P000060,28.0,0.3288691307542916,3.1998443281674303,1.3986757,13.11726469862227,5.6149054
P000060,29.0,0.3779507471281561,3.238863704141215,1.4130838,12.382048767241711,5.6591806
P000060,30.0,0.391012985984939,3.319107576647725,1.4173694,11.827984111316704,5.673199
P000060,31.0,0.3605533599606326,3.3720365870463564,1.4101858,11.422976899312337,5.6530266
P000060,32.0,0.3071749437984138,3.3508706442544307,1.3961008,11.106558786337915,5.612286
P000060,33.0,0.2642308728854113,3.258501454369122,1.3841243,10.817492124967664,5.577839
P000060,34.0,0.2531750162524463,3.139662092280161,1.3816228,10.521777183501602,5.571642
P000060,35.0,0.2681484948860998,3.0434366745211427,1.3871961,10.221008951394174,5.5894895
P000060,36.0,0.2813581644992493,2.984433527959564,1.3921041,9.935704697949202,5.605326
P000060,37.0,0.265131081474687,2.931846124097839,1.3881013,9.676914300338796,5.5946407
P000060,38.0,0.2139607773317258,2.8345170883415136,1.372817,9.42806122358875,5.550416
P000060,39.0,0.1498617253013153,2.662905377249864,1.3517792,9.15104642373973,5.48911
P000060,40.0,0.1069176543883127,2.436036527916692,1.3369365,8.812150697156792,5.4462557
P000060,41.0,0.1065824336235394,2.2127513194524,1.3378382,8.408133474351432,5.4502125
P000060,42.0,0.1422665903758477,2.053404087049981,1.352016,7.972559661593486,5.4935694
P000060,43.0,0.1847655818703424,1.980393932533817,1.3677764,7.557079811076187,5.541549
P000060,44.0,0.2044104456064951,1.9668006782557976,1.375216,7.201089989980154,5.5647955
P000060,45.0,0.193250099213071,1.961273052539716,1.3724396,6.911833885851611,5.557752
P000060,46.0,0.1705724034199698,1.9300838850402624,1.3657134,6.6690848946688295,5.5390186
P000060,47.0,0.1676382902565045,1.884428489324112,1.3656187,6.450031531838002,5.539918
P000060,48.0,0.2031750162524462,1.8722597565634125,1.3783352,6.254827343571546,5.5786843
P000060,49.0,0.2681484948860997,1.940772840188587,1.3992207,6.112870391895804,5.6415014
P000060,50.0,0.3313581644992492,2.097870433120845,1.4176776,6.064538488184329,5.697028
P000060,51.0,0.3617236641035937,2.301817961671905,1.4262946,6.131774356841092,5.7234635
P000060,52.0,0.3505633177101693,2.4871676762437147,1.4241526,6.299519850881879,5.7181997
P000060,53.0,0.3171649860488768,2.6077966214376698,1.4160693,6.522046390969701,5.6954536
P000060,54.0,0.2935201947667566,2.6650683601771843,1.4103136,6.749693217419206,5.679564
P000060,55.0,0.299767598881353,2.700353704901536,1.4127746,6.956349181918857,5.6878414
P000060,56.0,0.3288691307542916,2.7579770849178664,1.421315,7.147612448981434,5.7139606
P000060,57.0,0.3520688426179041,2.846888487159201,1.4279809,7.344227160440753,5.734532
P000060,58.0,0.341012985984939,2.9302565455383816,1.4258323,7.554076316551907,5.7292233
P000060,59.0,0.2898426818419779,2.951066272741341,1.4128768,7.754635058077135,5.692227
P000060,60.0,0.2205724034199705,2.874588894330638,1.3934398,7.899863021219687,5.6362314
P000060,61.0,0.1676382902565046,2.71577257596663,1.3773937,7.947009947092964,5.590208
P000060,62.0,0.1531750162524463,2.5308420059076693,1.3733664,7.883666498302014,5.5794535
P000060,63.0,0.1715559122571929,2.3792363769104323,1.3802149,7.73502476644398,5.6005697
P000060,64.0,0.1947556241208054,2.2842545424470164,1.3883855,7.546009473711958,5.6255207
P000060,65.0,0.1944204033560321,2.221672995137758,1.3890073,7.351648688778335,5.628353
P000060,66.0,0.1639607773317258,2.144486696660488,1.3799825,7.157699324736262,5.6029725
P000060,67.0,0.1239798207910631,2.0246986853809843,1.3672955,6.945631125641709,5.566907
P000060,68.0,0.1069176543883127,1.880253667578916,1.3621058,6.697573793460772,5.5527763
P000060,69.0,0.1324643381337913,1.7664347568647287,1.3717053,6.421686227407247,5.5818386
P000060,70.0,0.1922665903758476,1.7378667708146691,1.3918519,6.1580272771058695,5.6416144
P000060,71.0,0.2554762599889972,1.8094904435079373,1.4112418,5.959684002046836,5.6990776
P000060,72.0,0.2910129859849389,1.9457508065109952,1.4216156,5.86259484965897,5.7301984
P000060,73.0,0.2898426818419779,2.086110920190316,1.4218984,5.866120544596078,5.731927
P000060,74.0,0.2705724034199699,2.187764230325452,1.4172816,5.938470299876712,5.719408
P000060,75.0,0.2642308728854114,2.253577889455571,1.4161332,6.0425580225078,5.716974
P000060,76.0,0.28977755663089,2.324517410717264,1.423624,6.162685669308379,5.7396183
P000060,77.0,0.3388591730047549,2.442626024800793,1.4366932,6.312043716488225,5.778401
P000060,78.0,0.3813581644992492,2.6128565921201976,1.447293,6.515673773487082,5.8099566
P000060,79.0,0.3876055686138457,2.7929408805922424,1.4492149,6.782205831433209,5.816346
P000060,80.0,0.3505633177101697,2.919360996193032,1.4410889,7.086292571994468,5.79366
P000060,81.0,0.2912830815386252,2.950265055933236,1.4267802,7.3757214215616465,5.7530947
P000060,82.0,0.243520194766757,2.8933455921502085,1.4144018,7.598664190066494,5.718136
P000060,83.0,0.2290569207626984,2.797935484183084,1.4108701,7.731366536180331,5.708786
P000060,84.0,0.2422665903758477,2.7174171935586986,1.4151506,7.786198697179434,5.72202
P000060,85.0,0.2554762599889972,2.6702820106891534,1.4193351,7.794675048264596,5.734955
P000060,86.0,0.2410129859849391,2.62907678191298,1.4158733,7.778751129585861,5.7258024
P000060,87.0,0.1932500992130716,2.545365776509615,1.4026432,7.732350591482256,5.6884756
P000060,88.0,0.1339698630415269,2.3916185852239757,1.3847711,7.627164598939907,5.637789
P000060,89.0,0.0969276121378497,2.188112581849645,1.3730507,7.43827300710536,5.604879
P000060,90.0,0.1031750162524462,1.994171254096682,1.3757672,7.170000541656383,5.6136074
P000060,91.0,0.1456740077469404,1.86989262502276,1.3902321,6.862054370361218,5.656151
P000060,92.0,0.1947556241208051,1.8367508702624755,1.4057593,6.570681019979333,5.701679
P000060,93.0,0.2203023078662842,1.8663397873364465,1.4136374,6.338278221908106,5.725151
P000060,94.0,0.2139607773317258,1.905399628985092,1.412328,6.173528987169041,5.7221994
P000060,95.0,0.1946904989097177,1.9180337652515456,1.4072554,6.056195380116719,5.7084446
P000060,96.0,0.1935201947667565,1.9131813016185275,1.4074044,5.962189840349261,5.709684
P000060,97.0,0.2290569207626977,1.936628104575967,1.4179959,5.889374762951541,5.7408566
P000060,98.0,0.2922665903758475,2.0336577983486284,1.435132,5.864140584597664,5.7907257
P000060,99.0,0.3520688426179041,2.2106629663034028,1.4499035,5.923470312703718,5.833743
P000060,100.0,0.3776155263633829,2.424916412048664,1.4560187,6.085864231615715,5.851945
P000060,101.0,0.3605533599606323,2.610573950046866,1.4525895,6.333102619564389,5.8428535
P000060,102.0,0.32057240341997,2.721748680747341,1.4436822,6.616872958552211,5.8181214
P000060,103.0,0.2901127773956636,2.7606644327649748,1.4366212,6.885754542730276,5.7986803
P000060,104.0,0.2897775566308905,2.770124426559934,1.4369252,7.112880809542412,5.8002734
P000060,105.0,0.3129772684945026,2.796365536160494,1.442987,7.304202698997913,5.8182793
P000060,106.0,0.3313581644992492,2.85060453035399,1.447705,7.481946130721437,5.832429
P000060,107.0,0.3168948904951914,2.898480575355956,1.444648,7.656542406544823,5.824417
P000060,108.0,0.2639607773317259,2.8854878731780187,1.4318948,7.808940836564891,5.78881
P000060,109.0,0.1946904989097186,2.779277245681571,1.4135134,7.897292596060627,5.737218
P000060,110.0,0.1435201947667565,2.596887004502316,1.3988204,7.883494858952969,5.696164
P000060,111.0,0.1324643381337916,2.396202033108388,1.3958373,7.759945550166741,5.6884456
P000060,112.0,0.1556640499974038,2.237780258880967,1.4033203,7.556493872625243,5.7104707
P000060,113.0,0.1847655818703421,2.1454229388313384,1.41224,7.322269166192353,5.7365427
P000060,114.0,0.191012985984939,2.094759550736765,1.4143972,7.0957778942260505,5.74339
P000060,115.0,0.1673681947028187,2.0379996087409467,1.4079549,6.885303000165257,5.7258425
P000060,116.0,0.1339698630415262,1.9457766103663896,1.3983254,6.673725027885357,5.6992784
P000060,117.0,0.1228095166481016,1.834175642343511,1.3952668,6.443380994083572,5.6913543
P000060,118.0,0.1531750162524461,1.756257423641141,1.4048779,6.201426202945377,5.719304
P000060,119.0,0.2163846858655949,1.7642135366126308,1.4231789,5.985779085337772,5.7717886
P000060,120.0,0.2813581644992482,1.8705068654914097,1.4402714,5.846400155901373,5.82078
P000060,121.0,0.316894890495191,2.037229179054523,1.4490585,5.815332358687941,5.8462496
P000060,122.0,0.3139607773317257,2.2017755188541064,1.4486489,5.887540903817757,5.845728
P000060,123.0,0.2912830815386249,2.319697728168045,1.4435425,6.026641970960348,5.831956
P000060,124.0,0.2801227351452004,2.3927598477374006,1.4411054,6.191074417657606,5.8257227
P000060,125.0,0.2997675988813527,2.461438114494394,1.4461079,6.361090215181315,5.8404536
P000060,126.0,0.3422665903758476,2.567933804429662,1.4561234,6.546532706362188,5.869279
P000060,127.0,0.3779507471281561,2.717994494013118,1.4640737,6.770028834340846,5.892254
P000060,128.0,0.3776155263633831,2.8707292800314432,1.464226,7.038892226609761,5.8932724
P000060,129.0,0.3346714554503811,2.9644864320264674,1.4551337,7.327648294296927,5.8683047
P000060,130.0,0.2705724034199702,2.9596419603671063,1.4403157,7.585155874648891,5.82728
P000060,131.0,0.2194020992770086,2.8663262529999867,1.4275,7.761784628255482,5.7919216
P000060,132.0,0.2031750162524459,2.736353921465067,1.4234138,7.836955377683703,5.781095
P000060,133.0,0.2163846858655961,2.6254639522907897,1.4272065,7.826975007002606,5.7923717
P000060,134.0,0.2313581644992493,2.5542183958306155,1.4313748,7.767788211120166,5.8046837
P000060,135.0,0.2203023078662844,2.496808004201453,1.4287252,7.685972997252563,5.797885
P000060,136.0,0.1773582369532813,2.40590209384669,1.4173269,7.579952948735138,5.7666054
P000060,137.0,0.1239798207910629,2.2544611579383425,1.4021137,7.425490246705658,5.7246857
P000060,138.0,0.0935201947667566,2.062605891429812,1.3930409,7.201029649022639,5.6999774
P000060,139.0,0.106582433623539,1.888866214165752,1.3973544,6.913325557517475,5.7127075
P000060,140.0,0.1556640499974036,1.7919637851197,1.4121535,6.60341417934806,5.7546988
P000060,141.0,0.2106474863805937,1.7915074270375226,1.4275086,6.3276800139055736,5.7981815
P000060,142.0,0.2410129859849392,1.856863725266165,1.4355607,6.12745841544651,5.821244
P000060,143.0,0.2380788728214732,1.9323356493132269,1.4350076,6.009242168140873,5.8202925
P000060,144.0,0.2205724034199699,1.9795453179696745,1.4307029,5.949624605095903,5.8088913
P000060,145.0,0.2194020992770088,2.0050757158415813,1.4305849,5.9205869456768125,5.8091555
P000060,146.0,0.2531750162524452,2.052642289050104,1.4393206,5.915565842255659,5.8340483
P000060,147.0,0.3129772684945028,2.1658850413730386,1.4536254,5.956333124207166,5.8743973
P000060,148.0,0.3679607048776928,2.3500917487676984,1.4657004,6.075375120346691,5.9085045
P000060,149.0,0.3876055686138459,2.562044513872882,1.4698546,6.287123842411176,5.9205685
P000060,150.0,0.3639607773317266,2.736055999269201,1.4651179,6.569996978455124,5.907933
P000060,151.0,0.3171649860488768,2.827033015509969,1.4551172,6.873254283290869,5.880705
P000060,152.0,0.2801227351452007,2.8385758748124945,1.4467297,7.144147654009797,5.8579836
P000060,153.0,0.2738856943711008,2.8153532509528643,1.4453816,7.355673939185917,5.854793
P000060,154.0,0.2922665903758483,2.8058293145186126,1.4498203,7.51484762172961,5.867628
P000060,155.0,0.3072400690095014,2.823658188436261,1.453363,7.646085830105742,5.877967
P000060,156.0,0.2910129859849396,2.8369603497537383,1.4497612,7.762989424488788,5.86853
P000060,157.0,0.2380788728214745,2.7935861714225823,1.4371514,7.850439631768685,5.8342037
P000060,158.0,0.1705724034199696,2.6632569377394284,1.4196153,7.871013956504685,5.7863126
P000060,159.0,0.1228095166481018,2.464654616133988,1.406235,7.791228673813077,5.7499475
P000060,160.0,0.1165724758740022,2.256768927184902,1.4045494,7.607978803046888,5.745888
P000060,161.0,0.1456740077469404,2.100648524199612,1.4130774,7.355182169806842,5.769996
P000060,162.0,0.1813581644992486,2.0199378370415118,1.4230328,7.085330998816862,5.7980056
P000060,163.0,0.1944204033560324,1.989472651004489,1.4266171,6.839359728666992,5.8084345
P000060,164.0,0.1773582369532817,1.9600860114358247,1.4221702,6.626878908622411,5.7967424
P000060,165.0,0.1498617253013152,1.9005459749830889,1.4147215,6.430905847125661,5.7768064
P000060,166.0,0.1435201947667567,1.8247103422711808,1.4130459,6.232714165829022,5.7727623
P000060,167.0,0.1772931117421946,1.7832024869136736,1.4224405,6.037268084496227,5.799138
P000062,0.0,0.095201892143972,0.5488458814209819,1.281913,0.7305240545760818,5.2198305
P000062,1.0,0.1601753707776256,0.5531526253832578,1.3103609,1.0407682822478992,5.308135
P000062,2.0,0.1939482877530632,0.595536719027389,1.3248146,1.328430753902664,5.3537884
P000062,3.0,0.1876067572185047,0.6407275493355732,1.3237534,1.6117150889368044,5.3522496
P000062,4.0,0.160110245566538,0.664114972725116,1.3144741,1.8824970318818293,5.325755
P000062,5.0,0.1430480791637877,0.6657464922859387,1.3090627,2.124373007746539,5.311015
P000062,6.0,0.1561103180205705,0.6658907934856103,1.315608,2.3319328372321397,5.3325405
P000062,7.0,0.1917944747728789,0.6856840061840518,1.3305864,2.517601138001866,5.379586
P000062,8.0,0.2208960066458174,0.7276091733207417,1.3424695,2.7017685265195364,5.4171853
P000062,9.0,0.214658965871718,0.7706700956632607,1.3414795,2.8945248516858832,5.4157734
P000062,10.0,0.16689607909985,0.7840263614511224,1.3250473,3.0836205781817387,5.3676424
P000062,11.0,0.0993896096983463,0.7489138113145691,1.2993736,3.2385572786446577,5.291601
P000062,12.0,0.0464554965348809,0.6723862295409475,1.2778814,3.328498021711675,5.2282643
P000062,13.0,0.0302284135103185,0.5825187871350769,1.2719839,3.341186881586321,5.212098
P000062,14.0,0.045201892143972,0.5086187066258199,1.2801278,3.2891839076799307,5.2383356
P000062,15.0,0.0635827881487187,0.4612270614103312,1.2895699,3.199127411071029,5.2684507
P000062,16.0,0.0573457473746194,0.4268085090631502,1.2882164,3.092353940797397,5.2659664
P000062,17.0,0.020303496470943,0.3809312865944261,1.2730887,2.971544608242716,5.2219567
P000062,18.0,0.0,0.3206733392572155,1.2651267,2.8262199081907133,5.199573
P000062,19.0,0.0,0.2633765135746542,1.2665238,2.655639879327981,5.205386
P000062,20.0,0.0,0.2163172905593497,1.2679093,2.469524363291449,5.211149
P000062,21.0,0.0244912140253172,0.1877232812051153,1.2804298,2.279623512611028,5.250387
P000062,22.0,0.0842934662673733,0.198210469483799,1.3074479,2.1079403935060883,5.3331366
P000062,23.0,0.1180663832428111,0.2436826579052352,1.3222752,1.9831204790158572,5.379156
P000062,24.0,0.1168960790998499,0.2935332742034841,1.3230107,1.9133413513373625,5.382821
P000062,25.0,0.0993896096983463,0.3268381501562377,1.3172629,1.884969579402704,5.367029
P000062,26.0,0.0964554965348808,0.3462571253800446,1.3172824,1.879213042935692,5.3685346
P000062,27.0,0.1268209961392253,0.3735473707069091,1.3303671,1.890134482888007,5.4091697
P000062,28.0,0.1818044325224158,0.4302131890817213,1.3517547,1.9303895603738075,5.474592
P000062,29.0,0.8299491850556389,0.764040005506762,1.4992561,2.0850718107536403,5.9137497
P000062,30.0,1.4420745600717804,1.5387524968715998,1.5516629,2.646781336142411,6.0571423
P000062,31.0,2.0106780702068323,2.6438558686849447,1.5720477,3.847467312984734,6.0947285
P000062,32.0,2.556362790203972,3.994174117059062,1.5814004,5.812597797668747,6.0931873
P000062,33.0,3.112481855450328,5.541366736576103,1.5864036,8.600278284404126,6.0749874
P000062,34.0,3.700489134976721,7.267362569164275,1.5893025,12.23697013709292,6.0492125
P000062,35.0,4.314525749769733,9.163161336022997,1.5909009,16.73702684094846,6.021428
P000062,36.0,3.728672283223524,10.715718997872226,1.5896089,21.97319914690018,6.0502615
P000062,37.0,3.113382064039603,11.51298614960688,1.5869617,27.35743341246014,6.080534
P000062,38.0,2.463148623737284,11.664250007043693,1.5813816,32.34525242207706,6.1049
P000062,39.0,1.7999864355475148,11.266193592654565,1.5685632,36.54273166699208,6.1026506
P000062,40.0,1.1579792284751538,10.420684080693562,1.5376084,39.68423622954174,6.033506
P000062,41.0,0.5585808715510223,9.233300266101146,1.4631886,41.61944813411926,5.8215775
P000062,42.0,0.0,7.798268712487733,1.2954912,42.29488662431508,5.3257027
P000062,43.0,0.0377008836384666,6.420381602653311,1.3126309,41.788142504577976,5.377927
P000062,44.0,0.0573457473746194,5.311251357429905,1.321712,40.42303330282536,5.406164
P000062,45.0,0.0461854009811953,4.403266327964573,1.3182423,38.49355730599241,5.397149
P000062,46.0,0.023507705188094,3.6439143091173145,1.3099322,36.20665376744468,5.3737926
P000062,47.0,0.0205735920246288,3.010317588959007,1.309762,33.71242659600582,5.3745666
P000062,48.0,0.0561103180205704,2.503394232187075,1.3253245,31.133281487881906,5.421897
P000062,49.0,0.1210837966542239,2.1273881860906534,1.351037,28.5783314644023,5.4991593
P000062,50.0,0.1842934662673735,1.86950010880824,1.373874,26.139316415710624,5.56779
P000062,51.0,0.2146589658717179,1.694460188713404,1.3845427,23.876786848280503,5.600403
P000062,52.0,0.2034986194782936,1.557786877898644,1.381818,21.811539625533417,5.5934787
P000062,53.0,0.170100287817001,1.4275289969128837,1.3717082,19.931499889001017,5.56479
P000062,54.0,0.1464554965348809,1.297996088889816,1.3645091,18.211971087290657,5.5446987
P000062,55.0,0.1527029006494773,1.1850829484578629,1.3675103,16.636616964990203,5.554657
P000062,56.0,0.1818044325224159,1.1066964911880706,1.3780704,15.205605314210512,5.586838
P000062,57.0,0.2050041443860283,1.0630302809706418,1.3863173,13.926703175397629,5.6121655
P000062,58.0,0.1939482877530632,1.0315453308469895,1.3835895,12.797692006764636,5.605215
P000062,59.0,0.1427779836101022,0.9804235732680836,1.3674371,11.7947764183439,5.5588427
P000062,60.0,0.0735077051880948,0.8903194790150607,1.3433433,10.876928729165874,5.489176
P000062,61.0,0.0205735920246289,0.7679479695075309,1.3235545,10.003897141290905,5.432192
P000062,62.0,0.0061103180205706,0.6411521102181708,1.3185744,9.155100707216548,5.41872
P000062,63.0,0.0244912140253171,0.5389991319533185,1.3269396,8.3357490099163,5.444408
P000062,64.0,0.0476909258889297,0.4716914344555286,1.3369474,7.565927858337719,5.4748683
P000062,65.0,0.0473557051241564,0.4251913943200359,1.3376741,6.861008571898855,5.478101
P000062,66.0,0.01689607909985,0.3743633089434245,1.3265426,6.218074114243312,5.446609
P000062,67.0,0.0,0.3139689432929695,1.3205674,5.620838066186135,5.430232
P000062,68.0,0.0,0.2578700363639911,1.3214419,5.061147573109685,5.4339037
P000062,69.0,0.0,0.211794692038431,1.3223071,4.5402796622642025,5.437539
P000062,70.0,0.0452018921439719,0.1925131943459548,1.3409956,4.064593705867639,5.493218
P000062,71.0,0.1084115617571215,0.2200102574738428,1.3649006,3.657471344495912,5.5640135
P000062,72.0,0.1439482877530632,0.2814872894292854,1.3777268,3.3420895186270743,5.6024003
P000062,73.0,0.1427779836101022,0.3451611444357424,1.3780406,3.119233714518135,5.6042976
P000062,74.0,0.1235077051880941,0.389095096461858,1.3722763,2.9680695285480425,5.5884986
P000062,75.0,0.1171661746535357,0.4151667057338769,1.3708181,2.862918359003707,5.5852385
P000062,76.0,0.1427128583990142,0.4446322015641316,1.3800764,2.791421576358053,5.613127
P000062,77.0,0.1917944747728791,0.498808572296915,1.3962998,2.760439824084528,5.661196
P000062,78.0,0.2342934662673735,0.5796254097444815,1.4094925,2.7854127729619,5.7003913
P000062,79.0,0.24054087038197,0.6649060375911664,1.4118581,2.871495123234,5.708142
P000062,80.0,0.2034986194782939,0.7221401255018243,1.4016752,3.0010956484412,5.6795225
P000062,81.0,0.1442183833067494,0.7305648841059488,1.3838329,3.137716345773057,5.6287365
P000062,82.0,0.0964554965348812,0.6950815025562989,1.3684597,3.2437729408063154,5.5851374
P000062,83.0,0.0819922225308226,0.6416369436253523,1.3640661,3.299570341383357,5.573363
P000062,84.0,0.095201892143972,0.5976056423920699,1.3693328,3.3097178240530005,5.589546
P000062,85.0,0.1084115617571215,0.5719443762699555,1.3744862,3.2926690648735115,5.6053767
P000062,86.0,0.0939482877530634,0.5500075043482543,1.3701766,3.2616866745563207,5.5938444
P000062,87.0,0.0461854009811959,0.5068170327486196,1.3538258,3.2118668166564173,5.5475407
P000062,88.0,0.0,0.4340163984069933,1.3370156,3.124566841764971,5.49994
P000062,89.0,0.0,0.3564678189694247,1.337702,2.99009757125736,5.5028906
P000062,90.0,0.0,0.2927753569386126,1.3383801,2.821336484111852,5.50581
P000062,91.0,0.0,0.2404632482066613,1.3390498,2.6324354669426917,5.508697
P000062,92.0,0.0476909258889294,0.2170814223656428,1.3575718,2.4390595511261632,5.563001
P000062,93.0,0.0732376096344085,0.2267021270710539,1.3672681,2.269063658155315,5.591816
P000062,94.0,0.06689607909985,0.2418210909973811,1.3656352,2.1336458578293835,5.5880127
P000062,95.0,0.047625800677842,0.243887726666619,1.3593678,2.0237547679325885,5.5708904
P000062,96.0,0.0464554965348808,0.2376961913281666,1.3595378,1.926252119428031,5.572274
P000062,97.0,0.081992222530822,0.2467534732504076,1.3725841,1.841541630385769,5.610611
P000062,98.0,0.1452018921439717,0.2938101205039378,1.3937883,1.7888756211392145,5.67227
P000062,99.0,0.2050041443860284,0.381316053309614,1.4121487,1.7951105993426022,5.7256765
P000062,100.0,0.2305508281315072,0.4866675984852534,1.4197593,1.8752735922704464,5.7482405
P000062,101.0,0.2134886617287566,0.5760103242543203,1.415458,2.019609034228944,5.7367063
P000062,102.0,0.1735077051880943,0.6264127546932581,1.4043427,2.197040464877868,5.7057047
P000062,103.0,0.1430480791637878,0.6399313562742445,1.3955531,2.3727571876139617,5.6813774
P000062,104.0,0.1427128583990147,0.6391868175076073,1.395916,2.527118184568665,5.6832104
P000062,105.0,0.1659125702626268,0.6479729380900292,1.4034297,2.662165351928138,5.705445
P000062,106.0,0.1842934662673734,0.6716559324933147,1.4092832,2.7914265760422463,5.72291
P000062,107.0,0.1698301922633157,0.6922347045159957,1.4054658,2.921292200577201,5.7127924
P000062,108.0,0.1168960790998502,0.6818398641378073,1.3896327,3.038573968465866,5.6684546
P000062,109.0,0.0476258006778428,0.6245076531342459,1.3669429,3.1141413599116325,5.60462
P000062,110.0,0.0,0.5312322110306804,1.3502374,3.120712467988861,5.557866
P000062,111.0,0.0,0.4363134396015036,1.3507485,3.0529581380346933,5.560169
P000062,112.0,0.0085993517655281,0.3618855858233844,1.3544252,2.930834115466424,5.571473
P000062,113.0,0.0377008836384664,0.3160121875427446,1.3653679,2.779775297835339,5.603411
P000062,114.0,0.0439482877530632,0.2920885842482494,1.3680179,2.6250071423692747,5.6117477
P000062,115.0,0.020303496470943,0.2651320840046039,1.3601105,2.473998096175884,5.590102
P000062,116.0,0.0,0.2255647458098224,1.3531933,2.3183008301947456,5.571284
P000062,117.0,0.0,0.1852616013365924,1.3536606,2.152861701292472,5.5734277
P000062,118.0,0.0061103180205703,0.1546687670241161,1.3563533,1.983408310836636,5.581875
P000062,119.0,0.0693199876337191,0.1578470306187581,1.3788216,1.824537616067093,5.646298
P000062,120.0,0.1342934662673725,0.2114380822031349,1.399924,1.7098674918517334,5.7067375
P000062,121.0,0.1698301922633153,0.2950248035607784,1.4108138,1.6648279363704277,5.738228
P000062,122.0,0.16689607909985,0.3761335904025621,1.4103007,1.6899766298386425,5.737479
P000062,123.0,0.1442183833067491,0.4323099849924037,1.4039664,1.7638256147531226,5.7203035
P000062,124.0,0.1330580369133246,0.4651478852383931,1.4009478,1.859830284998764,5.7124953
P000062,125.0,0.152702900649477,0.4958946623422884,1.4071407,1.964775851672704,5.7306566
P000062,126.0,0.1952018921439718,0.546151433772695,1.4195681,2.0848903726249604,5.766348
P000062,127.0,0.2308860488962804,0.6184199831117151,1.4294572,2.235393586291112,5.794846
P000062,128.0,0.2305508281315073,0.691356753082635,1.4296424,2.4217836155694084,5.796015
P000062,129.0,0.1876067572185054,0.7334984236747331,1.4183309,2.627477720434876,5.7648635
P000062,130.0,0.1235077051880944,0.725279754549169,1.3999794,2.81769724909722,5.713964
P000062,131.0,0.0723374010451328,0.6728749817415136,1.3841915,2.9572751860681823,5.67031
P000062,132.0,0.0561103180205702,0.6034982529195035,1.3791807,3.029561220916579,5.656954
P000062,133.0,0.0693199876337204,0.5457034015406841,1.3838484,3.0427144762991563,5.6707687
P000062,134.0,0.0842934662673735,0.5094620829577508,1.388982,3.019077976886247,5.6858687
P000062,135.0,0.0732376096344086,0.4809128412274037,1.3857341,2.975946457765123,5.6774616
P000062,136.0,0.0302935387214056,0.4355801890860509,1.3717711,2.9123771595498598,5.6390467
P000062,137.0,0.0,0.3693983761733813,1.3615441,2.814479717267892,5.611122
P000062,138.0,0.0,0.3033955259955233,1.3618686,2.678687193956104,5.6127615
P000062,139.0,0.0,0.2491858414420752,1.3621867,2.5166452744841394,5.6143785
P000062,140.0,0.0085993517655279,0.2081933128362088,1.3655181,2.3409226239771046,5.624417
P000062,141.0,0.063582788148718,0.2004090197252738,1.384315,2.169195988983923,5.6776304
P000062,142.0,0.0939482877530635,0.227622658340202,1.3942156,2.030528004159076,5.7059336
P000062,143.0,0.0910141745895975,0.2604428651574768,1.3935485,1.935475904175299,5.704735
P000062,144.0,0.0735077051880942,0.2790821811034107,1.3882778,1.8733471128009396,5.6907053
P000062,145.0,0.072337401045133,0.287180262070742,1.3881488,1.8286846029010648,5.69101
P000062,146.0,0.1061103180205694,0.3072496668950685,1.3988917,1.7990813812078752,5.7215695
P000062,147.0,0.1659125702626271,0.3612735535161016,1.4165387,1.8007017792500672,5.77128
P000062,148.0,0.2208960066458171,0.4512131295320231,1.4314992,1.8572668818251343,5.8134575
P000062,149.0,0.2405408703819702,0.5542874510391704,1.4366624,1.98085081741578,5.8283763
P000062,150.0,0.2168960790998508,0.6367878941690799,1.4307914,2.1591425562393463,5.8126507
P000062,151.0,0.170100287817001,0.676241568318028,1.4184246,2.3590932506522884,5.778926
P000062,152.0,0.133058036913325,0.6754447513626718,1.4080946,2.544646970395192,5.750883
P000062,153.0,0.1268209961392251,0.6579885063952534,1.4064507,2.695737606732068,5.746937
P000062,154.0,0.1452018921439726,0.6488012394164105,1.4119306,2.8148379195666924,5.7627172
P000062,155.0,0.1601753707776256,0.6544705154463586,1.4163113,2.91673901436249,5.775436
P000062,156.0,0.1439482877530638,0.6582199637703487,1.4118884,3.009845580428125,5.763791
P000062,157.0,0.0910141745895988,0.6333247198414088,1.3964195,3.0836016547928184,5.7216225
P000062,158.0,0.0235077051880939,0.5648072614414884,1.3750308,3.111951030110763,5.663122
P000062,159.0,0.0,0.4729268178566678,1.3672714,3.0731562771024,5.6423235
P000062,160.0,0.0,0.3884258565166703,1.3674648,2.972251453923493,5.6435127
P000062,161.0,0.0,0.3190232406241661,1.3676524,2.8277030815186093,5.644683
P000062,162.0,0.0342934662673729,0.2761031805358694,1.3793013,2.659495933961415,5.6774673
P000062,163.0,0.0473557051241566,0.2593996094224369,1.3836944,2.493766423896812,5.6902013
P000062,164.0,0.0302935387214059,0.2436960393955068,1.3783104,2.3403493769855577,5.675989
P000062,165.0,0.0027970270694395,0.2129479798402708,1.3692985,2.190831308909869,5.6517973
P000062,166.0,0.0,0.1759744575709078,1.3685088,2.0349253408751964,5.6502595
P000062,167.0,0.0302284135103189,0.1569446360626512,1.3787303,1.877979990005309,5.6790085
P000072,0.0,0.2902614776319896,1.045275030264012,1.3563802,1.1221756292909393,5.4463987
P000072,1.0,0.3552349562656431,1.1951144736478785,1.3781583,1.383856411317802,5.5142097
P000072,2.0,0.3890078732410807,1.3690605326835317,1.3892155,1.6717286597147107,5.5493555
P000072,3.0,0.3826663427065223,1.5041624838480736,1.3885174,1.9787135801550264,5.5488143
P000072,4.0,0.3551698310545556,1.567486529024546,1.3815942,2.2795347860512267,5.529402
P000072,5.0,0.3381076646518052,1.5763062179146736,1.3775921,2.549687811751388,5.5188417
P000072,6.0,0.3511699035085881,1.5807213079338551,1.382659,2.7821358992575163,5.535739
P000072,7.0,0.3868540602608964,1.6221002037266272,1.3940909,2.9895487856899683,5.571849
P000072,8.0,0.6627013416908707,1.9003479845049216,1.4584928,3.217558714858171,5.7670107
P000072,9.0,0.9032100504738068,2.478958111092174,1.4963033,3.582135673170537,5.8798523
P000072,10.0,1.1021929132589745,3.199241473952344,1.518693,4.144721639070543,5.944897
P000072,11.0,1.2814321934145063,3.968529780065341,1.5339015,4.910193770245714,5.987315
P000072,12.0,1.4752438298080768,4.76841247872963,1.5463855,5.862385647403189,6.0197835
P000072,13.0,1.70576249634055,5.629078807518686,1.5573325,6.991241967014643,6.0447516
P000072,14.0,1.967481724531239,6.5819608036363775,1.5662172,8.301424525261123,6.060393
P000072,15.0,2.232608370093021,7.621454726426665,1.5726461,9.80247736594125,6.0668907
P000072,16.0,1.9796255797618865,8.298273473855167,1.5671511,11.438643839259582,6.064936
P000072,17.0,1.6958375793011746,8.338848826521794,1.5583708,12.968423423514851,6.0530195
P000072,18.0,1.40229603846129,7.9243530738428865,1.5448396,14.203292731643815,6.0247865
P000072,19.0,1.1319054976221343,7.217704017646692,1.5261378,15.04524300967684,5.9775095
P000072,20.0,0.9048046118012512,6.3676339305572895,1.5034215,15.469385578701072,5.9149075
P000072,21.0,0.7130422986274061,5.481377794253887,1.4770777,15.503526627986652,5.8393745
P000072,22.0,0.5260988013124267,4.600023241552859,1.4426687,15.199644950570534,5.738591
P000072,23.0,0.3131259687308286,3.7041235876547054,1.3892825,14.60536391607406,5.5802226
P000072,24.0,0.3119556645878675,2.9528932766243967,1.3899221,13.77492863593574,5.583481
P000072,25.0,0.2944491951863638,2.4357405191312163,1.3856521,12.82847977302276,5.5720277
P000072,26.0,0.2915150820228984,2.0752863666867176,1.3857479,11.852843497264862,5.573643
P000072,27.0,0.3218805816272428,1.857106227623165,1.3957264,10.907095820394296,5.604801
P000072,28.0,0.3768640180104334,1.7778006700131503,1.4119132,10.040421584959098,5.654432
P000072,29.0,0.4259456343842979,1.804003270114581,1.4253366,9.28888214303938,5.6957045
P000072,30.0,0.4390078732410808,1.8671080800813715,1.429342,8.663562336902512,5.708853
P000072,31.0,0.4085482472167744,1.893708503489795,1.4226844,8.14577842866402,5.6902533
P000072,32.0,0.3551698310545557,1.8462296465230472,1.4096019,7.697540677935168,5.6525183
P000072,33.0,0.3122257601415532,1.741453217832828,1.3984718,7.2825340303668495,5.620596
P000072,34.0,0.3011699035085882,1.6318455173577786,1.3961618,6.883990145150436,5.61495
P000072,35.0,0.3161433821422416,1.562953544916246,1.4013731,6.50749971406048,5.6316843
P000072,36.0,0.3293530517553911,1.5383554198036569,1.4059632,6.16768330279908,5.6465406
P000072,37.0,0.3131259687308288,1.5180705123184597,1.4022558,5.8694457224733405,5.636718
P000072,38.0,0.2619556645878677,1.4511910998102635,1.3880339,5.598347809884541,5.5956535
P000072,39.0,0.1978566125574571,1.3177504828505555,1.3684244,5.3275455879372045,5.5385933
P000072,40.0,0.1549125416444545,1.147898384011397,1.354574,5.0360896647555045,5.498676
P000072,41.0,0.1545773208796813,1.0035545485565724,1.3554347,4.724671483422918,5.5024786
P000072,42.0,0.1902614776319895,0.9359870173716442,1.3686986,4.4167014120402746,5.5430775
P000072,43.0,0.2327604691264842,0.9509249294226504,1.3834248,4.143552840368881,5.587942
P000072,44.0,0.252405332862637,1.0071911274494472,1.3903797,3.924662911405246,5.6097136
P000072,45.0,0.2412449864692128,1.0496619903516362,1.3878083,3.757017478865073,5.6032553
P000072,46.0,0.2185672906761116,1.0515876756174705,1.3815517,3.621476569920684,5.5858946
P000072,47.0,0.2156331775126463,1.0343399228537808,1.3814797,3.5007411049433443,5.586834
P000072,48.0,0.251169903508588,1.0497374663950478,1.3933544,3.3950494082768,5.623068
P000072,49.0,0.3161433821422415,1.13836186500711,1.4128232,3.323479674771483,5.681642
P000072,50.0,0.3793530517553911,1.2954314425564597,1.4300067,3.309670522258101,5.73335
P000072,51.0,0.4097185513597354,1.4701721559638148,1.4380307,3.362614497471382,5.7579966
P000072,52.0,0.3985582049663111,1.599446119863523,1.4360569,3.46700375955922,5.753214
P000072,53.0,0.3651598733050186,1.650627818404649,1.4285603,3.5905256872687064,5.732195
P000072,54.0,0.3415150820228985,1.64175888231604,1.4232242,3.70284389944257,5.717531
P000072,55.0,0.3477624861374949,1.6241048242084275,1.425528,3.7922853289050575,5.725321
P000072,56.0,0.3768640180104334,1.6405114973176171,1.4334829,3.8680433968022414,5.7496796
P000072,57.0,0.4000637298740459,1.6911266848826665,1.4396918,3.946649449088536,5.7688737
P000072,58.0,0.3890078732410808,1.7324363411579995,1.4377105,4.033317512678096,5.764043
P000072,59.0,0.3378375690981197,1.7103992330663096,1.4256828,4.112605296391619,5.729774
P000072,60.0,0.2685672906761123,1.6027038141264,1.4076078,4.155768848825264,5.677783
P000072,61.0,0.2156331775126464,1.438220511787156,1.3926675,4.1395433736325336,5.6349974
P000072,62.0,0.2011699035085881,1.278820758913748,1.3889234,4.062385403887319,5.6250515
P000072,63.0,0.2195507995133347,1.1770108508685322,1.3953235,3.946017509340128,5.6448183
P000072,64.0,0.2427505113769472,1.1409953081870303,1.4029515,3.821073278004047,5.6681457
P000072,65.0,0.2424152906121739,1.1331641420876073,1.4035432,3.7075045661168207,5.670863
P000072,66.0,0.2119556645878676,1.1028251964109184,1.3951426,3.604258364802898,5.647293
P000072,67.0,0.1719747080472049,1.028232822248487,1.3833165,3.495668224653539,5.6137304
P000072,68.0,0.1549125416444545,0.9360016235202138,1.3784809,3.36935878057015,5.6006117
P000072,69.0,0.1804592253899331,0.8830792346287728,1.387454,3.2317586405521683,5.6278057
P000072,70.0,0.2402614776319894,0.9147157366421356,1.4062521,3.109112808476272,5.683599
P000072,71.0,0.3034711472451391,1.0300215259145025,1.4243174,3.032828911963441,5.7371516
P000072,72.0,0.3390078732410807,1.181074333762829,1.4339771,3.0198398086211955,5.7661567
P000072,73.0,0.3378375690981198,1.3063543363355818,1.4342515,3.0624931502508925,5.7678394
P000072,74.0,0.3185672906761117,1.373510718969864,1.4299695,3.135398513574624,5.75628
P000072,75.0,0.3122257601415533,1.3994981476718105,1.4289122,3.2139997236675004,5.7540903
P000072,76.0,0.3377724438870318,1.4332078564999546,1.4358892,3.29092224419649,5.7752104
P000072,77.0,0.3868540602608966,1.5139860947348218,1.4480448,3.377930037491057,5.8112993
P000072,78.0,0.429353051755391,1.637594332292259,1.4578979,3.4922618920336763,5.84065
P000072,79.0,0.4356004558699876,1.7555445034781192,1.4596925,3.6379623928418696,5.846651
P000072,80.0,0.3985582049663115,1.8085726751725748,1.4521592,3.796652187020107,5.8256803
P000072,81.0,0.339277968794767,1.7692518760850595,1.4388745,3.935108190580908,5.788084
P000072,82.0,0.2915150820228988,1.661793016528171,1.427371,4.024371452767059,5.755651
P000072,83.0,0.2770518080188402,1.5441814747980538,1.4240928,4.056396096923657,5.7470155
P000072,84.0,0.2902614776319895,1.4660757934797437,1.4280858,4.046053226107563,5.75939
P000072,85.0,0.3034711472451391,1.4340651191382208,1.4319875,4.017256615277635,5.7714825
P000072,86.0,0.2890078732410809,1.4102665578194515,1.4287751,3.983839746016839,5.7630315
P000072,87.0,0.2412449864692135,1.3450761183174569,1.4164636,3.9396597933711743,5.7283454
P000072,88.0,0.1819647502976687,1.2191232323589638,1.399806,3.865344635872236,5.6811523
P000072,89.0,0.1449224993939915,1.0625226438304125,1.3888683,3.746457402415976,5.650484
P000072,90.0,0.151169903508588,0.9366086586601065,1.3914111,3.589156274693877,5.658682
P000072,91.0,0.1936688950030822,0.8916056172419708,1.4049191,3.421230853634423,5.6984286
P000072,92.0,0.2427505113769469,0.9318467759424212,1.4194014,3.277347858295249,5.7409115
P000072,93.0,0.268297195122426,1.0145253977913784,1.4267457,3.1791956921728186,5.7628183
P000072,94.0,0.2619556645878676,1.0827812475144964,1.4255326,3.125053410687366,5.7601223
P000072,95.0,0.2426853861658595,1.1081496127600017,1.4208136,3.0962366281693567,5.747363
P000072,96.0,0.2415150820228983,1.110432944216157,1.4209583,3.0752154033367,5.748566
P000072,97.0,0.2770518080188395,1.1401378712331909,1.4308286,3.0614850066985664,5.7776394
P000072,98.0,0.3402614776319893,1.2368835625124022,1.4467773,3.0730565055850514,5.82407
P000072,99.0,0.400063729874046,1.395343332538092,1.4605093,3.1323689845632394,5.864076
P000072,100.0,0.4256104136195248,1.5646540413440937,1.4661944,3.2472675169267373,5.8810215
P000072,101.0,0.4085482472167742,1.6820516200963886,1.4630175,3.4015156284572736,5.8726397
P000072,102.0,0.3685672906761119,1.7157224288205182,1.4547496,3.5622304963267,5.8497276
P000072,103.0,0.3381076646518054,1.6849031204021845,1.4481921,3.698968505453947,5.8317122
P000072,104.0,0.3377724438870323,1.6423562143944108,1.4484804,3.800476122241646,5.8332405
P000072,105.0,0.3609721557506444,1.6326247225173671,1.4541211,3.876913045024271,5.850021
P000072,106.0,0.379353051755391,1.6576382033256094,1.4585111,3.9462995270884127,5.863212
P000072,107.0,0.3648897777513332,1.6756276609327343,1.4556758,4.0157955226434,5.8558173
P000072,108.0,0.3119556645878678,1.6341413197037469,1.443821,4.072259873298206,5.8227577
P000072,109.0,0.2426853861658604,1.5121932162428244,1.4267075,4.089474594609964,5.7747645
P000072,110.0,0.1915150820228983,1.3396251751286727,1.4130065,4.046776259010228,5.7365174
P000072,111.0,0.1804592253899334,1.1788596577966817,1.4102237,3.9451403867716,5.7293444
P000072,112.0,0.2036589372535456,1.082496078963277,1.4172096,3.808571224534418,5.7499275
P000072,113.0,0.2327604691264839,1.0583678307427975,1.4255314,3.6696056005925417,5.774273
P000072,114.0,0.2390078732410808,1.068054844871603,1.4275446,3.549602803443168,5.7806883
P000072,115.0,0.2153630819589606,1.0596711435173078,1.4215388,3.448336118405233,5.764358
P000072,116.0,0.181964750297668,1.00997487308133,1.4125526,3.3503370258754277,5.7395983
P000072,117.0,0.1708044039042435,0.9438840151235248,1.4096961,3.242794034318058,5.7322245
P000072,118.0,0.2011699035085879,0.916564787009042,1.4186711,3.1311019819141026,5.758342
P000072,119.0,0.2643795731217367,0.9715224593745532,1.435739,3.0399506520093182,5.807308
P000072,120.0,0.32935305175539,1.1062781311353838,1.4516563,2.998781915470292,5.8529515
P000072,121.0,0.3648897777513328,1.2715840574492594,1.4598324,3.02229052998565,5.8766723
P000072,122.0,0.3619556645878675,1.4049490887907947,1.4594543,3.1004698573222,5.8762217
P000072,123.0,0.3392779687947667,1.4734714296790423,1.4547071,3.2056225505359817,5.863447
P000072,124.0,0.3281176224013422,1.494012658677604,1.4524415,3.3110927641915477,5.8576794
P000072,125.0,0.3477624861374945,1.5158351595918456,1.457098,3.407758928300763,5.871415
P000072,126.0,0.3902614776319894,1.5790952754356793,1.4664137,3.5061116351010284,5.898248
P000072,127.0,0.425945634384298,1.68074830732182,1.4738038,3.6226784346247674,5.919626
P000072,128.0,0.4256104136195249,1.7738024006107524,1.473948,3.7614047251723233,5.920606
P000072,129.0,0.382666342706523,1.800690248795942,1.4655001,3.9044320229754073,5.897438
P000072,130.0,0.318567290676112,1.735766300466682,1.4517148,4.019643740846229,5.8592987
P000072,131.0,0.2673969865331504,1.604986278266327,1.4397752,4.079698563295169,5.8263826
P000072,132.0,0.2511699035085877,1.4679248591992575,1.4359646,4.07856993496107,5.816308
P000072,133.0,0.264379573121738,1.3755660628580215,1.439501,4.033413027978346,5.826844
P000072,134.0,0.2793530517553911,1.3354703620483326,1.4433863,3.970535358058956,5.838342
P000072,135.0,0.2682971951224262,1.3103058440130395,1.4409153,3.906111186997386,5.8320236
P000072,136.0,0.2253531242094231,1.2505616052418618,1.4302797,3.836126415951809,5.8028593
P000072,137.0,0.1719747080472047,1.1364959278838762,1.4160643,3.742980892530482,5.7637124
P000072,138.0,0.1415150820228984,0.9974134622051992,1.407573,3.61353251520322,5.7406116
P000072,139.0,0.1545773208796808,0.8934546830128223,1.4116054,3.454669069053688,5.7525287
P000072,140.0,0.2036589372535454,0.8733477196965296,1.4254386,3.2942951024343285,5.791793
P000072,141.0,0.2586423736367356,0.9397292020431854,1.4397721,3.1665699910353897,5.832402
P000072,142.0,0.289007873241081,1.0480109732254004,1.4472799,3.092087249290246,5.853926
P000072,143.0,0.2860737600776151,1.1395879856531397,1.4467628,3.067518259048608,5.853056
P000072,144.0,0.2685672906761118,1.1844062282764647,1.4427459,3.07216786242068,5.842436
P000072,145.0,0.2673969865331506,1.2009426747828582,1.4426336,3.08622938581365,5.8426957
P000072,146.0,0.301169903508587,1.2387326282863105,1.4507787,3.106810655355072,5.8659267
P000072,147.0,0.3609721557506447,1.3368442762942427,1.4641042,3.149587361673249,5.9035378
P000072,148.0,0.4159555921338347,1.4898578455972658,1.4753399,3.2348745004837487,5.935299
P000072,149.0,0.4356004558699877,1.6472813458082052,1.4792025,3.3687491556734885,5.946539
P000072,150.0,0.4119556645878684,1.747160801714267,1.474797,3.533683498779716,5.9348073
P000072,151.0,0.3651598733050186,1.758876404462901,1.465488,3.696068034597624,5.9094796
P000072,152.0,0.3281176224013425,1.7031610179443504,1.4576724,3.825346716002355,5.8883233
P000072,153.0,0.3218805816272426,1.6344737882914573,1.4564135,3.9107755114482696,5.885361
P000072,154.0,0.3402614776319901,1.5991391470818823,1.4605479,3.963610860903003,5.897339
P000072,155.0,0.3552349562656431,1.6008314651859887,1.4638464,4.00348228108828,5.906986
P000072,156.0,0.3390078732410814,1.599371045415618,1.4604876,4.039561862846023,5.898203
P000072,157.0,0.2860737600776163,1.5436315891366097,1.4487238,4.060986351026456,5.8661914
P000072,158.0,0.2185672906761115,1.4135984591894133,1.4323373,4.043926210453922,5.821452
P000072,159.0,0.1708044039042437,1.2396644613466372,1.4198103,3.97005425264858,5.7874236
P000072,160.0,0.164567363130144,1.0843451447373775,1.4182248,3.8424708268297634,5.783619
P000072,161.0,0.1936688950030822,0.9998687744990772,1.4262035,3.686948804189788,5.806188
P000072,162.0,0.2293530517553904,0.9932586491248608,1.4355109,3.5373169123448887,5.832391
P000072,163.0,0.2424152906121742,1.0249008692291814,1.4388564,3.415661579951509,5.8421426
P000072,164.0,0.2253531242094235,1.0414132459751162,1.4346921,3.3218689258205942,5.831209
P000072,165.0,0.1978566125574571,1.017857299184266,1.4277158,3.239961272817568,5.812551
P000072,166.0,0.1915150820228985,0.9773695905589984,1.4261396,3.156030683438977,5.8087606
P000072,167.0,0.2252879989983364,0.973371525148656,1.4349265,3.0738629861689453,5.833445
P000082,0.0,0.0652881447724658,0.6435009714456793,1.2686589,0.5032264260914467,5.179496
P000082,1.0,0.1302616234061194,0.5292393313586967,1.2982397,0.827415555307278,5.2712708
P000082,2.0,0.164034540381557,0.4856454679480584,1.3132753,1.0695311583068736,5.318717
P000082,3.0,0.1576930098469984,0.464476590711905,1.3121507,1.267770748414487,5.317006
P000082,4.0,0.1301964981950317,0.4362021343922698,1.3024662,1.4300207427481824,5.289299
P000082,5.0,0.1131343317922814,0.3995524335793333,1.296813,1.5533718790136466,5.2738447
P000082,6.0,0.1261965706490643,0.3728910456266712,1.3036103,1.641897846391181,5.296157
P000082,7.0,0.1618807274013726,0.3731816076612315,1.3191977,1.712110446020791,5.345073
P000082,8.0,0.1909822592743111,0.3979071576506444,1.331568,1.7841048587800858,5.3841743
P000082,9.0,0.1847452185002117,0.4232343385542617,1.3305178,1.8667052664321404,5.3825984
P000082,10.0,0.1369823317283437,0.4195770629560891,1.3133724,1.949090962695756,5.332322
P000082,11.0,0.0694758623268401,0.3726626997910034,1.2866225,2.006237914766144,5.2530403
P000082,12.0,0.0165417491633746,0.2940809297974193,1.264255,2.01489229819635,5.187075
P000082,13.0,0.0003146661388122,0.2132167837175975,1.2581103,1.9686756963312384,5.170183
P000082,14.0,0.0152881447724658,0.1564787342120283,1.2665579,1.8814061200188288,5.1973634
P000082,15.0,0.0336690407772125,0.1292874988902915,1.2763591,1.7764338103306918,5.228587
P000082,16.0,0.1817360279635358,0.1764384503227312,1.3380706,1.6843444819559243,5.416281
P000082,17.0,0.2989978050202821,0.309991813520425,1.3788302,1.6646371558921549,5.540511
P000082,18.0,0.406506041697856,0.4894417181757495,1.4105647,1.750860674560408,5.6372766
P000082,19.0,0.5371652783761585,0.7070669531770544,1.4425819,1.957548918515328,5.734459
P000082,20.0,0.7111141700727338,0.977338393483496,1.4760649,2.30112595439286,5.835136
P000082,21.0,0.920401634416347,1.3144572555748015,1.5058715,2.807063416250541,5.923189
P000082,22.0,1.134507914618826,1.7132694249113165,1.5278397,3.501763074425379,5.985999
P000082,23.0,1.3225848595546863,2.14676879887635,1.5421002,4.397824496282677,6.0247936
P000082,24.0,1.4757185833721478,2.581285026403001,1.5511825,5.4854464761022825,6.0480623
P000082,25.0,1.6125161419310667,2.9974108981884915,1.5578005,6.737503191405709,6.0638094
P000082,26.0,1.763886056728024,3.400607267964628,1.5637534,8.125166946058837,6.076322
P000082,27.0,1.948555584292791,3.813346760641218,1.5694761,9.63278949722195,6.085853
P000082,28.0,2.1578430486364044,4.25466711329142,1.5744557,11.261200530854378,6.090992
P000082,29.0,2.361228692970692,4.722559559341508,1.5781937,13.01726266018948,6.0918894
P000082,30.0,2.528594959787897,5.192528400650167,1.5806856,14.897872960684468,6.090602
P000082,31.0,2.652439361724013,5.633502721804294,1.582289,16.880805996173414,6.0889964
P000082,32.0,2.444756917601372,5.904743585328208,1.5800002,18.901324665572297,6.095627
P000082,33.0,2.2475088187279466,5.941862515731427,1.5772321,20.80483371432788,6.099706
P000082,34.0,2.082148934134559,5.830654818283936,1.5743499,22.479784704101725,6.101081
P000082,35.0,1.94281838480779,5.636880933534601,1.5714197,23.87664030711462,6.100424
P000082,36.0,1.8017240264605168,5.393556672100427,1.5678205,24.983563064192847,6.0973325
P000082,37.0,1.6311929154755316,5.102822017702729,1.5623381,25.800640675123248,6.0892158
P000082,38.0,1.4257185833721475,4.754050257254034,1.553592,26.32374368977172,6.0716023
P000082,39.0,1.2073155033813148,4.346662158311481,1.5408216,26.544391092089217,6.0408945
P000082,40.0,1.0100674045078897,3.901883186610481,1.525038,26.461680882235644,5.9992037
P000082,41.0,0.8554281557826936,3.455528483958178,1.5088987,26.094437094285407,5.954652
P000082,42.0,0.7368082845745791,3.0378554877222106,1.4936962,25.48235669366528,5.911853
P000082,43.0,0.6250032481086509,2.65603906848883,1.4765542,24.673756395446937,5.8629084
P000082,44.0,0.4903440838843811,2.2927049878381465,1.4513605,23.70796931242513,5.789947
P000082,45.0,0.3248797095305343,1.921778778129871,1.4121215,22.60471792104694,5.6751876
P000082,46.0,0.1478979857770104,1.529823618637142,1.3578424,21.367716622298715,5.5157156
P000082,47.0,0.0,1.1306594500742193,1.3010175,20.000042371359577,5.3486633
P000082,48.0,0.0261965706490642,0.8070546236260662,1.3131557,18.5325132639092,5.3858805
P000082,49.0,0.0911700492827177,0.6146831782883437,1.339936,17.051299642801755,5.46634
P000082,50.0,0.1543797188958673,0.5279381554629737,1.3637507,15.636559908934188,5.5378957
P000082,51.0,0.1847452185002117,0.5017220728314554,1.3748803,14.336013305165045,5.5718946
P000082,52.0,0.1735848721067873,0.4896306541251264,1.3720248,13.161354063379772,5.564599
P000082,53.0,0.1401865404454948,0.4636441064838963,1.3614607,12.097816439656942,5.5345807
P000082,54.0,0.1165417491633746,0.4238368849025162,1.3539393,11.123131326567105,5.513552
P000082,55.0,0.122789153277971,0.389844422052684,1.3570614,10.224886482210612,5.5238886
P000082,56.0,0.1518906851509096,0.3798743406217055,1.3680737,9.405651224134814,5.5574255
P000082,57.0,0.1750903970145221,0.3926333034574,1.3766758,8.67384183548599,5.5838223
P000082,58.0,0.164034540381557,0.4054728533390632,1.3738182,8.028612328377182,5.576505
P000082,59.0,0.1128642362385959,0.3899181342846189,1.3569508,7.451234350486738,5.528036
P000082,60.0,0.0435939578165885,0.3326906172903083,1.3318236,6.910292207127482,5.4553356
P000082,61.0,0.0,0.2499791860648971,1.3151188,6.378264247496,5.4074144
P000082,62.0,0.0,0.1760968391387771,1.316051,5.848755644174065,5.411312
P000082,63.0,0.0,0.1240507149527953,1.3169734,5.33403397844098,5.415172
P000082,64.0,0.0177771785174234,0.0945572543434765,1.3251348,4.846175780972808,5.4402447
P000082,65.0,0.0174419577526502,0.0800137929870914,1.3258855,4.3962252445037615,5.443568
P000082,66.0,0.0,0.0626136078183434,1.3196833,3.983664699629955,5.426523
P000082,67.0,0.0,0.0441079059319076,1.3205674,3.601604033657001,5.430232
P000082,68.0,0.0,0.0310716381547981,1.3214419,3.2493219397537594,5.4339037
P000082,69.0,0.0,0.0218882913896011,1.3223071,2.9267085352255457,5.437539
P000082,70.0,0.0152881447724656,0.021585419547859,1.3293159,2.63418204636155,5.4591103
P000082,71.0,0.0784978143856152,0.0523436204727238,1.3542204,2.380569214313532,5.5328617
P000082,72.0,0.1140345403815569,0.1109879700903172,1.367593,2.184760873909499,5.572871
P000082,73.0,0.1128642362385959,0.1645579963958637,1.3679144,2.0477769371434538,5.5748086
P000082,74.0,0.0935939578165879,0.194103502219189,1.3618948,1.9525500790558328,5.55828
P000082,75.0,0.0872524272820295,0.2054557632428153,1.3603687,1.879521587352155,5.5548396
P000082,76.0,0.112799111027508,0.2214850651965887,1.3700216,1.8215891515774276,5.5839005
P000082,77.0,0.1618807274013728,0.261724914119801,1.3869519,1.7875244554505123,5.6340523
P000082,78.0,0.2043797188958672,0.3247956487300044,1.4007287,1.7916689073575658,5.6749682
P000082,79.0,0.2106271230104638,0.3869697566634138,1.4031951,1.838074076430453,5.683028
P000082,80.0,0.1735848721067877,0.4180654859822842,1.3925493,1.911464614833469,5.6530743
P000082,81.0,0.1143046359352432,0.4027911364792368,1.3739157,1.9822834118069808,5.6
P000082,82.0,0.066541749163375,0.3515306767009923,1.3578765,2.0224776494355687,5.554479
P000082,83.0,0.0520784751593164,0.2924768129048274,1.3532932,2.020578402910877,5.5421696
P000082,84.0,0.0652881447724657,0.2510233643618036,1.358779,1.98511750614221,5.5590115
P000082,85.0,0.0784978143856153,0.2318817023961898,1.3641486,1.9341443682955848,5.575489
P000082,86.0,0.0640345403815571,0.2172959208624025,1.3596518,1.878989490529224,5.56343
P000082,87.0,0.0162716536096896,0.1825752449464743,1.3426125,1.8146557626720143,5.5151424
P000082,88.0,0.0,0.134443376387733,1.3370156,1.7280708884129934,5.49994
P000082,89.0,0.0,0.094708099493045,1.337702,1.621242007954342,5.5028906
P000082,90.0,0.0,0.0667167423980504,1.3383801,1.5037634324552127,5.50581
P000082,91.0,0.0,0.0469983426975502,1.3390498,1.3831966210884017,5.508697
P000082,92.0,0.0177771785174231,0.040278018476333,1.3465033,1.2660396053531964,5.531122
P000082,93.0,0.0433238622629022,0.0522161752435834,1.3566017,1.1629194747041731,5.561123
P000082,94.0,0.0369823317283438,0.0672197344598812,1.3548987,1.0810540254728078,5.557135
P000082,95.0,0.0177120533063357,0.0677447645550377,1.3483694,1.0130968495302377,5.5392723
P000082,96.0,0.0165417491633745,0.0607394229855932,1.3485448,0.9490281993526776,5.5406923
P000082,97.0,0.0520784751593157,0.0697186375874803,1.3621345,0.8908684285061993,5.58062
P000082,98.0,0.1152881447724655,0.1142691914311687,1.3842432,0.8557875394841638,5.6449065
P000082,99.0,0.1750903970145221,0.1924167342564546,1.4034083,0.8654681582196665,5.700646
P000082,100.0,0.2006370807600009,0.2791943111434717,1.4113564,0.9299311253465776,5.7241945
P000082,101.0,0.1835749143572503,0.3425941538325662,1.4068594,1.0382371953250933,5.7121134
P000082,102.0,0.143593957816588,0.3650178948503596,1.3952491,1.1633526145859912,5.6797066
P000082,103.0,0.1131343317922816,0.3542063357471775,1.3860745,1.2778568517049875,5.65429
P000082,104.0,0.1127991110275085,0.3355434544770472,1.3864515,1.3690557947047546,5.6561804
P000082,105.0,0.1359988228911206,0.3316337177111737,1.3942907,1.4425457355430795,5.6793637
P000082,106.0,0.1543797188958672,0.3446040496402311,1.4003987,1.5119836580930042,5.6975756
P000082,107.0,0.1399164448918094,0.3544919159736084,1.3964124,1.5831954225084863,5.6869893
P000082,108.0,0.086982331728344,0.3349258479253296,1.3798938,1.6449810226770758,5.6407056
P000082,109.0,0.0177120533063366,0.2742407050316156,1.3562531,1.6738729829014751,5.5741606
P000082,110.0,0.0,0.1995327362091827,1.3502374,1.6525892399385542,5.557866
P000082,111.0,0.0,0.1405600390347161,1.3507485,1.589389252374859,5.560169
P000082,112.0,0.0,0.0990169580631033,1.3512523,1.5004161524468025,5.5624456
P000082,113.0,0.0077871362669601,0.0728929538566562,1.3546178,1.398649405987318,5.572853
P000082,114.0,0.014034540381557,0.0597993993483274,1.3573775,1.2951235135703945,5.581523
P000082,115.0,0.0,0.0471530240523239,1.3527193,1.1950426977328488,5.5691137
P000082,116.0,0.0,0.0332167594516981,1.3531933,1.096006816290318,5.571284
P000082,117.0,0.0,0.0233994135190062,1.3536606,0.999671916382799,5.5734277
P000082,118.0,0.0,0.0164836233898626,1.3541205,0.9080171996398516,5.575546
P000082,119.0,0.0394062402622129,0.0275058835211619,1.3686337,0.8257659601325988,5.617458
P000082,120.0,0.1043797188958662,0.0755932363346581,1.390625,0.7710777970734877,5.6804442
P000082,121.0,0.139916444891809,0.1470768849059795,1.4019847,0.7632248663011086,5.7132826
P000082,122.0,0.1369823317283437,0.2089800916767309,1.4014494,0.8014356853218756,5.7124877
P000082,123.0,0.1143046359352429,0.2423896828517941,1.3948426,0.867040910757562,5.6945553
P000082,124.0,0.1031442895418184,0.2532997336387887,1.3916962,0.9391101228851142,5.6864004
P000082,125.0,0.1227891532779707,0.2649108516325749,1.398155,1.009473173533198,5.7053304
P000082,126.0,0.1652881447724656,0.2972690996141801,1.4111221,1.0862217243621706,5.7425623
P000082,127.0,0.2009723015247742,0.3496808999184854,1.421447,1.1834817642293465,5.7723036
P000082,128.0,0.200637080760001,0.3992500671182505,1.4216409,1.305610385195734,5.77351
P000082,129.0,0.1576930098469992,0.4167277784366446,1.4098327,1.4381853307044503,5.7409744
P000082,130.0,0.0935939578165881,0.3878024540479068,1.3906956,1.553041644389523,5.6878757
P000082,131.0,0.0424236536736266,0.3238250378752918,1.374253,1.6240123290728938,5.6423874
P000082,132.0,0.0261965706490639,0.2538807176340151,1.3690407,1.6419272811301011,5.628477
P000082,133.0,0.0394062402622141,0.2041236834245561,1.3739023,1.617918840473502,5.6428576
P000082,134.0,0.0543797188958673,0.1798440061021027,1.3792498,1.5728037513337318,5.658579
P000082,135.0,0.0433238622629024,0.1636449605148098,1.3758717,1.5206972648996318,5.6498213
P000082,136.0,0.0003797913498993,0.130952076908662,1.3613482,1.4592506129588172,5.609839
P000082,137.0,0.0,0.0923847197055811,1.3615441,1.3786733328193634,5.611122
P000082,138.0,0.0,0.0650800467869801,1.3618686,1.2852764265475565,5.6127615
P000082,139.0,0.0,0.0458453790117378,1.3621867,1.186650897700055,5.6143785
P000082,140.0,0.0,0.032295594125946,1.3624983,1.0877742862831044,5.6159735
P000082,141.0,0.0336690407772117,0.0363305286914595,1.3744183,0.994886659312022,5.649994
P000082,142.0,0.0640345403815572,0.0634817215259444,1.3847268,0.9226476662326328,5.6794605
P000082,143.0,0.0611004272180912,0.0923026248966553,1.3840368,0.8779503400529873,5.678211
P000082,144.0,0.0435939578165879,0.1044932751992385,1.3785548,0.8516250113061739,5.6636066
P000082,145.0,0.0424236536736268,0.1063375803123783,1.3784251,0.8315521923897508,5.663925
P000082,146.0,0.0761965706490632,0.1208394807728153,1.3896115,0.8174860960616576,5.6957436
P000082,147.0,0.1359988228911208,0.167274278268461,1.408,0.8242979542014066,5.7475386
P000082,148.0,0.1909822592743109,0.2435849192797293,1.4236052,0.8714834176439442,5.791523
P000082,149.0,0.2106271230104639,0.3249618272958459,1.4289958,0.9671306501594412,5.807086
P000082,150.0,0.1869823317283446,0.3797879614721521,1.4228718,1.098750995348318,5.7906713
P000082,151.0,0.1401865404454947,0.3910652157699939,1.4099791,1.238249882237319,5.7555
P000082,152.0,0.1031442895418187,0.3673052615825035,1.39922,1.357708157705922,5.7262783
P000082,153.0,0.0969072487677188,0.334782417266421,1.3975124,1.4445315242766328,5.7221694
P000082,154.0,0.1152881447724663,0.3170512683939662,1.4032238,1.505010512681585,5.738609
P000082,155.0,0.1302616234061194,0.3171845801091695,1.4077916,1.5540464970246974,5.7518606
P000082,156.0,0.1140345403815575,0.3160974115193672,1.4031885,1.5991781770665687,5.7397294
P000082,157.0,0.0611004272180925,0.2881681768336075,1.3870912,1.6312731532543123,5.69583
P000082,158.0,0.0,0.2248868515933906,1.3670726,1.629736719823168,5.6411157
P000082,159.0,0.0,0.1584206443459109,1.3672714,1.582846716371744,5.6423235
P000082,160.0,0.0,0.1115987901344748,1.3674648,1.5043641835667856,5.6435127
P000082,161.0,0.0,0.078615321954408,1.3676524,1.4083777281729308,5.644683
P000082,162.0,0.0043797188958666,0.0571467595706694,1.3693268,1.304717596816913,5.649953
P000082,163.0,0.0174419577526504,0.048860763988054,1.3738978,1.202077780297658,5.663199
P000082,164.0,0.0003797913498997,0.0408211655147145,1.3683119,1.1063530706888225,5.64844
P000082,165.0,0.0,0.0288923591814099,1.3683484,1.013178854960319,5.6491804
P000082,166.0,0.0,0.0203531070214288,1.3685088,0.923128149548996,5.6502595
P000082,167.0,0.0003146661388126,0.0144645819699535,1.3687708,0.837831355677451,5.651614
P000093,0.0,0.2332310399706255,1.0549717725893717,1.3366466,0.4178135345146512,5.3863783
P000093,1.0,0.2982045186042791,1.175288778475098,1.3602397,1.541428045305274,5.4597826
P000093,2.0,0.3319774355797167,1.3386630789879423,1.3722167,2.6210259017781303,5.4977818
P000093,3.0,0.3256359050451581,1.473194665205026,1.3714213,3.6702345801889535,5.4969726
P000093,4.0,0.2981393933931914,1.5383161079064225,1.363862,4.635974316921418,5.475641
P000093,5.0,0.2810772269904411,1.547771887551526,1.359479,5.46087743260397,5.463946
P000093,6.0,0.294139465847224,1.5525959102639304,1.3649473,6.137144226054686,5.4821033
P000093,7.0,0.3298236225995323,1.597047565451904,1.3773389,6.714478397695548,5.52118
P000093,8.0,0.3589251544724708,1.6808530943923057,1.3871596,7.258910984523787,5.5524096
P000093,9.0,0.3526881136983714,1.7563348599547417,1.3864212,7.795968539401225,5.5516853
P000093,10.0,0.3049252269265034,1.7626935659364191,1.3730066,8.283121270032833,5.512662
P000093,11.0,0.2374187575249998,1.671664374381309,1.3519218,8.63408327117844,5.45047
P000093,12.0,0.1844846443615343,1.5101237612358254,1.334197,8.778153484900146,5.3984594
P000093,13.0,0.1682575613369719,1.3424973580078543,1.3293688,8.71103487880511,5.3854322
P000093,14.0,0.1832310399706255,1.2260104322181882,1.3361976,8.499599860979433,5.407591
P000093,15.0,0.2016119359753722,1.1722041472913367,1.3440893,8.237353129185285,5.432919
P000093,16.0,0.1953748952012728,1.1433703050441717,1.3430352,7.98407968715123,5.431245
P000093,17.0,0.1583326442975965,1.0862313987878025,1.3305519,7.734711249617315,5.395132
P000093,18.0,0.1115368530147476,0.977138048222352,1.3135233,7.44012391446809,5.345358
P000093,19.0,0.0878920617326274,0.8443989557770029,1.3051393,7.063219061547779,5.3216457
P000093,20.0,0.1075369254687801,0.7506174172974133,1.3144219,6.62689188536446,5.351098
P000093,21.0,0.1625203618519707,0.7480843319729031,1.3368988,6.21650912239339,5.4201674
P000093,22.0,0.2223226140940268,0.8406435340900331,1.3593161,5.93377288171168,5.488943
P000093,23.0,0.2560955310694645,0.9806600330386182,1.3715935,5.835544766484014,5.5271816
P000093,24.0,0.2549252269265034,1.1033827997407497,1.3722596,5.902702760141619,5.530551
P000093,25.0,0.2374187575249997,1.1729284582720865,1.367589,6.061731648197624,5.517918
P000093,26.0,0.2344846443615343,1.2054480089748263,1.3676641,6.242335219554921,5.5195036
P000093,27.0,0.2648501439658787,1.2522939887143345,1.3784852,6.427562890808608,5.553236
P000093,28.0,0.3198335803490693,1.3561816829258757,1.3960755,6.658919547146358,5.6071367
P000093,29.0,0.3689151967229338,1.5137080538027758,1.410676,6.9931517281915605,5.651998
P000093,30.0,0.3819774355797167,1.6728145645904315,1.4150162,7.444081765761263,5.6661863
P000093,31.0,0.3515178095554103,1.7674519273328568,1.4077296,7.954354540629607,5.645707
P000093,32.0,0.2981393933931915,1.7636526204888616,1.3934488,8.419598584607023,5.6043806
P000093,33.0,0.255195322480189,1.6825672953142934,1.3813078,8.748112923247882,5.5694423
P000093,34.0,0.244139465847224,1.5832913896027343,1.3787692,8.912429603185272,5.563138
P000093,35.0,0.2591129444808775,1.5184987935008702,1.3844128,8.95512179647487,5.581202
P000093,36.0,0.2723226140940269,1.4962821987817314,1.3893828,8.945502189382374,5.597229
P000093,37.0,0.2560955310694647,1.4768325664813389,1.3853226,8.920588577083606,5.586376
P000093,38.0,0.2049252269265035,1.4062691323226306,1.3698313,8.855259984397389,5.5415373
P000093,39.0,0.140826174896093,1.2618826879697684,1.348517,8.684213006238183,5.4794083
P000093,40.0,0.0978821039830904,1.0744047718080092,1.3334818,8.358979665792214,5.435986
P000093,41.0,0.0975468832183171,0.9101813749075384,1.3343916,7.896538340070234,5.439973
P000093,42.0,0.1332310399706254,0.8263125032818992,1.3487458,7.382088564474618,5.4838634
P000093,43.0,0.1757300314651201,0.8321909014274824,1.364707,6.922840953842611,5.532447
P000093,44.0,0.1953748952012728,0.8860929282261337,1.372241,6.586397219173157,5.5559797
P000093,45.0,0.1842145488078487,0.9291390426302024,1.3694246,6.368819681597685,5.5488224
P000093,46.0,0.1615368530147475,0.930877745588386,1.3626072,6.215142077391491,5.5298233
P000093,47.0,0.1586027398512822,0.9120823967455352,1.362508,6.075681382601105,5.530715
P000093,48.0,0.1941394658472239,0.9276035549495718,1.3753879,5.9547302566137885,5.5699725
P000093,49.0,0.2591129444808774,1.022291935999625,1.396549,5.914195307766055,5.633615
P000093,50.0,0.3223226140940269,1.1933719056158167,1.4152544,6.028973531640029,5.6898847
P000093,51.0,0.3526881136983714,1.387861610626789,1.4239872,6.327533747369398,5.71667
P000093,52.0,0.341527767304947,1.537300693466727,1.4218123,6.7626523815742825,5.7113113
P000093,53.0,0.3081294356436544,1.6039871510992951,1.4136145,7.234873668306369,5.6882286
P000093,54.0,0.2844846443615343,1.6042682617114352,1.4077773,7.651852977993414,5.672101
P000093,55.0,0.2907320484761307,1.591694555447552,1.4102683,7.979956267031942,5.680474
P000093,56.0,0.3198335803490693,1.6130313670284742,1.4189231,8.250482730677664,5.706936
P000093,57.0,0.3430332922126818,1.6705018506498122,1.4256783,8.517126877715949,5.7277756
P000093,58.0,0.3319774355797167,1.7188664520265076,1.423497,8.798004711032757,5.722374
P000093,59.0,0.2808071314367556,1.699622998036965,1.4103608,9.047094899805112,5.684846
P000093,60.0,0.2115368530147482,1.5865649218487712,1.3906584,9.177616934958374,5.628072
P000093,61.0,0.1586027398512823,1.4082887946427554,1.3743978,9.12051056742727,5.58142
P000093,62.0,0.144139465847224,1.2305135272798589,1.3703151,8.874448389794361,5.570508
P000093,63.0,0.1625203618519706,1.1112626678885558,1.3772511,8.509856783281332,5.5918875
P000093,64.0,0.1857200737155831,1.0623401881281154,1.3855269,8.123711488658785,5.617153
P000093,65.0,0.1853848529508098,1.0457570383585335,1.3861544,7.778614200948047,5.6200075
P000093,66.0,0.1549252269265035,1.007437127376866,1.3770084,7.471202081343867,5.5942764
P000093,67.0,0.1149442703858408,0.9224739173758428,1.3641548,7.152618779259113,5.557726
P000093,68.0,0.0978821039830904,0.8175493608391149,1.3588965,6.7844093792358136,5.543399
P000093,69.0,0.123428787728569,0.7533835803088657,1.3686175,6.386447261186763,5.5728235
P000093,70.0,0.1832310399706253,0.7802578251366779,1.3890257,6.039510233654488,5.633373
P000093,71.0,0.2464407095837749,0.9000178826139762,1.4086733,5.839370659704371,5.691596
P000093,72.0,0.2819774355797166,1.06317926695015,1.4191864,5.835954049733272,5.7231293
P000093,73.0,0.2808071314367556,1.2034165939855828,1.4194708,6.002612426174853,5.724867
P000093,74.0,0.2615368530147476,1.28365494522245,1.4147887,6.258182182526363,5.712161
P000093,75.0,0.2551953224801891,1.3193180597548928,1.4136226,6.525080710847914,5.7096796
P000093,76.0,0.2807420062256677,1.3615452426740968,1.4212136,6.779899745079844,5.732622
P000093,77.0,0.3298236225995326,1.453367238695428,1.4344614,7.058931063266,5.7719297
P000093,78.0,0.3723226140940269,1.5922037531978297,1.4452071,7.415288259898909,5.803915
P000093,79.0,0.3785700182086234,1.7272702713698531,1.4471536,7.860972460849623,5.810381
P000093,80.0,0.3415277673049474,1.7941560277520676,1.4389117,8.338730170194749,5.78736
P000093,81.0,0.2822475311334029,1.760784892167506,1.4244032,8.746196843097785,5.7462163
P000093,82.0,0.2344846443615346,1.6503229024886652,1.4118545,8.995438320876346,5.710766
P000093,83.0,0.2200213703574761,1.5238675481755974,1.4082735,9.064249614297935,5.701277
P000093,84.0,0.2332310399706254,1.435945010094989,1.41261,9.001598603578568,5.7146783
P000093,85.0,0.2464407095837749,1.396224286582954,1.4168494,8.883883954579646,5.7277775
P000093,86.0,0.2319774355797168,1.366089243518947,1.4133394,8.755413994004911,5.718489
P000093,87.0,0.1842145488078493,1.2923873288332892,1.3999307,8.598062873390859,5.680649
P000093,88.0,0.1249343126363046,1.152623229800181,1.3818231,8.35274765707466,5.629284
P000093,89.0,0.5893619517717317,1.413258223072859,1.4921474,8.143441891342778,5.947578
P000093,90.0,1.0970792459254324,2.3942030047616134,1.5483558,8.672767212474275,6.1059065
P000093,91.0,1.6410481274590307,3.9428214622655497,1.5745041,10.495386728604725,6.169442
P000093,92.0,2.191599633872,5.9213467516085245,1.5858347,13.91255408324066,6.1808825
P000093,93.0,2.7186162076565834,8.18457999854062,1.5905902,19.01725254563805,6.166677
P000093,94.0,2.2108047870829206,9.72862420872276,1.5862944,25.39766608311076,6.1827836
P000093,95.0,1.6900646186218082,9.962749648166517,1.5765095,31.508631963907085,6.176345
P000093,96.0,1.187424424439743,9.28824623243533,1.5555408,36.21529626913237,6.1289325
P000093,97.0,0.7214912603965798,8.025308306470475,1.5136621,38.97811520581418,6.0142117
P000093,98.0,0.2832310399706252,6.4039225008740335,1.4328434,39.653818169963095,5.7841716
P000093,99.0,0.3430332922126818,4.986700200002339,1.4478178,38.484100575174935,5.827776
P000093,100.0,0.3685799759581606,4.06563104786103,1.4540172,36.295943116113705,5.846224
P000093,101.0,0.35151780955541,3.427490876826572,1.4505386,33.68697494822388,5.8369937
P000093,102.0,0.3115368530147477,2.934124990111881,1.4415064,30.954544139117168,5.811907
P000093,103.0,0.2810772269904413,2.532457377518248,1.4343472,28.24040805882164,5.792188
P000093,104.0,0.2807420062256682,2.228325443953255,1.4346547,25.64008060463233,5.793794
P000093,105.0,0.3039417180892803,2.0359350273044865,1.4407985,23.24781697427172,5.8120384
P000093,106.0,0.3223226140940269,1.935475548403317,1.4455805,21.139812163897883,5.8263755
P000093,107.0,0.3078593400899691,1.866921543504004,1.4424806,19.333058836141657,5.818244
P000093,108.0,0.2549252269265036,1.7619039638058964,1.4295521,17.767563510810923,5.7821403
P000093,109.0,0.1856549485044963,1.5876117544781003,1.4109242,16.336411050667525,5.72985
P000093,110.0,0.1344846443615342,1.3681236270263473,1.396039,14.948201684132473,5.6882515
P000093,111.0,0.1234287877285693,1.1659001930449595,1.3930173,13.579232292593442,5.680427
P000093,112.0,0.1466284995921815,1.0363960335435145,1.4005966,12.27854647178544,5.702732
P000093,113.0,0.1757300314651198,0.9891574922520948,1.4096324,11.123067264651748,5.72914
P000093,114.0,0.1819774355797167,0.9840170073269554,1.4118176,10.156625840683486,5.736071
P000093,115.0,0.1583326442975964,0.9646780443977786,1.4052908,9.358145721453212,5.718288
P000093,116.0,0.1249343126363039,0.9039348752138586,1.3955369,8.661848108974729,5.691374
P000093,117.0,0.1137739662428793,0.8261168686423074,1.3924391,8.012926482255633,5.683344
P000093,118.0,0.1441394658472238,0.789606816287611,1.4021738,7.415346588869327,5.711649
P000093,119.0,0.2073491354603726,0.8424591762705593,1.4207137,6.934409435076823,5.7648168
P000093,120.0,0.2723226140940259,0.98451056129021,1.438035,6.650941567259255,5.8144603
P000093,121.0,0.3078593400899687,1.1645906631206553,1.4469414,6.60065167184229,5.8402705
P000093,122.0,0.3049252269265034,1.3151047430506202,1.4465258,6.743673993949431,5.8397355
P000093,123.0,0.2822475311334026,1.398196303152692,1.4413493,6.986936156524537,5.8257694
P000093,124.0,0.2710871847399781,1.4290379328720506,1.4388788,7.2425707377162,5.8194456
P000093,125.0,0.2907320484761304,1.4590579272618365,1.4439487,7.478794026068211,5.8343706
P000093,126.0,0.3332310399706253,1.5320912967949851,1.4541008,7.725656217942311,5.8635845
P000093,127.0,0.3689151967229338,1.64681887026159,1.4621603,8.032300847163336,5.886871
P000093,128.0,0.3685799759581608,1.7540856512728404,1.4623146,8.409062646959793,5.8878975
P000093,129.0,0.3256359050451588,1.7913659802626667,1.4530966,8.799241823266971,5.8625793
P000093,130.0,0.2615368530147479,1.7285947259742125,1.4380772,9.103047177357112,5.8209925
P000093,131.0,0.2103665488717863,1.590936915028592,1.4250915,9.236828066892674,5.7851605
P000093,132.0,0.1941394658472236,1.4413401894758209,1.4209518,9.183970890243897,5.774188
P000093,133.0,0.2073491354603738,1.335905544181948,1.4247947,8.999870979617723,5.785609
P000093,134.0,0.222322614094027,1.2854938404130656,1.429018,8.76767793457802,5.798079
P000093,135.0,0.2112667574610621,1.2522164289278337,1.4263337,8.538253225229631,5.791188
P000093,136.0,0.168322686548059,1.183134145540874,1.4147875,8.299329558805729,5.7594976
P000093,137.0,0.1149442703858406,1.0554363272220284,1.3993816,7.996547547926598,5.7170415
P000093,138.0,0.0844846443615343,0.8987168493671711,1.3901966,7.589691934160527,5.6920223
P000093,139.0,0.0975468832183167,0.7772253145097774,1.3945644,7.100710767621359,5.7049103
P000093,140.0,0.1466284995921813,0.7451494471111769,1.4095502,6.616127515401962,5.7474294
P000093,141.0,0.2016119359753714,0.8083522613207688,1.4251034,6.240721095394314,5.7914705
P000093,142.0,0.2319774355797169,0.9212034661449342,1.4332614,6.036055516391745,5.8148317
P000093,143.0,0.2290433224162509,1.0208061716794008,1.4327013,5.988947683529889,5.813865
P000093,144.0,0.2115368530147476,1.0728545989123208,1.4283409,6.032597490124813,5.802312
P000093,145.0,0.2103665488717865,1.0946935537831068,1.428222,6.103697286730264,5.802578
P000093,146.0,0.2441394658472229,1.1384044141533949,1.4370725,6.192045612627837,5.8277946
P000093,147.0,0.3039417180892805,1.2469168000069395,1.4515676,6.345167317007441,5.868675
P000093,148.0,0.3589251544724705,1.41651298407026,1.4638064,6.624665269871025,5.90324
P000093,149.0,0.3785700182086236,1.594312223786439,1.4680171,7.047703829282718,5.9154654
P000093,150.0,0.3549252269265043,1.7129915843873236,1.4632163,7.558511782669708,5.902654
P000093,151.0,0.3081294356436544,1.7369452837027273,1.4530809,8.052422419121692,5.8750563
P000093,152.0,0.2710871847399784,1.6854327644260756,1.4445825,8.435569821215115,5.8520308
P000093,153.0,0.2648501439658785,1.615534205342693,1.4432173,8.67659022654446,5.848796
P000093,154.0,0.283231039970626,1.5779215340123431,1.447715,8.812688524803516,5.8617983
P000093,155.0,0.2982045186042791,1.5788352136717845,1.4513049,8.906696692037917,5.8722715
P000093,156.0,0.2819774355797173,1.5768899422025302,1.4476562,8.988476305677082,5.8627076
P000093,157.0,0.2290433224162522,1.5170120807862952,1.4348824,9.025558488638978,5.8279324
P000093,158.0,0.1615368530147473,1.3757642300329096,1.4171236,8.945597844471056,5.7794304
P000093,159.0,0.1137739662428795,1.1836640474838975,1.4035785,8.693867640943557,5.742614
P000093,160.0,0.1075369254687799,1.0073725303937788,1.4018741,8.28229515657065,5.7385063
P000093,161.0,0.1366384573417181,0.9048121116693048,1.4105084,7.792578991475209,5.7629123
P000093,162.0,0.1723226140940263,0.8866493369558844,1.420589,7.330216168150352,5.791271
P000093,163.0,0.1853848529508101,0.9127989335022308,1.4242198,6.962997780254291,5.8018312
P000093,164.0,0.1683226865480594,0.9262726440316548,1.4197183,6.689064663800186,5.789994
P000093,165.0,0.1408261748960929,0.8986342810019123,1.4121783,6.457275789479654,5.7698107
P000093,166.0,0.1344846443615344,0.8526592032939937,1.4104836,6.2232587785147615,5.765718
P000093,167.0,0.1682575613369723,0.845050223875798,1.4199958,5.997739923508679,5.7924213
P000098,0.0,0.316271326546413,0.4837163824090327,1.3648615,1.0930031738516943,5.4721847
P000098,1.0,0.3812448051800665,0.9066071270147472,1.3858497,1.5499274113450152,5.537556
P000098,2.0,0.4150177221555041,1.292784038093293,1.3965075,2.3001303224322096,5.5714607
P000098,3.0,0.4086761916209456,1.5955039418397872,1.3958514,3.243472365143855,5.571036
P000098,4.0,0.3811796799689789,1.78961231095972,1.3892038,4.26024138255048,5.5524573
P000098,5.0,0.3641175135662286,1.8970530244160797,1.3853667,5.247994013721131,5.54239
P000098,6.0,0.3771797524230115,1.9738161185825325,1.390259,6.15808836437288,5.5587387
P000098,7.0,0.4128639091753198,2.069377665475492,1.4012752,7.000226177880792,5.593559
P000098,8.0,0.4419654410482583,2.190135817458736,1.4100051,7.809036757752075,5.621402
P000098,9.0,0.4357284002741589,2.295113112321818,1.4093971,8.596471405325204,5.621039
P000098,10.0,0.3879655135022909,2.3276998014321117,1.3975773,9.325246587939722,5.586856
P000098,11.0,0.3204590441007873,2.2598946761625136,1.3789403,9.923217611005258,5.5320864
P000098,12.0,0.2675249309373218,2.115926972941487,1.3632464,10.328007360238637,5.4862022
P000098,13.0,0.2512978479127594,1.9575240389822757,1.3589973,10.528517549847788,5.4748816
P000098,14.0,0.266271326546413,1.8418440912608,1.3651111,10.57224789869024,5.4948206
P000098,15.0,0.2846522225511597,1.7835714989616007,1.3721638,10.532950251956091,5.517551
P000098,16.0,0.2784151817770603,1.749456011665872,1.37127,10.46280673670974,5.516314
P000098,17.0,0.241372930873384,1.6890913503282816,1.360219,10.364739676429233,5.4844904
P000098,18.0,0.1945771395905351,1.5784124688380643,1.3451006,10.20506663921731,5.4404397
P000098,19.0,0.1709323483084149,1.442814318367626,1.3376648,9.956124011465782,5.4195366
P000098,20.0,0.1905772120445676,1.3421680782596814,1.3459816,9.635752390528507,5.4460163
P000098,21.0,0.2455606484277581,1.3287544754059293,1.3660231,9.312798649494772,5.507677
P000098,22.0,0.3053629006698143,1.4095992497964032,1.3859568,9.073349699749537,5.568896
P000098,23.0,0.339135817645252,1.541466789158529,1.3968694,8.97202852307933,5.6029577
P000098,24.0,0.3379655135022909,1.662269769939707,1.3974974,9.004051094160726,5.6061687
P000098,25.0,0.3204590441007872,1.7353262655290802,1.3934014,9.118295710094031,5.595228
P000098,26.0,0.3175249309373217,1.7733118263749208,1.3935058,9.260993809740777,5.5968566
P000098,27.0,0.3478904305416662,1.8241231108042428,1.4031186,9.416871876236966,5.626896
P000098,28.0,0.4028738669248567,1.9296130388967103,1.4186971,9.616792018068535,5.674673
P000098,29.0,0.4519554832987212,2.088626491697052,1.431612,9.90646381291567,5.7143908
P000098,30.0,0.4650177221555042,2.252543839908867,1.4354732,10.300390823131613,5.7270904
P000098,31.0,0.4345580961311978,2.3570519188288666,1.4290867,10.756570443915903,5.7093034
P000098,32.0,0.381179679968979,2.3665487397899745,1.4165218,11.192018481026716,5.6731243
P000098,33.0,0.3382356090559765,2.2980189838391185,1.4058297,11.52855979437724,5.642511
P000098,34.0,0.3271797524230115,2.206601782802576,1.403619,11.735570836666511,5.6371517
P000098,35.0,0.342153231056665,2.1438307073050344,1.4086428,11.838611817126772,5.653308
P000098,36.0,0.3553629006698144,2.1200085717342367,1.4130678,11.888452674127691,5.6676564
P000098,37.0,0.3391358176452522,2.098969264168892,1.4095132,11.914634041627844,5.6582813
P000098,38.0,0.287965513502291,2.0289994053219584,1.3958426,11.899107368490396,5.618858
P000098,39.0,0.2238664614718805,1.8863839446075317,1.3769763,11.79009708694776,5.5640087
P000098,40.0,0.1809223905588779,1.6984712412161218,1.3636441,11.545738803193489,5.525625
P000098,41.0,0.1805871697941046,1.5285343305833277,1.3644831,11.174325439441857,5.5293474
P000098,42.0,0.2162713265464129,1.4334564194227295,1.3772705,10.740268663409902,5.5685067
P000098,43.0,0.2587703180409075,1.4257409893779935,1.391458,10.330461338511354,5.6117487
P000098,44.0,0.2784151817770603,1.4681235581307388,1.3981607,10.005363295788822,5.632754
P000098,45.0,0.2672548353836362,1.504568119459559,1.3956959,9.770522920915822,5.6266003
P000098,46.0,0.244577139590535,1.504107267193893,1.3896837,9.588821527873364,5.6099534
P000098,47.0,0.2416430264270697,1.48440147426623,1.3896236,9.423104484702302,5.610914
P000098,48.0,0.2771797524230114,1.4972605447434326,1.4010608,9.27609942931436,5.6458306
P000098,49.0,0.3421532310566649,1.5871102887226938,1.4197948,9.196751069575608,5.7022038
P000098,50.0,0.4053629006698145,1.7538515620313109,1.4363196,9.24763269456318,5.751934
P000098,51.0,0.4357284002741588,1.948330864514372,1.4440379,9.457685068258636,5.7756567
P000098,52.0,0.4245680538807345,2.104146988999473,1.4421508,9.795882424001736,5.771124
P000098,53.0,0.391169722219442,2.1821975106994302,1.434957,10.185966293576913,5.7509975
P000098,54.0,0.3675249309373218,2.1947924500438405,1.4298375,10.5517413992018,5.736968
P000098,55.0,0.3737723350519182,2.1915403460611773,1.4320602,10.859652274978147,5.7445054
P000098,56.0,0.4028738669248568,2.2179649415463727,1.4397128,11.127588885017376,5.7679543
P000098,57.0,0.4260735787884693,2.2782893987754065,1.4456861,11.394412931251692,5.786437
P000098,58.0,0.6027791565204124,2.4863660876211537,1.4810739,11.723436703073338,5.890695
P000098,59.0,0.7393702867423594,2.8839810616898265,1.5024784,12.284309252240778,5.95351
P000098,60.0,0.8578614426852602,3.3754072575520206,1.5176644,13.160873179335844,5.997766
P000098,61.0,0.9926887638867024,3.935557808826344,1.5317364,14.370648927288084,6.0380807
P000098,62.0,1.1659869242475522,4.590140321417442,1.5458384,15.93225861602266,6.0771375
P000098,63.0,1.372129254617207,5.3698394651350245,1.5582826,17.890683607752102,6.109481
P000098,64.0,1.5830904008457276,6.269673159673527,1.5675385,20.29718084368465,6.13093
P000098,65.0,1.7705166144458624,7.24154546649893,1.5736601,23.169715603241244,6.1427364
P000098,66.0,1.9278184227864643,8.223601155818356,1.5776765,26.47072747306857,6.14868
P000098,67.0,2.07559890061071,9.18271973908286,1.5807159,30.12331596729221,6.151534
P000098,68.0,2.246298168572868,10.136945491157034,1.583497,34.05609600470334,6.151864
P000098,69.0,2.4596062866832544,11.140048463549832,1.5861304,38.24406237306668,6.1486616
P000098,70.0,2.3316471045604024,11.927665986487504,1.5848634,42.61667981119234,6.1530085
P000098,71.0,2.207095339808644,12.305491423782236,1.5833883,46.810197459070174,6.1561766
P000098,72.0,2.0548706314396776,12.362853948076989,1.5811453,50.53367750506997,6.158001
P000098,73.0,1.8659388929318084,12.134457731800705,1.5775173,53.59215480061242,6.1566477
P000098,74.0,1.6589071801448922,11.654402313092126,1.5721476,55.84809248868459,6.149721
P000098,75.0,1.4648042152454257,10.987289499608996,1.5653346,57.22901573459207,6.1368017
P000098,76.0,1.302589464625996,10.21931900243253,1.5578837,57.74371498673949,6.1200438
P000098,77.0,1.1639096466349526,9.42083524510037,1.549864,57.4728479455822,6.100339
P000098,78.0,1.018647203764539,8.612123594542938,1.5393305,56.52618343091573,6.072825
P000098,79.0,0.8371331735142274,7.760935716557876,1.5221431,54.98896938836744,6.025753
P000098,80.0,0.6123294882456429,6.815665827134196,1.4925158,52.89173548515552,5.942052
P000098,81.0,0.3652878177091904,5.750735271531656,1.4450679,50.22273883904584,5.805993
P000098,82.0,0.3175249309373221,4.746890237533664,1.4340172,47.02100907845326,5.774869
P000098,83.0,0.3030616569332636,3.964205476643712,1.4308705,43.52521767170703,5.766605
P000098,84.0,0.3162713265464129,3.391277192150219,1.4347143,39.97450892914025,5.778535
P000098,85.0,0.3294809961595625,2.9925982504172577,1.4384704,36.55178836152759,5.790191
P000098,86.0,0.3150177221555043,2.6985500225152816,1.4353869,33.36305472098221,5.7821045
P000098,87.0,0.2672548353836368,2.4328253166320297,1.4235525,30.429121836997844,5.74879
P000098,88.0,0.2079745992120921,2.153418983920354,1.407527,27.712056208946088,5.703416
P000098,89.0,0.1709323483084149,1.87384146679938,1.3969979,25.16747477630761,5.673918
P000098,90.0,0.1771797524230114,1.6466547452415483,1.3994505,22.79069177187549,5.681839
P000098,91.0,0.2196787439175056,1.5202268741884528,1.4124601,20.62666123206308,5.72013
P000098,92.0,0.2687603602913703,1.500106262539417,1.4263988,18.739006576306974,5.76103
P000098,93.0,0.2943070440368494,1.5432169630760182,1.433466,17.162892982925033,5.782125
P000098,94.0,0.287965513502291,1.5885991637879515,1.4323034,15.877761019483112,5.779563
P000098,95.0,0.2686952350802829,1.6011074703343506,1.4277682,14.820419913709705,5.7673216
P000098,96.0,0.2675249309373217,1.5949053601811274,1.4279108,13.928305694488929,5.768506
P000098,97.0,0.3030616569332629,1.6189690083476351,1.437407,13.179893972701814,5.7964907
P000098,98.0,0.3662713265464127,1.7155596683278562,1.4527407,12.60144842578835,5.84114
P000098,99.0,0.4260735787884693,1.8830930067021252,1.4659362,12.234789663224651,5.8795905
P000098,100.0,0.4516202625339481,2.0716104443353016,1.4713993,12.090341232377536,5.895888
P000098,101.0,0.4345580961311975,2.214567105293741,1.4683528,12.12104694709598,5.8878727
P000098,102.0,0.3945771395905352,2.273334232480888,1.4604154,12.2372886000022,5.8659024
P000098,103.0,0.3641175135662288,2.2612411308978206,1.4541183,12.35228484472981,5.848625
P000098,104.0,0.3637822928014557,2.229362900371131,1.4543986,12.42467809258794,5.8501205
P000098,105.0,0.3869820046650678,2.2250160323381456,1.4598219,12.467249984783416,5.8662677
P000098,106.0,0.4053629006698144,2.2544049704568137,1.4640424,12.516255204524846,5.8789644
P000098,107.0,0.3908996266657566,2.2776517923852424,1.4613218,12.585484863094733,5.871888
P000098,108.0,0.3379655135022912,2.2399624421346083,1.4499321,12.640560641959054,5.84015
P000098,109.0,0.2686952350802838,2.1153761330373797,1.4334772,12.613549789928276,5.7940245
P000098,110.0,0.2175249309373217,1.929978979123606,1.4202926,12.447396078355975,5.757239
P000098,111.0,0.2064690743043568,1.7468479917859343,1.4176145,12.136937777533442,5.750352
P000098,112.0,0.229668786167969,1.6237475247734854,1.4243417,11.735561285281214,5.7701855
P000098,113.0,0.2587703180409073,1.5750775654280589,1.4323525,11.322123572982402,5.7936335
P000098,114.0,0.2650177221555042,1.5663549606715597,1.4342914,10.952422856180524,5.7998247
P000098,115.0,0.2413729308733839,1.5450193685104443,1.428513,10.630899630670278,5.784129
P000098,116.0,0.2079745992120913,1.4840358288700986,1.419862,10.322839243257066,5.7603106
P000098,117.0,0.1968142528186668,1.4051855460049,1.4171119,9.99673972696992,5.753226
P000098,118.0,0.2271797524230113,1.3643061483162064,1.4257553,9.663760528363188,5.778389
P000098,119.0,0.2903894220361601,1.4094836018937118,1.4421823,9.383411340419146,5.825527
P000098,120.0,0.3553629006698134,1.543661617632503,1.4574902,9.230183242602129,5.8694353
P000098,121.0,0.3908996266657562,1.7199047382672454,1.4653502,9.245424337984888,5.8922505
P000098,122.0,0.3879655135022909,1.87305372469045,1.4649885,9.410117018399712,5.891838
P000098,123.0,0.36528781770919,1.9641873291657796,1.4604278,9.658756951054686,5.8795805
P000098,124.0,0.3541274713157656,2.004723554044444,1.4582512,9.923885246006844,5.874055
P000098,125.0,0.3737723350519179,2.0423664728241246,1.4627287,10.178043647330384,5.8872766
P000098,126.0,0.4162713265464127,2.119852670829664,1.4716825,10.44214262638392,5.9130793
P000098,127.0,0.4519554832987213,2.237925378649784,1.4787836,10.754763261026367,5.933633
P000098,128.0,0.4516202625339482,2.350747646301648,1.478924,11.126514172757938,5.934593
P000098,129.0,0.4086761916209463,2.397482961840326,1.4708092,11.514932487361438,5.9123564
P000098,130.0,0.3445771395905354,2.346462506501728,1.4575584,11.839984981012318,5.8757133
P000098,131.0,0.2934068354475738,2.21879222262985,1.4460745,12.02961100114713,5.8440657
P000098,132.0,0.2771797524230111,2.0736394544359777,1.4424074,12.062008700182991,5.834384
P000098,133.0,0.2903894220361613,1.9661982126698527,1.4458108,11.973632390394616,5.844536
P000098,134.0,0.3053629006698145,1.9098143748303036,1.4495494,11.82744758493402,5.8556123
P000098,135.0,0.2943070440368496,1.870540024215965,1.4471719,11.66563669005998,5.849545
P000098,136.0,0.2513629731238465,1.79790386114177,1.4369338,11.482357142780163,5.8214817
P000098,137.0,0.1979845569616281,1.6683720937406603,1.423239,11.236754438982716,5.7837815
P000098,138.0,0.1675249309373218,1.5084011229224827,1.4150524,10.895841416860735,5.7615223
P000098,139.0,0.1805871697941042,1.3793595623762374,1.4189386,10.474127037597814,5.7730165
P000098,140.0,0.2296687861679688,1.3353434934044248,1.4322674,10.03914372605323,5.810859
P000098,141.0,0.2846522225511589,1.3853764894372211,1.446069,9.677588293500271,5.849973
P000098,142.0,0.3150177221555044,1.488258514592521,1.4532945,9.446413590749978,5.8707004
P000098,143.0,0.3120836089920384,1.5838305560233732,1.452796,9.344582772559104,5.869872
P000098,144.0,0.2945771395905351,1.6370957172358582,1.4489293,9.325757108917378,5.8596597
P000098,145.0,0.293406835447574,1.6620530953244752,1.4488201,9.34155093706238,5.8599186
P000098,146.0,0.3271797524230104,1.7074687461112477,1.4566584,9.382211450770184,5.8822875
P000098,147.0,0.386982004665068,1.815549782815036,1.469476,9.48380081224628,5.918479
P000098,148.0,0.4419654410482581,1.9849546143443373,1.4802778,9.696482878492704,5.949026
P000098,149.0,0.4616103047844111,2.1663482128741505,1.4839902,10.038105491058054,5.959841
P000098,150.0,0.4379655135022918,2.2942211325852764,1.4797561,10.468620505609346,5.948577
P000098,151.0,0.3911697222194419,2.33137522624584,1.4708054,10.905430853319668,5.924235
P000098,152.0,0.3541274713157659,2.2929075341189287,1.4632864,11.269117024578131,5.9038916
P000098,153.0,0.347890430541666,2.2319064261420603,1.4620743,11.52623225777736,5.9010496
P000098,154.0,0.3662713265464135,2.1978311420711862,1.4660513,11.698099771872386,5.912583
P000098,155.0,0.3812448051800665,2.19902780936304,1.4692237,11.830104278888069,5.921873
P000098,156.0,0.3650177221555047,2.197624508763399,1.4659915,11.94560026097911,5.91343
P000098,157.0,0.3120836089920397,2.140569101156168,1.4546673,12.0199569816,5.8826227
P000098,158.0,0.2445771395905348,2.003265999290876,1.4388807,11.994855086930306,5.839527
P000098,159.0,0.196814252818667,1.812701213062448,1.4268005,11.822358781302158,5.80672
P000098,160.0,0.1905772120445674,1.632328278063679,1.4252679,11.505565602931377,5.8030505
P000098,161.0,0.2196787439175056,1.5197414268234386,1.4329593,11.104913349361771,5.8248167
P000098,162.0,0.2553629006698139,1.4886372203784586,1.4419286,10.704806102792826,5.850078
P000098,163.0,0.2684251395265976,1.50334499065747,1.4451504,10.364863491543938,5.859479
P000098,164.0,0.2513629731238469,1.5097146557016146,1.4411345,10.091494367348249,5.8489423
P000098,165.0,0.2238664614718804,1.478828314383504,1.4344053,9.850078174148305,5.8309526
P000098,166.0,0.2175249309373219,1.4304198502356575,1.4328821,9.607422143610204,5.8272967
P000098,167.0,0.2512978479127598,1.4182550804305367,1.4413512,9.371406403440078,5.8510995
P000100,0.0,0.0796773515314467,1.1481331506341788,1.275099,0.4032152807699807,5.199094
P000100,1.0,0.1446508301651002,1.084013967686792,1.3041313,1.0227819332039,5.2891893
P000100,2.0,0.1784237471405378,1.0875724311134938,1.3188853,1.5384114286491033,5.3357677
P000100,3.0,0.1720822166059793,1.1057221735958018,1.317791,1.9897886435931824,5.33414
P000100,4.0,0.1445857049540126,1.1007540943766327,1.3083031,2.381598050197348,5.30702
P000100,5.0,0.1275235385512623,1.0709541467048154,1.302767,2.7056003627925795,5.291912
P000100,6.0,0.1405857774080452,1.0444530237848362,1.3094423,2.964114735173671,5.3138433
P000100,7.0,0.1762699341603535,1.051173066049769,1.3247349,3.178693611429562,5.3618536
P000100,8.0,0.205371466033292,1.0942385494864246,1.336869,3.37886411181585,5.4002266
P000100,9.0,0.1991344252591926,1.1426028127068628,1.3358479,3.580762669429042,5.3987303
P000100,10.0,0.1513715384873246,1.1506302889095648,1.3190482,3.7730336757461727,5.3494935
P000100,11.0,0.0838650690858209,1.0900170992355682,1.2928193,3.921806351299912,5.271781
P000100,12.0,0.0309309559223555,0.9700725223075712,1.2708752,3.992084354837023,5.207087
P000100,13.0,0.0147038728977931,0.8310702133623589,1.2648501,3.970380682114049,5.190546
P000100,14.0,0.0296773515314466,0.715577300097654,1.2731509,3.872321719943056,5.21727
P000100,15.0,0.0480582475361934,0.6391769478997732,1.2827783,3.730068556803527,5.247957
P000100,16.0,0.041821206762094,0.5823908011564501,1.281389,3.569391682122279,5.245376
P000100,17.0,0.0047789558584177,0.5095924360734654,1.2659454,3.3938105035329653,5.2004237
P000100,18.0,0.0,0.4254982713332578,1.2651267,3.193059963265364,5.199573
P000100,19.0,0.0,0.353037407099086,1.2665238,2.9730445502239573,5.205386
P000100,20.0,0.0,0.2929163740682489,1.2679093,2.744177145772878,5.211149
P000100,21.0,0.0089666734127918,0.2484015691388905,1.2734048,2.515740769480925,5.2292585
P000100,22.0,0.068768925654848,0.2523103916457285,1.3009746,2.305088328882701,5.3136835
P000100,23.0,0.1025418426302857,0.3094036792830657,1.3161097,2.1458640856167843,5.3606415
P000100,24.0,0.1013715384873246,0.3750671661291634,1.3168533,2.049399000730471,5.364342
P000100,25.0,0.0838650690858209,0.4184101159203341,1.3109756,2.000750531490925,5.3481684
P000100,26.0,0.0809309559223555,0.4427699520102017,1.3109882,1.9784810596029905,5.3496647
P000100,27.0,0.1112964555266999,0.4795093370742236,1.3243465,1.9761195819042612,5.3911343
P000100,28.0,0.1662798919098904,0.5599848043019476,1.3461957,2.009095730560869,5.4579554
P000100,29.0,0.215361508283755,0.6870600772679514,1.3643944,2.10202800197028,5.513749
P000100,30.0,0.2284237471405379,0.8279175323045185,1.369762,2.2662018399138804,5.531114
P000100,31.0,0.1979641211162315,0.9338991298660936,1.3605433,2.484613844458991,5.5048923
P000100,32.0,0.1445857049540127,0.9727476587670744,1.3426032,2.716394975951854,5.452645
P000100,33.0,0.1016416340410102,0.9492527645034056,1.3273973,2.9179366359198844,5.408595
P000100,34.0,0.0905857774080452,0.8989891166489399,1.324167,3.065530922356322,5.4003124
P000100,35.0,0.1055592560416987,0.860031231874028,1.331116,3.1632168085024954,5.422385
P000100,36.0,0.1187689256548481,0.8440365479934832,1.3372366,3.230638173103733,5.4419527
P000100,37.0,0.1025418426302858,0.828480487199511,1.3321075,3.2806993268976514,5.4279904
P000100,38.0,0.0513715384873247,0.7758149152790182,1.3127949,3.3043731791079,5.371813
P000100,39.0,0.0,0.6725872371156064,1.292047,3.2761138730116177,5.3114023
P000100,40.0,0.0,0.5580479880569432,1.293206,3.181739902274741,5.3162136
P000100,41.0,0.0,0.4630143716522453,1.294354,3.0371182601596,5.32098
P000100,42.0,0.0,0.3841646470278968,1.2954912,2.8602943877788927,5.3257027
P000100,43.0,0.0221763430259412,0.3320184434801905,1.306134,2.667723519614901,5.358638
P000100,44.0,0.041821206762094,0.3129845674334678,1.3154013,2.481680906150983,5.3874426
P000100,45.0,0.0306608603686699,0.3015591335959803,1.3118529,2.3150904978722813,5.3782043
P000100,46.0,0.0079831645755687,0.2722271143714084,1.3033638,2.1603109695432265,5.354326
P000100,47.0,0.0050490514121034,0.2333800235894467,1.3031857,2.005366810066316,5.3550863
P000100,48.0,0.0405857774080451,0.2207721129636299,1.3190703,1.8547954987354764,5.403388
P000100,49.0,0.1055592560416986,0.2691926647706971,1.3453338,1.73585926407315,5.4822993
P000100,50.0,0.1687689256548482,0.3837478157208918,1.3686745,1.6850525276230746,5.552437
P000100,51.0,0.1991344252591925,0.532521227204421,1.3795805,1.7247939465978983,5.5857635
P000100,52.0,0.1879740788657682,0.6663552754056354,1.3767884,1.8477329923944088,5.5786476
P000100,53.0,0.1545757472044757,0.7511277351498566,1.3664446,2.0205343261061794,5.5492744
P000100,54.0,0.1309309559223555,0.7885260622593007,1.3590796,2.2045075264646155,5.5287
P000100,55.0,0.1371783600369519,0.8099979295290592,1.3621428,2.377927439121106,5.538853
P000100,56.0,0.1662798919098905,0.8487480938398717,1.372936,2.543758844892843,5.571732
P000100,57.0,0.1894796037735029,0.9111539968016856,1.3813658,2.7175998007036544,5.5976105
P000100,58.0,0.1784237471405379,0.9693611990327876,1.378571,2.90562362394928,5.5904713
P000100,59.0,0.1272534429975768,0.9808055153381432,1.3620505,3.089855275037212,5.5430183
P000100,60.0,0.0579831645755694,0.9200550994762804,1.3374238,3.2325720120005235,5.4717884
P000100,61.0,0.0050490514121035,0.7990047154629041,1.3172104,3.297147966923629,5.4135585
P000100,62.0,0.0,0.6657765531996445,1.316051,3.2713742928601444,5.411312
P000100,63.0,0.0089666734127918,0.5577649666412763,1.3206604,3.1750362248325965,5.4259877
P000100,64.0,0.0321663852764043,0.487078470547037,1.3308768,3.0375534738952057,5.457076
P000100,65.0,0.031831164511631,0.4412762652057455,1.3316157,2.886092258571776,5.460355
P000100,66.0,0.0013715384873247,0.3848510797405716,1.320246,2.726824219397165,5.428171
P000100,67.0,0.0,0.3200836304477304,1.3205674,2.551230041693533,5.430232
P000100,68.0,0.0,0.2655745100774429,1.3214419,2.3643712438138764,5.4339037
P000100,69.0,0.0,0.2203481018514357,1.3223071,2.1739082001761543,5.437539
P000100,70.0,0.0296773515314465,0.2005897001648988,1.3349934,1.989324274912876,5.475691
P000100,71.0,0.0928870211445961,0.2387263158703242,1.3594139,1.8355870156330691,5.54801
P000100,72.0,0.1284237471405378,0.3271907138902233,1.3725214,1.745253918772821,5.5872335
P000100,73.0,0.1272534429975768,0.4198748710129828,1.3728392,1.725720193925521,5.5891504
P000100,74.0,0.1079831645755688,0.4845810755601777,1.3669431,1.757809527706935,5.572976
P000100,75.0,0.1016416340410104,0.5236343059668876,1.3654501,1.81574422865465,5.569623
P000100,76.0,0.1271883177864889,0.567763806132956,1.3749115,1.8888301265438607,5.5981154
P000100,77.0,0.1762699341603537,0.6481277427975021,1.3914993,1.9886248420982249,5.647257
P000100,78.0,0.2187689256548481,0.7678507135265544,1.4049926,2.136451154025719,5.687338
P000100,79.0,0.2250163297694447,0.8948262837006479,1.4074101,2.3410724270143364,5.6952477
P000100,80.0,0.1879740788657685,0.9815167966755912,1.3969889,2.583890269653068,5.665941
P000100,81.0,0.1286938426942241,0.9971243600776116,1.3787386,2.8234647324231306,5.613976
P000100,82.0,0.0809309559223558,0.948142480422097,1.3630223,3.016672659315303,5.569387
P000100,83.0,0.0664676819182973,0.8719823105619345,1.358531,3.1413119888828507,5.5573363
P000100,84.0,0.0796773515314466,0.8085658003143554,1.3639104,3.203845186315486,5.573859
P000100,85.0,0.0928870211445961,0.7712857591151877,1.3691752,3.2270939460071024,5.590023
P000100,86.0,0.078423747140538,0.7391250528287809,1.3647692,3.227681330186441,5.578219
P000100,87.0,0.0306608603686705,0.6757143213763993,1.3480632,3.2005905631295994,5.5308914
P000100,88.0,0.0,0.5778859278409978,1.3370156,3.1263444202793544,5.49994
P000100,89.0,0.0,0.4794739798231682,1.337702,3.0006896826009517,5.5028906
P000100,90.0,0.0,0.3978212416183326,1.3383801,2.838238774404544,5.50581
P000100,91.0,0.0,0.3300736785364646,1.3390498,2.653584003734326,5.508697
P000100,92.0,0.032166385276404,0.2931194357561668,1.3518834,2.4617613833627274,5.5466194
P000100,93.0,0.0577130690218831,0.2958417681250986,1.3617871,2.288041808704515,5.576046
P000100,94.0,0.0513715384873247,0.3086714115233561,1.3601182,2.1461970276396785,5.572147
P000100,95.0,0.0321012600653166,0.3042137957895188,1.3537154,2.0277506119638846,5.5546427
P000100,96.0,0.0309309559223554,0.2889772751658286,1.3538883,1.9188543664818032,5.5560455
P000100,97.0,0.0664676819182966,0.2969510873918418,1.3672149,1.8213200728587733,5.5952015
P000100,98.0,0.1296773515314463,0.3613924767080024,1.3888853,1.7590621423541628,5.6582146
P000100,99.0,0.189479603773503,0.4862083996600583,1.4076602,1.7648688566370825,5.712823
P000100,100.0,0.2150262875189818,0.6386941639745276,1.4154446,1.8573750082813252,5.7358932
P000100,101.0,0.1979641211162312,0.7693652293656492,1.4110425,2.025648274427568,5.724078
P000100,102.0,0.1579831645755689,0.8442535862482959,1.399672,2.2332347456071746,5.692353
P000100,103.0,0.1275235385512625,0.8656693846430411,1.3906841,2.439014360091148,5.667464
P000100,104.0,0.1271883177864894,0.8661072557592081,1.3910542,2.619696931046772,5.6693263
P000100,105.0,0.1503880296501015,0.8801703547350381,1.3987355,2.7776611357061967,5.692049
P000100,106.0,0.1687689256548481,0.91588943820247,1.4047201,2.928943546528347,5.709899
P000100,107.0,0.1543056516507903,0.947204611867576,1.4008157,3.0811549757173693,5.69954
P000100,108.0,0.1013715384873248,0.9333643274179284,1.3846292,3.2186619664035803,5.6541986
P000100,109.0,0.0321012600653175,0.8506432396506404,1.3614488,3.3068300351609503,5.588967
P000100,110.0,0.0,0.7238351320550755,1.3502374,3.3151016630583414,5.557866
P000100,111.0,0.0,0.6005685461123865,1.3507485,3.2436730460801577,5.560169
P000100,112.0,0.0,0.4982938277056465,1.3512523,3.113856476145871,5.5624456
P000100,113.0,0.022176343025941,0.4267118247119523,1.3598425,2.948529648011038,5.5877066
P000100,114.0,0.4848036328437569,0.6567398632835764,1.4818356,2.831753962898863,5.9346013
P000100,115.0,0.9175387272648556,1.3668256660649964,1.5388017,3.029542209965623,6.095194
P000100,116.0,1.340520281306782,2.4525671030632914,1.5667508,3.755437110500589,6.169759
P000100,117.0,1.7857398206165769,3.8578186256554576,1.581469,5.14339909325034,6.201185
P000100,118.0,2.27248520592414,5.565534338987792,1.5890973,7.287354795833031,6.204754
P000100,119.0,2.792074761240508,7.567221305062544,1.592597,10.261962897300844,6.1881237
P000100,120.0,3.3134281255773805,9.83234440034327,1.5939469,14.120345788983418,6.159816
P000100,121.0,3.8053447372765423,12.29941125026236,1.594373,18.879348303935416,6.1284637
P000100,122.0,4.258790509816295,14.894446322819835,1.5944223,24.51030733193023,6.0989
P000100,123.0,3.825370916890298,17.04310661455986,1.5944054,30.83658905581178,6.1287036
P000100,124.0,3.4034686733639763,18.32953799697546,1.5941606,37.292433600962006,6.157475
P000100,125.0,3.012371639967232,18.92549357422218,1.5935462,43.38620066538068,6.1819153
P000100,126.0,2.644128734328829,18.979564963513376,1.5922768,48.795935191017655,6.200575
P000100,127.0,2.2690709939482407,18.59280644886165,1.5896578,53.3226814033965,6.2122726
P000100,128.0,1.8579938760505703,17.814894506591695,1.5839162,56.841115727032985,6.2120886
P000100,129.0,1.4043079080046714,16.666676781110855,1.5709074,59.263427773496105,6.187029
P000100,130.0,0.9294669588413632,15.174587963105049,1.5420239,60.52709207416866,6.1117954
P000100,131.0,0.4675547575655046,13.393030417673977,1.4824464,60.60291259238259,5.9461546
P000100,132.0,0.0405857774080448,11.39948914209214,1.3739688,59.507397743205935,5.6423187
P000100,133.0,0.053795447021195,9.513225377480204,1.3787363,57.35516792663588,5.6564245
P000100,134.0,0.0687689256548482,7.964578470324971,1.3839803,54.46619493880718,5.6718445
P000100,135.0,0.0577130690218833,6.681463151037844,1.3806651,51.13089845812871,5.6632566
P000100,136.0,0.0147689981088802,5.584932038238737,1.3664129,47.55040279743118,5.624033
P000100,137.0,0.0,4.642143636595308,1.3615441,43.85936085655061,5.611122
P000100,138.0,0.0,3.851602846023205,1.3618686,40.16801748361832,5.6127615
P000100,139.0,0.0,3.195688381235524,1.3621867,36.564805596307714,5.6143785
P000100,140.0,0.0,2.6514738508172235,1.3624983,33.11204600632113,5.6159735
P000100,141.0,0.0480582475361926,2.2287068307088287,1.3792279,29.856538254938588,5.663426
P000100,142.0,0.0784237471405381,1.9231411325613847,1.389339,26.847274149526427,5.6923285
P000100,143.0,0.0754896339770721,1.6849329973829426,1.38866,24.10561437207584,5.6911035
P000100,144.0,0.0579831645755688,1.4751606472722452,1.38328,21.62066080776046,5.676777
P000100,145.0,0.0568128604326077,1.290565721943081,1.3831506,19.37000144840905,5.677089
P000100,146.0,0.0905857774080441,1.1569663821026557,1.3941224,17.342643848993838,5.7082973
P000100,147.0,0.1503880296501017,1.1009122579020212,1.4121516,15.546997681444148,5.759082
P000100,148.0,0.2053714660332917,1.120951585288657,1.4274442,13.998890944922827,5.802191
P000100,149.0,0.2250163297694448,1.1802607060541863,1.4327245,12.699541635943014,5.81744
P000100,150.0,0.2013715384873254,1.2263630187703158,1.4267232,11.620932694364726,5.80136
P000100,151.0,0.1545757472044756,1.2233027312179447,1.4140854,10.710461427228951,5.7668896
P000100,152.0,0.1175334963007996,1.172271030054358,1.4035337,9.912233492902484,5.738239
P000100,153.0,0.1112964555266997,1.105363871856005,1.4018571,9.189847726586668,5.734209
P000100,154.0,0.1296773515314472,1.0573466891072227,1.4074562,8.534388197917659,5.7503285
P000100,155.0,0.1446508301651002,1.0368076643419486,1.4119337,7.952444656979274,5.763322
P000100,156.0,0.1284237471405384,1.018473098024304,1.4074175,7.44395387222425,5.7514257
P000100,157.0,0.0754896339770734,0.9624463002520166,1.3916242,6.987216682158984,5.708365
P000100,158.0,0.0079831645755685,0.8457788045970888,1.369802,6.542906251685506,5.6486635
P000100,159.0,0.0,0.7062352972638645,1.3672714,6.07951372768209,5.6423235
P000100,160.0,0.0,0.5859659014985968,1.3674648,5.602778883133453,5.6435127
P000100,161.0,0.0,0.4861779622872321,1.3676524,5.127312313705447,5.644683
P000100,162.0,0.0187689256548475,0.4146194257118829,1.3741722,4.666736051820083,5.6633196
P000100,163.0,0.0318311645116313,0.373622133168591,1.3786571,4.238541969103462,5.676318
P000100,164.0,0.0147689981088806,0.3367384906799291,1.3731687,3.8498371693334392,5.6618233
P000100,165.0,0.0,0.2876990552372737,1.3683484,3.4901056959683143,5.6491804
P000100,166.0,0.0,0.238704914517205,1.3685088,3.150895354344324,5.6502595
P000100,167.0,0.0147038728977935,0.2068566594533353,1.3736086,2.8348308613907967,5.6649213
