patient_id,age,sex,height_cm,weight_kg,bmi,systolic_bp,diastolic_bp,resting_heart_rate,fasting_glucose,hba1c,triglycerides,hdl,ldl,smoking_status,alcohol_use,physical_activity_level,baseline_crp,baseline_il6
P000001,24,male,160.53097179650453,70.03406013312693,27.176381794569718,95.86145957880886,59.41716926371196,95.83555767223436,94.62647819508516,6.080862670617737,212.63802519950016,75.67289902648821,77.30382233242392,never,none,moderate,2.511664656718311,0.7747315862588579
P000002,74,male,180.68330715179,95.68381264588605,29.309095081697162,121.77346899870852,76.70132535592238,70.05810059997982,77.36742618909349,5.927745106890852,85.64033494587372,50.2390463175078,183.17505008573784,former,occasional,moderate,1.1195049280183547,2.044891077512805
P000003,65,male,191.1567165215344,63.58377731045457,17.400719259542676,114.84092095140872,80.55502892420891,78.51565935523018,83.70706507500869,5.807015981830169,107.64424655440058,63.5686389966347,121.64422099956491,never,none,moderate,0.7600885423710889,2.3015910834627054
P000004,50,female,161.82570822177811,79.76719585588998,30.459957452600026,125.12245152856399,76.82909601062947,93.00887615992599,112.14694152293802,6.583554722348946,260.970420729344,46.68061233912579,175.038582139915,never,occasional,low,1.5195119801454555,2.303714304150534
P000005,49,male,170.82118581554863,92.55776566911031,31.719723838727692,124.07335460690447,66.62832060043934,86.87376275437025,124.71723484468302,7.975887305481033,179.53395136396372,40.85734618673871,135.40638123728263,never,occasional,moderate,2.2763766003442214,4.345737238316012
P000006,80,male,161.93920396694077,76.72960294991924,29.258964408585037,116.93578089313363,75.28264471462785,55.78531296934028,123.66681443815574,5.721196033198471,74.73009057803691,65.44014466464125,141.19728328754255,former,none,moderate,4.545253018367766,4.938369950188068
P000007,24,female,168.39157924152698,80.13298248773945,28.259896521181364,111.99458756801803,75.6413091750324,98.3903075098766,108.23426241772151,6.102926642789933,205.26825155851608,41.84365000648159,154.49756265595204,current,occasional,moderate,1.7320374320857055,1.5192263801056807
P000008,68,male,190.28386999436879,121.50525759828297,33.55761749515521,111.44376913242345,68.93865057082286,56.33130203130433,81.29365796106869,4.285931537670625,167.46018824117544,71.49066108517022,70.1054354193104,current,none,low,4.000007650801776,2.937873825470688
P000009,32,female,156.97997347439713,76.56261459067322,31.069069981788633,138.04559217761226,84.4675836820617,78.87308183622929,71.62472636601434,7.553408112631468,249.74690475875508,48.31124659906095,136.1240297096313,former,regular,moderate,2.3453913226750935,1.6783161340549482
P000010,24,female,168.61636452510194,72.039043290775,25.3377760781881,120.5511236649224,73.23868701270635,78.36984238835551,123.43528454214979,5.729725905435103,198.1178505686465,75.19987904700517,182.08448768891725,never,regular,low,2.834123991068145,1.2585621099562179
P000011,56,female,154.34608702490067,90.72264240428191,38.08241168319012,113.62445447957828,79.82817354979798,87.56643995115034,109.98065475747441,5.4722464216978075,51.80888940927036,50.27995132037091,191.20309709088815,former,none,moderate,2.2171322136947946,2.0443816813855467
P000012,89,male,174.4691583405698,95.95333899520142,31.522652903680854,123.95579719279874,78.10417572113761,62.86214187630029,126.708163800933,9.27780566955681,114.93631871476897,52.04194433121038,195.5311482015066,never,occasional,moderate,8.010301074737779,2.713813780828747
P000013,71,female,165.8030238284209,109.61423287982407,39.873288534417334,133.09576874520394,88.98422986914781,64.33717060538034,89.13672400372216,6.275048725509258,131.52296181329697,68.45881551354809,138.18460669387457,never,occasional,low,6.567403027405753,2.5382524809225346
P000014,73,female,168.6707340612855,110.14962374626116,38.71716488394949,107.05668375026096,66.23768011993745,85.83316184379052,103.06951513430414,4.977401334856809,211.58045699097048,56.06868062817685,136.74810170068162,former,regular,high,8.818555459395489,4.053674750370852
P000015,70,female,173.39567460332154,109.69775654557164,36.4855776416549,100.05486798576197,65.87484315024044,62.91519599564478,141.8094395770231,5.833135676812317,170.4108580996184,43.893917241221565,128.03038415917382,former,occasional,low,5.43727634406251,6.200425846976217
P000016,75,female,158.47377479695217,81.42472372412894,32.42212591226479,137.75197795098615,72.6303958419067,74.64484082013838,88.22145731955237,5.4671917592284816,218.7130074159682,76.53363103867206,133.87659138170926,never,occasional,high,1.660691156090591,3.2149274997660067
P000017,55,female,153.58733696951327,70.52605762496017,29.897769345544713,112.73086659924138,76.1259909119132,84.85567460711971,77.98008109175808,8.892179695534283,165.58636485877736,51.39360817300066,134.3789096322742,current,regular,high,1.3220584183804027,3.3237783226995052
P000018,27,male,169.30765119364403,67.53691090631037,23.560690963666183,109.72097593455597,72.57814630325008,81.33514319261296,112.31630158039722,5.964520743675707,127.28885527753758,40.40615857737244,63.927215154355025,former,none,moderate,0.9209380350023291,1.83628778694953
P000019,79,female,155.14129067834796,69.59260268679985,28.914006783354544,120.24164454628333,84.68840999671463,65.70251476305798,111.58196169993238,5.379824534872027,91.59129471234036,54.554596182995624,74.63758594505659,never,occasional,moderate,2.8072078704750743,3.58063152740372
P000020,50,male,168.93784380471678,93.0975545717299,32.620031764332715,117.66130311553624,70.93267546955391,69.26717811381884,146.4870978569939,6.761818921974108,115.28768576211694,60.35414175070917,135.18828622380227,never,none,low,5.801871877027948,3.1287680044117288
P000021,54,male,167.1398367493209,79.88381661831127,28.595576644800715,107.89110474039913,64.36706244076943,101.45043112407956,138.76581905416208,6.186194227837618,144.28817332266027,62.92577925004408,105.130037659436,never,occasional,high,5.700785300954418,2.497065336280134
P000022,45,female,163.81105065927335,93.8407269677856,34.97075204250993,114.51205815957744,75.69499464194405,73.95930052128436,122.96439472127042,4.8440722357388,177.07312479609487,75.05131365475827,103.79062664399575,never,occasional,moderate,2.4513876962030086,5.7212521115883
P000023,31,female,172.92400820416617,66.49118027154766,22.23583563511352,128.20872648863298,85.02153196275063,56.133432543356726,71.11565508581926,7.56109750751628,282.35809519466267,61.328791595988974,91.10233488552252,never,regular,low,0.810499304855498,0.6383110451629317
P000024,85,male,179.19432756865854,85.92428079051159,26.758846602552914,137.55471749981953,87.83679006803196,66.07601533540793,104.23651332327356,4.481918988083435,116.38655214482564,47.07074646333298,158.68297481371326,never,occasional,moderate,2.3290054698199683,1.414648261155681
P000025,75,female,167.67640968022934,79.81633223536372,28.388852251651276,123.4322231362315,83.75227400156308,70.57306832082901,137.80210304622668,8.126759142513137,196.2985780731911,48.49831626147595,194.03480638084716,never,none,low,2.6555563374858093,3.7382815195374035
P000026,65,female,155.8014007513886,66.53441890684391,27.40966024901803,138.74496535857818,79.07890566234038,108.90320308080499,100.68626248799511,7.288646063306013,101.43772790432729,39.72643615855532,136.1228652159387,never,regular,moderate,2.87282177454274,2.1918861738010844
P000027,47,male,188.9505935102438,79.29573701941834,22.210243464118378,123.78442232715933,83.47576884486557,69.22274776379474,147.75373284016214,5.106280881747632,203.88979601227865,70.65947576218687,187.88203037178994,former,regular,moderate,3.2063653838483113,1.6437515199788217
P000028,78,male,188.39560044469624,82.32694653064551,23.19532674773152,119.55268743809796,82.2398096843199,54.26713834125488,114.21622053866375,7.050915895338509,55.84254131953996,40.69251611372212,173.15355464975303,former,occasional,low,2.6642553022851407,1.8968864653392992
P000029,57,male,185.28453122514802,117.39804838481435,34.19657029382642,133.00863134621707,70.5746417176251,76.12439279836258,83.24675808490606,7.068785257570692,197.9989121750156,61.530262487030484,94.24033746987496,never,occasional,high,2.45532338878329,1.7700361277106937
P000030,50,female,158.49459823841985,70.57552932571492,28.09475268830303,133.46122120766012,78.91093419046642,59.15369054803287,104.58107048384133,6.4770558535949885,104.09355547469718,62.426662968342775,85.5258131820593,never,none,low,2.560284599283511,3.127769743830982
P000031,50,male,179.04370125690164,65.68430232193461,20.490072590675144,126.13213053233609,84.93027005258713,68.19437017733492,115.86026572967197,6.487838714238487,100.731608550289,73.84619042147612,93.44550125722725,never,occasional,moderate,2.071869485163199,3.095360076038647
P000032,34,male,179.52556296662684,61.33412082611935,19.030471557154268,128.98192320982923,73.11683981937159,105.76381809612955,75.78682093002091,4.454014516644527,166.24443072679261,38.64895120637535,76.03923809107596,never,none,moderate,0.5193397427882751,2.475585151436762
P000033,24,female,164.21850690778484,75.37052785371878,27.94842627133432,126.86840670482772,81.49144563316092,83.62062075407087,93.6855519120006,4.667175192528972,139.38303483260162,45.781528361547004,131.21045250736728,never,none,high,2.0210326964821617,1.0479304519378605
P000034,58,male,158.85790450093438,59.0783824737261,23.41051335550523,118.61033470412646,77.32335643405705,56.68285346950593,118.48580117873146,7.099182105958972,152.42358720802878,82.6997885836822,101.77196433906809,never,regular,moderate,2.2152019202751534,1.4388318730845673
P000035,82,female,151.82454881758417,72.57373384548414,31.484403476250534,133.60455767478953,77.82037271229582,73.95982670688542,87.29814418006812,4.745993753849016,131.89692794535995,60.52697761248565,179.43062153300872,never,occasional,high,1.952723805208943,1.6463765889738502
P000036,22,female,162.90050238887886,88.20513222249625,33.23908100984302,116.98315540176688,64.65437538655584,63.98113321362812,95.3677463569701,5.216725205365962,293.8553260072483,55.115636695487964,134.52138813711792,current,none,moderate,2.524560433244605,3.972639105635116
P000037,80,male,183.62177632927805,82.7911286362707,24.554745337486658,121.91735805601434,81.82185360528544,61.52559236138501,117.39299075456164,6.234273106224197,122.24679345864735,70.89745310294838,109.67598225269504,never,none,high,2.9285098972635577,3.1342888854934956
P000038,78,female,168.68974307736963,84.32538508071805,29.633365628865214,136.2070052319485,88.46874529814622,78.80907365674719,125.35344676760369,5.336238347284651,170.98522172610245,81.35626848086197,202.96204073625046,former,regular,low,6.388273747663175,3.5437012353505337
P000039,38,female,170.5980872938697,67.56072923018573,23.213787964788185,108.9090381560016,67.09881742596225,75.87266895862422,103.32499048457933,7.294541902281676,246.21420168552282,49.7214595243878,190.25737019623767,never,none,moderate,0.8185921951687987,2.02751694678015
P000040,64,male,176.4641923356266,80.06558186323669,25.711811688655622,100.36293474758114,74.46585113459017,85.38686677091552,147.10127246194338,7.672200439114901,194.0634006640119,81.68572556114536,155.31482354777012,never,none,low,6.108641410559259,2.9673749612285922
P000041,30,male,176.40837784863928,110.60738634166266,35.542315455059565,125.16094663133262,62.09724001005068,94.07120449356768,141.82186879881277,7.812307750314535,138.0820677804727,39.04616747931806,157.25305956310777,current,none,high,4.748608274154517,2.50988406576081
P000042,73,male,174.8645746832204,88.44487676108858,28.92470972811183,106.71638658967225,60.53796009244964,67.15887793839485,103.81764879952199,4.698375206307543,172.47275467401985,91.1155922680062,199.27333808383167,never,none,high,1.8906775768779038,3.1956205457251556
P000043,69,male,172.5146938285645,105.52905743334672,35.45846047776787,144.30641239509595,96.80029871785293,96.53037196356615,87.88546932688176,5.7036892421092205,89.67573372796194,42.314665292825346,133.10133837564155,former,occasional,moderate,2.245835413047536,2.825747782911596
P000044,43,male,170.01975223804237,70.83338995992739,24.504128933119205,125.14663316290178,77.59962413619103,76.30116643172124,123.03340156792581,7.727078456618273,167.69141610165184,49.58612636185272,172.38041529341157,current,regular,moderate,1.585492690723807,1.7893246954843223
P000045,22,female,162.64496254627448,68.99911782368534,26.08328606904828,120.38755613862834,74.18234042778617,67.62514606976097,87.64739510758609,5.492419391513981,147.41321716291242,39.59520509732195,69.58334414919777,never,occasional,moderate,0.47871137447164785,2.032189145515021
P000046,88,female,161.15895958682628,72.50089727384712,27.914796839282236,111.76292034290873,71.86706181606311,90.9388204606784,131.84291399574872,7.07292646501611,218.86238709249827,73.80464130771675,128.19467127495642,never,occasional,low,5.108459425123016,2.9038833075978023
P000047,50,female,157.66718040970176,69.6965997304726,28.036835179586028,159.56720096169423,95.55168779147748,55.27107406283181,109.5678623423342,6.472310248856122,246.10628700573523,92.57086603006348,123.0338142234693,never,occasional,moderate,5.221384055596037,2.5500027930872884
P000048,83,female,168.79022477818944,116.98292188610904,41.06084489773396,119.32454646400053,71.15795664726647,77.78516014825303,103.70847794662504,5.6173049951728125,121.41750625074349,46.72276027364816,62.56705873572056,never,occasional,moderate,2.0922697812578614,3.6736160041675996
P000049,67,male,171.9899384215264,66.10941612271225,22.34895594885418,133.15857700828855,83.52126557591166,84.39024280729318,106.90373146780905,5.449804021859344,81.97253304417407,52.71704153569599,74.26152071750167,never,occasional,moderate,1.117179833252738,3.041272576046633
P000050,74,female,158.47915738750484,86.7727590635907,34.54928784280298,115.9274319503856,72.13737521206622,68.41094800562534,108.92146039970868,6.710813014846847,148.03544644124253,47.7554901587731,57.17048264399657,never,occasional,low,4.777897119859189,3.443420056651908
P000051,73,female,154.33664609731085,83.01254797530339,34.85022831016271,103.38107399667315,63.54146580186394,92.06642695330741,142.50385787732094,5.3638367424935645,173.670384326996,41.895359566337106,103.0016076030368,current,occasional,high,6.611866309834276,3.4838255095807757
P000052,32,female,162.09547464682095,76.34413132968113,29.055869547423057,114.30867669814175,82.29248318856543,66.90881884932746,87.717993649399,7.622064372311842,140.63701409908134,72.56029641548923,66.877529619921,former,occasional,low,2.325921716834717,2.3014814157047496
P000053,44,female,159.20473311279179,66.5947695743341,26.274119476521125,97.66765088100533,56.2992025619241,90.57691605629985,141.588629739853,6.733128878589907,186.39712998837095,36.55111948585037,115.58600688595014,never,regular,moderate,2.469555537999915,2.982234940563473
P000054,52,male,191.1226222266914,104.37024495418622,28.57278096954217,118.68993571776593,82.08327670708073,58.810869816194085,74.05513096605272,4.600043885894412,163.13571647214036,89.34581450552209,160.50972495397372,never,occasional,low,1.0399791071600777,2.334421319523676
P000055,54,female,157.53691257468472,63.41177402030194,25.55084359590567,120.46365369967856,71.09781910553312,63.42634942882553,123.23943189479037,7.034356983949061,282.2124664409595,84.2849860605182,134.568058546288,former,regular,low,2.2293766996923825,3.822523669610305
P000056,21,female,169.09644658798942,95.27516985605324,33.32044316597773,141.79849248773684,84.14576364976182,71.80976818127466,140.5409488544222,6.281097763835136,150.05226293031458,40.027890160726606,141.4801257158826,current,none,low,1.2299499950750274,2.6639499847906376
P000057,57,female,174.9851837650845,86.6032239337776,28.283392712349524,125.12073038017523,84.90207516501499,91.45693628745536,98.29752669807401,5.146693060175719,85.67190817277466,59.360385484809896,60.62377938158001,never,occasional,moderate,1.0962723088325594,2.9176971038894384
P000058,29,female,163.21293244038836,97.83390137567935,36.726558721199595,124.43115879470841,83.47323886629212,62.66775454214626,79.48169061311766,8.48806091827997,135.995821106383,94.74789477599559,164.927758433453,never,occasional,moderate,2.7131617101124053,1.1776433247385019
P000059,72,male,175.46311106310384,92.68521284040641,30.105011733234726,109.65401128542638,60.033921127607854,92.86910664779074,127.90611987985102,7.138752955208021,184.27962127838092,77.01205253715403,84.42488178566573,current,none,moderate,8.046007453336605,3.681110628309226
P000060,67,female,172.33677644129634,84.65807350514861,28.504435910937485,118.56007055926405,82.87397458390683,66.48892943357828,131.3449352948433,6.687729580556424,120.67751944255564,68.33608728515694,103.92015978107825,current,regular,moderate,8.266933598170498,3.319110184935258
P000061,85,female,181.0929360802909,103.60131397397211,31.59091779942245,157.4474171082076,96.87656565863881,74.08495840304107,97.85934231778681,7.6007015990959506,125.75061273766377,31.6656244742503,124.43538633071866,current,occasional,moderate,4.701989905159115,5.970448239118051
P000062,72,female,165.5167384527537,77.69691907769835,28.36089671794138,112.53028801284812,70.84667966559618,70.91001513616659,106.30001159470217,6.278653136965594,133.81495249897253,37.01539050114978,183.62522640824682,never,none,low,0.8125259229601695,2.514948353454098
P000063,44,male,182.52124689249138,119.98320398808237,36.01584437094862,105.64618623406344,71.84746040960552,61.2578967111081,128.49042993469592,6.1736691021471986,220.5404909099202,71.91456497213419,214.0855500896909,never,regular,low,2.5326346638650516,3.843110027507406
P000064,88,male,176.61494637793697,74.2094620998417,23.7905441771415,122.97290645092458,86.41292099400074,98.5454701670952,87.92805348533781,4.981880674912435,283.6208938680264,54.42416992102314,155.9085568928632,never,none,moderate,3.4178474852479503,1.2609388819616307
P000065,47,male,178.6436484085916,123.94787656853465,38.838632638353246,128.67908354882988,67.88451369796483,73.61797219796861,114.8577856445186,5.196492316889993,145.66859083499375,63.829349562441315,148.47405245960852,never,occasional,moderate,7.415430553696869,2.76528698807834
P000066,41,male,173.91155524816702,101.64764697886679,33.6078284660165,120.418502014418,81.6690927324779,82.98926975728338,101.02417280733181,5.850353405597613,114.7555214198218,68.80911108823187,125.51823483051028,current,occasional,moderate,5.602306452192641,2.2017708655313406
P000067,84,male,161.1033997373125,90.251721379689,34.77331408592612,133.7981689967094,84.42682157443679,78.36664175621655,89.36356085592193,5.812514418518462,153.287077516114,53.27661837020455,140.50381574052852,never,regular,low,2.5992574008042624,7.200066708129412
P000068,45,female,148.24445679939325,61.698485528384886,28.074858605355267,97.13178472893065,61.20171629333644,75.73693971787985,129.44411350048662,7.20884644130924,135.56395461148418,42.44771321447411,84.155705953849,former,occasional,high,1.4769906769838106,2.206272548000814
P000069,23,female,162.82738404159252,90.63806798741068,34.18658723742301,116.16709999487081,78.98154318991459,79.94433299858305,94.46639273911101,5.816592615321616,324.11815176171666,52.0175431986113,100.28389194271108,current,occasional,low,2.3047105263890226,2.659818515902461
P000070,52,male,195.94946675426715,98.89893290701544,25.757483707909557,137.17368059286326,79.50898943318128,94.52403390456423,142.72485514114942,6.799593202805273,153.00911566751256,79.04192867373277,202.96327848718826,current,regular,moderate,3.75225692423641,3.4894179119639497
P000071,76,female,161.47128866594048,84.8721024259131,32.551749736674296,108.36351678346487,72.72183395702902,83.38383869028672,110.71134674556338,7.573253532976797,202.13998107342653,50.33390176929566,200.37154966510792,former,occasional,low,7.570818008430049,1.9230098765835766
P000072,31,male,177.54209170021915,72.26417719437373,22.925583481586912,117.72307167444146,88.93569806555976,76.81149396547806,102.66784521706322,9.106496389736009,270.05364417763053,37.096368822069124,106.03126023292283,current,regular,moderate,1.8728668493815246,1.793522288360623
P000073,51,female,164.25656122458253,69.50494928126582,25.761448452774644,112.90984437993404,67.9786732555894,81.08734054655366,98.89039951926554,5.490281285622874,186.1471856009586,88.20105348277352,97.04520777169674,never,regular,moderate,1.62974253536194,2.4186125962300427
P000074,27,male,185.19878862377195,94.60576131493359,27.582987437055483,131.26339591865565,74.41498195565903,79.5478231464359,96.85555514675532,7.965968200600168,118.72367656503617,66.65725351852242,95.66411779625318,never,occasional,moderate,1.4293844193988472,1.9364530863937928
P000075,68,male,177.25786502205275,81.6194900838786,25.976632416215754,128.55185340690872,87.75998367141024,73.45459761936877,128.39586535355832,7.539243546144735,181.5884308661633,60.40068754226697,121.32850892091157,never,regular,low,3.2841116505958885,1.2470669360003754
P000076,52,female,157.24615554475335,66.35657003732169,26.836375293066343,103.94861872754359,69.04689478451384,80.26692091066485,115.83030796688718,4.870086000243437,142.89540416472084,75.71609780921591,94.96224910954723,current,occasional,moderate,3.8257592075175957,2.393104327945031
P000077,42,male,181.06193040012315,110.76388284254655,33.7865524469859,151.97017673365775,86.70189468248947,73.79296268937169,124.73237384648607,5.822789901512386,152.6805406273656,53.08779743720047,138.4928613875332,current,none,low,2.7811666169255402,4.930758431680662
P000078,34,male,186.4493321496108,86.94507238061817,25.01055385323274,113.86445237770755,64.04635830463475,86.10312728129945,97.66745418898725,5.180250448587544,311.1918956935658,92.91193432589557,71.78155838341043,never,none,moderate,0.7955605585933445,2.2688969234559515
P000079,59,male,165.50844670225553,88.27844356266135,32.226589109116745,133.78622659143133,77.50226843101912,101.44183496177509,92.7133818148452,6.62954251549421,127.89461867839569,77.12757330024539,77.41179630356662,never,occasional,low,4.166558061543224,3.8205862228202885
P000080,66,female,172.54786518928768,63.39451499558004,21.29278665646372,116.15773053836836,63.829905754383965,100.27594643492088,79.16856465436156,6.077176938037857,150.22834930842794,50.9639612949792,101.14419605844293,never,none,low,0.5433310165767193,1.2924009199711637
P000081,86,female,173.2022163002179,97.87860978133259,32.627282428140056,132.6438202069706,82.14291594943057,89.44892978011252,126.28132731615948,6.31332933382509,106.87979141546806,51.82742147246395,155.14382921303707,never,occasional,moderate,9.199853183262913,5.673706129143326
P000082,49,male,185.55190634699656,114.19832089529687,33.168732597252244,127.75503644543254,85.60192631512966,79.36903464583833,100.47221162691405,7.14170500603065,111.10140719610352,47.96752619824199,106.06367214337364,current,occasional,low,1.2184734927256629,3.0151713116564673
P000083,29,female,161.35563047547373,70.35155168388256,27.021249745503823,128.56002624987659,87.80819794961937,85.6982750384806,103.28510227383767,5.571422693778017,181.50888343575494,65.67613597919916,119.9921862310989,never,occasional,low,1.117688630560345,3.4030323887185348
P000084,78,female,158.36206121114878,79.74597683770791,31.798489508303263,146.8082784651824,95.692985748404,64.27685053513858,104.6558302650597,5.734763149896743,219.27501745403077,63.69022647336516,139.44043613309174,former,none,high,5.210923029489358,3.216201329414675
P000085,63,male,156.87521043676776,89.4784031710488,36.358803442922074,133.08754459436827,81.98044298759237,74.96526702587276,103.05356571991223,7.735160299594238,195.32717728473426,57.15991530795917,156.78136766181353,never,regular,high,3.050843648499043,1.472294750690424
P000086,69,male,175.0516035543057,102.21054049273148,33.355196074111774,146.9891127580596,84.87952694859119,67.56705113978983,118.40315387338867,8.733387294038291,136.95727364193291,88.72782569743035,104.38922104306599,never,occasional,high,1.7974660302764247,4.278853524531719
P000087,25,female,160.1502749287509,68.94176132962968,26.879859695321585,124.56640167582837,77.87924426336184,50.280467471968954,109.69320115853239,7.2667564266479765,78.15243462689122,57.31519123201475,148.6930709608372,never,none,moderate,1.8796070185033704,1.6872046270184258
P000088,40,female,164.3526844155452,75.88277922777804,28.092450534153194,130.71818544062054,90.70535273231495,101.14752723401033,150.46572751820577,5.75865171206171,156.15572150578316,72.47680857463527,102.14426730393552,current,occasional,moderate,4.209636055899842,3.0239757679587935
P000089,74,female,159.04761737384746,83.23391902955466,32.90379635752789,125.85898087683955,81.22024489982545,92.08986911613816,85.95659753899116,4.748237646526209,166.4660747660376,64.4275278419212,138.02690281640474,former,occasional,moderate,2.386700662369732,1.7330761031151913
P000090,78,female,155.63422693629505,61.89377789748001,25.552698256239424,137.2012113160259,89.26295628158431,76.1514246254757,109.32510931690128,5.295977084854285,221.04481833912595,59.53877617177791,118.12573760276676,never,occasional,low,1.715586735384412,4.6121084529746375
P000091,49,male,183.17459399992734,112.14806361638712,33.42422176218552,113.73464419926944,70.61066422703936,67.44681477057573,78.53205819966792,5.594090397338492,194.03163308341223,33.94907689919802,182.76111958888112,never,occasional,moderate,1.7269017483478644,1.8525436913451625
P000092,76,female,151.21221373283265,59.57823151478575,26.056367132588832,131.45170886696903,77.67429388190945,83.1048256229747,127.65853826903788,5.590595929276276,253.59206400126618,65.78189078368125,201.60339704128242,current,none,low,2.9582021870301745,6.158111215752631
P000093,79,female,176.02951816647166,103.71278993595662,33.4704319215201,130.76754601170774,83.64520656972904,73.50878674529483,114.14130172297047,8.034215876249847,228.880243308799,63.51547220589593,154.66185444433336,former,regular,high,12.818710306305448,3.0673705075316593
P000094,46,male,165.5991783181552,59.393849973216724,21.65833777625462,97.17175712151023,69.48506182148965,88.47539781421919,97.77809596383601,6.695906511568458,132.03303633917352,42.26787666853195,180.02845941999308,former,occasional,moderate,1.27407347316811,1.4269843623095795
P000095,83,female,171.20124947401237,59.59154778198732,20.33156483167408,116.50881851534311,69.78974935643426,108.93448021431638,126.36560898140324,6.07672415455127,183.09530093678697,74.51499062643664,82.9279310860258,former,none,moderate,2.2130452218074987,4.492750807440054
P000096,39,female,167.0325225672745,114.57454899335734,41.06634736849477,143.85137398902876,95.33763075267316,70.79111493422221,104.44777381998995,5.413536281041076,223.93310014257708,53.60886270716763,139.1876791426925,current,occasional,moderate,3.215036387597094,3.5072257682319212
P000097,35,male,163.9513824176003,94.08911029160222,35.003316586625374,135.87600418971965,76.20900099870354,67.07017904203668,90.39062337631101,5.576267228312743,296.3918408407619,49.40438393634378,91.74907932734178,never,occasional,low,4.496225376609122,2.232950115451363
P000098,67,male,174.16744174296394,107.29806564700722,35.37186404785074,111.53860216050529,68.71783487931327,67.94655717978921,105.27680881800191,6.037195753848184,154.12491645402469,74.12618732980721,101.14797475900613,former,occasional,moderate,1.5948323080448616,2.107569853552311
P000099,64,male,190.62499964711006,137.08707435836612,37.72565564705902,120.36665597519092,73.52201711074846,59.7855510508775,80.41598359935874,6.762830458190427,198.84565945799474,49.395558912205786,125.0334756820877,never,occasional,moderate,2.9642942523552063,2.3340764755202943
P000100,28,male,191.16837794005943,100.45166935283882,27.486854787139798,119.5604410510858,75.2801457947233,72.21604624915976,136.87891376277824,5.115995261805783,141.89421355094305,63.73644847884477,150.16848408441632,never,occasional,moderate,1.9978295218409923,2.78607994744624
P000101,78,female,174.19227844646653,77.27775880651305,25.46811010025484,126.39078363335298,80.68302313754864,53.09200141818137,120.76320695057032,7.725346329983157,212.0756457426659,63.98728786756088,147.44821161607751,current,occasional,moderate,1.8030082065122417,2.1548393580613436
P000102,32,male,180.2618336951494,73.76675705288059,22.701425151177183,123.44533882903823,91.26985180293455,61.04686128588398,121.19623566004819,5.16587289222032,269.1500312587875,36.127458112953065,170.32889736464588,current,none,low,1.4137241031777341,1.9960685686684552
P000103,76,male,175.30865025829291,87.04696920770215,28.323502827000038,154.9799949872622,96.35639946795345,68.10679666037665,135.12358543392102,5.7504023712879775,274.3829108966469,54.97708553632664,128.73278083119052,never,none,moderate,4.086315374592715,2.7893818460954938
P000104,18,male,182.72825060141372,81.52746246729396,24.417012883846972,140.80619689221828,81.4307181431807,63.4232230922498,124.00829682061169,9.138349436681372,99.9625314678881,47.50799012376774,182.68882404778628,never,regular,moderate,1.0094660263770945,1.9815444486769431
P000105,76,male,160.34021924791273,95.33884440471448,37.083860384127085,128.90103771370894,82.76408218834133,84.87962656375723,104.03171061839576,5.179544297577031,119.2107080186233,43.69642074438829,173.96842886109764,current,occasional,low,5.480575087127349,6.809235345890469
P000106,75,male,166.40937796183414,49.846840399051615,18.0003952272451,119.61315797685916,73.25084081997237,60.535546609998136,81.17393931933701,4.658334986450221,212.46114861163966,67.36750857774817,166.58826487728814,current,occasional,high,3.5415472748220926,1.9644594150213965
P000107,74,male,178.89586610579389,73.55494913456558,22.983241967009224,119.7438188129723,88.1082805908591,92.23154794130282,96.52250521176772,6.5513016021328845,184.64489318258015,30.159622212765605,95.66436432187756,former,none,moderate,2.087295866021677,1.8817233437490006
P000108,66,female,158.2748636588306,62.25100284967998,24.849774727395474,117.50665157724976,70.01403599812608,66.13886384319309,142.82838105790083,6.20315248587164,266.8028099722666,89.79378437566899,125.89562747267274,never,occasional,moderate,1.4977433677711678,7.641481945564802
P000109,52,male,180.22601550323097,78.12625481058788,24.052600789659003,108.6738578519365,65.49304398336591,60.71152382893934,145.2297730253743,5.181877452227839,125.5168286315679,55.08457628077923,149.3945588791034,never,none,high,1.7544005195467993,2.296131992254017
P000110,69,female,161.97219446917268,64.30973760372432,24.512962740818534,145.70752862906622,94.85446117463626,51.87797458910095,123.43210668471792,4.368757102389204,244.56008338820752,51.04440415188161,198.7476447955232,current,none,moderate,2.8398151359067345,2.9856979325960062
P000111,38,male,187.6446486292796,107.8954701656428,30.64296922157653,119.40668161629262,88.402469661705,84.09677607290894,87.97829146870032,4.680133623427366,201.9102498722247,83.00840920830719,52.539465516958394,former,none,high,1.4964046988443707,1.9598049063166774
P000112,74,male,184.92404415500522,89.07830447868744,26.04864738943271,123.64157812943475,72.72773855422535,67.54087300906872,87.98167383117705,6.033547821449934,108.34791405569841,58.111023025011264,106.4533385787263,former,occasional,moderate,2.143416330553168,2.2308534447215465
P000113,58,male,176.09622313081755,92.9823978277631,29.984765637481928,121.88196791162068,82.06732059108954,76.00556977539699,135.53733689502397,5.658553279065847,97.72288839939799,62.83879269486975,107.9832950798132,former,occasional,moderate,4.234224594337055,3.3676142127882875
P000114,51,male,183.34253611267405,119.61687175680551,35.584918170230345,126.03676308458296,76.9855407011668,60.88738443006058,85.83903830483891,7.120122284021587,209.62313275068607,65.95144989121627,102.41167112051292,never,none,low,4.935768098744574,3.4249371863780675
P000115,54,female,171.23400869077798,87.35266421625057,29.791756353682082,121.61227679734515,73.28763771952416,104.11418613483261,109.97544185047488,7.718898798975168,104.45930286850606,78.5662930599777,161.25750486674627,never,none,low,2.2705316406176803,2.910105816703237
P000116,59,male,176.12695148965335,97.0860748070312,31.2971871329259,110.40143296500158,72.22821256360929,61.659154136918346,98.45290336035333,4.98916625648061,230.91961803263663,41.06915777342529,64.66707106013916,former,occasional,moderate,1.4379522241277172,3.976005715222339
P000117,20,male,168.3538868061902,75.2764557569245,26.559070276723535,110.3130271496702,66.86542901894568,72.77766105103368,90.74922200139805,5.444260891915951,171.56933012358172,38.359206651987456,109.65894863629694,never,occasional,low,2.0005874793398344,2.440076290949809
P000118,28,female,164.63712741293037,63.208085743139044,23.31938421886795,134.48610061642728,78.87714274661406,91.30471255904317,114.15498780726654,5.1670684915162886,153.39041353161878,95.44038373627082,146.18156799563585,former,occasional,low,2.9239897853506864,2.1925274164556083
P000119,35,female,179.95957701297553,84.04811304847752,25.95243070972775,124.20700150379642,76.49947846510749,67.08904867558479,147.2893584775822,5.957248200726172,121.19898486121619,29.43165081344265,114.10118897793933,former,none,moderate,3.181553109887895,3.1594668300356643
P000120,26,female,150.07317556809392,86.34967729351528,38.34021766549437,110.27574561313327,78.02420777530295,67.93123218958391,125.37547739638967,5.571816731207177,317.7008301012329,66.15596864237324,84.1005485209126,current,occasional,moderate,3.7472090970529757,5.196385684614393
P000121,50,male,187.2339990822102,105.48924856343629,30.091149055006458,113.4356038101115,69.92965734172033,88.75911629518599,103.71642712073765,7.281478438101141,210.8484890246935,62.65921094492975,134.23935480155689,never,regular,low,2.7814884949683316,1.6222287816595558
P000122,66,female,163.60970347352767,67.80189935510232,25.329332497775788,132.64775228561618,92.20413982074558,68.16753356019805,100.55150727153406,5.577114211572885,223.02462059550948,61.06134464725918,125.01228220364169,former,occasional,moderate,1.886238901527007,5.948050134826944
P000123,65,male,169.35923456050597,79.30882325748301,27.65054792634189,129.8353860374036,81.0845376574411,50.067005299722695,139.05935577141545,6.45262931069866,221.6671421594549,72.68247522765736,201.4731007070778,never,none,high,1.2052798109423188,2.5455894079355588
P000124,52,female,152.70077758281496,79.62043086396726,34.14617220946518,137.99282312784985,90.0302783794884,73.28712385925508,110.57279628266082,6.810326217602116,182.83070617253213,94.68552871275025,151.05905093045828,never,occasional,moderate,3.587243458678663,2.470450545135958
P000125,80,male,177.85968418864763,97.58951426995473,30.849499518616444,93.4550249446421,65.63464418040876,52.318841511513334,106.06714604245863,7.48774017339225,285.39159671964535,34.70463453784669,203.83603298331218,never,occasional,high,4.41399002467434,1.937933508701196
P000126,59,female,168.66561916858566,82.96686737816366,29.16430038032356,128.44407948360168,80.67702031770496,95.42161259610612,117.01010111913625,5.639168247625801,178.9909760565558,63.02467669522086,90.1573589323244,never,none,moderate,5.0263883745928055,1.767493628545551
P000127,23,male,177.6067095736271,111.78515500967791,35.43768933512672,139.51398735835687,87.79210093659518,80.95024881631934,90.3720738822263,5.0661159337491934,171.50989445634426,67.1698603352226,152.87433929824118,current,occasional,low,1.6667272317543464,3.670154580999785
P000128,73,female,156.2145020414094,75.44641428891656,30.916897527375124,126.43638981369905,73.50683676666472,78.65644581763655,78.87513271726952,8.746019128497888,125.83628663406057,49.77281198239584,127.94546373115784,current,regular,moderate,2.9411081763480875,6.500558278561015
P000129,59,male,171.14197525973015,89.11407481478705,30.425184625518245,100.9286059129858,69.21172684988512,65.31950323084344,132.74775103644114,5.88276514465902,126.59549067264294,80.36408252604258,146.28724353887594,never,occasional,high,3.6237710729266346,2.486134920236201
P000130,64,male,169.7616681711014,68.84235945507015,23.887817818633998,111.80326370322888,71.56191569561977,83.41190516170568,110.56717582771319,6.798647631708915,210.89773571693914,57.48250547062007,119.68411213271902,former,regular,moderate,2.2573840628070543,2.8357500379414584
P000131,59,male,163.6274257156921,59.32366115477979,22.157244492275108,114.80371526904396,71.8073319472795,82.42486519536455,84.40234115072526,6.6252962430838735,127.21159960467642,44.732305658577786,93.54695197790794,never,occasional,high,1.3119310062593903,1.9928198549723135
P000132,58,male,176.1768561545601,119.13896127478965,38.384518551634464,113.2410910999058,76.51397054696922,57.48524106182563,96.48500480522415,6.081235613967928,217.66650062773365,76.08856499415458,64.84843972524595,former,occasional,high,3.3885896011937264,4.53922262776671
P000133,24,female,166.14135725395454,82.07761143960273,29.73508617183277,116.3514931644109,73.36769797434094,93.24513284414672,156.22786010478654,5.852613974950936,292.4980754628281,85.7250593549948,164.71571709314242,current,none,low,4.508290431306016,7.348098395615666
P000134,58,female,167.24712143425555,76.07531257465686,27.197340726406992,104.13274406499039,71.75615305649751,78.52140223997615,112.98371517467618,5.138414013507805,149.79362393747672,39.65907581603403,160.83816930053518,never,occasional,moderate,3.1039544239592676,4.205207701167243
P000135,76,female,178.54167404511122,94.31041722955905,29.585605445344164,115.65248528874642,81.34597028578239,87.88783076509601,114.42225557242593,6.165567768359612,90.39370333372207,70.2502406224277,86.84321088605627,never,none,moderate,5.205014208374919,2.709570409333735
P000136,40,female,161.56163431671067,54.63451073647656,20.93102916141929,111.9772166552649,62.40867766071655,67.77918449602309,76.93987168731067,5.890420309978557,191.46510581541986,47.800681236815336,138.10933509476544,never,occasional,low,0.6297705821005516,1.8369945000020818
P000137,62,male,175.47815100453224,104.18009163214194,33.83285409179192,112.94181908089953,73.76903061893769,61.4761688188127,150.34957292607476,7.542143388037041,56.5397136491608,28.560296979430902,149.59521990701091,never,none,moderate,4.3816868115991445,4.654740745327942
P000138,20,male,168.74690673778912,69.36477369918308,24.35944181926075,133.40538236628402,82.47443142951049,83.52305143012255,135.63674055305202,7.160459444048124,225.09449895940475,49.35707919759615,128.56211076749696,current,occasional,high,1.9668415441910312,2.531778318341265
P000139,43,male,185.05771812332424,114.51549460932183,33.43873562896403,99.5574535818222,68.49090399142479,87.96338521499189,108.03616033934058,8.0925737097658,170.90678432767294,76.75812228377308,105.44150205945323,never,occasional,moderate,1.807815850218895,1.7450005774936121
P000140,49,male,168.38431230370915,81.61792580346399,28.786064788408183,116.64825437078142,70.12151901729334,71.96701687789921,93.48356397698652,8.655954119708248,160.32863516536986,42.1934378891889,172.5645443925275,never,none,low,0.7850135595502252,1.6374309302456491
P000141,89,male,181.62700784413667,83.51080810139874,25.315227201599825,111.72075559408627,69.41145229678014,53.93751679329593,118.53107356884206,7.102000514724304,173.13284644867,42.09695538131513,137.793723168684,never,none,moderate,2.856651097516118,4.384465518677932
P000142,33,male,182.93168293655063,66.08530697394161,19.748178862541085,109.98479017468982,55.97904058496269,89.30716264222097,128.06909205316362,4.9932467122176085,158.15560005700445,71.2914314670505,147.28212721113036,current,regular,low,2.5295363850762618,3.6372358197240726
P000143,38,female,162.65905196186722,89.13587394451555,33.68961542691778,130.64471793519584,77.14383939486731,65.51193115049553,125.70589140022233,6.035306733826994,136.4124671943167,52.9221430966893,138.9134080602352,never,none,high,2.6314120893663593,2.585643302946489
P000144,47,female,156.55744807040702,57.94688826968648,23.6419150376474,103.30000643656766,61.34998795634193,70.46062175326993,151.6504484200061,6.940866751740612,119.89773026764041,43.504377919015845,147.42146249033507,former,occasional,low,2.9977346164689016,3.1596685565883638
P000145,90,male,171.21167691088547,60.38213169551684,20.59878853365523,120.00430068364318,71.80751930497246,80.40459924790541,112.99996829365364,6.5067806675665985,139.78323640493105,48.64862383357984,84.25388634476067,former,occasional,high,2.9720737367915526,4.171013455308225
P000146,80,male,187.41746208585806,113.91853138330788,32.43204039827223,135.9255709506325,97.73182680247999,60.1955984759428,97.07670018805675,5.070247681443607,265.3146118516715,72.50113214490456,181.7512631330631,never,occasional,moderate,5.458449537642302,1.6078763747605558
P000147,20,female,158.8838101831007,66.53002944425641,26.354721032358192,138.01859631305155,91.01179936118452,58.350347820920476,101.97327412914836,6.381153133591238,97.10573088288771,64.0483600037854,102.11638891983155,never,occasional,moderate,1.0656872220120128,1.5413081445276184
P000148,35,male,184.2020775861953,91.156661107512,26.86577424219268,102.80453790411133,69.91990152252373,54.18443304628711,127.39516585150147,5.897609564308479,129.97772771564064,71.27257275200921,164.41959081894237,never,none,moderate,1.180328895150161,4.713437703913973
P000149,77,male,180.1868701574608,80.71110434174746,24.8591918681363,116.22156034186415,72.91235654599697,95.98584682273513,91.6411514104673,5.459754927759996,106.73977016842088,39.8511847167868,175.1108193150251,never,occasional,low,1.7218706525876428,2.5503525037910553
P000150,22,female,170.22343791752962,100.64264908773173,34.73308383916096,113.73054311064985,76.90740154942961,69.5252763854906,89.79457288451418,7.465447548802594,154.3571558483568,54.76214418404269,138.80964445129445,former,occasional,moderate,4.655727406038422,1.52198603534933
P000151,80,female,158.3107686166513,64.21367859115993,25.621622905615457,145.46722485343864,87.58909395703324,81.72478414611062,120.36720866982841,6.025276500910172,96.17196242995064,73.73273912372618,132.86725301861122,former,occasional,high,1.7430080323120594,3.1897412733356334
P000152,38,male,174.47837410144257,73.82054027411071,24.249009755667043,129.57549804538831,86.02214186576356,104.96395459569719,99.03260779081891,6.152322512780156,217.57108915857438,49.62250006953559,78.36861804673637,never,regular,high,1.838825356365548,2.675324090912194
P000153,84,male,184.7321530303238,88.02025297901523,25.79274880705909,113.7232762287901,66.4306555737675,82.09347871252919,128.70797583542077,6.559439442958196,89.56280401527684,44.36859698819454,116.77491183295106,never,regular,low,5.432681618895153,1.255993920519962
P000154,39,female,154.48342617272118,57.57826894970231,24.12652747078472,107.9531887139,66.34920957778755,76.55038623596919,82.66265245399573,6.136875840709662,193.26157208034948,54.54267621597121,134.32666033035645,never,none,moderate,0.3565268410255132,1.8093837506855452
P000155,49,male,175.22230846461284,79.55553198419233,25.911442374907775,115.63045804359022,75.76819401826592,76.4036812041351,93.97961681026283,5.119791937150918,119.92720688419911,52.158255741841856,73.24507750806775,never,occasional,high,1.8351793736447757,1.774406226509844
P000156,66,female,161.36349087366776,56.12129540216504,21.553466340826873,126.11883970005374,88.65956066625435,71.68232921192214,90.0656581687827,6.341815064719593,151.05576159979944,46.063768115301,78.79094166099662,former,none,high,2.074657536198821,1.1932473353999689
P000157,27,male,173.87237702050413,70.42583671281552,23.295435432109887,148.65792578640333,89.19556336982568,79.29301169815218,115.75417833832194,5.717940183610063,106.62106893418103,87.66316113521192,208.90025772939964,former,none,moderate,1.4155086634255698,2.103773581413776
P000158,58,female,171.61779158884272,80.15454076525965,27.214697543626492,119.6458256683234,65.54152049874963,100.14670175878551,122.79840560287647,6.83649938210717,211.13757989121117,57.67075374824569,106.97134490209247,former,occasional,low,2.0246905123741548,2.700770146148948
P000159,54,male,164.7808971144184,95.78649284222328,35.276910743282045,114.56762821489573,79.47085766735239,87.6534509016094,103.627059954758,5.052283889692906,291.361061605562,61.413894006136594,108.71236117636123,never,occasional,high,2.0318219072419827,2.765995816037617
P000160,75,female,149.83609307179233,46.66305222698184,20.784532557737013,119.82933971836918,67.69345614970533,73.16900639040955,101.95805255025562,9.129517829192668,107.65748535771641,42.13328884685757,98.27215057897334,never,occasional,moderate,1.4212728250411306,1.9301883575094514
P000161,90,female,155.38523402655204,58.65123229078698,24.29168544919538,125.30487772087048,82.3724084714546,70.24135575005286,84.20655462016546,7.080622319079376,291.4051041284782,63.87884840672668,138.20619609922664,never,none,moderate,1.5590295019816056,1.6375651947571352
P000162,66,male,173.92318970772234,109.31294278954236,36.13737501865407,119.33631039281994,90.90433704723056,93.43498517332611,120.22356696620004,6.009644903608832,139.0623248581987,58.70740865539727,120.2058832427906,current,none,moderate,4.0663947944753565,2.4712941630195204
P000163,47,female,169.64615071092098,102.39229024891206,35.57781211813066,122.31791336827956,76.69530404747164,62.21440496582152,157.6728058818167,6.113220972273983,178.79518718293588,83.89285504796557,157.06467680514567,former,regular,low,4.693563972481265,3.164160703016385
P000164,47,female,156.85252305348877,76.35735995098777,31.036153160773267,99.24735870186976,64.27311553935749,91.17509270694526,124.78135265925872,5.9745895136565705,206.39499370760166,53.85069003137779,124.01121066538224,current,regular,high,6.4497947442243,4.48382898462916
P000165,48,female,174.37957345380838,75.27134498609593,24.753604872819448,117.26352456607276,79.59072891883692,67.48215134109657,87.75119976320416,6.849005396130605,107.84212598081443,72.92001968449101,54.4262168925246,never,none,low,0.7345229123741824,2.0402433781688214
P000166,77,male,184.44650766177546,92.704916354272,27.249710524736123,125.9923706824495,75.56245981371416,84.11607602174783,113.01805285412911,6.755401173951652,150.81543106566426,50.615991814823516,121.12023299570552,never,occasional,moderate,1.1178091715273994,2.7055023196863153
P000167,41,male,188.04134825460582,85.80603371793501,24.266721998913354,125.34298550990965,86.31752086830097,88.63310243169354,90.86310531247278,6.782132013395561,79.32114390231185,62.47214095872128,67.29520879256022,former,occasional,high,2.524597674705077,1.3635273888028894
P000168,30,male,162.95696752135498,60.19970926418506,22.669843673444692,132.0971285935715,73.76849807959633,74.8973476026774,72.70738260452742,7.767847654810671,199.97567565956766,84.5256541115066,162.78341666176647,never,occasional,high,0.7756360629790514,1.2843687358895133
P000169,42,female,150.80146261221586,60.82505518176513,26.746773754862318,138.0873346461658,88.87112891924178,64.91503935850295,85.67694573953725,5.777753023147605,145.38399110918706,64.05004041095364,79.17121580055256,former,occasional,high,1.244634329536969,2.6350004276616557
P000170,19,female,172.34592046108259,87.29100545755271,29.387827383887476,127.2939752557615,71.83092159990065,90.87600469560182,80.27143114566786,6.557513445754796,262.82821647263665,67.95130099266211,94.11912048470958,never,regular,high,1.081977401924975,2.024141720332496
P000171,25,female,159.27105295133774,67.1876095037644,26.485945860387424,115.74878605117044,67.76834966410264,71.38487582689574,85.55591146600696,5.726288264273025,121.48122726169348,79.3565073437421,118.97199937058174,current,none,low,1.6811135913025912,1.736048739243642
P000172,24,male,175.09701334223985,91.7297940363272,29.919404254124665,129.95537007395205,72.81031135395253,69.84427219199551,125.50321722563467,6.795831655282598,276.97517393707056,83.66518850310777,91.33210250813418,never,occasional,high,1.6361277423193108,0.9316117179481898
P000173,74,male,173.97304069543503,77.5007830783172,25.606026019297545,102.64544061192063,61.011476069697245,76.02350997564204,93.08865449480867,5.912909744798256,97.7249526164392,46.527003843392066,126.67935516577212,current,regular,high,3.169732102878252,2.2247244993938846
P000174,70,male,175.6423904459689,81.13161604761991,26.298528482517955,118.22685826618141,72.06134741791632,73.51799325750885,122.84080791027407,7.35722572889453,181.7262156393935,45.73995284726796,119.04060332016009,never,none,moderate,1.650540069683764,2.3249816787966644
P000175,68,male,178.1146077686048,105.13642525731848,33.14012397754509,126.95877763866928,81.65651226029277,82.67365782515402,146.22269565349143,4.436458280000989,133.3602824678257,59.15781287604344,190.04465567443364,never,none,moderate,4.009098766586247,2.703370629491879
P000176,51,female,175.42531792781045,108.46266723987654,35.24485559630268,126.12502807294743,67.13519191467827,62.28811880054635,110.55786100464661,5.3286330588407385,113.35574138618836,95.87362015148597,74.54045606071645,never,occasional,low,0.9842491029738103,2.4694716290602154
P000177,70,male,175.64815825374367,80.13154776159905,25.972654032267318,101.96815860725597,65.73604893962944,73.5374826011257,103.55539006766642,5.467373314389988,87.3359021373746,58.27240713248258,130.55859858139297,never,occasional,moderate,3.5951044504093255,3.236810452322539
P000178,29,female,162.1421804473075,77.09298811696394,29.323976392593718,113.6481075328572,66.70550197335649,94.02656790938718,121.39074114779935,8.435526570341734,194.55462807577086,51.182334225119135,147.30579543231312,current,occasional,moderate,2.5299786025153552,2.760846342971101
P000179,83,female,172.68897060161697,75.56494463532174,25.33909893052403,116.36888414441657,63.95912846546011,55.325388156699375,81.4231675116129,5.916749177436686,113.96063808739008,60.39929409555186,81.50860901372221,current,occasional,moderate,3.194570129930724,3.894468743965066
P000180,54,female,163.77371990616322,55.39118143218831,20.651528505551735,130.6847120846771,88.8594909328393,74.24372940181313,97.89836026360098,5.6052897278784055,170.35539312622814,37.50765558646635,137.10931424227985,current,occasional,moderate,2.212935720807953,1.3403024866637638
P000181,86,female,168.60499952426943,91.2106275954642,32.08518497450169,149.64491499472828,92.56185267298119,81.71949987718666,106.84793648968946,5.82456799719305,312.4641996901437,43.62589849937825,169.34546539360682,current,none,moderate,5.693836559260989,3.4749913978553915
P000182,29,female,170.76682050942827,68.6410946015927,23.53841500740337,103.83445112518896,61.941958804206045,93.73492456429781,128.2659055530609,6.202164580641697,125.38467337668493,43.54856888608657,156.63440729222324,former,occasional,low,1.9177495637216895,1.1383106191575874
P000183,54,female,168.72577918574507,77.7896604302976,27.324925772081897,121.1024172574969,84.58802620454165,79.06394256946373,127.8195741849049,7.8782630611729605,69.37388338407435,32.754533296082286,184.9960866346232,never,occasional,high,3.038216928271956,2.2770611324572645
P000184,68,female,158.84598669102604,70.97947421143483,28.130683507006694,130.97546096463117,83.86867114122416,89.66493036746267,131.9001387514179,8.64612001091557,99.98206294196805,68.80052607212713,147.3299901500203,current,regular,low,2.6504541770705394,2.5340909962826994
P000185,54,male,171.0510663265744,69.60886585819439,23.79101583305299,141.23073655760962,98.25080886234237,66.20341276276012,116.85967307279356,7.675923433863626,91.81502193687606,52.359629713550866,112.93025572817008,never,none,low,1.0748823250077348,3.5484791616371054
P000186,50,female,157.5989468034091,54.29953246412787,21.861978780892514,102.38375687597446,73.97488168293299,70.91245166076854,104.31798608653887,7.591091458708962,149.6402829786667,45.02554891333813,181.22540997981184,former,none,low,1.5411657925739346,2.4400139796335703
P000187,30,female,163.30564472085726,70.212250967337,26.327553466358026,104.49951090611131,72.19016597940755,98.32368368767223,128.37407357374715,5.482487142401669,214.38277326619615,59.09905164309086,95.1571968359507,never,regular,high,1.4111447217240536,3.195586957163436
P000188,45,male,180.3689970185383,122.87709124864435,37.77001363257154,113.87742162429417,76.6550223975449,93.6096786622827,135.4950282320007,5.77289929721294,136.12181466775925,48.621408871008214,131.29810072001146,former,none,high,9.118258788253426,3.1679856742367036
P000189,35,male,170.178193714011,86.84275944819463,29.986501185984913,141.03572846599897,88.0840201988128,77.72829764661597,102.59628366240358,6.435980102777757,101.98174259395302,53.38007802671477,153.44878034392795,never,none,low,2.119292679978734,1.516622887044473
P000190,40,male,176.49516333948864,83.37400195345313,26.764863393858903,141.94496485151305,83.60816380366495,74.84677146896256,154.53010102821833,7.128184251677329,189.4476329328022,51.210220870033794,170.8686867284677,never,regular,low,2.117707437005236,1.9472192388908707
P000191,67,female,169.76009155097023,57.97970680490319,20.11892692981957,123.16686342839873,77.09367890271707,74.03772496443953,133.84604608091695,5.549903866675913,119.73094894732458,28.12489441016208,180.28408729079618,never,occasional,moderate,1.9340765210114375,2.7158375034966262
P000192,64,male,173.55588066425736,89.63217923486248,29.756735750693593,104.8963474191122,70.90982535419163,57.35302177970948,105.78502012884573,7.093869654700212,177.6748927972841,66.63767478950867,73.86991685865058,never,occasional,low,2.5187975319735725,4.925039121617108
P000193,62,female,157.81869282014856,54.303024213146365,21.802542059560036,129.340093784332,83.56058346095237,94.07644690785601,77.6133170726251,4.891100336813934,279.6088625182565,41.23739860155272,148.0452802290516,never,none,moderate,1.1199655061007345,2.06519455339019
P000194,44,female,168.39029104074694,81.95371845049844,28.9024439929742,144.5108264702323,87.99923333123147,89.301213606265,88.88686270726245,5.20266316625472,126.59279898374882,46.39611571026215,92.491979972694,never,none,low,1.766774444036555,1.7983341270013684
P000195,88,male,187.11923270029564,113.28788136685088,32.35538702704476,127.57897753518533,75.34574953534161,74.20792960694862,126.27728403754097,5.766949044072517,167.5396428947983,44.2475792788822,155.3885261281053,never,regular,moderate,4.3568055382815025,3.409704945027846
P000196,24,male,167.23834240574183,76.34822034783171,27.297772468450397,121.80926240237775,81.88645786608191,68.39133834270268,80.6283519854039,7.49311361769526,232.53284422022642,51.72392917629709,144.78720809293947,never,occasional,moderate,0.5598366992548967,1.644450832526009
P000197,43,male,184.93847924934713,87.73475273640352,25.65175552729798,110.08769456658914,75.35238172592533,70.5890651059905,101.18148513305643,6.9946337814582105,200.55515277675994,43.871615664539135,89.4798629859076,never,none,moderate,0.5480097150660056,4.1117752748562815
P000198,26,male,160.3880333866641,52.58516963336909,20.44181034550128,136.06735789678166,77.25400432453532,61.537464747095726,107.99292032352284,6.248577110834772,212.86081184733416,54.08398295840757,163.79048353462812,former,occasional,moderate,1.0681511705603066,2.7812847442829063
P000199,42,male,173.84546632430397,58.89973956671677,19.488868978150357,134.75364331132675,78.31270593539537,84.39798114437619,133.62026190914779,7.643052838879944,218.29795360233157,49.54887110395107,119.14271665343556,never,none,low,2.2321022479470014,2.293493332498159
P000200,88,female,168.016114329709,77.29255866109126,27.380149235271602,116.5096044590896,85.09928041610256,77.68149418743565,132.21767182577497,7.599077165646184,168.78693361514982,36.477100420609034,127.15002030657048,never,none,low,3.0411835004460808,3.4637891888587506
P000201,44,female,174.40102491304853,107.6289366257875,35.385960123616805,150.3756148942835,95.28098784570773,66.6640267135322,124.27217578240999,5.974599164570982,174.4709643333058,77.81208725332141,196.75200959161248,never,none,low,5.746840338884237,3.3108432821898086
P000202,84,female,178.6656696711999,79.20105088864294,24.811254361387654,110.06939073018984,76.44572167894032,80.1973344785242,99.49563433797793,7.226366832146874,206.78062194298187,51.26664560610848,139.44085156926462,never,occasional,low,2.053228743068842,2.9814174144601
P000203,54,female,160.31227445689674,75.45938327812131,29.36159878260636,105.78062479460137,73.82275302569398,103.00474337745358,84.56692172527511,4.989578203546203,204.36790662325612,39.044288927682786,131.8174815565369,never,none,high,3.1550180746572103,1.8570132117936975
P000204,69,male,184.6745698516292,106.13210519401517,31.119498282703628,127.22357648677524,74.66384224150826,61.4953311033318,116.86314731754956,6.243256457768988,199.05474963002888,58.33911625688498,55.043185397742846,former,occasional,low,5.883277175867366,2.3962041711345043
P000205,51,female,162.76623773529332,55.369192209761714,20.899675226905487,112.60056093446727,66.77179624370525,74.2815269787925,84.53712792610851,4.745755362931623,134.17084139783688,42.2690630864129,91.85942801235069,never,occasional,moderate,1.811243677051762,2.4476757969260157
P000206,37,male,175.5662345511509,71.46949044897735,23.186686831482923,115.37080383247451,72.53087543853252,75.47809654860454,106.0788822924143,5.886502721114546,237.3792651755714,72.63509537212148,58.93761294815584,never,occasional,low,0.7765665139622228,1.9040469616586662
P000207,73,male,187.91487149315083,92.16610183622964,26.10050539008091,123.45294815259535,64.45902070688157,63.75418211681641,153.1297127390492,6.682962816274932,115.18564730501754,36.65139431050038,107.07993550360658,never,none,moderate,3.868132854800704,4.662225313694434
P000208,88,male,169.40982512351295,88.61681227126363,30.87727283017847,131.81503122091854,76.04449007200034,76.77956919469095,109.69373740959682,4.880206554078466,104.71662348712499,55.992659781620965,108.19723429779886,never,none,high,5.813591326420944,5.654190704564113
P000209,37,female,172.64606758109977,81.95683495278604,27.49614420526515,99.80053273054992,68.16110837798001,79.53169550400449,112.98336336646611,6.072199963778905,133.91784148733504,86.02251413673547,125.7834320854652,never,none,high,2.0798950290285725,2.6317949998250687
P000210,74,female,158.75420564084524,80.69002759448271,32.016170603513,121.94104987808916,73.93491436694428,63.301263796233336,117.84681269261085,6.7812402380711765,123.70035111914628,42.65423513449789,143.4273132778964,former,occasional,moderate,4.866851856253781,3.869496091515149
P000211,37,male,192.85283069987733,130.00042959497662,34.9536675915727,138.76522106200358,85.70461514675769,63.17330424545715,130.1782309527008,6.7507062400870375,200.1381936175402,44.24577361435219,89.20528244609747,never,occasional,high,1.6117700978375051,8.981287976408943
P000212,70,male,169.94231192607134,93.80653910199042,32.48105067375887,117.15537803436922,70.95415677369868,91.6031952239833,102.49886400720283,4.712699530931903,120.26633114110767,61.63693453857241,133.2317370999288,former,none,moderate,7.676148494118145,3.3056187639673364
P000213,75,male,170.01507083490603,116.47296763540311,40.29492016095094,145.77093315202,80.39835912808951,69.52543857311684,108.53127556031488,4.932991606396971,202.46268347275006,91.01652149863,180.38752202394227,never,regular,high,2.9631476803465824,2.5219097585446275
P000214,50,male,166.22352260700077,89.5285749973221,32.402364914957886,140.21987845276837,90.1090751219174,80.48839990710864,87.35986453189896,5.452207621274461,167.715409749403,52.45698893865951,89.97605484778992,never,occasional,high,0.7222137260922894,2.083265593361501
P000215,71,male,186.51492809290494,120.20819047978908,34.554679196152385,113.21973164090338,79.29395970155693,80.34662525598148,113.93689849349875,7.650742165684601,106.69005329853935,63.609032672167544,139.73022842947276,never,none,low,2.9099273047941594,5.555148750693512
P000216,37,female,169.28960106122204,97.64513462171,34.071405195394036,106.47903621235463,69.16246285853725,90.53430152480236,93.76082263614192,7.716891763018463,126.37710236376799,41.90316648527035,64.80833341642985,never,none,moderate,0.6017073778260752,1.4645363001004243
P000217,23,male,176.32067543214836,99.30643482100746,31.94264750816685,129.0937233093289,73.89002410678088,85.2450358752324,104.17992689755553,5.512467399134264,168.93784297369453,63.76489445546628,125.8654701403478,never,none,low,1.0504128729831128,1.6428492273966657
P000218,25,female,165.36488883931102,91.27627484778837,33.37884469725542,147.840581144839,79.86211319706622,90.61954792014858,123.45006477563737,7.100731293237253,215.62443786308094,46.93542175953729,150.10788284290734,former,none,low,9.318480479103487,4.009105177790396
P000219,50,male,158.31107739755586,92.8583870198453,37.050879921670806,111.57202316380608,77.8985268008981,80.28478578938002,72.43152795868701,6.120187536454857,151.65339057391404,61.30389438550115,61.4374449519277,former,occasional,high,1.8212324948825398,2.320867693267528
P000220,83,male,177.5167346749404,88.1445026741705,27.971556285437778,101.16329860095568,67.40248082226276,73.9850179809981,109.54943008268177,8.891715346495744,116.43508106528938,38.73389675835714,107.11544368045416,never,none,low,1.3640257824263684,2.757009679040455
P000221,27,male,176.5203685878663,94.5796200158808,30.3534397338615,129.23777529969567,76.50428368383237,72.20109425146812,85.53810361622305,4.695037168250903,128.6093417819935,58.67046634127421,171.97278921182908,never,regular,moderate,1.381224086327878,2.7398201584660624
P000222,51,female,157.10888745952457,70.37935851359858,28.513058003750057,110.74763261209876,78.73115019473657,71.74860612314366,91.97731889370779,6.161761267173402,89.17976226569796,47.355268181175425,95.17225066372154,current,occasional,high,1.477475292104035,2.0400006623492093
P000223,69,female,167.7689853082702,97.17828716358814,34.525969641286395,103.87611495828247,71.63398206875273,72.98289771840555,75.55139878224372,6.193952624034864,67.07879979528147,65.36902402521004,147.6282449990237,never,occasional,moderate,3.2275384057285623,1.5137559647433287
P000224,32,male,174.24937004386987,83.1858564230477,27.39725543183115,138.57626161883118,80.41227578779132,61.87127129014534,84.741684750579,5.289496260740527,306.2096841606483,70.39313267915675,134.39219298001876,never,occasional,moderate,0.8075585857071399,1.1023216924525001
P000225,70,female,163.16944955598493,89.93126619810862,33.77792843495478,117.66483834163157,63.52148478653763,73.16042782663541,155.44418057938768,4.945962166622808,92.59490723124058,76.17763735849485,87.00833426588504,current,occasional,moderate,8.337423497593017,6.012758511020428
P000226,40,female,151.06381325302115,76.050356329807,33.325783357929495,131.4491739751519,73.665162194321,72.07286197680315,161.73443312288973,5.0129798643291945,99.56758733687582,94.68235451796689,150.13063628639955,never,regular,high,2.5227516211912837,3.7901083083471008
P000227,77,female,160.22996186421128,98.12319044172054,38.2194296744038,135.09542439914253,86.08001668283322,55.17235212587394,122.4692073761592,6.144445460660357,258.6617163713069,53.96205636353988,125.9592150623387,never,regular,low,16.535398416219426,3.0284468187663642
P000228,60,female,172.26169742887322,73.85469261947983,24.888610448891153,112.08966136481402,71.38169005139399,68.23350102986613,110.94774072236231,6.89099336058451,193.3574693184729,66.67988170938946,78.88892271334889,never,occasional,low,2.4807597215263586,1.5534399878741634
P000229,57,female,149.53592652784383,70.58210483597706,31.564834270947923,139.36457405891753,80.2294431414552,85.82341695954432,125.12794015089081,7.035633196693027,153.0563022907612,31.038561915593412,189.0665152579539,former,none,moderate,3.1917684917814837,2.896013350340022
P000230,30,male,187.93462000782375,114.62027236014966,32.45247736938044,115.71749736066741,75.60050372418532,78.46652201613462,137.34060586846704,5.507914783465708,195.25199544179748,81.30484279376557,122.01062481479329,never,occasional,high,2.492519134983525,4.072608894806955
P000231,51,female,175.79026942875564,114.68335952711773,37.11169096739472,112.61573756311793,73.09796252067565,88.63017600346711,107.6562196161924,7.7095679234418615,284.8222392533801,61.41445354642087,150.58838553798623,former,none,low,2.5873594675939273,2.371068004855505
P000232,80,female,150.82121715854854,82.09724274515429,36.09139667694845,148.92401670158944,90.88794046501707,77.1758173378389,76.01862752882856,5.417266796143169,94.71660683567504,52.9074633792164,94.21211658473989,never,occasional,moderate,1.7621999826576376,2.235811959592566
P000233,19,female,168.73512695064065,83.57463740454803,29.35374356343618,123.79474791237047,73.84876330726229,91.458731204681,117.60715623013431,8.629795890030795,119.52443446945315,55.15819634585763,83.03455968124635,never,occasional,high,1.2216947262129334,1.39787210932219
P000234,73,female,158.0984732842128,73.57929154537356,29.437454266709807,129.1858809013579,70.65118391812786,88.08046731021952,154.5622797172093,5.377516230833127,251.04156906388846,70.6561356044742,150.07645653183374,never,occasional,low,10.15022380439053,3.2247734649209514
P000235,53,female,172.3163028240259,69.68051257294304,23.46705552017743,126.44497997901487,90.52415188407221,60.09328079437766,89.39779131239398,7.4783761056610345,222.7643537693342,76.51578430167038,141.48424982688772,former,occasional,low,1.1456835004820753,2.306054286975213
P000236,70,male,175.38170377734897,119.76179091783476,38.935854672003,146.38796460336798,84.14077279236018,102.63976923226438,105.97165484548125,8.054552752620651,330.796495412234,72.45453878592983,100.8313552701446,never,none,moderate,1.3595004978724348,7.15407898461058
P000237,66,female,173.03622485296677,74.80782690849645,24.98463309588216,130.1617711061843,82.25124558063905,52.68446378886391,96.02271206224877,7.43223646033953,126.41941152592696,59.361759843473905,150.75230640120225,former,occasional,low,1.1122462689007726,2.5834424947004675
P000238,49,female,156.9919102076034,78.47453223165486,31.840082771953035,111.70842085182366,62.16021403585231,79.18037017357577,98.71922373195267,7.369056103741561,288.5077454219754,52.04363210647424,123.27541022702499,never,occasional,low,3.251795597227562,2.3671276436459667
P000239,40,female,163.84783226822424,89.26111802571944,33.24917871294312,126.2472588340772,66.6532027503527,87.8902084123412,120.13852803428614,5.844968988438495,139.15510154487697,85.77549838242591,108.6007504677608,never,regular,moderate,2.344858219817425,3.6409172027472123
P000240,63,female,169.54314527390983,79.11843411080027,27.52435888222107,123.14498642329725,81.07796427895683,70.22292690214644,97.54610410751474,6.881984187231793,207.48841218551243,64.32553664524607,156.53548511463734,never,occasional,moderate,1.7990438674667504,2.9838315223262732
P000241,28,female,157.79202989500328,60.41890418622664,24.266252817461314,120.9256521617894,69.72287287877876,79.24663320304757,143.35557853450294,6.760543928251995,257.2879769097179,60.931374866188264,134.89532285795175,never,none,moderate,3.673791973708371,1.8790300017511683
P000242,60,female,157.39665435946193,59.142624760591794,23.87314309867921,118.99405316655964,70.28186229251598,71.21289137313582,125.03532758555698,6.084659189846544,102.05937951273188,63.43495761376596,123.49804207618756,never,occasional,moderate,1.5176157469027147,5.533988200838695
P000243,24,male,167.57000347061216,97.33604741445215,34.66419740846967,138.8597492434234,85.2130845065705,57.497109181807,73.60164039081415,9.06850161568201,117.54511535198898,62.62683363585951,154.51507141786902,former,none,moderate,2.1342903075990893,2.0540794365092654
P000244,65,female,176.5996529430733,88.7439346322567,28.455026117806394,130.80741778697717,72.20268357106633,51.548343332447466,128.7663740819484,5.754213501362559,177.86770429335385,68.23096131197788,127.24902157030135,current,occasional,moderate,2.902446089189586,3.8568563714472313
P000245,63,female,167.72211033375032,61.17591705687778,21.747024911412062,113.52978959863933,63.607720820707016,59.88085438028125,123.191354423005,6.030464695771483,241.86884507654258,61.946805085951844,185.91629102408052,former,occasional,high,2.9915698044482957,3.0954798528684577
P000246,24,female,165.99371776049043,87.34220392733447,31.69865553852718,93.33395616721444,61.140607906853056,60.10097004585292,104.71470208887186,8.006567739707421,86.51308690647761,78.6665185694887,161.35916605029666,never,occasional,high,1.4721679526106612,2.4204588030128344
P000247,73,female,168.58464648451553,70.79161828719555,24.908398270273025,113.25351546727674,76.41703099869056,79.72222457873886,104.10309781152135,5.452506744730417,245.73206654846,78.2529439469321,109.53799128528706,never,occasional,moderate,1.7979310732445228,4.126233099355047
P000248,48,female,163.85403300573083,94.48337669872737,35.19177200231806,142.91602905091068,80.53098081329723,76.57752977632684,131.06529634276194,5.347295645423257,140.94757923144195,53.99064372024808,119.43645707973631,former,regular,high,5.915302042402995,2.783934458470456
P000249,75,male,176.18684916207056,80.07955874070409,25.79732609987227,152.3219262336787,88.60686088287714,74.18200920218895,100.25229898355794,5.46879801286205,142.72514879781505,44.330368590445936,191.60272897517862,never,occasional,high,2.9253796820613482,3.2180574916486466
P000250,21,male,160.45355125332287,61.984109361907706,24.075853836996338,129.3012465865927,65.70899383036435,83.05871191867946,82.6425454903974,7.003966306891217,129.84242148598926,62.414781547589335,175.4956525899438,former,occasional,low,0.9803786971117551,1.7462973654435556
P000251,31,female,166.10121910676355,59.60993492470193,21.605932141134254,99.57312103804382,69.26731843088906,53.00372779780467,90.45004089663853,7.633806104869777,268.544713247552,64.97278720570583,90.80359001156518,current,occasional,high,1.0895373794456267,2.734500667086212
P000252,54,female,156.5854345456408,69.79517661441685,28.465753668530994,120.52989306626208,78.42461135456412,68.08042380893909,91.42654984026173,4.820940582166783,97.63692099428167,59.05207320576055,100.85311613315467,never,occasional,high,3.6955650361379253,2.0281122084847403
P000253,31,female,173.1289945663106,82.87182278751143,27.648226431268423,127.01117478098539,74.41268026111914,87.09884882617581,115.45681943291845,6.645676406189438,175.88766513533125,80.47429674271922,110.1404092616134,current,regular,moderate,3.2123280395031077,2.3174058299015194
P000254,42,female,170.4961709403844,94.0176419002015,32.34298463427642,129.70234076890046,77.34784692177497,95.4365547673063,87.14372239363833,6.192032892056275,104.17006465559328,38.45808001488551,172.34652985479215,current,regular,low,1.9481418429362378,3.430856201231072
P000255,66,male,187.43806424600334,97.77706021325379,27.83052471675075,124.43982335695281,91.33301681635261,73.62309827288396,114.20257223510399,6.818930366180201,278.7499466270576,49.7615204929385,182.96200862385345,never,none,moderate,1.7838770128644905,3.0054381726132573
P000256,28,female,164.7884438721888,71.33988160588055,26.271137590991344,126.59160094276169,78.77366582110892,59.011274333429256,100.37126543017797,6.7175633211597265,229.32915677402718,78.55247098188852,158.8790588355278,current,none,moderate,3.0224636839446872,1.7041223152857519
P000257,67,female,154.6914488992467,60.03389191835844,25.08787542610765,111.18243358160817,75.72799633306361,88.22397900493108,130.4838372972275,8.60991886282957,113.81759442674857,85.69267016915421,101.0087208668854,never,none,moderate,2.7971962917759017,4.398270476997668
P000258,25,male,181.10957113130584,83.11319534098912,25.338866012084182,141.49698888636448,96.76665925593163,93.55194664376846,101.14260879571944,5.586794667548839,124.14757353199613,55.89186673409914,173.7996195405912,never,none,moderate,1.1923426036791172,2.3276350798124503
P000259,30,female,173.73764920885642,111.07501241420537,36.79836210270555,101.75676243301929,63.21572993385372,72.83258951385505,142.65470772814894,5.94489464289955,148.67339329784573,43.430749215295634,61.06882056972884,never,occasional,low,3.929200537982835,3.0896660567581016
P000260,60,female,174.59013813009568,71.40081705964177,23.424145898246167,123.17914053055524,91.80197059577488,67.0292568912549,137.45608675314816,6.707429246075435,140.48568819347597,56.19695149330802,115.55377359057337,never,none,low,2.9481186301004665,2.2358164411834567
P000261,75,male,179.8764439021693,129.0802434608658,39.89433127223946,110.61039221640443,77.7863995957627,56.08887151064613,90.9277401322238,5.739275718608102,242.20469376853822,53.42141288269303,111.40018582943925,never,occasional,high,3.3522511531783588,3.7378766780566672
P000262,30,female,155.61337435111858,63.058326796363694,26.0404570569223,137.2379336614802,77.8339179640505,78.96117154891765,115.48450075686935,6.133724751500795,172.6787300611082,59.47750155501203,126.27715620829916,current,none,low,3.978358833394134,3.1526250024973823
P000263,39,female,156.87603725442804,53.40587642075999,21.70080406466536,143.27321807551607,91.21050006321049,95.42785258670666,85.80177783475698,4.626338494113249,143.01202224982083,50.585770338213734,128.87429853075622,never,none,moderate,1.890998683752175,0.933841713535461
P000264,85,female,152.7421525712188,58.057022857339405,24.88496006311803,138.64630963426174,77.91463110937697,82.45193633167455,129.26396541289307,5.3147360244053035,206.96690143557464,51.54986266059808,95.16303628687145,never,occasional,low,3.9226293955833667,3.4464451120111614
P000265,90,male,163.0886859969387,55.38076504420647,20.82146501863548,120.45936782676554,76.30143982689208,69.72707789067285,112.96960942173585,8.311250372106336,147.76486774740536,66.78814586512073,92.54999512471632,former,occasional,moderate,4.748987618796172,3.465634069013204
P000266,60,female,151.89121322896824,76.42597310375805,33.12650933603176,114.60444166159752,71.7936205995402,80.99387809491179,94.74511126335172,4.710003443516446,100.23046972372865,62.54033713973614,159.06896180821906,never,occasional,moderate,2.3330532374670847,1.1404507415113783
P000267,50,female,179.3252322813048,91.58440237093741,28.47991650184492,123.17987105397123,81.62144181795662,90.10912691578241,90.38271411092214,6.308027298801045,92.25932102175028,65.5194543021575,72.07267950823393,former,regular,low,2.567705766677909,2.457409529523538
P000268,43,female,152.02299203500922,60.501331118073374,26.178597644340897,127.37142239016394,79.35898839857803,74.85822457284382,98.9527230360985,7.087034161076644,129.51981531686818,53.81924167125725,122.13839480671012,never,regular,moderate,2.484505663511114,2.579102981588694
P000269,62,female,154.39537257982042,73.28374986247033,30.742495913251283,111.29402649253805,69.89454689612798,89.39241504772836,127.3251009689733,4.510480273981084,184.1175619709277,51.02553896265792,90.86478633660684,current,occasional,moderate,6.916549445594714,4.486027625320053
P000270,61,male,195.08216427473343,115.05056269028394,30.231076822044002,135.15879511436606,83.03883217200865,72.1494940354284,126.77553779350157,5.5393047073083945,99.7694519041653,51.741472000699176,105.68224675765285,former,none,low,5.290165916396907,4.218308642304132
P000271,39,female,164.82178333965626,101.19832714155929,37.251530084368895,135.40676316905564,81.22890490043999,70.7722737062092,75.04695822541228,5.407161227914076,178.6653335577324,86.23578643029879,101.18394118412209,never,none,moderate,2.4751927549325234,2.0118785242936883
P000272,19,male,184.2282508376548,129.61205449443847,38.18852965125562,132.77163700723997,75.27906729003506,78.65548217901372,94.34621414174816,6.0357299913441125,132.04885775822657,51.31683373787209,145.7778339739546,never,regular,moderate,5.137286427259684,1.5983477741614192
P000273,29,male,187.68021616686437,109.39566472708785,31.057258838596564,95.76297964396892,57.13423386023529,74.48663913522401,99.21532074547446,5.550705213433884,204.93016299356822,62.21487487344183,118.60369534478579,never,occasional,moderate,1.3041762662360716,1.1207073628034978
P000274,87,male,161.64337755184368,88.14337840034864,33.734467513617965,122.08697181386458,76.49910441000634,102.65668226251321,112.58940944222951,6.726401380977952,68.4633234605399,57.78244075165535,103.5803803466321,current,occasional,moderate,4.726018444357394,6.1492090220900115
P000275,48,female,166.0576874958058,91.48683463445347,33.177268712336975,95.57824330028465,57.5040270026121,76.24520007217313,85.70681185250574,5.060349154597318,160.29063964426342,78.56397240132196,163.54251831533642,former,occasional,moderate,1.9078155827305314,3.17051074215879
P000276,53,male,172.8974010694426,84.2649300774104,28.188368118229565,94.17047278780282,63.810416359316186,71.94025854135748,94.8804638187501,4.512273230710266,76.31055796012782,52.96366377773333,74.03284306997914,never,none,low,1.4664360624799804,3.31716430255308
P000277,52,male,179.76740733551668,101.70755798700384,31.472505426861115,126.92418629520378,76.11116408603901,72.24372141763482,136.30919507028545,4.320978757201792,135.3238078049306,54.60351604550967,153.5486358262812,never,occasional,low,1.272301687267684,2.365561728453786
P000278,75,female,162.26162138078416,56.40480314543683,21.423206068101795,110.36929049506642,64.20799001584027,77.36484293962266,102.04096918954633,5.593709298168982,58.0992395998897,77.47502025617183,97.89837848898725,current,regular,moderate,4.476923618234166,3.569108680597808
P000279,22,male,170.31493563924553,94.19830071665173,32.47413553431318,123.24045127373724,71.89123216256638,70.98062472075542,121.22313858106656,5.858552948321407,159.6950393598292,42.678520777699326,180.63711529430537,never,regular,moderate,1.3457876429356153,1.4097340466743271
P000280,24,male,166.05010813927174,105.37379345935396,38.2167973484279,114.71937256397655,81.53209418676224,84.44942181142252,104.54821142560289,8.413170308273674,227.26563044808114,60.119633538467866,48.663004818705204,former,none,high,2.9075496508771375,2.0108019795120073
P000281,38,female,155.6315377060725,52.339750318983356,21.609087575804413,140.4979979292873,72.87223767749155,71.79971504913539,99.55919892625319,4.646230479950877,86.0371231451602,55.91489418919855,128.46277847832346,former,occasional,low,0.6852929080320269,1.9854023509469523
P000282,53,male,164.6592204918807,92.61840237068154,34.16057522658362,165.80577318844774,98.47425696144315,71.90830080013136,113.52419375281241,6.299794854132998,216.63880185638368,92.69777532345645,135.50626175935594,never,none,moderate,3.857135729668748,3.6089951946919
P000283,66,female,158.17682504891596,92.5405544606945,36.986768506589456,134.93375891696513,90.89719897920598,79.95984313509251,94.39352801088359,6.295175894800922,185.0721410907411,67.16569781946907,130.61866127108198,never,regular,moderate,1.9929220524111386,5.327232742348568
P000284,53,male,172.8135902842123,73.22721372532321,24.519788723795074,136.74713686862526,79.7381344772913,57.515258618222774,89.31696812488501,6.758052592893809,159.639814522236,29.89496652865926,160.871233925959,never,none,low,0.8044451407266547,1.7878634158979512
P000285,50,male,168.98642179758292,81.81697205537571,28.650999863414917,132.9299289532565,94.27965623835256,81.50467033142596,156.12249704048338,7.08463428413627,181.86009789772072,76.21026654933351,78.91290414671528,never,occasional,moderate,3.9809278863536255,2.3353102618832837
P000286,86,female,171.46317489448955,108.18688159835983,36.798734245264974,140.3849721224349,88.5692135654714,75.84907825000718,135.95119199461217,4.474665552425995,141.38111654048205,66.14397446473671,114.89997368457406,current,none,moderate,5.476519954579273,3.757750779308746
P000287,29,male,180.78836699249828,124.65180656376317,38.137973549561444,130.83161239518932,73.16755258695855,74.10194330133353,122.03851309587995,6.741807971552717,213.09740063171424,58.53085038382859,169.25184742355148,former,occasional,low,2.6157208230108715,2.4475352973487032
P000288,59,female,167.1437911384717,63.289297609680304,22.654254689000055,138.9737908682997,84.255168579037,84.28152504731148,82.82026436467305,5.313839596953456,222.04770786212708,48.54012176954604,174.1425791523109,current,occasional,moderate,1.8261478656286319,4.89289676090435
P000289,57,male,190.1558999722782,95.24649921207025,26.34082739316291,121.50030648104197,66.90045782497823,86.1347663410444,73.7466217467959,7.022228425627391,223.61951886477868,43.102593443855554,122.62808013196344,never,occasional,low,1.901716195954967,2.474537102577425
P000290,52,male,173.65553673823413,94.57194711010693,31.360650416100203,126.3168801320786,82.32815544814163,90.96820014291224,87.15189281220788,4.969645908276841,125.601300263205,63.235195907609494,128.5974524104744,never,regular,high,1.2308252217320141,3.341637463762204
P000291,76,female,169.1474577160845,69.93187346586078,24.442420630848716,132.48453634779264,77.54483733411911,71.61582189500001,143.58588578744886,7.251813957250844,190.83807485129734,56.671947630986566,153.20081980487424,former,regular,low,2.285608471581578,3.068160067987727
P000292,37,female,159.31451014210523,66.01804388531015,26.010696818704986,109.43198704979785,59.17311000653872,70.05973903003004,127.31530743486618,6.765542838658188,99.46450326438372,78.25601997067362,155.4603722682283,never,regular,low,2.0503331951770667,2.3018874268899117
P000293,87,female,157.011265318299,47.858071048119335,19.413040613245727,106.91323950357372,71.84719164056828,84.05756355160695,104.95717290296955,6.6764675868922705,153.76925667024034,50.510932763784766,174.00800679097253,never,occasional,low,2.34053432908086,2.9445582633740774
P000294,42,female,167.2114138970096,64.85296477358843,23.1951933168223,127.70000719638489,93.35382781070231,78.61102499499053,149.34191039744815,5.593899447333027,47.62811946582521,65.41121493534257,165.67601675649615,never,occasional,low,4.910983485172281,2.114987519091086
P000295,57,female,174.0367736300833,88.40941636230532,29.188815839535124,126.12774731934739,73.07997751842014,80.54706200062344,84.9538721237544,6.591036294352967,110.73648070174359,47.73542564535098,114.79782566136514,former,occasional,low,1.135610145012679,2.1289588321127466
P000296,56,female,159.01723200216276,77.36207909295365,30.594245963728156,116.98059923267937,68.70420961737638,77.63971522284373,108.64358853351447,7.070569603239108,190.1536228085738,63.787373870499664,138.63869390376226,former,occasional,moderate,2.287146636226457,2.2093941775887864
P000297,80,female,164.58995017770414,82.6938453351787,30.52576523950023,114.32314096560654,68.9317998550882,86.85836571605802,88.75232501293243,5.921844116919662,256.60658442357305,34.887156963310986,121.17260690267487,never,occasional,low,4.04924213349977,2.2641124248109663
P000298,50,female,158.89350639053228,83.0208651207126,32.883266842877944,136.46101256435082,77.27073705346137,64.81608878652595,94.69003687665851,5.497304113693649,77.14215801082025,52.55745677916098,79.90588674208078,current,occasional,low,7.305137997877863,3.0057033102297828
P000299,38,male,180.58716038298653,88.6786100244389,27.19224966958339,136.80863332717166,87.51892425565126,77.64660427001101,143.61172100490748,5.508730539715224,172.35029878186236,44.311308185739165,161.9463126760727,never,none,low,1.628685610552367,1.9739274828104647
P000300,19,male,183.26209080261162,84.86517341995244,25.268777361876957,126.9380824075016,84.52168444183971,63.338039703564505,132.54924836805236,5.799001809828443,187.51796634337427,63.47135646361999,133.24362104916767,never,occasional,moderate,1.2454804365644843,2.314641341621795
P000301,44,male,196.70545109690278,73.41469243223882,18.973619773571205,119.0892653958923,76.26362687317467,72.63003303412722,78.89386696535094,7.003887653429547,278.0421764754058,53.131352106127984,67.98339242085954,never,none,low,1.0564692445090682,1.664383005743164
P000302,78,female,165.73202833352758,66.43554487974225,24.18731218976167,117.39574887196008,69.69803811252557,81.86407008766678,90.68244577943851,5.671367925247698,190.9511520650693,72.36997252527405,141.8514905661636,former,none,moderate,1.4870091157394334,2.293749087455165
P000303,18,male,162.440266889932,68.17633382049844,25.837248047356674,114.52518969333214,61.90486579201709,75.44101721966032,108.15279509801326,6.913425904890611,89.48731118578095,40.933600500407344,101.82122600378347,never,none,moderate,0.9357036828764734,1.365313677884446
P000304,83,male,178.44703657732444,75.3881860930597,23.674707043767267,123.45307889175987,76.88201043470701,71.76619882455344,77.79855870058381,6.874258751751803,97.36921291365073,61.61354657346221,70.5790830090634,never,none,moderate,1.7138726551585364,2.206799500324578
P000305,57,female,166.87880628175463,53.59208370041454,19.244129647357873,131.5795606315694,86.45849325344516,93.53759808943931,105.26819990004834,6.769202645380709,183.1635238601425,64.2947582426422,133.77083142880758,never,regular,low,2.8903884904028536,1.609853247323354
P000306,28,female,167.06211025340156,64.95688799263583,23.273906451828708,135.09099232337974,83.64106279914158,86.8651212096553,107.28693281537775,6.78257630209073,109.15494234206899,32.16296491033146,148.85749205322253,former,occasional,high,0.7816740748281278,1.9858050471508124
P000307,40,male,172.2304457257809,91.3931637176527,30.810153378523886,126.29370006730538,75.56457620507177,76.59253211422457,92.6513900608407,6.408391845908405,279.5395052598674,33.50548036916268,124.48389226248904,former,none,moderate,3.9469339511597297,3.4098011267014052
P000308,58,female,162.25093241096914,79.5399412829166,30.21418357419493,135.3482798410588,79.96891528644602,99.1521999820908,93.63401291619667,6.070098330719784,275.6929646943232,50.0448103994685,48.732221549883405,never,regular,low,1.4990360962062677,1.5292490630059496
P000309,41,female,161.5050718854071,96.74234343817082,37.0889272836035,108.16640825896123,76.24888583383456,73.17344194618299,91.37977414085378,5.046267731703681,292.07255113257736,61.08583729963262,130.57452112633226,current,regular,moderate,3.582297118181203,6.523227216967121
P000310,25,male,167.2341698124002,93.13150071413091,33.30017869574271,132.01337840395465,79.58495527049416,87.65497409707426,143.18197361742213,7.824272047848488,131.20698826325219,88.21362663090764,49.44576713626053,never,regular,moderate,6.558521385214361,2.757598611029819
P000311,66,female,157.16951272563023,72.29976187842854,29.26848570732636,123.39233488786431,78.14434150956814,63.80788173110204,98.80234836498103,8.5788592024272,209.03504642554913,38.72144991380398,182.70545474892512,never,regular,moderate,2.530281267848061,2.894513820584905
P000312,67,female,162.1371267363433,60.10648793786083,22.86422090931974,114.78714197113496,82.22802583064862,68.62181383730753,108.95078470846371,6.043088859632562,191.89981610486427,68.76421895816969,100.07178729893262,never,regular,moderate,1.6031473044597526,1.7541683675402744
P000313,26,male,180.97226178968074,95.67977104517217,29.21434131915504,127.81244438993997,77.92332116114031,70.42925199432484,91.88505233631453,8.216899196197001,70.34496231543812,66.97725325635956,170.62414361343954,former,occasional,moderate,2.2066055717941073,3.0452715309021774
P000314,38,male,161.00596856907498,54.24144856393258,20.92412604646502,143.43354278359377,92.33220293603716,60.548357662432586,116.0792768632262,9.292572465607371,114.71393586269659,67.44307756177875,52.78574973663072,never,regular,low,1.3085011546865566,1.8253225818506675
P000315,35,female,171.059898849545,80.15061696229616,27.391161460577017,121.5481959042684,76.04778296963947,75.7399962685235,80.3918332458879,5.832170314549647,111.51127392906574,59.0033205271846,76.22737765343082,never,regular,high,1.5496326093190174,1.5485760141518745
P000316,66,male,177.56732725425778,84.74512030013625,26.87748233290239,112.94001563295984,59.05874040141776,64.91399064621433,78.8409569944646,6.802988988435779,137.62252942431329,89.29805536498499,118.17474260769197,never,occasional,low,1.3865191778225296,1.7120641082100754
P000317,71,male,170.9727444217298,79.9538988717526,27.351798011738886,110.79670366084423,70.64118311216575,80.64258110022946,121.9867341916719,6.786426742270056,292.10713618669286,58.40862430206083,152.45504803536718,never,regular,low,4.147435616405036,2.5751050437609457
P000318,71,male,178.468055076583,80.78648440341989,25.363999019529878,115.19058174964623,77.76242733410453,64.81836588508679,120.13453326577846,5.5045532414904885,244.10818693769278,76.58685581732942,187.05180034451098,former,regular,low,1.4165555427109107,3.3316774592589176
P000319,86,male,174.81028951428806,95.17733125223133,31.14580347786783,120.05338147875908,78.67316557408896,61.55644905278818,94.08170781038774,4.618582895089225,129.13423786267984,47.893636780968905,124.86163763593217,current,occasional,moderate,2.211158041066449,3.716440131036069
P000320,74,female,165.6495483467241,94.05511479677143,34.2769290587903,121.68493619835866,78.94913164306358,101.4658527211599,99.02432656615427,5.899543997798997,172.42160269621425,73.02168676182242,109.27279144439791,never,regular,high,1.4857700508461091,2.942517359876494
P000321,41,female,174.88405575770682,99.95916152622448,32.68301938526309,133.61593983158986,83.18948475766972,81.62420327974854,147.39881566817647,7.5810564064589885,113.38965606434797,96.42888117365892,64.52521740743482,former,occasional,high,3.9626010578988566,2.6501548252606635
P000322,25,male,180.5779311946943,98.42859690668396,30.18505336116917,127.90851755407907,71.86003640592574,97.76392036039316,80.8140028844144,5.300916258818258,125.68754646485826,82.03640040233884,131.29886706395263,never,occasional,high,0.6031328441946092,1.3749904917750295
P000323,62,female,163.79687524874174,77.3826529347335,28.84246602702011,133.0339731464216,81.78612183666154,75.33266145110147,87.45758489704252,7.1671374701205455,80.8189252762386,50.218355927126694,111.62814265866598,never,occasional,moderate,1.2824700462717455,1.9244656440809582
P000324,84,male,191.5381167870909,72.59468963382152,19.787659412842178,119.41944035049396,82.8825221013147,55.05002588919366,99.3108322085535,6.64114987749818,185.10279709606922,77.9513949610373,178.55875074709104,never,occasional,moderate,0.9821960352326382,2.595554459620774
P000325,89,male,193.7334515872079,119.37964014789115,31.806877294443595,117.369770178809,75.63190681838581,78.33327420677158,95.37415888254542,6.78572897188803,196.5547762230079,38.69605346312007,120.86937562829543,current,regular,moderate,7.865680718599742,4.601374313764901
P000326,34,female,151.91753738217815,66.78445722157916,28.93740463544616,111.41055724896077,75.40208365869631,77.74202203151799,113.43319528788493,5.55354684367688,243.3655376765443,66.23488396374394,153.41883134964334,never,regular,low,1.184499225925659,2.9598747021571956
P000327,35,male,175.49602063381832,77.69659162294404,25.22710536373345,118.74059819097377,68.60834865641036,52.720561580326205,115.85809083866641,6.125774517435037,253.35961401617652,52.68797149262619,166.43862383453472,former,occasional,high,1.0186110688487715,2.251192209890558
P000328,20,female,162.90921546051712,69.14367377628909,26.05320438924033,114.47834496427697,75.69968440397852,91.91924383801151,103.70993009300436,5.1529010246469,101.85384138072149,65.84129076344797,76.42454883247949,never,regular,moderate,1.4793176925804705,2.066762865599241
P000329,28,male,184.6823597388492,126.49132843034928,37.085993989233735,131.0180822049197,85.47237558270253,80.07761579573406,112.39147246285401,5.433996883850763,220.4083659631868,52.285418983462876,117.19919852740946,former,none,moderate,6.518906592689589,2.6823361655113693
P000330,58,female,163.13031865787732,80.18412254655999,30.131379267958724,144.3115116167565,90.50701709126078,85.47434802192203,101.08367482024885,4.846278372308135,99.67008257843773,29.29098424027425,175.18102462274152,never,regular,moderate,2.0353526066610415,1.3446441618299874
P000331,57,male,169.15713592940102,80.06516714231273,27.980983022928218,129.57987624598064,79.94201055451434,75.4699858978758,122.99898082801224,5.178488135612674,139.127157875967,47.179567128499954,115.70333245132983,current,none,high,3.3367986087765593,2.995440396794773
P000332,45,male,175.18532661672856,92.30646913445737,30.077150189264852,112.71065540010267,72.6025084965666,80.01593996323825,75.52234150778416,4.8977643333545755,166.2388758803355,34.300105995973084,129.34359280604366,former,occasional,low,2.9439980721797316,1.8586411671856993
P000333,40,female,162.322930605362,71.59681911630335,27.172774091881564,123.2224561481483,82.26491673188801,67.5733288207204,92.64723464912369,6.289216709577497,74.88291000004503,55.454561963905874,171.02719738414208,never,none,moderate,2.2068294344065897,1.3629945023330905
P000334,78,male,185.18533575446406,95.69477920840096,27.904552240213548,133.0619936078353,83.96082129936336,102.13700444251256,117.61493204934695,6.054011823237302,102.66625802579094,76.35849177787684,96.03582265223025,former,occasional,moderate,3.9304280405615075,2.58277038985984
P000335,51,male,180.70598575749506,83.33216737395931,25.51923201802355,119.71708960651536,73.54292927339112,72.42469345144738,93.6498592495877,5.2684489799937015,120.07708464884291,70.16926739231482,175.3636182846712,former,occasional,high,1.2803139359008884,2.2917349057824494
P000336,77,male,179.62709865559856,88.75290977018845,27.5067252741786,120.48315216539353,86.8958931198899,63.541621940788296,79.9527591739767,7.59092055961486,96.24572503179525,72.90298242082592,113.21122650290602,never,none,low,2.191443919519818,1.5386347426353808
P000337,88,male,179.79936104816267,100.6742619686531,31.141689227334506,121.13314611114501,63.73356664045005,57.12152084585928,98.33706823266432,6.13785486248389,282.54530975203375,73.55106564183569,132.29783304647674,never,occasional,low,1.4854378486343776,2.330159932182788
P000338,41,male,170.62800312523575,58.69359885425746,20.159981213807654,103.5549915281506,58.336180108451344,80.7223818309811,116.77031406621873,8.218357619009735,117.66066364582,55.184807271343665,106.54722389317993,former,occasional,moderate,1.1895127480050085,3.5556372463869392
P000339,32,female,169.26334167266194,95.21208261686623,33.23274716550607,110.52185330109185,66.28161112936333,103.74243892332882,83.07797381042165,6.429524236090838,166.16998843994253,57.16406612938375,125.4619130511742,former,none,high,3.5359304969402086,1.266790439268039
P000340,87,male,161.4212961113272,66.21301746455237,25.410997872745433,105.02799263430379,67.70703112459682,94.33129981682717,120.56807152391993,4.5378588126651405,334.1381707803617,59.167282066902594,65.794540910894,never,occasional,high,5.33203709500246,2.7585820581248615
P000341,64,female,149.62723378236913,69.60402404776879,31.089451092506273,131.03428082284262,89.05192905659833,83.50770604492678,125.13877768797175,8.17618995278273,176.98567144185205,40.04268366554804,69.6818069821112,current,none,moderate,5.270622068799745,2.4522545992499865
P000342,39,male,174.7736538934599,92.93603350558428,30.42511308932232,116.92928101843185,75.97274569051524,105.29348544113375,112.98233128527019,7.734627088422127,147.77968062577088,61.971057460267794,114.82484404365574,never,none,low,0.8397033420821232,1.8360125290301053
P000343,63,male,174.89294438865394,93.55705441313631,30.586653357931752,111.26015140714112,71.8687373916765,84.44581023337274,91.51758245126621,6.497991622826975,280.2042735987748,68.2371653943473,107.24470957892011,never,none,low,1.1469762883727554,2.2721146888892316
P000344,55,female,175.5639008855971,92.09089788069366,29.877638167251654,122.72682280234257,76.07350813334975,70.46788088853235,127.39506986243939,6.453089271377806,116.45872225828865,62.700430474184486,134.78536049597784,never,occasional,moderate,2.049411949810652,2.0013198962116956
P000345,84,female,155.55770286392942,92.15587863396406,38.08377596096388,119.18588376292439,75.21534872182903,79.34824509901216,92.85585202714799,5.836586492838805,115.02993843017326,68.46480350117045,62.622715466790986,never,occasional,low,3.24491681704449,4.105191561095827
P000346,36,male,178.25359641282245,90.30800623825792,28.42167392536074,130.84817845590362,72.66388480396081,58.89462087539147,138.2716675426897,6.4037091540082764,168.71842313967485,40.834284267278136,87.57653877120563,never,occasional,moderate,1.4014439430777492,4.1671058366023885
P000347,90,female,159.74024250822427,81.60574578289908,31.981001463132994,128.34990742796677,66.94680157181763,66.16214594840436,120.64571213608727,7.306459226023518,151.9032968290969,70.4373378815468,93.19295602519372,never,regular,high,3.504781336096579,4.740458389092232
P000348,86,male,162.61449886490334,83.27095632424987,31.490171229414184,119.50097893726426,81.54346477136464,72.95576692449319,78.26130631885927,5.910446964214701,231.79401329434194,45.31236212305416,117.16661254832275,never,occasional,moderate,5.227641412332684,3.7794703864509995
P000349,31,female,161.56997963924744,64.44114530189044,24.68549896360559,100.64160313027132,66.89056587707007,65.32933692966385,125.20914631516501,5.3751387401594855,71.1214057423253,79.65026961783481,97.72581131622024,never,regular,moderate,2.1387542602237692,1.3094825312756821
P000350,30,male,173.43778455425024,76.45255447154257,25.41584575647073,138.64315800083602,85.089272591384,99.53330954576232,102.74277059402351,4.732196075781403,183.41634505891065,48.385764684012145,83.10970028200572,former,regular,low,1.7282825956825374,1.864373534811161
P000351,56,female,157.39484963476175,67.63879342241809,27.303279679086998,136.9035529971976,69.44808270135762,106.77940580178036,101.27867328073191,4.968015745154476,206.25068837614526,58.014387531586635,132.78843215770098,never,occasional,low,1.1445713177296826,2.685853583937307
P000352,21,female,173.86192114800582,76.57389729076031,25.33213553753192,140.58257160958124,83.69225932454096,71.4936725341322,97.05556594538781,5.263633354910053,304.83274460302465,58.31665796141221,150.42400112453214,former,none,moderate,0.6079669853021081,2.5160766027296275
P000353,39,male,184.77246821754176,90.73026685527547,26.575268911758556,115.38441216630993,86.12665305841854,83.82641582048572,110.07283913348475,5.749248563064876,99.42521748401305,49.23723105837996,142.8739114337275,never,none,moderate,0.9547478492895796,3.937868100282488
P000354,49,male,172.02103748405645,79.56007189038853,26.886361994286702,105.2533567808756,66.38913605663558,72.6463902874514,119.461500794886,7.996687981225359,117.54448543547265,53.03035965532872,101.06088179490644,never,occasional,low,0.9548343742279163,3.50867717160612
P000355,88,female,171.72188366260932,87.91041713737333,29.811858646695917,95.23352735795196,64.47532955511755,62.40797335251128,138.2648449739996,5.713037420075176,281.29799904235284,44.51291215821623,167.55009444561048,never,occasional,low,4.500523902481791,5.026901221158271
P000356,90,female,181.09253843124233,80.06564171889976,24.414344926139155,147.90714061958715,92.93438204734528,70.39078268798878,92.65452802565964,5.412276214337243,185.55301905226264,62.045757524601264,134.34627381822727,former,none,low,2.71890751902276,6.71397667895019
P000357,29,male,180.08858780957962,108.43012571691445,33.43317151471781,123.92607450240344,76.89185796109871,66.63483532765736,112.92772908705919,5.3775874828528565,72.91780525639291,82.00596738784957,134.66068109622805,never,regular,moderate,1.3948005051164936,2.5074116890571916
P000358,83,male,174.7435563235921,83.90120638699229,27.476781823208544,126.11405288984882,80.86712619660231,70.09480463743095,117.86574321351969,6.395430101734867,83.78376260873517,51.077195262349406,93.60460892658554,never,regular,moderate,3.140275364799645,2.688788531238367
P000359,24,female,157.91465972309908,78.5625478848658,31.504360042437504,106.2128463903652,59.906582876710594,65.88720974148293,115.5174498172643,6.628812660891269,228.4870351983706,57.66469699438599,97.18281191965005,current,none,moderate,5.47661790393325,2.94449152987272
P000360,72,male,175.33424020920137,66.13324004278982,21.512274405463884,110.881208272132,71.98425850238425,60.92940590896081,102.91485626925754,6.205448258393689,169.87567751715358,78.87461525429163,120.36456006811723,former,none,moderate,4.8851034185820295,1.7214633496986387
P000361,79,male,174.3449690051613,84.81037811154867,27.901667573668064,125.46716542373804,77.87108594861566,65.98703707927658,99.22914535772391,8.432115100787653,174.27962586836398,56.25816442760094,96.66201478104966,former,none,low,3.7531176262025014,2.905877956138365
P000362,83,male,176.8084420756698,61.44738616237322,19.65610298074681,119.23019540252515,89.38661836432468,95.09911301267974,122.52805216742331,9.191433979096299,254.34531388501415,76.92836947551272,143.21894256767243,never,occasional,moderate,2.0005115569932865,1.3748158574024036
P000363,34,male,171.93821916060813,91.57288398961988,30.975765193485614,120.64194945955607,71.76125881845184,59.26098812518132,92.81669371259845,7.502556599149806,120.61506217424444,55.223930721325175,104.54057572917007,never,regular,low,2.3244068853664444,1.7299799344765312
P000364,83,male,164.7024710925022,71.26158946604951,26.269709771576853,136.78909480427228,85.08153515471959,69.98267240141173,89.30155096355686,7.293624736999243,102.09923360426825,56.199323392757904,85.28651099917296,never,occasional,high,3.7625219033906543,2.335748442561713
P000365,26,female,166.07003229181132,103.80180632738353,37.63763886062671,131.41568067992895,81.71314130245752,76.66875267032763,108.1881251770346,5.723247550637922,191.54408651613696,41.48697404994843,85.24143041440973,former,none,low,1.0596586763446747,3.875168923189751
P000366,55,male,165.57557391633,71.28443299901569,26.001725037477808,106.86226432614247,65.92269402111704,70.96769105490134,90.81224977294423,6.271630773609778,257.84548895886377,41.61439391716098,81.44363657548247,never,occasional,moderate,3.1320347405988818,3.0402674717309646
P000367,52,male,174.25171812126305,88.69359730207476,29.210442218616297,127.62979937332841,72.42536380795869,76.2877220565637,74.39803544801724,5.317238069435439,122.82214345495312,62.86950011730028,117.09847665104503,never,none,low,1.0934193008219608,1.4184014187875307
P000368,41,male,177.52707398215694,78.85789178346585,25.021651570820914,121.7585799911559,70.69041993427746,56.037975468282966,75.78059178931673,7.096256067061988,197.64046722039896,75.85660406339667,46.40628524910528,never,occasional,high,0.8378001527863439,3.4937781755735204
P000369,19,female,163.79463912597566,80.65891616810431,30.06443281009455,111.30824920254994,76.40130961269311,81.22553312755342,116.59362906300582,5.2732645624126935,103.4135220531334,41.62459373658213,126.99911962200483,never,occasional,low,1.5343743470875189,2.259741650121187
P000370,74,female,171.1595410349489,81.62584751837872,27.86284615985109,118.21773493654437,80.99949739130852,77.93063855431602,151.1279206674979,5.763309840358232,105.58970217070203,82.27853973466819,103.45935281275669,former,occasional,high,5.378817852031358,4.085734828334857
P000371,42,male,179.0764604936296,85.38479696058478,26.625854007640477,124.7966798463771,76.17993028674326,82.58388288531094,100.49494706404354,4.620540563136523,265.8827513581479,52.989475699353676,128.0317984580978,never,occasional,low,0.9269699423838152,1.1648245716324894
P000372,66,female,162.11469609113732,63.43221399934829,24.135988878217578,110.7885993538384,70.90897092533389,78.06975437127002,84.15831238305147,6.3307725448263685,91.7638274248877,56.19049382661508,185.06492184130573,never,regular,high,1.2570574335978206,1.6249494218333453
P000373,47,male,159.27735885428586,56.523214346757726,22.280183329474823,117.20690930700164,82.64834245802416,73.60907860736228,127.2037833036297,7.005373591258939,62.912445994169076,81.44256919520924,170.25062646090748,never,none,moderate,2.4100604175160796,3.2149531898294716
P000374,45,female,178.75775198277063,71.8156606715258,22.47446650269853,115.60577822667791,79.71765259552966,70.82565694418443,88.78854391799958,4.300758935022893,220.5859608613371,81.58273024741368,130.5266742254252,never,occasional,low,1.2997771509113474,1.8629524511935973
P000375,82,male,165.34370257095523,113.18157047224865,41.4000054705103,114.4413261979002,78.1853436502322,66.3558046096723,159.79690466002953,6.7319628976684145,150.10209026316,56.12478641177432,115.12640422333133,never,none,low,10.77058898353486,5.593828293080222
P000376,24,male,168.99160868504742,77.5487846163381,27.154681632631213,123.34584535182367,78.9970335778852,75.68031999502878,106.58975587168003,5.738040857331743,142.28043169721792,49.45653462568363,144.49539407068846,never,occasional,moderate,1.2674384182473866,2.0960675967722926
P000377,71,female,158.3880884924394,44.38998918204363,17.694569628140236,117.91304885113566,70.15477379950316,54.2262387633089,87.32312153648202,7.209708656694976,225.5536402665139,45.94463180145944,181.8861362048329,former,regular,high,1.8433396930806218,1.1774235789547007
P000378,72,female,159.6180077072338,96.30294450685342,37.79860695539627,118.82981672067619,82.2131158007236,70.10027946003844,107.57012603233363,4.662830261193883,114.90875908603363,46.62582825012912,121.77800441885478,former,occasional,high,6.974939627053299,3.542101223261953
P000379,45,male,176.89244841864624,60.18794906757145,19.234945426057013,125.99358021344119,75.02655872292155,82.4512636158758,91.74281047274924,4.607005890941036,186.52666714538057,73.76616948965435,76.614946062391,current,none,low,2.2824336128662503,3.278523941925428
P000380,37,male,155.94549696748675,66.23073415877673,27.234154175359613,114.05761093487014,74.39559726898273,60.718921143450125,123.9243219808011,6.715499751829499,128.50829035168297,51.46536201847033,153.50990290286387,current,occasional,moderate,3.4087539758183483,4.136684553665485
P000381,18,female,163.35512086410904,84.60979090865973,31.706997267026303,107.8872198837368,67.448891740075,57.673787705519416,80.97570455587757,6.234948488519526,93.45863114603935,66.60301201956888,51.89405639696508,never,occasional,low,1.9870614557061252,1.7174773114871624
P000382,86,male,164.19186848278125,97.97135294312805,36.34091143729051,118.09753199761573,80.02173584129346,81.37366237302537,134.58104790257505,7.708409037529385,206.58248551721354,43.65166069183323,153.30417753118815,never,regular,low,8.313558847267407,7.224227370450291
P000383,87,male,177.36001539977696,99.47732336568376,31.623698119611106,133.71549042458196,80.16663836968229,72.33247078731307,125.32541307792195,6.628033919753426,133.58077561901024,56.38191415122513,73.85814750497573,never,occasional,moderate,14.442283753500787,2.275062750474825
P000384,35,female,168.72104795523455,79.18779620893652,27.81760450725987,136.65149254379492,73.7672897935439,88.39212611362103,132.46164378190574,8.511908685489693,252.60975541955975,52.41012629667247,77.93842055153158,former,none,moderate,4.6481497163108765,1.8894069055434362
P000385,20,female,159.90450438741874,99.47579526662228,38.904158372758516,132.93349468647526,88.22084707191891,97.84703460699566,137.70259172319027,5.928247857837041,277.8869403454705,55.72800162951282,155.76807525239371,never,occasional,low,3.373619319061515,5.866361073195811
P000386,26,female,159.84017789537143,51.44333524902732,20.135258483493445,118.30121771586232,87.63081731593692,99.93954817087976,85.31391597766059,5.5793352530797025,242.9866357708201,63.05226242390238,143.39686835724768,never,none,high,0.549752376694269,1.771280497465224
P000387,22,female,154.20502529165225,94.60057120093795,39.782924437858064,104.7427095948708,65.62408618231782,73.2127299704733,107.03279453621873,8.78884654681761,142.22115765935865,93.98981586486636,129.00532512538143,never,none,moderate,2.276736185852719,2.376922274820385
P000388,78,female,156.21081316761902,84.1491920723786,34.48480418689337,118.62022389752532,82.62438501611581,67.83226940421211,133.31966996919672,5.179336916753131,123.01679789854022,80.58299467984769,161.76822295535416,never,occasional,moderate,3.934802167305241,3.7018170990040447
P000389,83,female,171.7489599494351,108.66221816580618,36.83751575521868,131.11408220567458,75.18957584129737,79.63380116770092,101.50874193894316,7.31532983676719,266.19839340302207,65.7223354847394,166.99872504417584,former,occasional,low,5.279023053587246,2.7782372295141156
P000390,29,male,165.7029645150038,68.59095200427971,24.98079607710811,132.52556236101796,99.46868328867227,80.40308349653506,76.28112440433783,4.3255367268469715,150.35199556659165,43.60227401154927,118.74281078315387,former,none,high,0.7865109978818012,1.8760363740458035
P000391,72,female,157.3190886775032,56.84366266371991,22.967790049177957,133.76181790617701,70.26104376258765,80.17123316988804,92.07212064452312,5.943319792761383,202.8286700173974,83.67545116407138,211.63610051057265,never,regular,moderate,2.8126473306376245,2.2838454242748507
P000392,31,male,193.7913887917314,115.53300047579559,30.763596205402838,119.26944676573086,72.03944108836896,69.881649325718,89.62530443190485,4.903177298600055,240.57664161417506,80.30077425085986,109.47898376579747,current,occasional,moderate,1.0484787957116972,2.4423203749055316
P000393,44,female,164.29262107056078,76.99716145081095,28.525850277097074,121.74060543591567,76.39112000025193,57.73974249089507,133.8183066400154,6.731719695422165,124.07627261868598,80.02867238698931,88.11813430901884,never,occasional,low,1.1940322024416261,1.7723185453106396
P000394,61,female,148.7536520360728,63.34689861673712,28.627939024934946,127.80833013598384,71.67693553637737,65.67730749216327,102.55796303983972,7.333954065230816,95.10810909076588,57.14810968480235,166.04589705097445,never,none,high,1.9710418028571437,2.685476214452173
P000395,70,male,194.4526768735466,138.70613896450868,36.68325211536287,112.12848836640755,82.53785330271931,63.15836761980273,119.15839735377412,4.682424137573964,193.11243889765996,42.372987832668855,114.90126016330404,never,occasional,moderate,2.668946640573716,2.9004035028257813
P000396,81,male,163.93645391948132,80.79730772537678,30.063934483883454,130.55336893768543,77.31008507621233,61.57806004278835,148.7873715680818,5.540327030206286,180.9797478536636,70.33198358214787,171.2972629949898,former,none,high,2.883020037297805,2.8903503723823794
P000397,21,female,166.44617800252738,71.52842744961139,25.81850093701574,104.56452713754055,70.11984107288413,96.82136215098943,90.4292119246428,5.457947393175377,120.22712798566121,54.34350594059604,68.7357904123143,never,none,moderate,0.8233734742781044,2.600086848064438
P000398,32,female,158.53405604612854,67.86131771633643,27.000831978296382,133.72914376817016,77.89316845520935,52.53930580697801,122.04701052834278,5.5782676342241775,177.55018856983608,52.32837248415464,78.71954939484269,never,occasional,high,1.3198966994106582,4.743866490226361
P000399,38,female,151.57681951659177,52.331415416648106,22.777019886841554,135.15066315089888,89.50713998479861,79.37283613588704,71.8670241715433,5.416917049760448,225.25460474697468,55.25051123140682,63.31696649488293,current,occasional,moderate,1.233307730937129,3.675509887163839
P000400,40,male,174.47653612602664,72.85962516379946,23.933866891491526,117.50216178014992,85.66374143584011,98.87562418666838,80.03346673564734,8.37638008123444,131.41055762090886,61.67578210037019,133.27057679031614,never,none,high,0.7985679169016294,2.104836139376795
P000401,90,female,164.85223893521305,62.468560743109755,22.986444483362778,133.22675558837517,77.72197035430158,71.14646957337689,85.94067270144514,4.717492141452825,113.0547572008254,52.8947874124931,163.6283140495323,never,none,low,1.33958342707887,2.086519884701605
P000402,74,female,148.8036589619633,74.32251111906116,33.56550256116335,101.85089010185087,72.27975243607142,76.62101107118913,96.64214057613255,5.777301690983213,213.71628913595558,65.99886248728495,113.72869576167118,former,regular,low,3.0934372939643717,3.048083809904518
P000403,41,female,171.68985235482393,92.79458506565885,31.479902590258234,103.93338740320999,68.64487050019589,83.22811756987335,98.86228721632378,5.910244880615377,228.59589821177377,64.17969565646354,74.99126420349543,current,regular,moderate,4.196471802459662,3.194016644083789
P000404,88,female,155.17322374792502,69.17567478984412,28.728955640345006,143.06665236921648,89.02726325910561,69.72437584031954,104.74756564573283,5.435466802504034,293.2167823825534,58.36906022804273,111.00583898749363,former,occasional,moderate,6.316698756973656,2.728548416127008
P000405,54,male,173.50270061817108,80.29812543020267,26.674293690336917,127.09428937322781,83.06085217886417,74.91935124656727,89.84868344567758,5.258907311791903,99.87130890776837,35.84952214802417,108.54650090694895,current,regular,moderate,2.2499791635158077,3.9935483422489177
P000406,54,male,179.77202861200874,99.70211426154381,30.85035242133777,137.19448326353296,79.41946721088067,89.24173213834939,78.58772908630836,6.754666815514082,262.4474621780521,84.85132304586465,137.91236011458102,never,none,moderate,1.824022839289267,1.0538264125668135
P000407,49,female,162.17379146084076,88.4317690209626,33.62381383838148,137.64214877630428,89.0748134795845,85.50628544708461,117.17919335964802,6.646358002992207,224.07704637861417,53.15126798910043,138.9177318043625,former,occasional,moderate,2.9088484547520723,2.7464625626621055
P000408,28,female,151.9149762697923,81.52672621355582,35.326354510231376,114.44305601688123,66.22272014407304,88.75633773279975,73.0917245454202,7.250744455022313,209.2589128062203,54.25497233841523,77.29370165179728,former,regular,high,2.106970414598494,2.846902077740854
P000409,86,female,170.2243824747569,83.93467297455615,28.966623061438565,122.22240583117251,82.27048768696802,104.53862888156806,128.61028465828537,6.0683732272478,130.10313422584335,56.12636357764848,115.31638664639279,never,occasional,moderate,4.408752875760607,2.494700266944466
P000410,19,female,173.3291232727905,101.4898308604611,33.781540331813254,105.08920203284839,69.9765564582682,71.47439632248366,142.03974942487815,6.838234435579164,65.23523050435325,51.28612122341157,137.80221752914906,never,none,high,5.515257288005083,2.5215456671932794
P000411,30,male,181.27754346732127,93.53262197691484,28.462634396964845,129.176804275189,66.17128692011563,85.58989994851888,117.91385199623383,7.9976198658609094,163.4048781646642,66.1659106183296,99.11536453465773,current,occasional,low,1.0352797271007508,3.320021796595951
P000412,34,male,166.60660665523616,77.6176590173044,27.962506756741046,110.9061134733418,76.95233035140406,79.40850510505038,109.4425144704884,7.677800747861438,124.78935452950842,30.441877047683874,114.13220533704934,never,occasional,moderate,1.5535290801991346,3.6300961072932103
P000413,38,male,176.99010969962376,109.31429049335257,34.89626477536554,120.66301759185306,75.0237779229122,81.9735987250082,115.51118850019336,8.18779659853663,132.28536679950795,78.1243072107755,134.55314053805637,never,occasional,high,3.116599246262305,1.7138503949171182
P000414,27,male,180.42569984693787,87.33499640164219,26.828198414061756,131.80865662614337,92.3686091196908,85.24404959987183,112.92617915601099,5.501352238983216,277.71329675390405,39.92523211664251,113.74791160979527,current,occasional,low,2.1559509169465314,1.5289529353314213
P000415,19,male,175.29756927740553,82.811538591708,26.948777299757772,112.52676157553353,73.3117129424893,85.71763979192957,141.79380462891083,8.987058910890964,101.16657722127826,99.00533254863512,60.41134772951474,current,occasional,moderate,1.840215504434753,2.014797864704107
P000416,67,male,166.83011478514766,71.61485578615128,25.73085541749656,133.8617756085475,86.46313317127934,93.59315910172208,148.76036112716903,7.726814903945547,280.99732004196176,64.41301344840622,94.82076192737864,current,none,moderate,2.4541535837268156,2.209670004351624
P000417,88,female,166.53941558991676,79.22738142533613,28.565460488371073,138.2747184844127,84.23100290011001,70.79891779780897,101.86806544836381,7.311697234114695,162.78140187928543,36.80302293129097,154.94563260931977,current,occasional,moderate,5.271750022231468,2.0818556305324263
P000418,26,female,168.0912339166823,81.75627155209659,28.935497048626296,135.11267657303762,81.86838758846723,81.42732205409618,110.79813336879266,6.786230317124771,243.2912615983717,60.65780172055093,97.92067906305496,never,none,moderate,1.194605096431922,1.4946498835276567
P000419,39,female,165.2189704258557,83.8466036070447,30.71607025418101,148.26557600697137,91.12286466423198,68.42234467969145,126.79898416747892,8.92102532563318,127.17337259330785,50.832618238887946,161.3037167328391,current,regular,low,1.4739175318098876,4.8918256814825325
P000420,54,male,181.40432364153267,90.12138684264782,27.386251893887348,115.5165412666276,75.54755350850044,79.0937525612635,66.63122875899977,5.614829997811726,188.3606670204627,87.22889146428633,119.6234982964861,never,occasional,high,1.8304762176901999,1.644380905495063
P000421,85,female,163.1406976103099,64.88617953514279,24.37965601982232,119.13737426114801,75.08257148604895,85.78778469955842,106.39951438451709,7.075822313025435,169.79712167223713,71.38133371133557,120.19123031030067,former,occasional,low,3.172930452496826,2.843446732510243
P000422,68,male,157.59945099673186,86.76659451524388,34.93358460074724,95.57886538980705,67.90661006642961,87.80987965325164,116.49315298593211,6.961233528187504,278.88422963393236,56.80473009092617,154.14224775899987,never,occasional,moderate,3.3260143132133226,2.3257282682091662
P000423,73,male,167.0591978002853,73.40161270643475,26.30054927461295,124.0347583968184,71.89419273411418,73.03803751209054,119.62828158352485,7.1289424119988105,105.67544454548568,55.78357337508366,111.93373635308112,former,none,moderate,1.8823941297668447,3.7105071975271677
P000424,60,male,180.44267983560434,119.2476972961138,36.624479787040656,129.29861427693598,89.09031125559771,75.97860740449332,99.65654981200919,7.076570098852189,118.93428555760023,96.00957430052168,96.74053219751298,never,occasional,low,2.7318892517259066,5.630599298653727
P000425,48,female,157.2254236949621,59.82171180700797,24.19988425300115,123.65248820059094,77.15819278649019,70.28830586969806,91.27881613932911,5.025500040163036,288.81780634731024,66.65932214298482,77.65550538348074,current,occasional,low,3.239074825732676,1.6873288633440833
P000426,32,female,150.53276820954332,66.06693741271833,29.155606421032807,110.17674777196008,73.79629454087654,63.859573879867334,85.96933465725226,5.430261001311826,90.29990979836909,58.481224938255544,141.25418525146696,never,occasional,high,0.6262809263857059,3.4504866494441035
P000427,81,female,160.31579317940708,74.06517328904901,28.81784008872387,124.87082080084821,69.9558007813038,67.68882675342763,109.28587010047016,5.81409002768995,189.5361308488093,53.883257720993534,119.90961086140935,never,occasional,moderate,1.2995123741213859,3.280044329806426
P000428,76,male,178.26136897644395,107.99119111915552,33.983950035873235,132.23031778807078,77.40388044518497,95.61232414682574,141.67145219200125,7.366455163000296,81.77871122775538,49.698682901608365,159.98158653573387,never,regular,low,3.6236178434312993,3.894934525744898
P000429,19,male,173.15934433915564,68.63901883720587,22.891760915694682,140.82567249272702,83.25182746565714,69.441704202443,135.8850940799018,7.1884822148259975,81.10232316670823,68.87780076142619,118.75797311419724,never,occasional,high,1.6395576971678638,2.315892423221132
P000430,70,male,181.07750172118077,118.6586878058145,36.18849759907543,103.1537959012043,72.22574370957821,102.28851439951144,99.64875013163784,7.515607577225818,187.04851065591382,60.237105969488894,114.8327743308395,former,occasional,moderate,2.7497565779788173,3.801654611208722
P000431,24,female,166.1803479563948,79.37990571932592,28.744267827257758,151.43002935782675,84.51256495104911,66.95572184857353,89.36327192272066,7.200906772415742,172.11979063534088,76.85212337773166,103.51773874288153,never,occasional,low,1.7609763146626385,3.4796094290279833
P000432,71,female,165.4505011782694,80.86708896318093,29.54171034884352,119.62330774643537,80.85554641619848,84.45700648133311,126.29546777413825,6.650427645153027,177.07590452721422,60.120544493071094,91.88714951406399,never,none,moderate,5.376448254568562,3.6786285351907804
P000433,78,female,169.46939149242013,81.69902151601565,28.446858666222898,125.88342825385757,85.49782557387711,78.31587400061736,120.87371677495392,5.2087283595715395,157.07615043698067,61.672243728064466,163.3895615089936,never,none,moderate,3.4620723719457587,3.6398717873200797
P000434,27,male,187.4304317691509,70.26397863143764,20.00103760540694,109.92587706226168,71.1149454198745,83.2759628177258,101.15283021494494,6.577312281378026,210.115610811515,59.304189690498795,75.85182711914896,never,regular,low,1.3516867918280933,1.3765290711574654
P000435,49,male,180.24681122342145,91.83691737677584,28.26715609123421,120.19367509165306,80.88764439650923,81.03735029751647,97.58047926663465,7.856858477167384,326.47890440904,71.13573271076359,176.9908611030877,former,regular,high,2.248044367759906,3.177154408861579
P000436,27,female,153.2742531767165,59.00760965135276,25.117106360597205,113.8728751201889,67.61411963915641,83.71501689093029,81.0915247982334,6.448817615683689,120.42048520282677,55.53397514589265,59.05973613941787,never,regular,low,1.0267485642951042,1.1499604466844504
P000437,59,male,172.0408463666308,77.71240910476588,26.25591946240123,112.948936320291,74.40437776741112,95.08252186574222,124.99005141020297,8.045334811490095,129.18196867842707,77.47502827453948,124.97668252417589,never,none,low,1.305980271808818,2.709155254072105
P000438,85,female,165.30252678138962,83.41990025803038,30.52886665124921,125.843011127113,83.48081399990826,77.93029673856034,113.77078477969567,9.356449741598471,133.21595036034782,50.715034592042656,68.06128274045287,never,none,low,1.9859105118601956,8.698432178409329
P000439,23,male,169.86264784220506,81.58402631666081,28.275438934260585,130.07311000222057,80.90423349860332,58.04783503851177,95.50287623129991,5.563625171016364,220.5198454075557,67.15307519801313,155.45989303349478,never,occasional,moderate,0.706419168898322,0.7707308483675069
P000440,47,female,150.32348669132864,49.32388305263471,21.82747896596817,124.5701958153947,68.9440256283591,68.07456715490989,139.6991988025946,7.248183722260311,129.13918374732933,81.36624856632582,93.43410029932225,former,regular,moderate,2.238508387513289,2.783281970306053
P000441,89,female,157.2029157869522,52.571964913957984,21.273209413361315,138.48165242039005,88.15767106400114,83.78099768952006,114.7678518712174,6.345654721926329,194.1262073220772,72.72592056003698,129.42371552591993,never,none,high,2.515488977648748,2.850950790734518
P000442,39,male,169.17397169717268,68.15187303287013,23.8128132151368,109.82220167037693,62.430899456140104,75.47522373006143,141.43273538929193,6.359558332579539,148.07192084095863,53.06503767772503,180.26124484799314,never,none,low,1.1047163252332508,2.2171725508793454
P000443,27,female,161.60354156468927,62.43758216775197,23.90805954252393,115.61232346594576,79.98159675777019,77.38694235512381,100.20914313459106,5.26837258824211,180.18554991642708,68.72894906309699,138.58129135803526,former,none,high,1.4214580317373713,1.7603660784789195
P000444,53,female,155.84712909316974,72.57424283547506,29.880296367660712,150.7762783243407,95.9977875155472,79.1705263242456,101.95969278767451,5.306040180266398,240.73487479965564,45.59240780646435,89.06444259489614,never,occasional,moderate,1.3505216436774803,2.4766483320268526
P000445,55,female,170.8898301771078,69.11656596938268,23.66735449870379,108.80371507255857,78.46374416302409,71.86110555278276,143.06458035615347,5.5743225765843585,160.7849666011986,36.578810725392344,158.00975745706123,never,regular,moderate,1.5512411305817644,2.4351719711716
P000446,66,female,174.7721184377383,107.94715481260911,35.34002880847364,125.16882683335442,85.95240596257945,86.91965895197791,148.49396516203694,6.9853276446906944,163.2674016133204,71.8385408739529,117.25743125986095,never,occasional,low,3.8248768339470622,4.247389661014005
P000447,40,male,172.1154408275063,71.81252529695224,24.241558199265768,111.5875584328783,79.98073836169803,84.47840495698335,147.49629392541522,5.438517711422825,118.16903788155005,74.66301789462806,53.33738983561683,current,none,high,1.931818978504857,2.5947758936451777
P000448,87,male,184.18840591643487,73.86617914648872,21.773139570198598,134.87544858853485,85.34590268128953,84.05562517860521,128.37760401600204,6.142509160448354,159.64544032013163,32.392354415918376,121.51070075910826,never,occasional,low,3.56079563752443,5.712054580906159
P000449,56,male,191.67370281938875,129.22482403886386,35.173929104885275,123.32186404293337,81.53484887691775,84.10155931385694,104.06563710898618,6.185575972004617,128.07007970284485,85.92516665867991,160.46816314170317,never,occasional,moderate,2.535618122110734,2.5848937915670747
P000450,38,female,174.7369853581989,78.14176506086201,25.59254874988692,131.57499826321643,82.51345358260109,93.92777090436451,86.77436690365795,5.727245604728704,243.51788271997202,56.59917336044932,116.20307915335488,current,none,moderate,2.46384946991794,2.6670449345221696
P000451,88,male,166.77628183485027,75.99214443070751,27.32122233248459,111.64879393414274,70.35527731349738,79.12517835465854,99.14914877405751,7.645858055490062,141.09395769309882,81.86779841857546,152.4299634014592,former,none,low,2.2118552640362905,2.334762088347884
P000452,85,female,147.83311502918716,83.22279137807027,38.08016505509044,127.82544225290832,84.01258946662057,101.19216837211529,145.1749659130271,6.369530552536599,103.63000002681099,71.20411743225719,145.39731383991767,former,occasional,high,6.180769738317986,6.929593566406745
P000453,54,female,169.09273714663152,107.02848890095255,37.432556205508945,114.55825406291707,70.69193208937581,61.31760918383135,99.2917529006489,4.804471164064488,126.19140958890047,80.34692184750043,118.6868359870919,current,occasional,high,9.36196158663598,4.506069783450488
P000454,19,female,177.4230693162994,99.66377752237811,31.660456174199183,126.52710120896701,95.62208638632079,80.55335925534365,122.05985867848614,9.09853565989234,171.15984159847702,75.33958125206583,106.06296161877349,never,regular,moderate,0.9577532650555531,2.6718171455260364
P000455,61,male,176.64380962302675,65.99901995011969,21.151474187940792,113.56054180981847,70.35446979367399,84.17518523250814,140.55937571882217,7.819825710691694,270.6388025632335,90.85465426432008,148.1084568918204,former,occasional,moderate,4.9507790697901255,1.9246091629553295
P000456,58,male,172.42848595016807,88.1571579586029,29.651014091403056,119.38507218098556,70.65145180881231,74.90486199212876,150.3572337714161,7.102173658409076,128.78251907549392,63.627720719436546,110.57193946228156,former,occasional,moderate,9.489814689881355,2.7297905135146916
P000457,28,male,166.90772959437592,111.36645285025644,39.97619804349504,134.25551013480117,88.17149161047875,68.70879231263672,145.95671270368828,7.435224589889143,132.74626321257205,44.25977995639103,87.91843007483445,never,occasional,moderate,6.331055517752525,6.242950785382674
P000458,64,male,158.26551781891342,94.02593569115498,37.538339508545356,103.4473924858654,70.85844781595972,77.44064249078845,110.57587757968648,5.070134020961272,153.48321092791124,51.25631986311914,105.81528189279236,never,occasional,low,3.0312500483399356,2.501386394723016
P000459,79,female,171.72390181328245,65.31208839341528,22.14787559387226,123.875889743534,74.32703782951432,71.29687850920303,103.36064669168586,7.172627062666013,300.9479198720693,71.5708583172119,171.75334981928913,never,none,moderate,3.7001015475883876,2.9163233906227988
P000460,25,male,188.98129609445576,96.24712636412868,26.949463592203966,123.5634803076989,83.19207804537506,95.36771758869368,155.17308665954482,5.766730323224321,244.69725180392686,43.454217246320525,101.85267184087286,current,occasional,moderate,3.067376257465419,2.264349055147424
P000461,70,male,184.1511745584518,87.76905038810546,25.88167700807172,96.14118703698023,67.81814263072384,71.04142161086168,89.07840453911881,5.923408542783928,99.67909443932095,84.5295865646725,96.3202203511664,never,none,moderate,1.2217745447538857,3.1663948374768536
P000462,28,female,161.67006011284556,59.31816523988623,22.69491235456933,103.74129798009656,67.831183353318,64.16947757785539,84.10407387661745,4.904500358305321,180.61853938266543,46.940749156116496,82.44020446301585,never,occasional,moderate,0.7958188020798004,1.2188470337052453
P000463,72,female,164.65078991695412,84.85892007281076,31.30183972443324,122.27517479300272,77.43615314800981,78.40843172980814,148.98481595435373,7.448433317255539,230.21069764418718,78.76734270829603,67.29287272648803,former,occasional,low,3.9203176841082525,2.850476886154284
P000464,48,female,155.113561829116,60.81023098461467,25.27418220068057,111.29127760298185,70.88162902950677,72.27677830953658,116.25093063004404,5.479930618528498,220.1500480500956,58.18767195551672,199.0115625730031,former,occasional,high,1.3572157718549471,1.904438953329403
P000465,18,male,170.2383358031575,76.1776131772716,26.28528140560772,120.99410050958622,70.61748968349106,59.945561496373934,104.32086078259186,5.354456516416697,158.08783272789807,76.62571974187318,126.43228139590843,never,occasional,low,2.2366000123280636,1.4849386697413574
P000466,88,female,152.06834681492973,50.30302473488876,21.752864312743895,96.66063639422266,58.09229424023016,77.98076482723349,83.54673240700855,4.7092862958406405,208.31031414436148,88.37391013969336,148.51769663567902,former,none,low,1.218535322053842,2.693616884020795
P000467,30,male,172.0109012595982,83.6715949512376,28.279133939215047,127.66127689312788,74.58099402200706,77.00251744005905,103.91058143613424,6.9613530418469605,178.27603328022815,54.96206981674175,154.49578750811918,never,occasional,moderate,1.5694457913860447,2.0810515415848823
P000468,61,female,171.6962060921849,68.6527709973595,23.288240287474242,112.95297214195566,73.14908603842208,64.05357483273411,144.38462277318197,5.952892251759369,106.85659353895373,68.33713698519193,108.96578447843814,current,occasional,moderate,1.8441913475656893,2.280412383155455
P000469,31,male,177.9215950761837,86.75872423376966,27.406642224707447,108.8219619201525,60.67857941791817,79.21096828527064,109.66167092506397,6.2220918652447725,77.24091568435924,47.08183520852043,158.3503584929083,never,regular,low,1.6794950563825142,2.049307245261012
P000470,86,female,163.43688461863434,61.40006837359003,22.98628060867726,134.73004512058912,80.6356215289911,78.07348660452013,98.89881924520625,5.5192380539004375,133.85391108082942,74.39140207832287,193.01949258332826,never,occasional,moderate,1.1227590182207563,1.6192638278311835
P000471,71,female,159.41994125390613,96.16908050447546,37.83991691564996,122.95028384871146,80.77472055296258,86.90522439784245,110.76160018530298,7.2656288073563795,83.96774512485274,73.483463718453,150.13798578301723,former,regular,moderate,2.4590310162950977,4.655083192968424
P000472,76,female,177.36636043256362,72.4195843598456,23.02043464371848,94.54407867819035,63.56028552594695,71.19517311006408,135.86276071719374,5.647935595511557,138.30259321743455,51.237601519092394,146.18777942594141,never,occasional,low,2.6466100610131518,3.7971493932905718
P000473,49,female,168.30279246033558,81.04017650184147,28.60999188551357,118.92080742524743,73.11458024938155,67.23939113411583,139.57497238359178,8.458283560480718,240.076560380452,32.12192827456817,116.41051485020392,never,regular,high,4.884960008385675,2.8192340751640166
P000474,52,male,189.89704870121702,86.60915050189807,24.017475067981852,156.37336356377529,88.77847945577088,99.27964803297705,97.12333705820262,5.46702674428061,243.05131176504807,56.44968994813768,165.23642065922115,never,none,moderate,1.8241791426122187,2.1998799059201684
P000475,64,female,155.7898896765065,51.864245504257255,21.36926205075323,143.41087966523202,79.66149950370314,77.84768256682341,110.03578440196668,4.978426205658847,66.749136696281,45.19806505419827,74.63097694500144,former,none,moderate,2.4544166074312392,4.339837378302728
P000476,75,male,184.9337634110884,82.46342306141536,24.11176171637693,113.65245865778144,75.64930602592754,54.354861038579855,91.97761704704638,5.1727687148250485,79.72915679601785,75.38817668954248,151.2178959421335,current,none,low,2.1746452407147028,2.566763786609462
P000477,79,female,162.57760628041524,54.714419238049686,20.700476570336452,129.3955169037038,76.94038504585413,89.44754826711097,100.53225088181019,4.781651475945941,192.10693660614277,50.174905609339774,109.90645763395948,former,none,moderate,1.6213615141139976,1.7166287143051804
P000478,19,female,175.64591355275832,70.66018928845858,22.903333446473034,110.9269298048707,69.68229526474175,65.11069825131003,85.27160290707697,5.816718840792474,157.4511402226901,86.39239345756849,129.42907204062806,current,regular,high,1.7862560809406318,2.2124012557676087
P000479,66,male,181.6128059198417,93.07203552430346,28.218003017022767,122.42599059029995,86.35312071207665,87.54786345074498,106.76261892256578,5.375558848839708,101.40502260568357,90.05581029655073,175.02239725211908,current,occasional,low,2.3398846494108403,2.0933049891451403
P000480,25,female,156.97298360006033,75.33422523594776,30.573312833397004,140.25611394570114,90.77311853313688,83.64402683222364,108.4669623146454,7.9000743042248285,233.8312266727964,81.87164375272785,133.59901437564258,never,occasional,low,2.660186219094674,1.9928836060336816
P000481,39,male,178.88118051642283,69.34962235731662,21.672788650040346,135.517621128044,90.59560750646503,101.42825189147503,92.27078922433358,6.0528214528213535,107.72689361886464,63.99514979188817,58.58361267066479,never,occasional,low,2.0182778509267645,1.3743008320688885
P000482,78,male,170.85023936741698,80.33562170544216,27.521808951533366,116.12905323663904,70.22406303854297,100.99471458290765,92.89687997499942,5.163811501260522,84.03587418803679,48.95608299945313,147.59303611106537,current,occasional,low,1.8716930859456191,2.3653754040843644
P000483,36,male,164.4793041678969,79.72309532116256,29.46874441925339,128.18627947666158,72.93366045035516,68.20700397109306,84.36275533409581,5.747837765590086,217.50704142999234,73.807787295357,183.3743691828903,current,occasional,high,1.3560524016819804,2.1479452007590414
P000484,76,female,157.68747146816233,61.29857146889847,24.652216610418538,108.93901921237993,67.89358646490071,86.5427029127901,84.22774461820865,4.956575583592502,180.78853212711348,68.33243526225763,137.74445773304737,current,regular,moderate,1.6780190284122296,3.61749221580346
P000485,51,female,165.62680270048733,73.09228424237062,26.644667069370843,122.35050413290669,72.83124149658246,69.713598680102,118.41535839728354,5.314128255237086,141.4397841630328,91.1340096153968,168.82226523170397,former,occasional,moderate,1.1856810872324137,3.8410281708715743
P000486,34,male,169.76102932981456,61.20472741516824,21.23777269723167,115.2967380470613,73.5594601254156,80.4431115284867,85.71270268791898,5.278872042247261,198.00777305726768,55.12247438860137,162.53774957385116,never,occasional,high,0.7713631540043004,2.163094350450197
P000487,42,female,158.10562513169177,61.03964240449668,24.41840751497744,111.65850196212605,80.94152890953708,79.21509746893815,81.20617259281144,4.6780500093324155,269.4526733488527,36.56018524841818,168.79867334137612,current,none,high,2.861836041080082,2.3645041428071965
P000488,56,female,167.30739618657933,77.98228019627177,27.859008069431706,111.01547978491581,69.01013936055988,57.008926198182166,162.11393490381872,5.749982117129268,69.2460780232197,97.62587974251949,108.15684438371329,current,regular,high,3.243365190248115,3.6991578855028764
P000489,73,female,179.01349231205947,128.525590939102,40.10680616338312,153.1325628015745,91.0670808312213,50.77676858146516,95.66533764375052,8.276583950369336,196.2589295775852,74.57074203506474,120.30893050204584,former,none,moderate,7.700995216003152,1.5929228707015535
P000490,62,male,178.80222211254818,130.49140388601978,40.81652993370133,109.81350307349453,65.32995409178065,57.271076189800006,139.07025343247844,7.023397310589707,124.92227268254528,43.810764721730564,166.40740018493156,current,occasional,moderate,6.240115279546512,5.746915620974636
P000491,86,male,183.93438283603066,132.74134471290475,39.2356068336085,91.767343318424,57.66809696610425,61.79774498703432,115.44839292845671,8.196428838746854,166.51222392911615,67.02846040964069,178.84824507028287,never,regular,low,13.669748280688761,1.8039191531430434
P000492,81,male,185.01921272996825,93.42425410943564,27.29141049803289,138.18374228938973,88.01649789686788,67.58026831086559,119.96188171188473,5.55517266492058,147.15858550563527,26.219695895380596,84.52370424848517,current,none,moderate,2.8429745752840723,1.8368004764171433
P000493,72,male,171.71878547766786,63.37157791311238,21.491112846908464,146.08214213939522,82.87493385964274,95.19413987501831,107.21759179328042,7.701223218942745,136.06756545024845,62.20593952275465,89.50441520192955,never,none,moderate,1.662071892013887,2.12579717449388
P000494,62,female,151.88831052770922,59.96848075699062,25.994073566095253,133.4082280089539,74.17804645469549,76.32357773035848,86.55073800001455,5.477905637074222,107.40252718216209,53.31091072727175,108.42660009631936,current,occasional,low,1.3565156679007329,2.792411287515089
P000495,39,male,177.66796072799622,77.99617501480773,24.70899434704322,126.76515557606473,79.98862095834015,88.12482998257838,130.4803206504456,5.309932595706863,229.94768340373975,54.369658802910166,154.11091860247151,never,occasional,moderate,1.453591412315643,1.9637860080640133
P000496,48,female,168.84328262026202,53.82111592041217,18.879266805821793,112.17707370473808,70.21079039263267,90.48237944739631,127.75946630960237,7.528282344864198,131.92534641012918,49.736733500522405,171.39078145222052,never,regular,moderate,3.10331752982402,3.5329087868688154
P000497,26,male,179.93726879145424,70.8398068046502,21.879385470742587,115.21585832595726,68.20163953257186,85.0105210194233,92.28409118524978,4.655785102240938,258.15228406343095,50.56914706378801,130.9300200545842,never,regular,moderate,1.257623913099586,1.8525664436667535
P000498,45,female,159.93791218405102,70.80665317212924,27.680327365592458,131.85341256884857,77.0825577066738,72.13317221016351,122.84306220820325,6.002113428991876,135.66381048141668,56.40198395846176,79.10396869639472,never,occasional,low,3.6474530155735123,2.247730342810661
P000499,85,male,193.56875916351947,98.22450452784251,26.21496695333598,130.89660269330665,74.11934632149317,92.09058158089313,107.87590770331084,7.481855317022896,242.50050145804022,48.364287900409565,104.03593604029491,never,regular,moderate,1.3273263409582954,4.463732419556661
P000500,49,female,163.63183608304374,63.497251239010936,23.71479191104391,135.37460360271203,80.48277043302352,85.34780372510573,138.4754099532035,6.839717042275902,166.83720303280305,57.89918549664064,168.01668366126722,current,occasional,moderate,4.30446700158632,5.252263411538209
P000501,26,female,171.4852757559197,93.16769275646652,31.681932787436896,113.83261799254946,70.02612411837023,85.40050408366675,126.56082785861855,6.390282246687913,144.54447953256076,60.71963625838697,108.49811827083428,never,regular,moderate,1.473424415256322,2.9593096361817715
P000502,65,female,162.24225628413262,69.61985682344951,26.44875118595863,116.26803100144701,81.73249944724272,94.77203607838794,75.39181306870735,5.334417765582883,204.07054003776403,68.4997902513521,77.25450015376454,current,none,moderate,1.013538610154853,1.8689497792104783
P000503,88,female,176.250351191312,107.3169556796024,34.546842676083784,131.50870445916735,84.80766328374023,79.25022180747158,136.85099022644596,5.039408027985718,230.50351359893313,65.11768620411503,103.85862739306691,never,occasional,low,5.923293673198656,3.3815342883479875
P000504,81,female,166.3318347140314,68.50646469691488,24.76171953021876,104.07201223561944,68.13272279591978,76.67315431954125,149.86903424439635,9.10850060074122,155.67449979211773,48.384918084940324,159.55787940902783,never,none,low,4.1656373867264085,2.0058056986105623
P000505,38,male,163.73419995170684,77.32530502726638,28.843159907579796,93.56630184339951,61.7374567410517,93.91345238090875,120.92454937979208,5.3277926601789565,148.7811215000395,34.05338826770027,122.15708085948063,former,none,moderate,2.4895646950545185,2.5495772639847933
P000506,51,female,173.0122511563485,71.19589569206379,23.7848953040777,121.19687887893889,76.33009454824065,74.14908413380277,81.58203570225463,5.097627898259162,173.6384800236983,76.4137284927444,88.12725288154527,former,occasional,low,1.91209187122743,1.3481688615674658
P000507,56,male,178.30548351042583,89.79169914681013,28.24273759589833,134.20468308401848,85.04285605914393,88.93012956480163,127.35457063787068,5.584872779961978,178.57415607767902,78.83342345322296,104.96566038938697,never,none,moderate,4.046915475841557,2.433101728933126
P000508,36,female,154.7124431874763,55.46882792862188,23.173866474470966,137.84989714042405,81.40623860587647,56.95116664697255,112.1393516855418,8.07763261390438,143.83425804146938,91.65388350936132,190.38051630819942,former,occasional,high,3.3650115736081205,2.306059119120394
P000509,37,male,163.47310589290672,62.41444694266241,23.355679042626406,136.27876463494835,82.82044538442412,49.385437602711626,92.71461529558549,7.0913646942667015,216.20419696326724,88.45700211455721,116.38531245554056,current,occasional,low,0.905454192860148,1.062929551305761
P000510,35,female,167.17894593432166,83.68187829268896,29.94113464669067,132.007255853549,75.4190772782008,76.66319009724933,135.51042986616324,6.2991342144180775,145.32626671507083,63.798973140882374,117.26843676763777,never,none,moderate,5.391960907113491,1.6945694248783747
P000511,90,male,171.2641053726593,73.68264840771728,25.120745688909462,123.2067049819975,70.5938654392337,58.46587301656072,109.25833807681578,8.50166946765337,150.4802743987002,81.09604257225763,85.45810849119087,current,occasional,moderate,8.419144637382791,2.8272910640742515
P000512,72,male,187.76669900891136,83.07955727532084,23.564434982621265,129.13307666233865,78.47004539837027,102.5659795329457,131.8559638935913,4.878662880634487,179.40148301238168,57.21817830068437,104.12084771969913,former,occasional,moderate,2.485181862939496,2.9154064948657905
P000513,79,female,154.64875822336387,88.17450846074819,36.86805044847988,97.32849858649934,69.54367536183405,50.86107444349506,118.62060143221277,8.001519280559252,320.65227096962326,71.33201159172697,160.81865084815047,former,regular,low,2.1992108414939713,3.3558673797155194
P000514,77,male,181.10289881378938,66.51107707105494,20.27884319311137,131.83180859984483,83.53690217532602,84.23103695510451,91.35522460558538,4.65056597585867,113.30805837912709,88.0816350155755,156.43240303599384,never,none,low,0.7506590453238282,1.859984830480133
P000515,88,female,161.6120321498679,76.34457826303023,29.23013477991869,103.8784117814065,69.27796490813935,67.03040796540884,151.86238756441162,6.309455508147536,117.46767967217177,73.10933531320413,116.7087965992438,never,regular,high,3.9887630133936782,3.0676425168989403
P000516,25,female,163.66640061488923,77.64010805692844,28.984583782585915,104.06181122906014,72.36253095171736,101.25657529459791,107.59697510159027,4.7455760666560085,107.45086114493179,54.526721267926156,175.16728599303462,never,regular,low,4.31770081959329,1.2349786482957266
P000517,82,male,190.99626596386133,90.89000838614393,24.915315445436455,113.83573334128282,77.8970270027423,71.82716886527456,105.76247824083003,9.346607935813266,199.53307825223806,54.17666719846508,111.64841505817209,former,occasional,moderate,2.5395894703986768,2.3127612663218313
P000518,22,male,164.0927735282819,74.51845090943232,27.67482650776287,132.5227355042736,77.44425944063464,54.37163544787611,96.78050741698705,8.066248436286054,151.96000813354445,49.97605578510766,169.36235647894497,former,occasional,high,1.1095449917251994,1.833252852609911
P000519,52,female,165.53529328819477,59.41676959932538,21.683422442045867,132.15615278285435,80.12139045715116,54.33090980256935,82.19452913201486,6.217916929805392,135.99714135000008,54.599163145235664,60.64303594177673,never,occasional,low,0.7997631829680517,1.5476898195792592
P000520,61,female,160.7764441468807,82.13880818462665,31.776316941603532,138.2439437059963,76.27804411870166,77.56156082335906,117.90750767713517,5.424042229207715,114.85018006750799,74.39322883559902,108.46611510887043,former,regular,moderate,1.7408660975571593,3.2645721792097686
P000521,44,male,173.84422647294926,73.87646827307854,24.44474896112729,155.92447916213928,91.0713145102423,104.4047719079289,98.590514293059,5.3536444834563826,260.73609108843766,68.36774513575568,167.66257777244743,never,occasional,low,2.1692065968453202,2.2511069882690045
P000522,28,male,182.38739904730264,79.68055547735166,23.953153238397594,145.81591925969462,87.41170199173916,103.09684482049802,142.16861781527598,6.3524723482849925,147.6976269613814,48.937805744826605,176.81146809469905,never,regular,low,1.9487485944925496,2.8765506858267824
P000523,32,male,175.6939858661188,79.8639228273969,25.87240776618026,124.14433849814155,89.06027042035646,70.40228074921006,148.5009871278725,6.0784123848941345,181.57391416673312,68.63202469811574,152.15027176963218,current,regular,moderate,9.185750896539608,2.462606901879752
P000524,78,male,177.84835374937703,113.70768779344655,35.94927443182871,138.46961197619447,80.84853545259276,75.08939699015556,125.8620321193695,4.611164096383634,98.13970571514318,51.2676592184554,141.00926598219726,never,occasional,high,6.092553899004072,2.15657723771203
P000525,41,male,171.84285795032253,98.2272493776674,33.263581575172154,136.73206343729953,80.99099783529388,60.22612935589798,91.006731817928,6.581642559423702,95.34926480622136,59.46284314396985,160.94953674049168,never,occasional,low,2.8060463297806195,3.5496032577152845
P000526,40,female,161.2003683537196,97.54285895257945,37.53733366418226,137.5855223381157,80.33039646761505,76.44778208100871,120.58669187208312,6.660486661560366,85.71159413676625,50.496195216482654,145.65519357344618,never,occasional,low,2.873339972744827,3.4384017087297147
P000527,85,male,170.52549789832096,88.91097612785835,30.57572233191118,111.98784358240707,76.21568051763145,79.29001737802074,73.0108525465254,7.891745762637408,140.47246861580012,58.47259353887899,98.58312799159762,never,occasional,high,1.1838931426860684,1.7797511145227853
P000528,28,female,160.8631608146807,79.5898259772527,30.757027378714866,107.71097663694147,73.25868864690499,67.3282114648419,128.8452172318052,6.284578073479739,158.90119009438936,68.75776389288689,119.56035356062293,former,regular,low,1.74779514490268,2.954533995817168
P000529,84,male,178.60635274625028,89.43604477183605,28.03617619650088,140.1043096533649,79.90231004752988,79.76990921310605,105.31570213733298,5.627856194606208,118.40180505020787,69.32251866113846,139.92081706241262,current,none,high,1.8214682917232223,4.971611111792413
P000530,85,female,165.0956059406692,98.22497404616286,36.03718784989967,96.67215131178563,60.14056917454634,94.62717081979943,144.71809516020355,6.5629037391761464,142.81457544548022,69.25295433492565,131.73603288734384,never,none,moderate,9.3534491543434,8.025285394830242
P000531,61,male,183.9021653691734,96.24056593704974,28.456696524716484,99.570747389512,57.778022052402775,49.19228190212677,97.68009615240143,5.113582425283834,52.608013107642336,53.71744312386813,173.3989782797184,never,occasional,moderate,1.6362684527976197,2.584052149075486
P000532,30,male,162.62922417463156,69.88033208686188,26.421518863684142,131.69954354636377,87.88081719065931,66.45679972720681,89.24968530536867,6.439768411142646,133.89518165144574,67.40051379197682,120.27870690434241,never,regular,moderate,1.9398874184073998,2.572988302543621
P000533,29,female,160.15445870889573,77.94125046435899,30.38710323472754,96.68870399834714,61.93173040047281,65.67371806457317,158.89391339226015,7.594943820313725,96.29179576542856,47.00125331489299,89.01866586631347,never,occasional,moderate,3.581746846966487,1.938331432156889
P000534,38,male,169.41468515486125,83.10189380327844,28.95401632782569,107.28313913858267,78.31007604508683,61.577285078922614,105.5644679521443,5.096934285718424,97.44277502789514,57.00102135974273,93.8224628298808,never,regular,low,1.563014998740157,2.161534602182971
P000535,60,female,153.17260101790345,52.949184231333454,22.56820921189873,147.74788899827678,80.47662645238145,63.72127871875591,132.5886821585475,5.876091849575808,49.89812500513718,63.05145416303737,166.05993105715007,never,occasional,high,1.297824430739169,2.226943631543589
P000536,29,male,181.3257461619283,88.47302232871374,26.908650436770255,126.85513516953532,69.32156495147164,80.3124598001258,138.71497744592614,7.938024320579371,202.48937775286126,67.09397548696285,50.85047842318542,current,none,high,3.5138693841348796,3.2938357075983924
P000537,51,female,175.63683948956114,79.7443967672761,25.85050014256934,149.33023743911616,89.83995717934697,60.36160396324669,104.61373996466342,6.129576420180433,279.503600791797,82.67657701351314,170.26634782906203,never,regular,high,1.565427025011913,3.826727507673897
P000538,26,female,148.8511082222282,76.26598433833888,34.42125773160048,108.78107565358934,69.02672890447263,85.18025928525482,101.89858053654763,6.19487358553971,190.75243967591007,48.81781155855526,67.39414455050192,never,occasional,moderate,3.04729087405479,2.493111166658699
P000539,57,female,165.25978053478323,73.00705112187019,26.731939130680846,127.28351508244316,89.30747165040036,93.6851363277394,107.31066480242919,6.994384359101191,88.37354326694557,76.90859039737646,112.7144368004523,never,occasional,moderate,1.3989657620124984,1.6889683333582632
P000540,19,female,169.11521747578624,96.72428679658891,33.81973180388227,127.78580102423237,84.68204865655021,96.84860000472335,131.34553797436587,6.636039974377184,323.5909412905327,49.22474412721951,158.5453882830783,former,none,moderate,3.8970943081407485,1.7887377446991777
P000541,69,female,158.77250355022014,69.42370917326816,27.539574615968398,114.53975180440847,70.78508653436974,81.70466855711379,148.99672706114714,5.074741861993349,308.28455600304636,60.512704084857766,114.18091120431446,never,none,low,8.259086022217305,5.8746115006215245
P000542,22,male,189.53650444322156,116.34219728278991,32.385568726757874,94.56048399764518,67.4908051019843,65.13843222184633,94.04328188155787,7.314070171588659,159.4635676842016,74.84978715657847,162.05503244734356,never,none,moderate,1.80428054523204,2.4202571245851856
P000543,32,male,183.08119010470685,76.4747679091705,22.815537991260783,126.41389595121107,73.09145806845743,59.265935576035524,119.27876206729692,8.22610767364255,88.59902136919419,69.84335307138174,76.79720459624716,current,occasional,moderate,2.9995112533279107,2.7955718248709944
P000544,30,male,175.09944819496596,112.4735354572765,36.68434692365307,143.24552229668734,75.29479825200868,66.58098843616278,93.665847756215,4.641927228993074,214.64456256395096,77.00198160719142,123.91747338680682,never,occasional,moderate,2.7040704475040602,2.089542106539207
P000545,78,female,178.34573979876942,89.19782881851263,28.04327972085112,116.58049094481675,70.94951849355917,100.53274747931377,112.42015244098425,5.063578174579699,297.70909999243264,74.54386285865988,131.16734238007552,current,occasional,moderate,9.0208488519953,3.7829408616176114
P000546,21,female,150.3106037249203,56.616785935161495,25.059129072460408,141.18926941559016,98.95244726475417,100.5811516269067,125.52101192248537,7.046200121118934,223.06056183963966,49.92202455389827,174.58432525860545,never,none,moderate,1.9674279131876409,1.4309170204155233
P000547,49,female,162.21419614283474,65.17831993643324,24.769967927295564,112.75617302533286,70.41720363775372,71.83894501169237,135.499086289015,6.76722221050667,184.37869041033008,95.1243759065401,75.55121637270813,former,none,moderate,3.7176172881778555,3.120241245078404
P000548,61,male,179.61058701161323,81.1034733385495,25.140597161372312,120.62435227934778,87.05119614454789,70.01767047516961,100.7038040988632,5.691358011986377,181.72352500787107,85.4056285758218,107.60997893299826,current,occasional,moderate,2.332230570128771,1.7872540404794228
P000549,55,male,189.2282684632956,95.15807783569656,26.575021839635248,107.10236858757227,67.83303815308905,76.02331581514107,96.35067538953253,6.169893356862605,310.16154973345056,55.726057220478914,139.76085116073483,never,regular,high,1.1628137312791007,1.9057503644595903
P000550,67,female,159.96550577376598,81.13687346549052,31.70776140741754,140.53136645920392,95.57757747644891,68.83343178891784,92.57455302277903,6.800252480622852,84.76733364593116,34.65187479003423,200.5238234541651,former,occasional,moderate,1.428014015418892,2.2283823794128033
P000551,76,male,187.64064607846123,132.57150097759262,37.65271821568897,113.52220805895445,70.27798348352925,103.07791477230359,86.59204761980043,5.954968714263284,108.19382202922061,47.90120361266023,166.44988069857823,never,none,low,5.479783269175943,0.9752501729440646
P000552,46,female,148.28777796149404,67.85775056021834,30.85948997111721,121.94855995311926,75.8913296417681,66.14324745894658,96.87781647408313,4.957333473568884,241.78380947291978,75.65687383177152,166.13680909983435,former,occasional,low,1.318722488538686,2.189191525859757
P000553,78,female,162.36001965422966,76.36395668777206,28.96878177621285,135.30446106346136,79.09493903621009,71.43681529320824,134.96588399808752,5.104026886981482,101.08150988315174,86.81457439929282,124.47382456168621,current,regular,moderate,7.089861855296496,2.94632544006112
P000554,41,female,171.48269041379365,81.22111390089262,27.620298264790936,104.284468932948,66.15776479347707,73.3339091686831,98.63678834363223,5.848168517433685,140.4171674559145,75.7863410669237,129.2544954691133,former,regular,moderate,2.20495692317197,2.076822139537257
P000555,89,female,159.68734969186224,86.6322168002121,33.97335220276274,116.13378066950983,86.53344389995387,61.641673883536775,97.89942232406409,8.143450625733282,130.06093894856872,52.468036680738486,168.30052010053026,current,regular,high,6.825024908566712,3.913689361154336
P000556,54,male,176.1545410835182,107.02837938175288,34.491434951821766,102.26881432975722,71.86118401313084,71.8672022288737,122.34361252344367,6.479971732340825,124.21808751879567,35.25045649182096,170.36053566216447,never,regular,low,2.54629983524109,5.681816054521539
P000557,71,male,178.97397457506426,81.8703297378506,25.559171607591747,114.00711117056969,78.87601369498756,91.62767234562395,88.8943990591741,5.489918481325007,64.63641235685446,59.51191220859637,158.86890551791922,never,occasional,low,1.1639393698651794,2.467340905132169
P000558,81,female,162.7839245694762,100.2193110803876,37.82059732079287,125.62102128560504,78.88454292671632,62.45189157749451,95.22828621444953,8.0130952600297,182.2179200255796,50.659257018669926,161.44231135869927,never,regular,moderate,4.181833992108275,3.7358346185773565
P000559,75,male,168.95207337381032,76.8961442588157,26.93875448945166,134.6197552102313,80.16604542211834,78.69434102508777,143.49758640357166,6.199161515150133,142.87691056841018,41.33564580471909,172.3030853735451,former,none,moderate,3.54081205121154,4.195726064733737
P000560,80,male,170.6115056158135,97.05120605944899,33.34143637471104,120.63557548704588,62.57812615708301,72.61065789920073,81.31445230020756,5.923402090812058,175.7943274502223,39.20378681988873,79.19255120225083,current,regular,high,1.787306201561855,4.480357234149499
P000561,57,male,178.49357173227287,122.57353332588087,38.472600714525996,116.76866424471913,68.21061764247504,63.92980377979505,102.46658351388993,4.950269328630194,138.0988105888042,41.102283660007366,102.85404989511103,former,regular,high,9.023419847607277,3.871954848643527
P000562,21,male,174.97590222222263,96.31440065338556,31.458263322433737,110.49308391210351,67.91642254750447,52.28441509431781,108.4028527320239,7.0707971074318525,286.51631109170984,45.20572063887377,198.75254819332875,never,regular,moderate,1.2226801222042927,2.3622638992382528
P000563,53,female,163.3280136652492,62.30223922185575,23.355130337986658,108.55330454576335,72.68114966554514,68.16766807523794,87.95848281451104,6.752906682426916,176.25562161385656,71.46466994785034,127.24370330440908,never,occasional,high,0.8041287107156346,2.40298750596907
P000564,31,male,187.47087981874898,103.82677659391904,29.542125309276226,109.78394667080035,67.24688337285784,57.59174090134981,91.21164567809835,7.243376539949828,297.8768656204503,53.06817204641117,88.80842253712818,former,regular,low,1.4654689980679738,0.9036150310211235
P000565,82,female,161.79744951731374,58.76856679542397,22.449245890386543,132.15478855349266,91.20807800117328,71.67765793505646,88.91572573519979,5.388256856663769,130.04543486900735,57.092084355174556,123.08638623738698,current,none,moderate,4.0230567336556495,5.53471866430568
P000566,35,male,175.06904687484166,101.47257432102795,33.10777108655245,135.24435094329402,78.04151430553982,88.85418292020047,95.89458581339653,5.811171801092825,48.04616871652626,61.40229834972323,138.17898138765247,never,occasional,high,0.6643255364321825,3.9259737838281863
P000567,34,female,163.29696106303976,67.69465112777316,25.38622641409536,125.26462351209167,80.69558071905962,84.30133222572918,136.85119999115034,5.457121961390483,223.9745051100124,88.37310614526959,163.02101700119354,never,occasional,moderate,3.7719942170051213,2.5444322840290137
P000568,36,male,167.81774116663726,88.17529288080308,31.309142160121432,112.3898525922516,74.23539086000217,98.86608895173681,100.15354101708783,8.58543432280391,240.9118988593308,70.24606908600062,160.41929944892846,never,occasional,high,1.188523424379172,1.354245839027993
P000569,64,female,158.12952910047073,90.50145821362369,36.193419922090506,111.77282298183162,71.90901404488442,73.25831146022458,102.33892667657383,4.8437813993242544,82.09811024086622,63.13125257151449,65.78294319870454,never,occasional,low,3.439094603111636,4.593484516783617
P000570,59,female,163.33707695755749,63.301251828744626,23.726995069683277,113.03840409541174,77.82078813692333,83.7622427612878,96.6550633025441,6.595937331935962,183.90504542752097,70.82612809205395,118.37137339203346,current,occasional,low,1.5061508709097988,1.9687437765013591
P000571,87,male,158.83147102731115,67.88784024430844,26.910320865153242,132.32519527510493,72.45348901950703,81.92056085446791,149.0699200238767,7.256084366766812,194.13673201041675,68.86308144543482,56.6638008426832,never,none,moderate,11.18293188680772,4.367405292257517
P000572,48,male,192.16535883128773,112.61603630084122,30.496502511304982,105.06531991205641,73.85930892504564,65.97122419590525,82.77412065289549,4.832324777955713,102.3293580899527,66.5988210555258,174.0233835226225,never,occasional,high,1.7038915986025274,1.3447222775434724
P000573,38,female,158.64326173602728,68.57635022570412,27.247778889386282,104.78197025128455,76.64710499975314,69.25395887325925,133.7173849982708,6.016697020134614,171.184524469365,58.21101166191788,88.45340049471694,never,occasional,moderate,1.6625288286618427,5.413459635232264
P000574,21,male,181.8286410271383,78.06172647849971,23.61095571049896,114.71027855213241,77.87868803572023,76.71754787707377,91.27492562927013,4.580036513644013,113.81209956524995,62.09126386704753,135.79864453981972,never,occasional,high,0.8849124089145795,0.9581937859907544
P000575,18,male,186.87169867008123,68.78013226535292,19.695904957931425,150.62237077696693,96.05929849697041,88.11220987806105,145.9226752279114,6.714418488137734,58.121810977840845,58.77326222626432,129.91496915246998,current,occasional,low,2.2656885988938646,2.4429980167999634
P000576,45,female,163.83680847470205,72.69674984551101,27.082704799067493,115.69954132257581,70.20325224245155,74.39144488180781,93.02744595062579,9.147777959030769,252.4106951484001,54.23980835166788,135.87215867948447,never,none,moderate,1.6500423383668628,0.961379498059459
P000577,85,male,172.45718204250468,90.80258941700231,30.530622726940237,125.76082553817213,77.47343611140806,66.40867746007802,81.1301975887299,5.643629587678312,162.15155952616882,48.39776964439007,129.16264078867997,never,regular,moderate,2.714238659468229,2.5696406802424256
P000578,56,female,156.14441000266078,71.58416060823072,29.360541073969312,108.98245539090732,67.43964028304138,106.07637492878732,105.87059945161894,9.022628056454527,226.25414643012292,52.117092035889385,146.68305790766289,never,occasional,low,2.160765243103727,2.1266213130741365
P000579,83,male,178.7628533173054,74.29750681825676,23.249824792757043,106.28120105097179,74.03284544813917,61.11416272029056,89.53722135636218,4.828886326456001,206.8639326939136,56.55514537782107,135.9373945076519,current,none,moderate,1.1997532613210613,4.086260776795135
P000580,25,female,149.5488848794527,61.83360632878361,27.647649720351374,139.80834471845887,83.27091190528725,99.80560281574081,121.1964488180203,5.947162481381158,328.82835265113914,61.71772187801525,74.91494424177121,current,occasional,moderate,2.086813474806015,2.2538374920124644
P000581,24,female,161.15437757389913,69.11023776012219,26.610814822132056,105.55363975823104,68.4375711641723,88.789461476479,113.1422657095271,8.036633039270308,149.04285115127485,58.5132201544701,110.36595297869874,never,occasional,moderate,2.0914445166750366,2.9588166244640868
P000582,78,male,165.14190569378246,68.94194982716448,25.279529006734016,109.6706001979201,79.64165513786897,90.51752406621014,117.20530774428354,7.879185590302529,146.0300800427807,40.544788000651224,127.42903230042866,former,occasional,low,2.0543589632915387,2.0563345506389603
P000583,25,male,180.04759707830075,103.48886978630183,31.924123683155194,122.56412318243216,75.76741580921632,88.01877678025112,87.03796227699814,5.362995793143823,128.09302684458743,50.84255046727329,106.25832211598322,never,none,low,2.022716146980068,1.7678983800833654
P000584,21,male,183.60379791455807,86.96754440268876,25.798466201946567,95.28873836268868,62.30649221299999,65.59995342781559,116.91321110197583,6.880890313738174,185.31103561720374,53.87983243265481,152.69661021055555,never,none,high,1.5582748192750104,1.784108530783334
P000585,47,male,182.9620985048806,96.6363423509623,28.868101132162415,125.41932920189087,91.86025117486173,80.5783087016261,93.4942424928281,7.831754289377263,159.72575669015083,67.81479349146346,105.51045071774725,never,none,moderate,1.514287897370594,2.5504531602722755
P000586,85,male,171.89960548646127,108.25231033246486,36.63425920548767,129.83053829374552,75.6900761285003,86.06054633318453,162.07241023619346,7.607684834765989,216.5712139874548,49.288629434250225,163.09772319429956,former,none,high,15.287947358468685,6.07006413769099
P000587,68,male,168.6143176461429,82.03914993813996,28.855742445656865,130.06472203799376,85.3742443064864,85.5221677060956,121.13507543722818,6.721155893589128,137.06849652804274,29.078629372970234,84.50736156244302,current,none,moderate,1.6574683205502063,4.4912452352458265
P000588,25,male,175.23891309197518,92.175144304461,30.01599362943303,114.35017975151217,75.75775664269656,68.10197182789757,109.15565768444318,5.134048382882455,98.72866765420687,38.12658881514345,153.98121084292012,never,regular,high,1.2673127102882116,2.3323391209281636
P000589,79,female,167.88888666210272,59.97897793723629,21.27919344525202,133.45607692501636,92.12514878635773,64.41662721122576,133.35959795708973,5.0071925066719265,248.3194955883883,59.74545974014181,89.76729298043094,never,occasional,low,4.6455499866673025,3.440940357433456
P000590,79,female,162.62654728669617,62.60982845764853,23.67334518329706,123.86846235996171,72.33888105195686,70.09631191092417,109.95316729903129,6.570682387493373,237.44682973571946,45.8429894435866,125.55154209723628,never,occasional,moderate,5.205039272870812,1.8394147288843272
P000591,76,female,160.51209420535753,56.74221330708076,22.02372370105367,107.78038874820642,75.65571887944756,74.99305205775767,107.00023211772336,6.1351094021754395,129.8245470527993,59.45862053179124,105.78053690122145,never,occasional,moderate,5.650883206694783,2.6719838171522405
P000592,83,male,189.0888374165617,116.59132583819347,32.608773010593346,118.98897717779701,84.54929120903165,78.31131811012048,92.77428734129488,5.175602428020958,204.75148739964095,60.36797286956463,137.20882196735,never,occasional,low,2.793574605117117,5.108390093997339
P000593,35,female,164.6529913191284,92.59877364026613,34.155919769903925,121.87103876066686,73.85989584583348,90.40038402478105,116.77555134493491,5.613096221400376,165.34630533573394,84.19536889674966,93.5910023498494,never,none,low,3.153707850839896,1.4545564580053774
P000594,89,female,156.93362170387292,58.68258383468925,23.82743167660024,122.16586866405623,74.41930917494005,86.67286216596806,97.67457501564422,5.688840950378895,217.3841857720835,66.15094251816814,157.8167543493488,current,none,moderate,4.108918235472243,3.596759160476898
P000595,41,male,175.50235346109463,75.16668015684913,24.403913676615414,161.84566992955104,97.73614083478702,82.37773793604717,74.76487660413532,5.814224050798552,138.68448265605062,33.40267056489789,130.22659121056904,never,none,high,1.9190991312224632,2.095321923585489
P000596,76,female,160.10645878948486,66.62036311393656,25.988983389304693,120.95242215438316,79.02521467174094,67.80080977886581,128.44764183561082,6.024019893883193,166.84992560638605,54.00192320532408,191.58279768083324,current,occasional,moderate,4.575084604292797,5.935628077065817
P000597,60,female,150.09512172964057,66.72213803882924,29.616709094820077,114.51974645215898,82.46394141015281,74.96062865134031,77.00882463460782,5.460539872046296,78.85504989383361,72.86300268595068,146.1925424940577,never,occasional,low,2.5014595868387772,2.758630283333261
P000598,74,male,173.77283558816904,90.86551573549144,30.09090988677167,127.0732021682889,81.21244060054829,70.3411857496957,117.03323430246388,5.0846321874586655,107.96128797890175,48.055311788509,133.8592761616867,never,occasional,high,3.7458414907415976,3.1010163521781906
P000599,63,male,170.25422706725965,90.3270655104883,31.161768338564016,135.60125187421346,86.94798504770266,66.69687490387618,86.3794018096943,7.652671417837195,227.26184204911038,83.49891824818205,163.17658272715244,never,occasional,low,2.5394943773417724,2.7842914327872474
P000600,64,female,157.602327226139,89.51144822853588,36.03739013351104,123.63836091527477,88.30413955483931,51.904496926700986,103.0908026466908,6.490342656636155,147.95818567527294,57.52616479964228,94.45837552465171,current,regular,low,2.6364150590754027,2.8274168124223893
P000601,62,female,168.6665437151221,72.79481548571079,25.588366266300856,125.47041649204708,79.20633681011464,70.47486178398407,132.5830282710594,5.335319417668902,68.79248371909085,39.34446203558218,136.68633071541166,never,occasional,high,2.265771556654397,2.385874399119109
P000602,74,female,154.33170443748773,73.09309750177451,30.68782164888393,109.76047424910618,72.46039912459688,67.52180848075702,81.87988942984121,5.630742888510918,106.99779493169547,47.06937549024252,112.59787854703812,never,occasional,moderate,1.574671281583162,1.5420706087545522
P000603,71,male,191.80103166730208,107.23861603361368,29.150722478156002,115.87066215332642,59.857803643632934,78.2415661962656,116.3246566377889,5.965158870041725,146.65088755436716,81.77135766371984,150.41300053794305,former,occasional,high,1.7708748350316375,5.20345856087139
P000604,27,male,182.9585088154087,86.17533135589208,25.744101446297485,136.05013240445868,80.46181222717104,57.628345350171216,109.79335436316433,6.516526443289326,207.10181467388423,94.60690480711699,58.17517615133589,former,occasional,high,0.7570692258741187,2.45484814645561
P000605,78,female,165.36846569275056,98.74272574335107,36.107691027502675,130.04722509387528,86.85519665164075,68.06322904980101,135.47172168063233,6.782189107840858,145.0937200070481,77.08523577138345,115.99883954666024,former,occasional,moderate,4.686240515607367,3.123738198653061
P000606,57,male,180.49325662050626,71.29909295816834,21.885780693993986,140.12088460085346,76.5941820568543,56.16192386038745,84.6773549516864,6.48541481757688,211.95936392403223,52.61733447063446,138.86533382482042,never,occasional,low,1.064803187983987,1.9943750927413255
P000607,41,female,167.81026380671278,89.00822140385527,31.60771368090829,133.0081898784708,68.05644880540052,80.9342225810775,126.72135230737842,7.0392362472564916,251.21340518038318,70.96126008333371,119.03507271709066,never,none,moderate,2.823243066979744,4.056983977724091
P000608,55,female,179.7514435655565,103.06477994003106,31.89815078233078,107.21114900172884,72.26745335851203,78.10414760486373,102.37790501425917,4.905814413753357,137.44333581980797,45.899225024112795,96.67994832509675,former,occasional,high,3.3911561725200037,3.917076928399236
P000609,88,male,167.98395097063997,102.6171356876382,36.36505970606037,119.74676913774559,77.97473703973083,70.40915603798626,104.3160244419276,5.500510844209746,235.38752834652786,51.36072991823114,119.38290829457124,former,regular,high,4.787382279733345,2.7579738705109382
P000610,80,female,155.41453134459923,68.99200605877041,28.563769953285174,134.8435137256755,87.28443500224587,62.80654873520798,97.93010785856929,4.470913455168816,96.83593102881045,67.34153218772379,166.70995901439036,former,occasional,moderate,2.3459224304707194,0.9617300230590308
P000611,78,female,163.61453199248842,69.51269457944618,25.96691611173047,101.3889466320511,68.3328356391585,100.04304896080833,98.2980506323311,5.89649298622923,144.46152502589672,89.69474118009761,92.842470925618,never,regular,moderate,1.3314816026308327,2.839118216632909
P000612,51,female,163.8857684764628,91.2190284756104,33.96275863231094,122.51477089261701,80.40480612375623,78.7082855383022,106.84429194403268,5.902853961717375,93.0138774606549,54.17378535814153,110.40471723542524,never,occasional,low,3.919303332437621,1.9815463542476037
P000613,75,male,181.47002743776244,107.78202441038576,32.729285663291485,123.50916179406315,84.3742177095366,82.50438383385075,83.37781654841254,6.8825531211521875,78.37965756127316,56.84567133727492,206.4848735245434,current,occasional,moderate,2.9298232507646973,3.9727591310397745
P000614,46,male,179.97225713769492,91.70020395914183,28.31125847301153,154.27023677531588,92.04305618541107,76.7713626927439,99.4534555885723,5.061096777540012,80.40711519410138,46.57096428597853,179.40744516576336,former,occasional,high,1.5979061322566634,3.2845971519673673
P000615,68,male,175.18719701355303,100.26528595547636,32.66975433671112,108.76167842587984,65.99037401036105,88.65034734367931,115.90629112228757,6.686719530563295,94.16277747975096,53.064618248160606,61.41430873761401,never,occasional,low,2.883432691521665,4.518139863960848
P000616,64,female,174.8691435945826,77.00902790630579,25.18345284823681,144.1708533067096,91.46347364690484,94.37538470026779,103.81566407668508,5.499862637220493,240.68997383667818,36.88759767208709,125.78362237741293,current,regular,moderate,1.783880715598822,5.1566474859732425
P000617,36,female,158.27427847489122,74.13252714932025,29.59294047331522,122.33838569143353,80.13678927823436,71.86363947249609,85.32252722628218,5.527654693185932,171.27203357484044,77.54861367303378,69.71659237608557,never,none,high,1.1054961877672527,3.0000554657411316
P000618,37,male,180.42071044672878,113.57170714319336,34.889711366298364,119.84417785595883,84.80245320974346,82.97592990712388,97.50038022894043,6.908940094211076,290.75327160684776,31.55617771300803,182.07643288310993,never,occasional,moderate,1.6136951798762882,4.435916899759027
P000619,22,female,153.49082610952874,61.05676976342344,25.91606001292769,119.32912507684287,62.46035015287184,66.49520416229674,98.59390502403748,4.7558723007416,167.25897562284217,67.1356829674798,117.26343810379424,never,occasional,moderate,1.0886002627011717,2.864183250485956
P000620,28,male,170.6962061320193,81.8274635592031,28.083507748413346,103.45281010184591,77.88806110372865,81.36035075483225,114.49409237246887,5.726632586984248,187.70841327634218,49.083116023291005,115.15945142378943,former,regular,moderate,2.718049274525376,3.8434699039977285
P000621,49,male,167.10159003000174,105.31236572604973,37.71535536069017,112.21312333977619,80.67135228061689,72.37568159055579,138.97463440758963,6.151515247815647,115.78677426537509,54.801375297606334,100.70231815862302,never,occasional,low,5.348229144729135,3.5063479378714324
P000622,52,female,149.67455448844993,74.60273578302294,33.301117355625564,114.51650843259382,72.8205786737802,51.17663657177553,108.59312958696408,6.974053131460445,173.6362159861069,48.17530888700057,129.72640878646573,never,regular,low,5.406310593327942,1.721110360618157
P000623,30,male,172.2950775500178,105.35867177267016,35.491515738972495,126.27441937472716,76.13664981459448,99.76396844493406,116.73491040722774,5.3572645992013355,148.05381318371667,52.204645345057735,84.24344878522471,former,regular,low,5.181176766455262,6.770934585975864
P000624,48,female,156.33574860803904,65.5353863854562,26.813855777553062,120.16215759208156,78.99417114053344,92.39455428821019,78.76283655904648,8.321763864434345,279.87277164623316,60.458434341295906,158.35788379785976,never,occasional,low,3.3145607396304615,1.917656987202649
P000625,62,female,160.87959500967796,105.74247041901234,40.85521720966795,111.07541919496018,78.95296838923004,68.8029994691845,147.8422214748749,9.303538423699587,285.4688488036703,61.96251327772934,121.93815990713018,current,regular,low,11.183646870688547,8.195856830778627
P000626,34,male,168.20173492959793,65.56876973979409,23.175872502809078,102.17549206738278,61.58230041824873,107.7013552542029,91.21327985409613,7.382965172145845,106.26159474990745,85.96286772889088,129.4801052024343,never,regular,moderate,1.461742527040581,1.399657384615245
P000627,42,female,160.0259493956794,73.15376196964488,28.56642150081058,115.01732242015744,76.32753216875204,69.72293671997694,95.39028359310323,5.383690068737191,186.19063817841052,51.430670269586486,165.14755913061333,never,none,low,1.2836119057564737,2.927129571850144
P000628,44,male,165.78778459265104,77.03113230367846,28.02600695438464,96.91242453097651,69.87621558764053,74.29337461055134,88.53073159434055,6.595087017483646,189.7499903870515,61.882744906123314,89.99508423282045,former,occasional,high,2.488030294342297,0.9196561582976959
P000629,54,male,180.84472587095846,108.92622524378945,33.305868160077765,136.70807100976447,90.91859742685615,91.28012461758698,80.79864969763953,4.605453124303317,177.90545223749407,80.88562262807497,88.63097253930422,former,none,low,1.5447728011474213,2.1682721277870827
P000630,44,male,190.71810334226146,131.4755780344323,36.14608376325126,129.63121700675433,95.18483543605213,69.28941922120293,126.69792420374208,7.893596830827839,101.23606046622703,47.79429668027899,115.37281241111415,never,occasional,moderate,1.6696187654333488,2.9788667432103635
P000631,71,male,174.6315166597727,97.46253901717989,31.958947582076988,112.4408312928642,72.6106370618553,74.02046289926662,92.1466637938384,6.047616765166527,196.01228399316193,77.76951179938101,156.4218886610962,former,none,high,5.534564838503262,3.3733756574308167
P000632,41,male,188.32764900556955,107.00560210780534,30.17021084502617,117.20273344089927,68.46539587813317,81.9308597520763,92.08448169768455,4.995842148609067,231.70968466856777,87.65885641040862,68.113430465206,current,occasional,low,1.230636125726806,3.7476087828376765
P000633,49,female,179.45820244363145,88.07128690063823,27.346875642655213,121.46212232995103,70.07271694922767,61.933259543314804,86.32111908293165,5.366973813630042,133.78819151399094,76.98972691495561,157.78036365974398,former,occasional,moderate,2.041279465097471,1.4752032302978249
P000634,45,male,161.2282210558238,73.95203930865925,28.449067150317667,116.43336562812212,77.23676200102675,73.10904539914543,151.29770498630117,7.671027178106696,164.7250276723624,61.1037471780921,122.86246667165778,former,occasional,high,2.3957265133951537,4.039613242587933
P000635,31,male,181.76469766613792,93.94432100303781,28.434883614922732,129.72297650763124,88.85372452888619,69.45697990850763,124.08630527747383,7.873181388281399,94.33562354369198,68.73927048777452,128.99082026532403,never,none,moderate,3.539094817047353,3.5568330079433417
P000636,68,female,163.8581194638452,51.702901592017746,19.256572272517417,116.49301473015021,77.74945015732155,82.40435296314854,141.62062751796492,6.554001482614731,277.22541871326735,59.64583428418994,129.26353673123674,never,occasional,low,4.304557666227834,5.802879770259114
P000637,35,female,159.47450603571227,72.09676426388053,28.348706171588685,125.20147446607348,62.571709442083275,62.22400971631534,132.57739736352414,6.335570323182799,92.67045983205091,62.38491819925038,67.53651668111316,never,occasional,moderate,3.037670691301828,3.188813848661782
P000638,39,female,169.39362960096256,99.42766373931832,34.65078576072903,98.49767248495675,61.42507578228491,66.6092568605572,139.12566608374604,7.358343549862184,118.04863531575783,90.1861440796995,98.06811318783275,never,occasional,moderate,6.382204182837565,2.644134333346842
P000639,75,female,169.14013808848057,90.28414260055649,31.5586281638064,107.17889445083512,70.34110910982803,83.92323517076647,104.98502992309557,7.503875470613489,130.33386386207775,47.29534120226323,151.99354320086798,former,occasional,moderate,3.1706782720735425,2.0135622843502454
P000640,87,male,173.4394814383516,100.01213098834154,33.247328024933005,131.0803250292926,87.52376518469352,63.246700041303455,88.86674290244905,7.072454799963632,241.37041494523282,72.23798632046079,114.60308045319127,never,none,low,8.112447665018385,5.611127293049765
P000641,66,female,173.42910260062632,80.84977521844542,26.8803465243953,117.67603794364007,80.64194617116154,73.09847404018609,94.77803132097142,5.634229010118791,203.5136988666695,58.7112388562911,128.86148434695704,never,occasional,low,2.650044386907329,2.9828932210130414
P000642,84,male,167.49962403326583,80.54797781923864,28.709588563267097,115.14829987371068,79.19923739975931,83.99128956003796,94.66517590005509,6.550713515087891,53.38725156813183,44.25875337478951,187.7202378618079,never,regular,high,1.5328273260853815,2.6649531533656305
P000643,80,male,196.05858410612012,76.46759861477253,19.893249427421544,106.73391271997335,73.16957699901224,86.49347991975614,118.59784581343634,7.764295309943172,100.71751056408091,66.41462246302008,64.99337656829059,never,none,moderate,2.111179302094225,1.3773055466838058
P000644,53,male,162.58209873022858,70.80106704289717,26.785166607796512,140.34842015114953,91.64124118039798,59.8820534363149,73.03061067688704,4.711690270909969,216.11589677153788,73.24472980246222,118.0145054982582,never,occasional,low,1.1746426351032604,1.3472232562352557
P000645,74,female,159.3329727755097,70.98453832541918,27.960983539960555,121.40574766450985,73.51403477191849,91.32653368526053,85.0864578267464,5.545273040961586,144.24234923127946,61.165459700648206,109.83695864974808,former,none,moderate,1.85993829655051,3.160254673054971
P000646,41,female,174.94714933777294,76.47840085163587,24.987629491893724,136.2218895751663,87.2170022501143,84.49860281204579,115.42923164850356,4.808948438124608,64.68326517177071,76.57818663509467,77.90866990055184,never,occasional,high,0.7855527928098707,2.4236020069929047
P000647,51,male,182.16921038835164,65.68988026646649,19.794681510952984,142.94742724656183,89.84837366704848,70.46932014938704,80.84421261494768,5.5703712002216506,297.60623718944544,55.02937672482261,189.50431492096268,never,none,low,1.1984766701313654,0.821078506061371
P000648,57,male,181.4858967983732,102.84675101134829,31.22517010770504,118.16706378600274,77.36630811463309,86.4101615115755,76.72884936231449,7.035678850830822,104.03018509585999,82.30324097536702,193.01085859549198,never,occasional,low,0.860004657037983,2.7252602392624956
P000649,88,female,169.2867696813786,78.65249346403974,27.445203765367108,149.63161687527725,89.76996465235507,84.69925152772339,83.02521484222515,4.9454314263759,163.13009924744483,65.03728079161337,104.84666592475664,former,occasional,moderate,0.674763082240321,1.5518935133432106
P000650,79,male,167.88271085913465,76.654443254984,27.19727465691158,123.59133056543497,71.9260569079078,79.33568408807652,117.97420626790289,6.383341841896108,118.17693294420478,73.8814540850656,188.2658534386631,never,none,moderate,2.365303622108272,4.635886572947866
P000651,53,female,166.45424310680934,69.00566396566118,24.905484710448007,135.9245914245143,81.61111998846702,77.74758372686117,83.24739372248585,4.489151573981816,211.64992163798402,49.804855033664616,61.79090844315252,never,occasional,moderate,0.9133388675911511,2.0365622827562913
P000652,65,male,178.5117458615434,91.88732825444707,28.835137662104337,115.79094701344182,64.54161829684776,84.99922840885553,85.2010991296455,7.883021821093923,224.56234108701776,55.76269524619321,200.99826895659814,never,occasional,high,1.1816617687601327,1.9309936400337187
P000653,32,female,169.2894305973045,78.76361485304834,27.483114761648224,118.70727541664169,77.14772926477177,108.67951842801608,88.04201900948362,7.371531142195428,142.67297417723282,82.27152045817097,164.3144103930268,never,occasional,low,0.2914821367021882,2.590967044676402
P000654,76,female,170.11949975490577,80.9042098785033,27.955220805790827,109.71256063297537,69.99794703397401,78.48919390729945,122.83984157841556,6.373094383920856,194.25615944738703,35.407241495776546,93.7908726546743,current,regular,moderate,2.6727918500889234,4.09100843640333
P000655,58,male,167.96469417133036,83.12177520226098,29.463124618296757,106.08518646360939,63.05977621638306,88.77122956626683,88.45612400826849,6.78172275283392,270.1727897683702,53.942525014181975,133.0025357229518,former,occasional,moderate,1.8615902745465218,3.877484827275925
P000656,56,female,171.9686917860804,53.993156568193854,18.257442567250624,90.57922520015356,56.9636447897564,85.45430542835493,73.39816188016877,4.578501644458799,230.56246396690702,73.91697009762734,158.25745347638974,current,regular,moderate,0.8846475825852413,1.9234850688860459
P000657,73,female,153.07404883705175,84.62727671197953,36.11663054252994,117.03930252659228,73.33353322511067,91.568629871648,139.99598231760848,7.817612779410675,153.5515477027172,68.66149309495624,105.65467244686411,current,occasional,moderate,8.361101986151818,5.066375225621748
P000658,64,female,158.55600526700923,53.3362015704968,21.21566711639692,110.58632107209786,79.84151019027951,99.64918232317031,134.10384926545726,7.1700017214730485,145.06360351159796,78.14569341354655,109.10607204329587,never,none,high,4.410082650088419,2.264432787555979
P000659,23,female,161.60849870941738,72.21610801822672,27.650671801213058,103.44372781979445,76.7062988512309,64.95015671613962,85.20234217202352,4.758582514069751,260.2502834307314,69.86608660557668,136.2598391374026,never,none,moderate,1.4874002785342024,1.878862477564694
P000660,39,male,171.78775692778484,71.4173605466274,24.2002235249918,133.38250572090718,72.67289517786145,63.6908871309411,89.18477129439275,8.804934673072667,67.96647036135533,86.70268728994307,84.56197580450637,never,occasional,moderate,1.9706465432213573,3.2108773076899335
P000661,30,female,162.2774973396727,75.4114692583522,28.636556900023976,147.26366506493963,97.048395431039,78.78213504650753,86.07872323925366,4.444827874970205,64.12056210641394,57.94480927008978,79.9480065992349,never,occasional,low,2.224285317742203,1.5442926641721935
P000662,71,male,192.19407112345993,93.71326759137206,25.370037467017962,138.76618524606306,92.26241572452236,73.97971638313496,119.55406565181569,6.707317595811995,109.51227174589528,64.3102723791471,98.0721211478643,never,regular,moderate,1.494381507304905,3.328450277086155
P000663,20,male,166.34644737093438,96.16960948973042,34.75447978220173,107.55773017757252,66.40399809614195,78.19784071037884,90.6619114210364,4.965802911032759,242.6908333274692,76.01517046765031,150.07010072264433,never,occasional,moderate,2.0506046232781263,1.526267770454495
P000664,32,female,161.8261211485855,70.58734063093745,26.954393928843942,122.46563584920696,75.727667177034,88.18690032223431,141.98212901972747,7.250635215833569,101.2197577975657,67.89326633179144,110.34976585999426,never,occasional,moderate,3.8879184545656416,1.2123293136975424
P000665,61,female,172.7927446349003,90.64980317581097,30.36098515393867,139.66663073133265,81.35485223050443,97.31612500045922,129.87151747064271,4.971910902989615,127.08340648776763,39.38953541927854,123.50684163744516,never,occasional,low,2.5597423789881266,3.238180096436669
P000666,68,male,180.89304618459136,81.43911876770467,24.887961209144585,132.82824689503838,83.75672106853537,72.95181089672266,109.69441704021428,4.885225797193275,185.5368967991136,53.765224302769745,91.36713459890177,former,occasional,high,1.5908294947176564,2.986656729820434
P000667,54,male,164.31989662029955,51.849050537171856,19.202620626323192,122.09274951536108,74.47293455880039,84.22111935907184,69.26087513746934,5.7018248786320385,100.17813177984408,62.54320129216204,91.19010167228836,former,occasional,high,1.2602481403583619,1.5797395674705708
P000668,80,male,168.04874518898296,76.39593988985037,27.052021904450708,128.0717705728189,84.15130903222585,65.11248642097394,136.16650591613518,9.164470947478913,126.65864285766492,70.86942423167518,138.71979822575432,current,none,high,2.306248795070672,2.3229827404284156
P000669,85,male,163.3189369086528,76.86116265429992,28.81601098242109,107.5977468241721,66.33557512270781,76.88511501876019,121.43355974489609,5.625892465083483,156.15944088353018,59.84646104009229,78.25004444734836,never,none,high,1.9584358508928912,3.5383276126572447
P000670,27,female,163.29882278257884,74.03631253160006,27.763784973637,124.04251421687786,73.53175833917884,53.696095973332405,124.49292091249328,6.692678089192789,115.46135934580039,72.14085319915101,140.76736622066687,never,occasional,low,1.407348497816862,2.4458900916052992
P000671,87,female,161.67983898956015,99.92364716626906,38.22579630015449,148.3496609141521,83.24496624886557,75.80696468819383,81.22172409879597,5.9571727601463085,327.8537728139944,74.76782894132002,113.54913328320215,current,none,moderate,5.309689999830493,2.849231223562707
P000672,62,male,180.38459119476397,102.54538707429978,31.514995955759513,123.82749190416547,80.7497003233137,77.2710021189111,119.59938812375395,7.679668592648953,106.78567953278588,47.91914236624092,141.17754296758523,former,occasional,moderate,3.713261474040447,1.9736731665525606
P000673,64,female,163.301967090938,108.60540910694726,40.725706169882,129.63156575575445,87.30504480957252,85.03420762510729,129.498387370971,5.758223073863975,252.69132613356874,60.69732620019504,111.78682288351462,never,none,high,8.445557440162908,3.6289537526990037
P000674,24,male,194.18128939299453,96.48554350219618,25.588656622458075,105.1204142739658,61.96398007324156,81.26302322316546,146.47497907346698,6.715038002530006,154.01573750836076,61.19913970333189,166.0591645501807,never,none,low,1.4306899048959358,2.9720106400135524
P000675,63,female,160.30964865871505,85.07945897683454,33.10589969995166,111.53105597729109,68.4348586872678,71.09316653573157,110.97485951684475,8.454656684045329,100.42397689203112,45.86758541152484,67.38627912680603,never,regular,low,1.8143039265227257,3.37188854425104
P000676,70,male,161.02361686061695,75.4265660847924,29.090097805559495,128.64765036427139,62.08462367747824,50.92020209251424,105.75727813474745,5.597201785854211,95.27447454565177,57.4826217909473,175.0925306129386,current,regular,moderate,4.200000280080483,2.378928902136791
P000677,60,female,161.59306755134944,78.16445362540045,29.93393738281569,119.87967416697643,69.1010007481006,61.10888934848975,100.68252583820316,5.8708234829999615,163.25199498877453,59.80721903110618,100.22396443870402,former,occasional,low,1.66083831913795,2.8193730849027845
P000678,24,female,170.8739220665461,115.90610615193857,39.69673062059013,98.68177181129928,57.10539996321073,102.03325032947046,119.28343605010635,7.970866307361745,147.00899336251518,73.0330976851132,63.96497098963406,never,occasional,moderate,2.269449609226632,3.8991567206914928
P000679,56,female,158.07580564181117,76.48565664605799,30.609003551342354,119.70241625071375,77.84420412791013,96.47287617380769,141.11785221087123,6.019175500711204,119.18555571745,55.91063051374157,129.05740037569439,never,occasional,low,1.431950314857822,2.0868304512235607
P000680,86,female,177.39016485307772,112.7791919235071,35.84015703336069,121.61002733533013,78.39054030320455,69.99405889472756,113.98089641308368,5.831277231961742,297.89128659403417,37.07803191183411,95.03437207913615,never,none,moderate,4.804961415152831,3.729002843329645
P000681,70,male,190.2809450597204,115.35069038905213,31.858813581228162,111.8960571589312,81.59654553057864,67.62582927182301,91.31094289811045,5.3510813512570525,158.13852045116104,56.69372475534942,118.90073703621704,never,occasional,high,4.829111327219598,4.184375714028997
P000682,28,female,177.22693989941703,71.12113531423104,22.643273024689446,120.56794445613389,74.95956870408476,73.56096581869559,70.84319216429412,7.230998694367216,277.266656085642,76.95304866635972,158.87503369795414,former,none,moderate,0.5612841588784517,0.989121508259266
P000683,88,female,171.33276034044908,92.12516222894195,31.383215711472104,111.40585044674742,56.82207570072306,82.9722126278536,114.22345073696776,8.270923076483177,106.79848741120837,60.50437281322014,157.23244291945136,never,occasional,low,5.701954196606393,4.955521847714123
P000684,87,female,154.7283716323542,67.25906257793115,28.0938267577689,131.35149897988612,82.03203525336163,71.0425601206781,134.2246136693125,6.849027654639363,107.95223060665386,51.014478068366444,133.09366045999025,never,regular,low,3.6872147301728426,6.0168035096174375
P000685,30,female,163.7544921615323,97.82783995269517,36.481779939906204,99.81647151696251,62.49608403228576,58.00666005338242,78.75158076959937,6.347806964270436,187.04717370016138,82.56001546309676,199.5495494824572,never,occasional,low,0.7296175021643198,1.9836314487049724
P000686,76,male,163.52831090439022,89.55464378514611,33.489002273318405,139.97798157831892,88.48951462837324,72.48980455661419,101.10800581254577,5.718834757554408,127.72122409045235,42.196248454060765,119.32674486314322,current,regular,low,2.58647873645825,3.2315673124959816
P000687,47,female,170.69574544239921,64.39961341388353,22.102320246888308,111.04107642962612,59.84219756698497,67.69153177861922,143.28613558228102,4.557545452997834,102.98851420293104,52.8306696248784,63.059559184641415,never,occasional,moderate,1.4238989187689057,3.504349975301516
P000688,61,male,186.66044310045905,79.39159263900717,22.78609634497989,117.6119833082624,78.44009211578273,69.9885392121051,103.24953718453953,5.126542009198605,85.51338409673028,57.00851741867843,161.58027158072326,never,occasional,moderate,1.4005997713379967,1.9900329194392252
P000689,50,female,158.2460274558714,53.017659548527,21.171660394813003,138.00185027030523,89.8004266541029,63.5717815850181,86.5901527413033,4.849999785133113,79.90312352904084,70.96646153066625,94.65772814312373,former,occasional,low,1.5505946728020368,0.8198656952939214
P000690,75,male,171.13541653422226,82.63346586769262,28.214748026576792,127.28676020890629,79.42731617000086,81.64911295239504,97.10962607071994,4.891135706861365,217.7513242932817,75.99716840755445,88.77728899252018,former,occasional,low,6.00701074149046,2.6633787659188677
P000691,90,female,153.75864781272188,50.814702343522576,21.49365550546971,136.1027166674373,80.31072827853937,76.6045284316234,98.87426345718794,6.63453382762612,117.93331899479605,36.841919869481686,70.74303086144299,former,occasional,high,1.0748926388765396,3.03853514110789
P000692,76,female,164.48986778006326,86.09667364391643,31.820578416015486,117.44869037627163,82.24597904287684,68.07596370128934,84.11534551090604,4.789697381454148,311.51747812179866,72.42483743115562,106.53306876374803,current,none,low,2.382337461607079,4.0893378528495985
P000693,85,male,177.44631604585413,91.45048636640142,29.043706858978233,103.46446864933984,66.25580549765468,77.57932767442206,116.42096839218077,4.956373884315862,108.67800865342976,68.53838415545376,106.3562058531946,never,occasional,moderate,2.042986541241923,2.2808437829033275
P000694,87,male,181.1514502983258,112.08271827042914,34.15505778111963,126.61107025879082,82.06059727311006,75.42862004382835,113.1146345850091,5.827271614678121,141.7590024767699,80.11702685667865,103.93289983683758,current,none,moderate,2.841091137593231,3.8701026869395623
P000695,24,male,179.74875612231529,81.94865024376736,25.363548718566125,119.92787301613049,89.11658753849176,88.0755105434485,112.15131854103322,5.437649737813704,136.93425581506497,81.62888405221206,132.31503299668753,current,occasional,low,2.0636071857159046,3.274160015011432
P000696,36,female,170.6236453321178,83.17883548988105,28.57158959744035,137.8123375769003,94.94813148498136,99.8166281893233,110.69913996307123,5.129450872904018,162.0983911299744,72.00664418497033,151.4737057787392,never,none,high,1.8483377382594137,2.163294395266943
P000697,70,female,151.7062054399208,51.597744995085854,22.41940231738114,130.0786259001957,76.41398653534388,61.944092561376664,71.3679528891454,4.695818121297664,251.86154807407698,46.170806541099104,185.70409619844827,former,occasional,low,0.5599703295854462,1.1615805931420573
P000698,61,male,164.21800813042117,95.52423166236623,35.421911447377376,109.54900171174627,73.88286316971717,93.46216931720511,88.51482054166465,5.178624714888579,245.26536458663105,48.901387443762815,75.6325141153693,never,none,moderate,2.4335259725496727,4.1121960040091565
P000699,21,female,158.12246473217058,59.04258875917736,23.614472055459874,128.28663261263875,84.37234884700692,83.62769609228707,82.83870977973625,6.039285882760732,54.930905274241695,85.46447474736874,85.05723847052751,never,none,moderate,0.5181921245689399,1.4001822164973878
P000700,24,male,189.96742320902703,79.60464426310729,22.058711578811472,145.13630140986524,78.72667269123988,83.08636317258227,78.48621191167709,6.971189534289674,139.96893054698296,63.8418442962161,131.9546903515827,never,occasional,high,0.8450317970225907,2.109516582700222
P000701,55,male,182.97955824343447,80.89065942942983,24.159793965666598,116.36824986211748,71.31901704640805,71.59999438449083,120.06070534031306,7.744740250364641,237.64145927544695,60.74829098180753,76.39822134861832,never,none,moderate,3.6978168959218083,1.4392129737787018
P000702,62,male,189.45080030942125,120.14976762193893,33.47572925530389,113.20669863424868,68.34853591011549,70.62156923937422,84.15750160578195,6.973220128142394,42.374553143846846,82.2813480082058,110.74827094961438,current,regular,moderate,3.5681082921021505,2.899795043735956
P000703,30,male,189.12191175626202,79.20019075948429,22.143309432765122,114.695638791274,68.2735963895807,50.89681780854531,113.2675919065665,6.651315116415376,163.45147930475056,79.75758011349257,135.76246179594335,never,occasional,moderate,1.4715751250613034,2.202830393781733
P000704,30,male,179.7880647866275,96.89190514112364,29.975454709815935,113.7288661762095,76.80018882687412,103.52502391089334,85.87773204585847,7.9665309666319635,122.66337702627843,68.76494769272037,155.59736888553763,never,occasional,moderate,1.0736733334762365,1.8446678589830763
P000705,27,female,159.67293695846743,82.20719509126731,32.24387309075328,103.87985693303946,68.26946720151935,79.55213868053953,82.38576906685128,5.971843701425758,149.64422513160324,79.20137901724823,94.19954225529425,never,none,moderate,1.4772246611786988,1.2795474380857574
P000706,59,female,164.9737669222194,88.01357576387909,32.338500902089606,109.35497630769729,59.51764397135141,72.47515806781817,86.87810341482,6.452912289931869,151.0194380487244,39.88856449671205,140.78464265960497,never,regular,moderate,2.6500987841969943,1.0475951103954586
P000707,18,male,156.8070608846416,58.7495101263837,23.893128582293585,104.75019285735598,62.342471116295194,77.21462741370738,101.91323922300327,5.7948991025242975,138.50980221076583,71.58840118856926,138.18885579893367,never,occasional,moderate,1.4310588281325616,2.8522199639323924
P000708,59,female,162.17000017754023,55.0310109897832,20.925047718742157,131.56070732772997,91.66847544043925,55.76557961360506,112.42503013467868,5.65860635461692,259.7535684006282,89.50291859813588,168.49024156804987,never,occasional,low,1.5676342102552285,2.3085899456149317
P000709,52,female,155.20245168702158,66.53777653461835,27.623018185814576,93.59040429126337,63.68993602397282,64.07459553065033,127.57922806118118,5.850412766289157,168.300274714505,35.241997763553464,105.08141972033086,former,none,low,3.1323774931604667,4.274120593262368
P000710,52,female,153.32855899136894,56.69320170951297,24.114867272910754,119.77544872870591,63.70298884012229,80.21134415945856,82.29438197272891,4.800534095368117,265.9471995557224,47.583102046173025,151.27399507018131,current,occasional,moderate,0.8906685178617265,3.0858259083882253
P000711,67,male,172.82097805783363,93.72447012455648,31.380515708388977,106.5828067865088,76.6097209867968,76.17102772969017,113.08800596433952,7.391798863958661,212.79274610329261,72.62147849601712,151.53685252593368,never,regular,low,2.0040351733980586,3.568282894670203
P000712,56,male,181.18935407325026,86.8117767144236,26.443156247455367,123.17845870337806,70.92729707818495,87.60241715759273,123.88592819996666,4.851664688658907,133.9205862350097,59.39935337906056,96.82540203889432,current,occasional,moderate,4.4623117389483165,2.7761736136930284
P000713,71,male,183.92711014198107,93.47057417909097,27.630161026908638,136.01764363757718,93.92274022694214,81.64506707271579,94.5557024303138,6.68802193368548,160.08412341942028,38.619607689990595,135.38252623502802,former,none,low,3.3759156800808814,3.1007804714523335
P000714,73,female,162.92379477351238,59.263733368299704,22.326465364144212,138.1258231811865,90.61256057824212,79.3566067904913,79.00990055828076,7.609585214562361,136.78609150224275,50.14869504203149,141.6454433803239,former,none,moderate,1.5686292985851837,3.4825199289111044
P000715,85,female,174.6119975567032,89.22846839466638,29.265454757062265,114.2322164941422,75.46727295891569,89.13773740322777,86.8349835487766,5.932112575075966,240.295786482123,50.925196438810445,100.86693330865862,never,none,moderate,4.523716666240975,2.69082348676554
P000716,76,male,182.55703770749193,79.35296903102203,23.810363236126015,112.4540479788168,76.5508032935162,58.07846719800328,80.41313746854571,4.566199779605292,104.9867810472273,52.16885127994652,118.21110037136505,never,occasional,moderate,1.895984868890196,4.04499555577563
P000717,55,female,153.71417129902844,73.31357705838855,31.028200824071806,120.45658253972945,74.7038735007413,83.01350879406714,136.52651286942438,6.2267065251820615,283.70741272877126,78.94595605633913,116.73431860074577,current,regular,moderate,4.027521164492493,2.210488690736751
P000718,53,male,158.4253458001539,53.254391466268,21.21808080019497,111.67659578246582,61.26030596102441,84.11432288907474,95.0515713608587,5.509934201151177,172.37710732132248,67.0166218304871,154.5731770770778,never,regular,low,0.7134922379135521,1.0560025655593888
P000719,35,male,170.91764820383565,113.91086133919566,38.993419235326655,109.63882690872272,72.40966624116106,68.23470686528115,107.60779647021145,8.928617194424643,192.15489823822972,67.63230779299647,43.054824845312595,never,regular,low,5.624063758782845,3.9529248187329302
P000720,61,female,159.47763171281588,79.15627256504985,31.12331010691577,109.61861768152562,66.26796525768533,65.06243414912547,124.44603922316199,6.99371045696251,167.33479375490413,30.20625375615392,122.88873884317795,former,none,moderate,4.9934093504739785,2.4117343615907707
P000721,28,female,160.37985093354024,61.064222040408914,23.740355476752065,108.8408618846275,65.29336152894923,65.83851124613618,94.15413753340539,6.894705923052238,168.88439931248294,56.383485684983036,89.88587959644948,never,regular,high,2.6880613282491725,3.4547455749095834
P000722,85,female,162.35891288070624,49.760932210827136,18.87714180749989,117.00336216953735,79.1494114521202,65.1707194021336,113.29766941260552,6.249440414600203,190.40235835372022,53.20226412709923,138.30124356055165,former,occasional,moderate,6.107975040823211,4.0793237297061715
P000723,79,male,182.92984313698128,87.487070007329,26.144163332492738,111.70026620142295,65.11047119245869,76.50419193046493,79.60656600577646,6.73618646235712,192.24712320090558,77.48910474114439,142.27594651686616,never,occasional,moderate,0.90528986195031,3.8924574261939893
P000724,26,male,181.02920805531926,75.96740301283886,23.180883109479733,100.8875480541434,65.32152702501416,62.206053333433346,100.3721492632283,6.944714585289598,108.82872578107799,87.6619141380418,122.89846043604007,current,occasional,moderate,0.8526470790270361,2.830504207045101
P000725,75,female,173.54765682839252,73.45783837700262,24.38937299639736,122.44704094976562,77.3009348422443,81.66764198842584,80.90312986022869,4.56198969566946,175.1362881135743,56.04889612173783,126.9642990015411,never,none,moderate,0.38461536087041376,1.5230973874399705
P000726,26,male,184.51708038228153,119.4766098869635,35.092131074941314,110.71069480374908,76.39537912498704,60.504257247664455,91.02530087130108,5.111462574759324,142.69036883669563,89.89379878807617,105.21721821915419,never,regular,moderate,2.777992217105729,1.2175403323514544
P000727,70,female,167.60578254516034,83.71806778611835,29.801711083888385,111.47522832503068,66.93532582764301,54.32548692051934,94.22767759179986,4.420229031983868,190.74624228000047,30.42808190740074,105.03734443037334,former,regular,moderate,3.361495378114914,4.617757314276219
P000728,24,female,151.68772617348318,54.39796765100563,23.64186820534892,97.5852078075009,57.145865950420294,69.79687777548556,117.34808620335107,6.269763919840573,167.45961276492906,52.40650318770568,150.5933175491856,never,occasional,low,1.5075112795043473,1.1189978755578756
P000729,53,male,179.75436649623572,94.04655155271621,29.106097381234544,112.86145453476925,69.1325350602685,64.89636851263505,116.10080398527631,7.867732487236818,108.08071759380445,71.75590950927047,82.17076546916496,current,regular,low,1.7628030552885021,5.420100890204045
P000730,66,female,166.3978374005901,69.21110913183759,24.996571975305937,113.91428353876331,70.62525145648581,104.83161558571288,121.59719071693664,6.655470739643102,210.98490047025987,53.465331349272574,154.28404035322347,former,occasional,moderate,2.536387855686373,3.5289832218729362
P000731,71,female,160.02612928015034,99.90482834842763,39.012580400125124,145.16696759339004,85.93749521503295,69.23342872261613,79.7496364388467,5.87665414160675,163.34734970372565,82.32410100989135,139.25192963467418,never,none,moderate,3.0516593778467134,2.861285731726211
P000732,48,male,165.0621675903141,54.114223610123524,19.861696623669918,135.49919673491706,90.85035339600172,66.17777104064095,158.0233196665753,8.41514320385864,165.320609878893,48.19160920523884,173.27282953129853,never,regular,moderate,3.572371326055788,2.9610567171629305
P000733,85,female,152.91316122952395,74.77933806182838,31.980988487526858,130.37507517023909,75.49762062777162,65.11120969910752,78.26580353456032,4.8195026067863616,200.2298563543448,72.6418972786224,99.26173592375831,current,occasional,moderate,3.489759949271204,3.800446429816804
P000734,74,male,164.49939069109405,88.68557407354237,32.77361852196568,113.61308758783584,75.4744392335544,71.585867004365,130.45936922113597,4.998238955742976,196.3274358341211,44.72693255022796,123.39142936222613,former,regular,low,6.174420264690633,3.4952336389290295
P000735,33,female,168.7035971114683,60.04580298335019,21.097644566019003,124.54030101443203,83.1286180448153,79.52673298448617,119.13920981054662,8.180668321574688,212.53003154853207,46.799414428692,62.94250216616816,current,none,high,1.8075038656972497,3.790182177175556
P000736,66,female,172.67347142915096,70.23173333084966,23.55494783029109,113.36073290225349,80.78159204168155,87.33423436124518,109.51213337500317,8.02678496166545,107.98339598630729,57.133253909330506,179.33520279818725,never,occasional,low,3.3558150272455145,3.7700338408675726
P000737,71,female,154.53359265930973,64.00455858571226,26.8018704733326,111.78937588254453,68.80525600007759,71.2914030629691,101.12511191356376,6.774228128064226,91.86444660108629,86.21892878176729,141.67311193999913,current,occasional,high,3.8086738570917684,3.159536594427477
P000738,42,female,159.60230136939555,89.07490094534323,34.96850371175526,115.12607553693792,65.55737853712826,80.31477857554052,123.50955100702184,5.569074515840036,201.48858121495036,60.38244396978873,135.57454298287894,never,occasional,low,1.7150367574180043,2.352359916497467
P000739,71,female,160.66260557383174,74.40010397053574,28.823315170610524,132.00242269934714,76.28211236761938,75.0676814446312,121.90381472825368,8.709201066506504,117.7562975101254,64.0928477746972,148.9213527045344,former,regular,moderate,6.431358839533712,5.009002851928822
P000740,83,female,163.96205033197378,82.34633188208895,30.63074623173244,125.85689546864931,79.24379802399136,90.98271932617617,85.69469879766669,7.054784034991312,95.35933499829139,29.431469501221734,101.95514156429167,never,regular,moderate,4.126623033269798,1.3075928085110453
P000741,77,male,188.18903272549153,116.79711828906069,32.97945751610891,115.68601399580119,66.98175151091723,78.13563788470375,127.45607101509795,6.949539696215437,100.83204901055524,35.42828688430252,133.47231124904135,never,none,low,4.980057426021291,4.074436508494579
P000742,73,female,151.35453179220497,77.82297997792874,33.971677985193296,109.06748509765424,72.42234386291753,68.76917927497621,80.90243599984383,4.995113456595416,134.9651129374104,36.21741942705023,158.66016063486256,current,occasional,low,3.5493495020361334,4.156631597176426
P000743,64,female,160.67395934571593,72.24889547275872,27.985960741327304,103.12972720509234,72.79469025596245,83.57371721017068,104.70919223252582,6.156353020205089,325.85235110174557,74.88182943196765,74.91382252783083,current,none,low,6.446112276932373,2.259465340545333
P000744,37,female,158.0203626501634,70.98564089501804,28.42787514941214,125.24415411617025,71.44517066071404,89.41048649875812,113.15540439986898,7.531428544018329,103.17060416281424,47.3478504444609,192.10088187032886,never,none,moderate,0.8707452427187576,3.1600928380519897
P000745,76,female,161.03195496857762,82.24530144449992,31.716624892960347,113.14193204907134,76.83776340681445,74.51166652737695,129.94551577467786,7.844311080916571,130.49942590391095,50.47111604441933,174.79668781245016,current,occasional,moderate,9.410698582350156,4.106211577261107
P000746,44,female,156.45316791918015,61.47281682503989,25.113913339684288,114.81846482324453,81.46713590608675,104.50788700104808,100.68422690319342,6.2900296037561425,274.0466012337365,63.69239508217246,193.56245020482132,never,occasional,high,1.1986821151526401,1.653849056542104
P000747,56,male,172.66408513301457,103.19162990773746,34.61309612469958,139.0915454956618,77.96123972137724,93.12256676430727,91.90798970619836,6.069757513606513,300.4589133319158,60.38771626998169,159.81517484196968,never,occasional,low,3.9182122240163575,3.625712028947077
P000748,40,female,165.80578792666606,53.00270505084939,19.27962850459464,132.66018247830476,69.43979023137113,65.11924497348676,100.64266601097597,6.834595020285088,107.2784132747233,56.946237579884524,103.0333225201625,never,occasional,moderate,1.1835765034579373,1.1548891198048157
P000749,40,male,187.3198569686745,84.19863393363305,23.995920279164935,113.33292125865971,65.32191424562609,87.58564823154805,88.4015641998276,6.057437762407275,256.27997687871493,28.139039781920598,131.06968086358268,never,occasional,low,0.6567156202009592,2.393297783367157
P000750,29,male,175.65753809990645,102.88504922520404,33.34407593833499,128.739727788827,86.72038247048181,79.33798981945327,106.14682284509192,5.858610060198132,102.83717191841527,54.75583658644302,80.2764534215512,never,regular,high,1.6038081429405544,1.160451137618896
P000751,88,female,163.89849895185012,70.44222529708426,26.223044669368573,132.7774074986205,77.27286121298538,76.89434213967738,103.20508321903392,4.848912813311996,218.8845988003734,70.09273167400607,151.83660240633878,never,none,high,3.9605902689650003,3.0070223990998004
P000752,28,female,169.3357969146606,66.29659533077829,23.12031111734334,100.53402688814761,63.019604452749704,76.15977703946771,123.02726511476097,5.175933166970321,56.94933426954371,48.399321558984184,85.54267768701118,never,occasional,high,1.4096007478387105,2.0090539384043233
P000753,24,female,160.88477443742087,61.688896942512265,23.832912184994832,114.53136472783359,71.34489988153163,91.41604596420349,86.89461785576671,7.036227304660838,141.05712084392715,68.85114162512467,169.83001265764545,former,occasional,high,0.8422895600074257,1.4168614428901711
P000754,86,male,176.01297740747248,89.02194760864545,28.73476915866241,127.59766542623149,86.07137625608019,79.7215636245285,89.63548328399821,4.477921731871331,119.51894299698004,30.635549029944823,96.98700605333599,former,occasional,moderate,1.8901060373473448,3.2696992656595003
P000755,58,female,177.12562266887636,107.94091272104922,34.405138151642944,143.8342852220975,84.3222789132417,76.99750465171758,104.62370142781792,4.717376376726366,209.15600138107374,81.39454026510322,86.53558582761715,former,regular,moderate,4.176441235071696,2.9569794689367965
P000756,49,male,184.38328591799262,72.08323165370739,21.202699006921343,148.85822199147415,88.91209968336673,56.5266371598642,75.30138493223149,7.899674582339461,58.316759446288984,87.3196260978479,70.93879296010317,never,none,moderate,2.2580644246985844,2.3237132265517038
P000757,71,male,164.57057213135883,53.51823201121861,19.76047591570047,129.17884784918874,80.15225321961395,73.94728250396597,87.82426431127982,6.768926018998559,148.20758150692484,27.463805800952944,146.1406804807974,former,occasional,high,0.5220215951921193,2.507177229165731
P000758,45,male,171.69730173166352,82.0663528715813,27.83801041303928,110.1256044388829,75.92146366917446,95.28082611622568,95.30602846133873,4.327899197229015,203.16790162853127,56.48753133718737,90.13732131075427,never,regular,moderate,6.179123623729222,2.4458105790540383
P000759,27,male,177.72167298485095,119.85443915300655,37.94664097878229,120.47065293584672,76.0135009569766,83.939526756713,104.79412507911437,5.52653147414577,78.22021013996569,52.13144327033695,91.6576757397506,former,occasional,moderate,3.008349660987824,3.0579029688857298
P000760,71,male,161.22948942202729,65.90185543784925,25.351793271719053,107.86953678625534,69.17004043925763,56.70744045903021,91.64677167127626,7.082543922553549,263.67492543903813,76.84966136106307,87.86339052080939,never,occasional,high,2.301508207299687,1.9013504228702642
P000761,30,female,167.4369591338765,106.77760644974249,38.08706659271374,139.36489308999924,81.40674778051734,93.46778347431463,109.42630336834333,5.893273346458335,146.64431016470633,57.5971442831904,104.25133580965202,never,regular,high,2.144900376050412,2.4139162366696145
P000762,58,female,178.94360906477664,113.70604838061713,35.51004169668637,115.02195449957297,79.73224404458958,89.79178319505502,136.11785315824346,6.33989336378698,110.13800744341357,61.52754426878527,186.66677490890868,never,none,high,4.1667816965317535,3.8094350069528224
P000763,87,female,162.47222395442455,67.0840800192287,25.413309045606123,99.10608228934035,67.66035804504932,77.31954716436456,107.80664910862166,6.006518044548891,112.79989816218915,46.26466511554467,121.49695290382986,former,occasional,low,3.0287501730574284,2.772207629291232
P000764,86,male,175.75586250246857,104.14544434944428,33.71480381017172,140.0625754193661,89.3607467764378,53.77402218485822,96.03771423428262,5.114051776128937,138.83964882753023,37.07028832190622,99.34519509301364,current,regular,low,2.4980683520907294,5.569203535432253
P000765,44,male,172.48834346011472,92.66760081780802,31.146440144510514,118.28242441337616,74.52855832944326,77.89212215183997,77.90639437195762,6.782173219860024,113.267916203927,66.58759029271046,87.9611848895562,former,none,moderate,1.1516602037151484,2.2681264011563567
P000766,74,male,169.35115693540573,81.65082691318482,28.469789204867645,117.90397214773235,62.17493012609223,57.01268585331376,84.81705294565967,4.7083286658971115,163.98532081480028,63.46904437375189,55.9740153381488,current,occasional,moderate,4.522218433463505,3.285052196298104
P000767,62,female,168.78327767093572,77.741028294324,27.289240456083782,105.97754102156073,73.42163817381821,69.83400769305926,108.22127622486927,6.170627402414865,188.0742999574408,75.88104653114428,110.19544668582635,current,occasional,moderate,1.3702726814068469,1.8326563512983676
P000768,52,male,183.03962179191382,112.84703449306888,33.68215974378242,142.81740492829832,88.64914750181556,80.43162267108411,117.77312615211586,5.279762309785192,154.48834975526262,75.9205836119367,78.54646419650068,never,regular,low,3.611555550662103,4.010718997179887
P000769,28,female,168.0562649182234,93.7415604654384,33.19118550885722,121.2771199197085,90.93286263494187,95.67600703806383,76.42578517024089,4.453537359323114,152.94449870497945,62.98751407737892,59.09612373058194,former,regular,high,1.3235662016266583,1.6973543455839966
P000770,45,female,172.41675234044337,96.4742035601374,32.45280805568777,107.16310189764624,77.52914472108785,71.07379267138596,87.72995777836633,4.852474803501963,227.95705659886696,58.769536472332504,77.28573494157979,never,regular,low,1.1416350990609474,1.554133840707982
P000771,65,male,191.82411409907243,151.56947751745884,41.19128602444124,137.37286460217965,93.42554494065735,91.84004494701091,98.8567316087261,7.738884140378299,140.1020686539821,81.35448696168842,105.57469383304421,never,none,moderate,9.458190138320699,5.972913453425313
P000772,90,female,165.49378445751378,76.73021509049268,28.015800804229755,126.89753323760166,88.88646730872026,96.13127765450676,96.17353947738337,5.044861907967433,186.36643090024003,73.62848814764081,151.38020662508268,never,occasional,high,1.5559672665628936,3.524543662303724
P000773,18,female,168.8646628400357,95.50037091039835,33.49095285490017,134.2207068033297,86.84623285625875,53.59582827832339,147.37086352299337,5.932419243806203,264.92967667737724,79.07163408789334,70.07182054307827,current,regular,moderate,2.3882464386778475,4.780904165999875
P000774,70,male,181.43468544587463,114.61819938130992,34.81873184032266,117.659062866393,88.21496559340551,66.87507940581355,90.68761433900245,4.874901991335642,120.61453269274512,96.03496546197563,142.07014153098572,former,occasional,moderate,2.693422030127972,3.5601932482949907
P000775,79,female,172.40546049842584,72.14903932306312,24.273282983867805,105.08384240096306,74.88067030043837,83.85493501595353,77.89774620897239,6.8520502635194065,183.08238237306736,55.3312371411118,135.31383698822788,never,occasional,low,1.045638446575022,2.04165949242899
P000776,87,female,149.92569896814658,45.50148693938216,20.242932394186663,135.93108878453376,84.472741753548,86.06513441640868,95.3167223713727,5.836231558192047,287.20105961071897,70.00333559127826,172.77304671400336,never,none,low,1.6757493689201928,2.0142751866375526
P000777,48,female,164.33652861549706,73.07815105296199,27.05947292833072,117.22409258376277,79.54433117801786,72.16528180508516,83.22233844242251,8.29390332640341,166.54966930605937,67.14774316647097,89.83798365075374,never,regular,moderate,1.4894413452609412,2.5463388931091995
P000778,26,female,157.0014732564452,85.46055391760513,34.67035175903993,132.53468772493972,83.34128341446748,81.56259272881661,83.4890189074553,6.558696969756709,310.700020318982,42.95425371918795,157.64344170283778,former,none,moderate,2.0220968865743045,3.3075963679204916
P000779,37,male,172.10016909929445,75.53159209303773,25.50151870542126,120.81397562266625,68.56497774956162,79.77163091572677,97.17523830927153,6.149242278173167,126.28453272960598,64.86928081918468,169.4624159877881,current,occasional,low,1.7553507647232538,2.2521206113408367
P000780,80,male,164.749236236042,85.20942466034808,31.393577783969,115.43003251274847,83.69294547311479,85.23934188136545,95.99539823154774,6.622404745678761,176.75438542753733,54.381674553529884,198.91801926330987,never,regular,high,1.864668463403303,5.837770832417515
P000781,82,female,161.72926092317303,48.010961942182206,18.35537255618729,146.48791690856774,93.52053318954638,84.25430629731463,79.56301504665063,4.469533737587628,119.71897561165906,58.72616921474797,159.8467196784921,never,regular,moderate,1.6537517823059613,1.7460360289566033
P000782,64,female,156.1927394291487,64.46824082273929,26.42555611516156,112.02882206959596,72.69905473930118,59.30379349641781,110.96316925436162,8.455009150483075,49.474387963868175,44.86750131835888,80.87628543616677,never,regular,high,2.0514782614378535,1.5229696459082824
P000783,26,female,160.02630143656796,76.80591896948383,29.992450730240858,138.56465783307348,96.29860981738898,63.34523604376325,103.44659882561356,8.496152322704525,336.2969859710212,69.76636431720877,188.38889897660698,never,occasional,moderate,1.3002912360268295,1.129872825315092
P000784,26,male,164.22440066317745,61.20911439593657,22.69555067733439,107.93056072090953,74.7893702609143,62.05339799201112,77.1738168161874,5.11120359041426,112.41339528163462,68.5240429380762,160.86751990649736,never,none,high,1.7634068812913009,0.8137170886216871
P000785,52,male,168.1235141277942,101.11493876327985,35.773250611698565,125.11829530275328,69.37754566735119,97.38742867412364,134.19053141882063,6.8386585421612605,307.81164423655565,57.73453599989693,93.53867751577488,never,occasional,low,3.688862045260566,2.9002226414663226
P000786,60,male,179.51323293815065,74.9246721257379,23.250479523946126,112.25417158576516,65.78036399400534,95.72787610478534,91.10616130520418,5.054404552761132,189.83472658899365,44.07690349381302,87.22462183411304,never,none,low,2.408885496769409,1.8309589190608635
P000787,20,female,173.1278084462726,108.45476142074669,36.18386549128186,130.42689929890525,85.40932812223151,88.1528790723002,148.24054196884222,6.710667562904963,270.42417101449576,58.76876316899873,185.3334086268524,never,regular,high,6.369417451093627,3.86165922766257
P000788,68,female,169.12521362331873,69.66368261767221,24.355088522291467,142.71208323689524,79.00659976022948,61.178665269511455,142.3918810864614,7.4705970544238,300.98578064931013,40.09847704413083,85.84682597987955,current,occasional,high,7.4650313132178345,3.5056041293822897
P000789,57,female,156.53531203818588,99.32475105443851,40.535248389125414,113.82599247822293,72.82921447905656,78.32956557182305,104.13521809490089,8.322574012216498,184.70923700985335,48.49302015240432,155.09432986426947,never,occasional,moderate,4.923056860362416,4.364569508647285
P000790,18,male,174.78223057602065,91.11330918003304,29.825467872885078,138.58049952650654,80.31157360518165,64.69129029229613,87.87661539911277,5.420046968133987,345.35649544036573,52.637305851365824,113.96620804497576,never,none,low,1.2634252293322554,1.812588730296392
P000791,24,female,177.56889793877556,68.08103409039025,21.591973825010093,124.7463778256728,73.53981470822833,71.41271661058362,128.2599001354469,7.03402591074204,217.9331893317934,80.58219590193197,147.74987555590747,former,occasional,moderate,1.6347382836044035,2.0838943485695887
P000792,51,male,181.73821530709893,69.4916141268963,21.03971640337103,137.0521187445001,76.54182626508148,67.93569210327222,94.03149713860944,6.870870201493188,160.63441754609696,56.66862163354857,75.21354330722426,current,regular,moderate,1.4806077643227877,1.7989422757016569
P000793,70,male,178.04402774496575,67.608643785985,21.32786599432875,147.56151188556788,88.33970345555312,89.92417853198702,84.65182184313682,5.033110310698684,188.99385000348946,64.02303230069342,147.91395168451157,never,occasional,high,0.4681020357902436,3.180889016366474
P000794,78,female,159.31364982429258,75.12419089805874,29.59878152091928,148.5131010435117,81.875012057675,62.66095776150653,108.95516559156854,6.617448742504715,111.20901772441651,78.87240408901322,123.9537873278213,never,none,moderate,3.9036012730506693,1.6884791429098673
P000795,49,female,159.11443750260364,84.93909733174802,33.54968644799315,119.69961422654251,84.66304532534797,81.12783557204861,104.80582816909171,6.68797746460252,57.74796410794944,53.73357659268919,176.60819758184988,former,none,low,3.0685784481711744,3.1367364507325917
P000796,39,female,150.13056819930245,60.93938181121619,27.037080103266597,133.66198630415101,79.6938092187353,103.84011589854558,131.1503045480682,7.357452653705934,119.33958151721387,79.94325646741942,90.43192077239783,never,occasional,moderate,3.364196036088524,2.296527843013041
P000797,88,female,168.1841667798159,77.98801971477953,27.571327494557863,151.38666285966423,97.08179308423216,82.84674233440047,121.41564888404066,9.46692021634453,149.34709010471965,42.1044987002004,78.42274134757331,former,none,moderate,3.4178164671181275,4.461737973818486
P000798,51,female,150.36234089627703,66.89871768130263,29.589636946254775,119.63882091702762,70.80694210184481,58.8581504706076,134.86933234678503,4.805910782046208,117.14378369714946,52.4194105739021,91.46818463425427,never,regular,moderate,4.069608635953996,2.8457134456349054
P000799,41,male,175.8023561030655,88.90893146962087,28.767095057958112,111.08216165378883,71.47638769099505,95.26546324527672,120.38429786245351,5.407391341886673,164.8852583068007,39.08603528808906,72.56942520012642,never,occasional,moderate,1.1301976962915268,2.431858162710305
P000800,50,female,168.20996906335117,88.2350389635433,31.184416331652567,128.16096902169812,64.7876708973164,81.00165040276755,114.10852463791237,5.161657415313983,196.35361565473835,60.07666719202117,200.6310873378746,never,none,high,1.4004850574784347,2.3847275162707966
P000801,18,female,176.00485623824042,86.50803449012301,27.925897721742068,116.49292249502165,78.98760620609835,74.2098989656338,102.42587958599438,5.063345235790763,193.6318169908884,87.77998304372932,80.72547666758817,former,regular,low,0.4745726769884711,3.2690180280080225
P000802,40,male,171.97686945540605,93.58250725228751,31.64132039780288,125.32492354179155,80.43537999459954,81.68455332230967,155.44942907441467,6.523108447607808,264.5492909690703,64.61967873664788,92.0719479713249,never,occasional,moderate,3.5262326423204784,3.198617946268953
P000803,55,male,170.20240082810315,118.76007004458847,40.99577316057964,128.97431609196425,83.528872448124,93.1188994018024,148.65762348122433,8.057216550660382,303.96058727731815,61.15775897792372,160.02551061929543,never,none,moderate,4.171827127736348,8.451679462057033
P000804,85,female,162.99183526512905,70.02388063975094,26.358122705018946,109.75946222207838,73.63294215515856,74.90173435863714,132.16802594314964,6.236232997768074,261.28230427601864,49.70371962767239,97.71641310731393,never,occasional,moderate,2.1792344405602346,3.5092238315559454
P000805,71,male,181.68682830481086,61.885795086894554,18.747531324136336,109.8637523072213,58.56171165737811,76.77039593232583,123.15200995132076,6.891953492062891,179.28779306578141,85.34578097415803,94.78101945539404,former,none,high,2.500676458150974,2.5026832784075235
P000806,75,male,161.5398384757773,58.9857444449429,22.60412895889394,114.16398868936926,80.91878519898266,74.08295770191395,108.72833540084132,5.760456416481295,106.920596822567,58.390601385807265,141.3021909434909,never,occasional,moderate,1.5970329202916405,2.258624457791003
P000807,57,male,162.47546558778083,76.71455754908928,29.060441250572243,149.198966957779,98.86357472536857,58.39307665562099,91.52156811030692,5.39999687187795,286.9347731157322,48.580364514960024,113.37118379130659,former,regular,moderate,1.0269159614563845,2.978065817845075
P000808,26,male,159.79874069481346,67.10023114697702,26.277092582601675,128.64917263264317,72.46019991788874,87.60217017300239,133.74013019703344,7.719971794684713,104.83793784885295,93.50688580737351,164.23761130319025,former,regular,low,7.6775761172451915,1.9849179847706446
P000809,46,female,165.1926212534097,101.66613092168474,37.25589551541834,110.14649477897201,68.79754174863898,61.714979932141944,70.7985684502614,6.448680481906374,108.3471368373663,52.68615740458199,137.3156038482657,never,occasional,moderate,1.8181111452194412,2.4141465249173057
P000810,90,male,163.03882725003731,80.22397410513977,30.180198131536578,122.94262460350515,72.077142657666,72.23238085660229,91.87957350128987,5.499057227135946,132.0016140317851,52.507989872046224,102.37706854798836,current,occasional,low,2.0672322610317995,3.4617613830875134
P000811,21,female,180.12693309746786,92.75760853689911,28.588556928393217,111.9347985027589,75.98344624684525,71.99150671100715,97.00071967721775,8.065202680097276,176.4657163212086,33.57249122952386,132.8263222595964,current,none,low,1.3410297443335248,2.53375430178369
P000812,82,male,190.2743017701604,120.55095131926147,33.297403432136306,127.18292097042793,71.11505139507487,68.41324811550248,112.27765830326395,6.181598501757827,203.146025888476,43.44285891717369,169.76181379921414,never,occasional,moderate,3.241614593705744,3.738778038533733
P000813,67,male,177.27723829079926,78.69490370338016,25.04036490230846,136.17570917877572,73.95002971647784,72.48076211604572,107.86726643434956,5.221977369399728,57.58941198596391,74.61699617876306,110.14641806577322,never,none,moderate,1.8507124333020146,2.7567656036115973
P000814,38,female,155.97042963519183,82.17145914654073,33.77819682830371,116.88237818737355,81.07447943103199,80.00049107170256,87.13425753645126,5.8848693404736725,227.67678998978536,56.031597198787196,149.4259016126172,never,occasional,high,3.3472325732105443,2.2855902535652057
P000815,74,female,160.3137923335275,45.93915293935129,17.874800672166657,124.19295495340043,73.89719466963565,69.52543427123075,80.13174177085088,6.579626416147876,97.4110967383452,88.20869702681213,114.92493066457637,never,none,moderate,1.0717423192737714,3.061600658801718
P000816,79,male,162.60047405065438,79.46902272222121,30.05759700901423,120.29349385554482,75.24650606527167,64.02179026498085,90.98376403924496,5.539857410633481,128.53880931731996,38.08595842953092,127.0703880241268,never,regular,high,5.592140134759428,3.0568616212280917
P000817,21,male,182.24048164287555,123.0611789112334,37.05368133276546,107.14048376754232,61.436797107043084,92.45662104254485,96.50011308097534,7.561758662372504,139.47744855453124,61.43642501702312,149.0558707530121,current,regular,moderate,2.1865372146727813,6.935028014154853
P000818,25,female,169.12154766888378,94.61796554656388,33.08077817366903,141.7560657661325,90.98684720015471,101.7103512175371,71.02762846106575,5.9476601789500645,137.19302552998167,67.77591313815302,68.58530238921554,current,occasional,moderate,2.108804009791604,2.256422058183309
P000819,66,male,163.78968428554796,92.79859054314656,34.59141187912702,120.14053967365702,75.52137832875447,74.28478600165766,119.18675780632927,6.153405444284344,223.38165969169745,62.2060291786949,118.5039211213456,never,occasional,high,5.736620246131322,4.525249332484416
P000820,90,male,171.76408266537163,79.54530902575021,26.961860960326398,120.98823041577565,73.42901351391366,70.05913262049856,92.11339813667517,7.634541858674198,71.65058058812863,59.69232427184073,75.85223097521776,never,none,moderate,3.966097981743827,2.0355313092761462
P000821,19,female,149.65903071491397,75.88714369284143,33.88147826187226,102.75160396592575,64.46103287775563,56.405553624479786,95.55854283258266,5.8967857840636375,115.17425018939022,60.27924712736106,147.907037725743,never,occasional,high,3.150410646311247,3.396724664887419
P000822,66,female,151.67887391301147,66.76855396682858,29.021628545397153,122.985937735933,80.96953451019213,55.40507207444729,95.86396297154927,5.7407374883398745,63.970254727580624,66.84473762136427,133.90434628855604,never,none,moderate,1.8134666916540818,1.9124254281724629
P000823,27,female,161.3884168311527,78.24221536537071,30.03975705467065,145.35846317466644,88.38908706264307,72.17976707819699,104.13590181455933,4.9239334711437674,225.66919884932017,77.86605143230413,106.43455738736624,never,none,low,1.6774086836587911,2.448593612690819
P000824,65,male,184.29146576490228,70.77219344776948,20.8378164148316,95.69563938420879,61.52637434217762,97.18010121401403,132.07851571737837,5.989165000384844,314.95955148604764,53.5398403312516,72.09050374804482,current,occasional,moderate,0.8985132765066772,2.7292153892610185
P000825,63,female,158.22792165127535,60.333048605510335,24.098445202549502,114.74412908312924,67.26201466822833,84.81169573500601,84.16013343161114,5.564764276691966,191.91049901910154,57.53151190651036,182.55225684190628,current,occasional,low,1.720701273485348,2.8200985755398027
P000826,24,male,185.964344477585,100.37136891915848,29.023546548366237,104.1825640828638,67.30908091196189,70.79721244537834,93.79523884622878,5.028014057198652,180.18856829403003,64.09409933427361,105.21158046998583,never,occasional,low,2.3323342132065563,1.7303584687955167
P000827,67,female,156.79691055254523,51.22118107587423,20.83409239010674,136.2515197830591,80.15691825331345,101.3234441008506,116.28175438930676,6.528134020047299,266.7243810913225,52.58590076644325,100.97201402984811,former,occasional,low,3.195877917565318,1.8597675443816224
P000828,83,male,186.03916359392917,111.28441467235494,32.15330270955751,138.13875450073945,91.16926943515912,73.3142210123664,76.93598842791022,4.724134885902013,124.01436346637482,43.695114871400435,76.92650954784895,never,none,low,2.1192913693970903,2.3786625535452868
P000829,81,female,164.6872702950512,92.90717934833805,34.255413387127305,118.86040812215616,76.28591693850191,68.29452150296412,131.33354624278286,5.591551022090911,83.89342754742529,88.72628126094466,130.6242519020141,former,none,moderate,11.676148812231489,7.0012369188941985
P000830,20,female,163.21417551523461,97.3256152919524,36.53519309449564,112.68817970024045,73.86371315199199,73.23708722871086,148.3634185723462,6.7542658858763245,170.57289634379882,43.587167409027415,99.88590525123405,never,occasional,high,2.990938697377284,3.6155869708151243
P000831,35,male,190.73100981846864,80.19242890878921,22.04401772349696,128.13657679916935,84.77443855684541,65.7419368094902,108.93160237984259,5.4532839859531235,114.96986880232316,48.49526770422312,165.50158950760675,never,occasional,moderate,0.9473165445445257,1.175554237023554
P000832,35,female,160.84000300779303,96.3523695120816,37.24553820170464,146.72766049945577,84.03577033296297,93.5855229322733,147.52181524643044,7.004094595846605,160.7351387205496,61.535121081553726,142.56804413258573,former,none,high,3.7888345955614957,5.396769169194605
P000833,51,male,159.86414845801167,53.953879052386874,21.11156927551072,116.11343243577132,70.98100760752938,71.18244779788199,96.98888464285797,6.775532235960675,147.71474865433814,38.65607562593131,47.269885035335165,never,occasional,moderate,0.7479412321781767,1.3523445058626837
P000834,28,male,169.80319765416883,80.60640186964561,27.95617861737521,112.04748679860899,67.90175511272254,81.61294098270518,97.83463239084759,5.415941567714194,130.05765382083706,33.51207198949099,129.3978485933581,never,occasional,low,1.93142553568572,2.4898816797123104
P000835,80,male,173.19667188843766,102.77035635823299,34.26011193462266,126.36403136480693,74.24404800321112,72.06051134288705,83.78693762221641,4.65392288638759,164.33334906165993,35.935205378879246,95.94433069638373,never,occasional,low,2.947875278294212,3.424581951531066
P000836,74,male,172.8120398610099,63.289543796478945,21.192586867449958,127.12378780779392,85.09521413452595,94.78419311121148,74.22447888504549,5.787193586167865,134.0853256921806,42.225053628272725,54.40333712635024,former,regular,high,1.8195976369039568,2.486851341340093
P000837,77,female,172.37556326421532,56.85614831504858,19.13489302946211,125.7653537535395,82.62509729569194,80.97327181789213,88.74237413299194,4.729090547975661,87.09038559565522,57.70368430315099,135.18278111410825,former,occasional,moderate,1.2405385887755846,4.04543853713506
P000838,32,male,187.48515479933172,68.534638951878,19.497384567234825,122.86702109300404,81.8119591294896,75.2771178256001,99.52879262865747,6.114230855449531,249.1847547907301,76.81616044947648,92.59604417418919,never,occasional,high,1.0073447363229053,1.2028938878149869
P000839,19,male,171.24750501092578,83.46723985118574,28.46213974767477,122.75009971920224,87.00516543243323,62.022436954460936,103.08345955395492,6.981012863170632,204.66939079240296,51.84396835442554,176.44677747991582,never,occasional,moderate,0.5059193165661572,2.35367892287601
P000840,84,female,151.78580896981606,77.39830520621067,33.59457194568585,122.9465714318807,71.93605247019926,94.7985414410259,91.90346686468921,6.440289472136158,74.35914665460217,53.79354453804543,130.20521175490228,former,occasional,moderate,3.8445275158750647,5.014272242548017
P000841,39,female,155.65047006861568,54.860189267352766,22.6441711320751,131.1019093260645,73.75027082100263,77.32432925934484,109.60537094153631,5.991380402289372,90.22862854581766,63.801853831405566,93.14131143677665,never,none,moderate,1.5040495324250762,1.5383556541821772
P000842,65,male,185.01529030617348,77.29778210086945,22.581448156158505,120.71319855766876,61.61976822709807,68.59511650286517,85.77922748596927,8.32571625803989,85.81743978414582,51.64523364334674,200.1381926826601,never,none,high,0.8006973267503015,1.501320412959597
P000843,84,female,168.1688853332409,82.80649207669244,29.280136425404237,146.34566991180313,88.60080345136106,93.04110136595406,96.55011323696664,4.841764448779773,79.9923163470016,55.10709087080832,127.41353019447217,former,regular,low,2.657635959741198,2.6937536558968884
P000844,20,male,164.66797663857247,66.84891977817938,24.653358753056132,123.38572428052538,79.66789331065166,57.000408655326645,84.6725536218279,7.746755066590032,76.88329837953304,54.575752695318045,87.26387969375838,never,none,high,0.8669007625008577,1.743985539105385
P000845,18,male,176.31667713570567,99.29891589087279,31.9416776090308,112.30723823706717,72.56577843705261,69.61819726495257,117.07189606877583,7.435575914152016,105.79550214282935,50.91026049688349,124.47972475016364,former,occasional,moderate,5.189166474911894,1.4791295920830003
P000846,18,male,180.38198808418372,122.51768039990944,37.654113504275706,112.11699323524672,63.47620847136816,76.96619478825153,105.99665533936718,5.863461136394464,250.55571725838075,51.1797078977459,192.2817244478769,never,occasional,high,1.3424806517216563,2.9343050558649684
P000847,29,female,172.17000018754084,96.73290844649725,32.63317169342551,145.897765149487,83.45235388736015,70.48652334249161,120.82132798750744,5.253755441946165,241.8320424879143,29.638343830517915,115.68113000476824,former,occasional,moderate,3.1077479623382818,1.645376249574247
P000848,21,female,171.24722032552035,103.26516472159166,35.21330436752124,135.6832169739875,84.228194280729,74.88854753321345,77.37692857507038,4.762994695791009,229.89750700232898,79.22047907891634,115.78402317691662,never,regular,moderate,0.8641733776454975,3.0691699493325553
P000849,77,female,152.69587830409813,66.63210728174755,28.577808360382285,126.59203536423942,81.82080490213806,67.83185779165694,101.20019876190503,8.146568734837462,185.03346671594716,91.06703731499925,119.08070080529043,never,occasional,moderate,1.824105292823108,3.195079505826026
P000850,62,female,148.9776668161733,75.6167833314277,34.070292507385595,119.72130927626941,69.52285457235818,61.91271502289007,149.89376638675645,5.811782645821198,213.6602106873492,77.29488286165738,101.4930722975003,never,none,high,5.464248306660358,7.321872101259732
P000851,89,male,160.44789007328723,61.17198441054069,23.76208518111615,143.80157560686678,90.73090608114897,55.40533309594345,77.13760775936643,7.6696125669196356,211.24712132469304,28.635015821913235,86.73412860094103,current,occasional,low,1.9541513336555076,3.3807557286382957
P000852,76,male,165.23902705510176,57.703153203381355,21.133639147156757,144.28187824715258,84.36754781970109,63.31594230170861,98.60504369189614,6.0639282556647975,258.737245511199,71.6975148240038,130.79088383838376,current,occasional,moderate,2.2053005049794665,2.3689628977735726
P000853,88,female,157.50250069820285,76.01225953823315,30.641409255403083,134.32014501331793,81.59290246530243,99.47108681023803,76.33909484356802,5.707574898659338,213.75524400952088,60.75551021077369,175.28293075303037,former,occasional,moderate,2.8351767323089163,2.1142073856065826
P000854,35,female,164.17967852294203,55.53775561914583,20.603904263366882,124.68646292630564,81.41060743831498,78.37168645250519,81.66729153689826,6.353880835508242,208.8715461702196,40.131792001100564,149.32675274148517,never,occasional,moderate,0.7122525711069589,1.643553073696755
P000855,39,male,176.1536000412007,110.62301459879386,35.65023875861306,129.73684804631006,90.26933317242465,75.30115355166478,103.31393987895518,5.237532496371875,236.0745614477644,83.99697208819427,76.03512179952975,never,occasional,moderate,3.6505705392587777,2.5413592681483377
P000856,80,female,170.01060655990918,90.30969831807597,31.245131575201956,136.47250733893253,91.57527815095077,71.91388452106631,87.1895564347563,5.698401389681156,175.06640425217182,71.48831345561624,113.56263437879504,former,occasional,moderate,2.273090659469358,4.373490670800036
P000857,35,male,177.61194230469238,119.13738686581821,37.76623949996483,120.83677847551854,79.99202768469871,83.79003746543799,107.00005905960185,8.319411864199203,121.48040765739394,40.82411286199235,48.45543486310893,former,regular,moderate,2.8494328451535074,2.111264245818504
P000858,22,female,163.2640604981995,68.92602421235766,25.85842334043191,137.2744779510174,75.76662804468356,62.498072290765656,140.2617559642599,5.731134407539503,84.83980385553222,88.92600043249563,104.47631510466097,never,occasional,moderate,2.4440699006009163,4.597414131093612
P000859,66,male,180.54531268006463,91.65741261644185,28.118694800221697,119.5036405079901,74.40269746308476,68.27020579735596,88.49607922928284,8.096796681344632,147.02378313409363,41.361913360417496,140.95075965201323,current,occasional,moderate,2.7338733726014532,4.346030742440199
P000860,76,female,154.9993142162353,77.2587710941067,32.1579416224003,130.82508256774588,86.6167288255044,81.52730068869131,83.33773744497563,9.113544508954533,90.38438142654309,55.26221500978018,102.59523006690395,never,none,moderate,3.0521758637917316,2.4275654317567845
P000861,88,male,171.94732795573208,73.2958456751998,24.79068330541071,122.56343127976162,81.2425824388321,74.96681063566717,129.53747903310006,4.861053608496968,102.5647430608768,43.949090870591775,165.10512073880338,never,none,high,3.631473605981397,5.768294473055023
P000862,85,female,150.87071806274048,65.76502030687618,28.89249480419234,112.62719232022476,63.9426137852717,86.72636731809177,103.67876869531096,6.210015150740562,64.73488405198728,42.714791621481695,120.61469744433762,current,occasional,moderate,4.526311259088504,2.6470275456766257
P000863,26,male,178.1896451135441,97.47588449169874,30.699567624513396,112.539687976977,67.13105615643391,94.43050393756674,135.21460224152042,5.455286259925309,129.75675191694648,89.21924239443409,140.92584668600563,never,occasional,low,2.1326003811133596,2.731580586553465
P000864,74,female,173.06094978338947,117.34746020624452,39.18100113828339,124.99529405826803,90.05937809560176,89.60063298210618,98.05734783116705,6.496794952378694,306.16082949098114,58.83716038802919,173.14973553991436,never,occasional,moderate,2.1560723418635157,2.145239986531739
P000865,79,female,166.65872944700138,89.47900174200844,32.21550897291506,146.4693186228377,89.30669212186687,64.55599827313259,114.58823433105633,9.024160420325751,143.92614415708184,47.494506181783805,142.57335622328765,never,occasional,low,1.6920742624210432,6.118785019407291
P000866,68,male,172.2706991999516,66.57900617976544,22.43440084735829,134.6669152521298,93.09450394327057,59.66652092374346,140.873070915031,8.13120351632489,112.2849097618749,72.9632055716796,175.94849901530523,current,none,low,1.6250671310622906,1.87885066719408
P000867,77,female,158.2427078040263,70.0471073487096,27.973241438904758,119.30485438345342,76.04342536719759,63.87852680858751,87.22641615275538,8.121724627947614,144.18693293477057,79.11098485147352,159.77073159159448,never,occasional,high,4.572622041283767,1.4603587427610407
P000868,79,female,161.69643108711347,77.34387016694549,29.58182958810315,122.92212956114082,85.3787927504019,87.41678298847003,127.66716539495695,5.520325666169641,128.83766789521127,82.8635007059065,129.54290651338601,former,regular,moderate,1.3600509837314185,2.8110169594788204
P000869,50,female,160.62507562510876,59.481314187910954,23.054402176605727,133.23771767780593,86.95940097392679,95.75170349988554,111.50409506515444,6.3224611074940995,194.59257975688644,85.14074797193118,103.34545642929652,never,occasional,moderate,2.9269169289279806,3.341250344254618
P000870,20,female,163.65809652029185,73.40159574295987,27.405044411438055,123.70060904218778,73.0761250698962,96.74698269488371,126.69615681341318,5.574251642145044,188.49445900485622,81.88844650094464,103.44227662050999,never,occasional,high,1.2398976835681499,2.997102359845784
P000871,51,female,162.5454780919667,67.1787407889427,25.426236056742994,125.02827753180644,67.26476787876933,69.06525799944598,85.23891627572986,7.897259280754902,65.35642751336604,65.00069229172294,171.4588586694022,never,regular,low,2.389309453459803,2.0016148895225863
P000872,32,male,160.72573362306883,57.99558878333663,22.45040233060886,129.56752010073546,98.28421971767396,90.60526583322019,97.62343094893967,5.10325859759309,159.2840219274725,53.40013185125748,66.9710419055285,never,none,low,0.40171804018580975,2.444332301785299
P000873,26,female,159.26359309007373,72.22103102068995,28.472831968545503,124.79586785461794,60.59257327914862,76.94505968107127,82.20562961303153,4.8150628740834795,70.32468147685147,83.81754529430994,186.73074135226292,never,occasional,low,1.066481624593503,1.6800221095968253
P000874,27,male,167.13877571375804,65.46633317172183,23.434925815663014,130.7159760302324,80.03409304650371,89.56712439983977,147.110034286327,4.561542211203649,195.67192315147108,41.838214850116884,106.44777876343495,never,regular,low,4.205061398814423,2.655228206311945
P000875,68,male,176.4096597133992,92.14284222806911,29.608532299184507,121.13862630995095,81.39113521570678,77.38018345617624,78.42659570796974,4.848963321500965,282.9705370960974,43.6469946271328,149.74804650739856,former,occasional,moderate,2.782385909732534,4.362407957623827
P000876,54,female,154.99304879924463,56.48584976019479,23.51338875397948,119.75788190782214,82.25095632294381,62.733944177691455,77.30269804709076,4.858217540467354,267.3877953215671,56.68588198894352,106.74879519965549,never,none,moderate,0.9854198918231871,1.6282103747814125
P000877,57,male,158.02436631698896,79.45755848797336,31.819042105531423,111.31591089099688,71.26575282635292,58.857195401979695,138.08549103207497,5.060310504340465,115.18322638443269,48.6316586088672,190.29135237858742,former,regular,moderate,1.5915665623276447,2.648267790013113
P000878,72,male,189.05379982823948,85.73076472410047,23.986444428850604,140.88427957549843,83.39769449310916,99.96049381379761,92.863705649258,7.698782448954802,212.4862773249307,64.2112327547789,62.190074518031665,former,none,low,1.002428027461107,2.800003382430174
P000879,58,male,175.26813953679218,109.86182029731815,35.76356774999167,109.89603324329003,69.96574582157902,73.21944566693972,112.481972327504,7.30343482581499,232.97783126007712,80.98285804404563,109.06377367798746,never,occasional,moderate,6.192878055954906,3.9520096271279193
P000880,63,female,167.32972774448027,54.765819562714256,19.55975372588892,130.9740543844238,86.99030642921078,70.83801041262589,90.27053325094852,5.1937089855099225,248.3225339270079,59.955630450506526,169.95016272568824,never,none,low,1.0395050102636434,1.9067894875834908
P000881,24,female,171.65154731385292,84.30175425739156,28.61153556759219,120.80401741635032,70.05940761376743,71.02561595561009,112.93638994691909,7.32276431284967,121.34463714657205,60.34966265879083,100.82567943187436,never,occasional,moderate,1.6483014251524728,2.9631040050125868
P000882,80,female,157.5777087574329,64.42516752217963,25.945735937955956,139.97184911873424,82.67195824062387,71.74561863324479,88.13759543211673,5.687327343169945,150.7898721619178,55.62176045402913,100.99887649792595,never,occasional,moderate,2.1313833324193974,2.192791640872384
P000883,50,male,189.43148420085873,87.92108005505511,24.501275321146913,134.61561942502783,85.35689073234909,98.61635060795795,100.5656983772573,7.202712986813253,111.28454773269256,68.68006891907127,176.2553926031659,never,occasional,low,0.8265029436063935,2.1355289274803226
P000884,29,male,177.5247336009213,88.00087316599439,27.92346073024092,121.34670730719606,68.98423582926023,57.65942162119066,105.05809786423646,5.561326919374352,64.68312948450908,39.64265745288093,163.41382310989607,never,regular,high,1.9140421249859045,2.2971827822993163
P000885,77,male,168.52841610997197,97.42699671360772,34.303073738276936,107.20944828269123,70.6944580887568,61.31026654972999,98.12606929183913,6.278862839990765,198.75798518061904,34.522646037302664,77.78771144831683,never,occasional,moderate,2.4307523709642926,3.34362919723894
P000886,71,female,169.0718407287568,103.94587738358368,36.36341877309421,142.78347973180462,85.21192038657566,87.73835070070587,94.04055200867472,5.617602249470826,156.5772637512335,62.87046970817428,130.9236299377363,never,occasional,moderate,3.3881461522838654,5.270477850650857
P000887,21,male,177.34408682572638,80.8509484190602,25.707017545460758,103.95771795960277,64.43445470825824,77.41793072251805,81.9864408475321,4.906796494434666,116.66526914056237,60.20867013324045,94.91661900180122,current,regular,moderate,1.0280396599086865,2.188214581603359
P000888,32,female,150.46720173116012,52.547736855262144,23.209742790467878,103.96130886745323,69.05124854961285,61.829775697598876,116.59829431418135,6.523165841444934,243.66004579260948,55.76748585416917,93.89217632296531,never,regular,moderate,0.7060899487944393,1.7570122283747789
P000889,19,male,174.91639203808947,97.1586810751027,31.75561948370548,141.242431010262,76.71346328678504,55.16077394742807,85.209936889268,6.977115080275858,163.9157938811466,50.65950013686534,134.7423631131928,never,none,low,1.0972953861504098,2.230199145746407
P000890,37,female,151.9181068544855,68.03721260391983,29.479996886821294,129.106087946718,91.68616270650688,66.266381969057,92.11344429420389,7.034038975071191,330.65188924985017,35.3437295058844,80.89245916092196,never,none,low,2.1127693091759085,2.8948276124142605
P000891,25,male,166.17466609564593,66.51943456561452,24.089008193632587,114.39797147471575,79.17355182812202,67.69990806356424,92.16999929084925,5.518825830844056,226.83102302149476,67.34852591828286,119.89417159303983,former,occasional,moderate,1.491316536046922,2.3452096143301238
P000892,69,male,181.11531332768058,106.67133328654775,32.51901484722124,123.32368362187076,75.03114007977362,52.598802888477316,103.53811969411734,6.164500846121507,255.56349073586,53.826584197719086,98.76728182031971,never,regular,high,2.7652333590050073,3.661723432620575
P000893,56,female,160.4670659331469,73.56336469702183,28.568652830628,135.99079829847767,95.3725298488539,65.93161233815141,118.28846830377245,7.264185865569054,223.46451644820473,55.79727661005626,167.4560634488817,never,occasional,moderate,3.727058790458116,1.5430743551616037
P000894,89,female,147.69861524854917,66.75192831778843,30.599263173604868,112.00766642031631,76.90756038309684,85.17016744840703,102.59345450106495,4.714041652047126,93.20222513989818,80.3980963383127,128.23912049112482,former,none,moderate,3.0247495023454367,1.3748024815420865
P000895,72,male,182.3303256453782,88.02478259699562,26.478119987151835,123.76916980185386,76.1876307728482,91.54469650167684,134.36622114166974,5.006971011984774,79.64238991126138,69.97037720925562,93.88848877108919,never,occasional,moderate,3.172080849552335,4.686284709017206
P000896,62,female,179.51906742986424,88.61468853226512,27.496951544188754,128.21464695542926,75.64102390819781,94.51593124974754,116.54016703634036,5.846955541208198,272.1858366534317,46.70586567184116,182.71998975915002,never,occasional,moderate,1.894626705182347,3.0356090430878226
P000897,55,male,163.217525503903,63.175535860529244,23.714575533400122,126.83297767588138,72.97515994777332,72.0874356038554,129.81810771187682,5.5746466267423465,95.70409817022411,66.2526333903123,162.14452856200728,never,occasional,low,3.5064878657795764,2.440903162422528
P000898,21,male,164.97414411019003,88.3026171054844,32.44455392809958,109.26732917794224,73.3601233132678,69.80109226952847,118.86422893404935,5.868761245454257,146.1880668911647,41.029986440558616,99.84517616266021,former,regular,moderate,2.7477282654406463,3.2202402291185064
P000899,23,male,180.9293062570212,76.1596211839683,23.265207980422353,128.7910513844157,82.42042916707587,109.42742544396656,81.90722929857222,4.647539571509114,180.18377217745436,46.22571426827377,192.86813971541417,current,regular,high,0.9464343476037302,3.592251746616418
P000900,62,female,164.31793849093776,88.7828725073972,32.882076608769296,116.17909048921885,61.501141688107325,86.68833129892377,152.58435141129291,6.896188080454128,117.21502465249223,67.47790615849075,100.12050716201271,former,occasional,high,2.584253007134529,6.556396331433695
P000901,18,female,165.15663052861075,90.82251066245321,33.29672162812884,118.3526913351036,82.25172003798272,76.98487471806594,125.03325668659532,6.920621370723787,119.979598579093,40.49737828255831,102.85445209079609,never,occasional,high,3.9219856682151475,3.4060115110151403
P000902,21,female,169.91556366770848,93.11554481138049,32.25194180981005,107.03539274316779,69.43075381122824,67.47048771453407,108.32822822982061,7.336729408204821,158.99101999162878,48.37987261650656,112.18382978974239,never,occasional,low,1.2951027086933866,1.600091993759675
P000903,33,male,176.7669823167141,60.0045449910893,19.203564615500326,101.29950027093962,74.94129592871663,69.8655554215537,82.1459653441659,6.488495347972403,128.96696767896623,82.1206123167345,87.16853269009606,never,occasional,moderate,0.8667263237883079,1.109861582361209
P000904,82,female,173.30843344620467,75.88058949347136,25.26337117353858,112.84167065111556,67.31534963368655,76.2094451931022,86.83556368701855,5.589855581407619,196.67469009648818,70.2337738807464,143.08839503476287,former,occasional,moderate,6.3065666949067944,1.0892650508446238
P000905,51,female,170.3148901132526,80.8720752993576,27.88003730695191,116.16149503783961,78.95774569186432,77.15410770015538,111.43057160215056,8.301599686001262,83.35411557294084,84.30113233951623,128.53238528389022,current,occasional,low,4.099882136815133,3.6199537832796813
P000906,69,female,157.83276577090496,73.94766706517953,29.68452769962915,134.9909061093396,83.63103364603062,52.51152110481959,100.58430156719002,6.963610432474964,160.8992915384914,79.46596449989441,175.33839346072904,former,occasional,low,5.655521225388165,4.152812026668822
P000907,48,male,176.60000831418907,113.82278225996778,36.496209239387255,137.258993096856,74.1590323664411,100.21974442560901,117.65026259075461,6.332186094925896,112.75717656743754,48.559981193489165,97.02469242554665,never,occasional,high,2.4677276932054584,4.5768743245585055
P000908,30,female,159.0739605213431,67.53848116039914,26.690278274238334,105.64240117194406,68.00523578233675,78.37925236115191,95.16935227314026,5.11661123097101,181.95851194725344,64.41407207061081,87.93867925891567,former,none,moderate,2.5158948066341043,2.5365906509985154
P000909,45,male,176.38178607516178,109.36630469936637,35.154106671896855,119.2841419056992,70.31121410270154,78.88821483469516,106.4375398089795,6.675197401676365,98.59680173344438,51.44961700777661,109.5802831351932,current,occasional,moderate,3.4989100393564154,3.0854628725644804
P000910,24,male,164.5411044515301,63.33090218543451,23.391973250429725,124.31106850058052,86.58105031458561,65.73891335526737,84.11262307521949,6.261368911293127,106.31671398284034,68.34275001113379,84.41246702626637,former,occasional,low,1.2829261239277587,1.3663256624170812
P000911,74,male,180.03526945528716,86.32901772211756,26.63432000076584,100.35531288850129,71.64381088533955,86.46937725549407,85.67510028553737,6.6592752296128275,231.30723466830594,52.57783212417239,188.09787518595243,former,occasional,moderate,5.249404984149805,1.8426008954445836
P000912,31,male,165.99915582959864,56.80698430071444,20.61531502158951,137.62337508958603,85.06532782686928,85.12019311442272,76.82013267119748,7.084547451370483,109.58933697152733,26.789513197419648,146.92293499894663,never,occasional,low,0.7191005245231592,1.3542559036804507
P000913,45,male,176.49580558415835,100.22191132873726,32.17317366317377,116.80968089957858,73.51462627342039,59.89937243833846,128.8796034896781,8.204435230692306,215.8902577849319,38.548626682483004,157.93569683682244,former,none,low,3.3336083388966604,2.1847796006968174
P000914,89,male,162.0076331719516,60.726554944972456,23.137034247764,130.78802590416504,68.97634407650892,79.10998124060738,108.05608622706995,8.428962326744395,118.05814717841963,72.51843698043218,150.99293138911395,never,regular,moderate,1.463398764584733,4.823469473327559
P000915,61,female,163.01163883325484,66.47429492613111,25.01592190032528,129.3454520304002,83.56940275069579,81.62227042198754,145.07990041692372,6.94791441469396,113.93720030596258,38.746149566635275,97.25433485275393,never,regular,moderate,4.561289211835601,1.8297778883425064
P000916,51,male,169.47648631349534,94.26415414478672,32.81917593962588,112.99752934153948,77.02144648988433,90.31748540699272,122.76735929279513,8.663204136425795,131.69069147088635,61.51427465413503,83.57596371020603,former,occasional,high,2.548322821516632,2.9161436857941334
P000917,57,male,179.040829116368,92.29090044553223,28.790865623876645,104.35934515409942,60.68963575894139,65.51181527510936,123.88738204621532,8.15510309219379,258.3798329538378,77.58935184087073,116.155379142098,current,occasional,moderate,5.821765960343978,1.682981072288469
P000918,75,male,183.79789556344883,63.74264339531146,18.86900504403162,131.16103897166266,93.70261920723819,93.02082396804522,103.36268573235225,4.3137651987236145,135.03957158469422,71.56926115182746,163.15337654299682,current,occasional,low,0.9492948889205414,2.8259444364318
P000919,36,male,162.19336972149318,46.68787569636931,17.74753005748885,124.96937788835919,67.3662773561663,74.38047452510204,125.91122124955947,6.797658977407666,108.14777260836757,57.464187209669326,106.79788122470933,never,occasional,low,1.7724892068299019,1.844980043826011
P000920,64,male,186.09909104971362,98.54333163834252,28.453699283659077,124.39048559573462,74.12527700790108,59.98445432745269,144.50864247583795,5.562537823094669,168.9927530949018,45.96760990114008,51.36220577538725,never,regular,moderate,2.6039056700542487,2.8169786045109553
P000921,81,male,186.52333843955725,89.52230527486869,25.73148775623597,116.11348408955922,74.95651390450138,60.53652175079608,120.17632866302122,5.660901801364215,139.10334814270294,83.75890020220915,139.84482094147498,never,none,low,3.8773288195402418,2.0585836614159754
P000922,59,female,156.48282095626593,58.068183179704384,23.71400487777558,123.11536364946768,77.50688662903997,65.15613671738706,80.86717870378726,5.2163842136385785,225.69638072975928,62.047401296632216,91.96971672539418,current,none,low,1.7117103393222877,2.2843054492110872
P000923,50,female,169.15557788099682,85.73342449188249,29.962463983170874,135.0184650267397,85.42569322783513,68.51177833602291,114.46643505897345,6.153412338645402,324.18061822207915,53.86521064814466,127.04616505599135,former,occasional,moderate,2.0348264423068163,2.273785534756174
P000924,28,female,153.0348245053444,57.511787593749375,24.557057491468274,110.9698284953624,57.51066514369324,75.55485629740076,80.77848498947822,4.345868428416691,163.93800484716238,86.05379692943396,54.17323799792605,current,none,low,1.12336191500544,1.8438223232482094
P000925,36,female,173.62715723482358,89.33527952824643,29.63382359546232,124.65388910363593,91.82365184343976,85.6701381402644,78.8755479294828,5.009706039498137,154.13018739089128,46.04020696293608,123.65303466765448,never,occasional,moderate,0.8792441694115802,3.7185974168042777
P000926,87,female,168.11359594487985,75.56565583640703,26.737375809044664,110.42967618830205,81.27914439992074,64.6687774658166,118.36087368611011,4.649483964387526,132.8544112792406,56.15631713381677,112.89523000757546,never,regular,moderate,4.411062659492724,3.186773119267501
P000927,57,female,151.76028777749144,54.88966109834806,23.832755989895105,127.36733119657814,93.01017813942632,105.8391861181865,129.49089908410897,6.877764617223905,305.71040888360625,40.801392590978594,172.45829782152342,former,none,low,1.539540490238625,3.2459725016615226
P000928,39,female,167.28159261617662,64.01392727481269,22.875898609335188,128.94452754479144,86.5543926147727,63.503052424417106,83.21999281852356,7.809643521682264,154.23662307645435,42.08573947411983,147.4898683596021,never,occasional,high,0.928971436408389,1.406074713770961
P000929,48,male,189.5370284415868,88.71551838770013,24.695138126234124,135.62577960947732,91.5477716489901,79.2776057566045,78.1050302470911,9.257988140122771,104.06858068227773,55.03088650129894,62.05402664342932,current,occasional,moderate,1.8621312870908875,1.6365713068910408
P000930,60,female,168.9392439428708,56.31302317036328,19.73093885014774,115.342451699388,80.12515523145706,97.06105363303784,135.13007376472945,6.269061390909709,301.5935198093442,69.2044184076487,156.92840018260063,never,regular,moderate,4.478981217494831,2.3494139044654223
P000931,57,male,177.65673581342355,81.3564331698499,25.776772784404706,116.99186441388463,74.23056934357056,90.13514380363665,83.16025604359417,5.129600252376686,296.793816270999,52.41628304769627,157.18438798913112,never,occasional,low,1.4075908520882001,4.758355560778107
P000932,69,male,177.54244069310027,113.27633606885863,35.936420926397744,119.8860361824906,76.4106528467158,81.19769035508445,75.75845571858193,7.515967843841582,156.91629285995884,65.53788035217906,140.24061474344143,never,none,moderate,2.0264802818342185,2.3738396384664187
P000933,36,female,164.94367963409144,92.63157213463026,34.047691983212395,115.73563209993809,81.60032574419515,84.10987640893455,120.12283911803107,5.100827942371529,140.64801554271315,72.97800058759321,183.44467629167005,current,occasional,low,4.073204564876147,3.6972146764994838
P000934,65,female,159.65471153504782,67.91379587544249,26.643699455080228,135.77344743565376,76.02081051858272,62.13145330592654,131.53700812091142,8.792944657145409,198.4926805860756,79.47014188949005,159.02042696845092,former,occasional,moderate,1.1765810969736294,2.29681236957836
P000935,50,female,167.41176447497642,82.36487945640098,29.388005985101977,131.22751392245544,83.70141281070998,51.79191561024891,105.24264422867665,6.945108541317806,240.46710872666432,34.61896144337143,94.36112555978198,former,occasional,low,1.291090450610144,0.9781991323328982
P000936,86,male,177.64308750637056,92.34437581560475,29.262661566491687,106.99311487557256,64.7500100842425,73.4877354297633,108.5310302299525,6.162490785204719,162.3657021675227,71.65495614202041,111.76955794644658,former,occasional,high,2.741434495480547,2.455815621839454
P000937,29,female,164.97143023362793,92.49497698490083,33.98604824057707,132.10061265244622,87.02644160205227,59.54141076261455,95.38562209522078,4.8134476684095135,137.81612073420783,41.6291293789647,108.7310956037443,never,none,low,1.3076603547917147,5.090420569243688
P000938,28,male,172.06082975255495,73.08232927873085,24.685865298015663,110.04095669271875,69.53737397295242,71.07240369199279,87.31643346237168,4.426700463170433,124.10287902048259,68.14949253345941,123.26716033685732,former,occasional,high,0.5699117636391258,2.2112965482894804
P000939,51,male,157.5294416015127,63.54748221409685,25.60795400767529,149.00291312295192,92.55071368716945,66.24634968512248,121.90223588342471,6.430729811173169,129.08495619166135,53.75621599019269,190.42276925970432,current,occasional,high,4.311921470607284,5.181439515558148
P000940,55,male,178.45626651410598,81.80123353418574,25.685986324903052,114.54771622695495,67.688179654114,95.96122790016982,131.29979358863085,6.124582495467112,92.86271490558842,68.46484224543696,134.76391118583422,never,none,moderate,2.791600943055755,2.308026471393745
P000941,68,female,180.7194441886669,65.9607358838136,20.19648204170125,111.33463096592632,66.56222050325896,93.18964407464802,92.53617619835835,7.5336948620221635,220.4360788974984,47.87952752631844,104.99751766161334,former,occasional,moderate,1.6389703889444371,0.9225491756761496
P000942,47,female,155.33534178579075,62.42122883783294,25.869721857098906,145.7564922134361,86.35292520286926,89.34641317201914,90.61511214882601,6.519896385463621,89.96913124140505,65.20211721781068,186.75372585513963,never,regular,moderate,1.0170112560586262,1.3264852150100461
P000943,84,female,156.61042273776047,86.41716501705226,35.23373561117381,142.31483941186104,86.60279168729485,84.03950630406568,95.32128967219676,5.791778234113412,149.96214106195583,40.146682115647934,144.73467489262586,never,occasional,high,3.316623706869715,3.646898116684471
P000944,52,female,164.00624398134357,97.51896522299057,36.25503418977148,138.56003197364194,83.918079271506,63.141302140397045,77.55523524052727,4.966080576238156,245.72827568618658,42.410332840075554,99.93402261659938,never,none,moderate,2.5922862544501766,2.6248383103127915
P000945,27,female,162.90519518397565,59.0083865259302,22.235344921028375,131.88640377927067,93.74901281921468,56.48355645848706,88.70974651816988,5.8900818481343125,139.21029595995927,64.54265293406078,177.96538724291773,current,occasional,moderate,1.1693201153307846,1.8958000774538388
P000946,26,male,172.43598977002532,82.49505526745544,27.74419252048176,107.55654050825947,71.73345498363699,81.44408630608461,72.59763900837741,4.74350290188145,125.99841252005643,51.82562239003509,108.16798457001158,never,none,low,1.2744568839249406,1.346825946304465
P000947,89,male,180.57599939087282,87.2714810569083,26.764078317839825,137.13917832956156,86.89970426289486,80.96829614343199,126.3570411005538,6.913378259028495,289.06462570120647,68.04214417817501,124.37779080436779,never,occasional,high,2.2592301063557385,4.429522876745355
P000948,27,male,182.8241450777297,94.13054317138975,28.161997930834467,118.21336136967491,74.08826730206124,71.4457530421752,89.25599718369553,6.359911437548215,96.48206390950998,66.7787369206835,120.78967686544048,former,occasional,low,1.5274809359589485,1.6524545292605775
P000949,87,male,172.21264159560496,86.23694814573953,29.077918957149507,128.63662576322622,78.59964110846846,74.75301127929177,118.6587189898155,7.497524039049421,260.01517804934366,63.38536082044296,182.00820490361946,never,none,low,5.693215853579341,3.5494170295871195
P000950,38,female,164.92339377883852,52.36079577443873,19.25048661503163,129.1085615122571,76.47547509930514,75.30757948324595,103.95460296700787,5.937077917114746,74.95712390609523,70.922196321199,99.8870215648874,former,occasional,low,2.322308418837054,1.968952787573339
P000951,24,male,180.9271606943934,112.3076342266125,34.30850098943225,97.49110843223957,57.46064492911584,66.89478926918217,130.4435799460523,5.742503466605114,151.6576146951068,72.16849957463445,107.07936406000896,current,regular,moderate,6.944244856721973,2.853497200149072
P000952,40,male,177.58047866259105,122.53611737801285,38.857393985877636,119.23144571129896,79.47483426629071,69.62128392391367,148.51446144958126,7.8246082129906025,196.16560358630628,81.30298356263498,139.85655026812958,never,none,high,5.492009481230623,2.697202651786488
P000953,62,male,155.94667578278833,74.41585155695036,30.599421264750013,128.86070535173346,84.18958662419965,72.98278496141572,97.82485571937508,6.7839568266279935,140.9409102066254,37.75003458286713,173.70784931620358,never,regular,high,2.224455200627592,2.165207751865567
P000954,49,male,160.62911730454215,79.25234205571465,30.715922254566546,107.90704835829898,68.44104597865828,79.42369862903143,80.4998692541733,6.729610200000705,170.40426771966068,60.66753228398632,79.3819149360404,current,occasional,low,1.7319732420484992,4.922478069633113
P000955,75,female,165.75828599510717,78.84343254830809,28.69558143647441,141.2998193340919,91.77438775981429,99.79755173387174,122.84004507665776,6.385202269289497,112.18351409305752,70.23130280106058,93.22994932576619,never,occasional,moderate,1.2817856316832592,4.445684005257345
P000956,62,female,163.9685798330707,70.28343571458858,26.141572781999578,130.57443682311475,78.43835683497936,77.02530879639444,72.41091795451834,7.669071809270549,173.67414042648363,46.86098192992666,188.6607549381281,never,none,high,0.6929586459546763,2.760158384540763
P000957,47,female,165.36137293849433,63.1732472490993,23.102823612466633,112.79044027256737,68.58251130172111,84.8330011897283,87.15171896953987,5.08102441745015,94.49968406546697,49.77454689325686,155.12254068818459,current,none,moderate,1.4966756447094094,1.6493244623445162
P000958,64,female,153.20943251739845,69.27144880164546,29.51095494086994,132.62294918079073,81.27803683391393,88.67617757633316,77.25689310933133,5.510755494291475,230.48386231128438,48.47325881657494,108.35160467089577,current,none,low,2.126680561265441,1.6084502973174148
P000959,88,male,159.296511815171,51.64376131676142,20.3519174926155,114.25753224926932,69.09397045950433,60.99615652826357,137.3870671880419,7.551555881852613,172.4603039435086,63.1031415109676,109.48431412250524,former,occasional,moderate,6.232722622293779,4.576985055421846
P000960,48,female,163.772604294707,90.89142763216894,33.887568976222525,114.0885118549477,63.10906995195338,81.4126202102586,68.9286211944618,4.6589188377195585,163.22061217623497,51.30149954469692,119.8710339391929,never,regular,moderate,2.9762161591973837,2.896713079403208
P000961,29,male,175.18377087766487,83.67057717066949,27.263714419891315,120.46827946421021,82.3495634613489,75.06939532329027,102.32113444882694,7.386538000945844,76.71141527930288,65.9689886890537,141.48127959095305,current,regular,high,1.4357286960880244,2.4860720863455223
P000962,47,male,183.89050181560734,91.92997266548694,27.18557574729077,117.56375115010566,65.7037004919414,78.26117992010468,99.12470402380576,5.582842152806068,160.88732099851362,63.249763066545576,128.91584593306484,former,none,moderate,2.784612730584295,2.0194916831294756
P000963,79,female,152.75962500783922,60.77482652580528,26.043932475365814,116.53918172072542,65.48499208724597,55.560714280035874,114.91384739082048,5.1018869738107515,172.48523303580373,65.76532332404818,154.95130364273848,former,none,low,2.2896871286627447,1.7830902379980156
P000964,33,female,165.06982841677075,105.20463724991579,38.60997172017252,123.23579273011966,83.95456848663756,95.13542046695028,94.68180975452398,4.748447754515788,131.75249664324897,45.641237078071896,67.04166579617295,current,none,moderate,4.365581491301635,4.17067330841288
P000965,87,male,182.66221306376215,78.78527910043671,23.612808646307535,108.90546751526063,62.55872418932942,99.45293673100234,134.66394125190615,7.7733839642994225,195.84152674105698,72.21852749701526,161.51812275188757,former,regular,low,5.175299964913761,5.010813787131139
P000966,60,male,184.00706128138566,78.38388216959872,23.150362214439312,142.77459440176844,86.27671640085636,50.27620351522053,119.94826647802304,7.346816061154829,81.19171423224617,66.7096598262402,67.99452176155697,never,none,high,3.643027822785399,1.8569093851542076
P000967,61,female,170.98595983817242,68.50904441977231,23.43295230716485,124.61002674212988,85.79391929705274,65.79420942210606,99.27208461545719,5.393881100278111,108.18552032978263,42.38985086480262,172.57012737642492,never,none,moderate,1.263321251621713,1.6139645986300992
P000968,41,female,165.0943725236462,83.63273560506792,30.683985068454376,118.85807866165719,67.09719794251907,64.3746429114933,96.17537054230037,4.882087650892045,215.1122951432513,45.0862020644029,64.16474450912392,never,occasional,low,2.9043646362963815,3.396246000985115
P000969,85,male,171.74089065530686,118.73673318939058,40.25665394244269,140.5482769224455,78.16417715780327,87.30095690808376,131.13694566471963,5.660750710156553,109.39387600531946,47.09280661812944,81.54200071751282,never,occasional,moderate,2.526177134958937,3.5849073900526243
P000970,20,female,160.0167207198643,63.175058393156014,24.672600119935787,122.01825911025917,65.00036915082916,79.22787981414749,120.85605806447754,5.44422073188732,115.23434456762266,85.3372534655186,89.32026986473358,never,none,low,2.8240960678635356,3.6066148029735006
P000971,39,male,174.91503446767007,110.29826598522304,36.05075835927872,123.46704849181276,80.92765110397063,64.24415251669156,99.89029476790336,6.990067183620612,198.20067940908007,49.19991696393687,94.87427046335338,never,occasional,low,2.3057932133971373,2.446332080814703
P000972,48,female,172.2259615681228,75.180472153873,25.345905571119474,110.8237164600541,63.07047479548234,89.0647562882883,94.05694156068026,5.127511736135519,209.65852760188767,31.666655025007504,113.64637112559194,former,none,moderate,1.6403747445431993,1.871686454548577
P000973,52,female,168.0534661177019,86.16410072749996,30.509241541438072,159.36604113190626,92.58623225070544,70.93404912454305,75.32641194620733,4.911853685985086,77.05399504925795,41.925500903842575,139.30681521950294,never,none,moderate,0.5725406155350974,2.0972448165556408
P000974,52,female,163.6257468931708,54.033883301558895,20.181939343127382,116.34407094114377,69.66292300694226,74.35983726954308,78.00774741943924,4.42658211531028,90.64638452784568,33.87584319224048,174.94674171668606,never,none,high,0.8197021156702153,1.4154125475310566
P000975,28,male,177.4288381492234,88.92610517434117,28.247554416252754,116.66243353998334,82.28180904801957,72.00650532177174,76.15324103304059,6.21642498100255,151.92155370593645,54.22430587009264,125.20075481091308,never,occasional,moderate,2.1448595256983034,2.5179115864241073
P000976,34,female,150.79248700474824,69.62171856645722,30.61860014561557,97.41838797309387,66.52309091478102,76.4198237999789,72.86444721434962,6.600537496252552,181.93341678973616,72.95151628325942,126.00029841543237,never,regular,low,1.0292790165596157,2.4963568682226414
P000977,24,female,154.75924839746241,69.00989286858115,28.813640246773396,123.47427803112006,69.72862261103236,75.00308094360986,83.73439767164166,6.513493350751238,153.78449011453776,55.94057819481655,105.6553030784318,former,occasional,moderate,1.9258237851571423,2.7835630374705986
P000978,59,male,188.72434717818615,88.01271439541166,24.71095624552803,119.65537810694138,76.60400163382442,68.21338655351236,132.15655580668704,6.612700137071293,189.45655230886436,76.73038218389567,158.62296862327523,never,occasional,moderate,2.5116082126493735,2.793910788854564
P000979,43,female,160.7693829876212,87.82849635559195,33.980421183158576,118.18279878751035,79.44191594355401,73.17954405952429,127.03689228163137,8.676234482570914,221.86991318278763,34.45167172681283,78.62077264369091,never,occasional,low,5.084048818889494,2.4797431578257214
P000980,59,female,175.73366007103198,119.37109001944005,38.6535379449843,140.24771425642967,98.93915504797644,95.30450154151725,132.9673968929529,6.316874325783016,293.0034245446985,54.30162046542131,103.75651291347046,former,occasional,high,5.774222074649731,4.019339589605215
P000981,61,female,163.3485345504891,74.0690608725608,27.75916209924867,112.69555027412537,60.180120276029044,75.77747212062062,112.49250376922669,7.748666089224973,134.9440917789074,72.74463853576859,76.1835471655065,never,regular,high,1.4568373869889257,2.1904070159826428
P000982,69,female,157.50614044102528,75.20696066944146,30.315382952187527,99.61302619307774,55.57045975461027,95.96455853758482,113.45819041084684,6.721939972783896,105.80048432500249,65.80741638085857,93.77212153294575,never,occasional,low,2.8555142578083093,4.7783231353130535
P000983,57,male,185.63287088148294,114.18043969855407,33.13461651306554,131.17075732091027,74.04284493005105,77.44388420986196,84.19422070978091,4.6504354254069415,126.43986813395021,76.63124661955797,131.6071299730816,former,regular,high,4.847376416285653,3.6783847197668593
P000984,65,female,160.01037905535946,63.41932252557415,24.769959147604865,126.1917029848169,74.46719909682707,86.66190973816319,117.56351900530615,7.490744436284931,98.51231788955924,49.87421550914351,81.23669770656127,never,occasional,moderate,2.786385218749444,2.4126945654780636
P000985,60,male,181.15310255993285,114.43228240818729,34.87040626846765,153.5540642685636,89.2761417268618,68.90128868691241,94.56558535926999,6.321720370084335,148.94727263116437,56.5504972815209,76.85566762463465,former,occasional,low,2.6738681972953944,2.119191429085835
P000986,65,female,160.97830718228306,65.74282389850774,25.369601324286563,148.84448849843108,90.69713604422428,87.77870801561315,105.21019601631303,6.683546835664414,253.80086742305207,66.90224894436676,162.63898829525738,former,none,moderate,6.471297006339518,4.353335272552863
P000987,63,male,180.503386406923,106.96949606488498,32.8313878541087,128.07884612202653,89.12432653100166,67.83205889769538,147.229011905313,5.592752594001853,139.2955585464921,43.01867380702507,79.96296071702963,current,occasional,low,10.41293977230309,4.586629294420224
P000988,41,female,170.22297143661424,64.59833678736048,22.29384624886344,116.44689054054987,67.17333178522048,53.39354779386851,132.9807764591157,6.212348201823543,96.66066374543736,75.48284162515871,133.9314709858458,never,occasional,low,2.81648537354519,2.125101114348947
P000989,35,male,168.72613329740267,72.5690059707861,25.49097614256114,104.61683461379549,75.65256653330067,63.46494964260819,87.72157265546363,7.764851097461543,163.9062561298705,51.35335812116145,108.93584676401167,former,regular,high,1.5881062834441304,3.294088412814996
P000990,75,female,165.4134936197109,78.73391064081349,28.775306250330424,150.7914595508086,84.13892534132927,53.676220401611516,121.77547127749142,5.461780631765937,326.16649565144917,38.978932661106285,175.74323330349418,former,regular,moderate,4.841337305646457,2.7120385370417126
P000991,43,female,176.63758753450378,89.39837940381003,28.652557768962556,112.11801588543298,72.98756390278267,98.83217050166891,81.1747761326334,4.21584753318257,109.29188879534125,71.25874978795798,145.6541574509733,never,occasional,low,1.9977846995375605,1.7295916948468366
P000992,58,male,156.49585145114474,84.52020204442341,34.510787369982566,131.18955568476161,81.7409104341275,109.76732018585092,74.06707125840546,5.020832551171175,228.049159000761,66.66395856726584,68.32504413811768,current,regular,moderate,0.8971825095519363,2.6314990384940953
P000993,32,male,186.32697696985664,141.6306648997516,40.794894865365556,126.88015773260403,70.66661620780889,86.33176181224277,74.45152242540794,5.782330172856083,244.46098222354712,78.35818727664139,175.55168494336422,never,regular,high,2.4162651662985257,1.485764532796904
P000994,49,male,178.792792628518,70.89333821643103,22.177133518177328,109.37537861514,73.29587199314196,60.6844277625111,84.19637579954421,7.357712066848225,138.67024424165024,81.24685179565208,114.75048545819942,current,occasional,moderate,1.4156741001770632,2.3566972091947154
P000995,56,female,172.9566265113872,75.49374206702784,25.236931055087158,144.40066201554095,88.2452287497799,94.570013109005,117.00070271188797,6.741474370143452,183.68767079893829,49.979208749040495,103.45132434618941,former,none,high,1.820739663464625,1.970434373428918
P000996,63,male,184.81947613547672,90.36607720086471,26.455133661443867,99.16278416807015,71.10207602615607,85.4304393155869,96.40847124724878,8.1045058353646,147.9121696800315,64.9011742513587,141.35891790888277,never,none,high,1.6422017688578254,1.8519214899145522
P000997,56,male,181.639556554077,92.45029261589498,28.02124479536006,137.54080905797053,94.05700799394903,70.23465400941302,71.47323738680805,5.663843927432301,121.18196244002883,98.24809084036131,146.9911451349808,never,none,moderate,0.638452884509477,1.517349870563741
P000998,44,male,182.8788680356463,94.39357758717466,28.22379419734518,117.01179075488285,72.80389411251473,75.75626714597026,155.52056701714426,6.353054817565276,148.35625725625061,47.71878013712478,103.9834782405319,current,none,moderate,1.8994603189686878,2.9754368437108765
P000999,88,female,170.73385075315792,101.02389110506984,34.65650959561165,101.85157103090626,59.93473339371967,81.77067142160831,109.68884636942366,5.359913349009551,92.78258377784411,55.40167247165863,108.90111298781837,never,regular,moderate,6.96986152104359,2.604063048589714
P001000,55,male,186.25587684556496,113.5243839378578,32.72421100630315,118.41378740219776,71.24261171842942,53.9822326770051,99.50136522740476,5.1995746471064095,208.77373907007973,81.78430223732263,85.93976358602993,never,none,moderate,2.883217158404044,2.800465376459663
